id,account_id,sales_order_id,transaction_date,transaction_type,amount,currency,description
b61a1678-c617-5aa5-aa2d-84313c5f73c3,7e8959bb-b309-52e1-9019-817a37a7599f,6cc139ed-2f56-526c-b071-e773430852d0,2025-08-07,credit,25768.19,USD,Revenue recognized for sales order 1
dd31164e-c1f8-52e3-a728-c0f8eeb3a928,7e8959bb-b309-52e1-9019-817a37a7599f,20b760f7-eaa9-55b7-baa1-21e50701940b,2025-08-07,credit,12127.03,USD,Revenue recognized for sales order 2
5d494a96-9705-5bf7-ae58-1600ca9ff02c,7e8959bb-b309-52e1-9019-817a37a7599f,a05611cb-72e4-5a7a-9bcc-e3f90fa64b24,2025-08-07,credit,17786.15,USD,Revenue recognized for sales order 3
659cf31d-1604-5245-a2c3-291ebb9f2819,7e8959bb-b309-52e1-9019-817a37a7599f,38ba5f81-50e4-5d09-94fd-78a622e26f57,2025-08-08,credit,23378.07,USD,Revenue recognized for sales order 4
44e57645-71cd-5043-a207-9fd0ea9db249,7e8959bb-b309-52e1-9019-817a37a7599f,06f34f38-83ba-58f0-9801-5f33b6ae4e0c,2025-08-08,credit,7433.43,USD,Revenue recognized for sales order 5
67920af1-257b-5136-a383-65c100a2b9ff,7e8959bb-b309-52e1-9019-817a37a7599f,b3255965-6408-50e6-832f-356db88d64b4,2025-08-08,credit,12570.51,USD,Revenue recognized for sales order 6
84ff6c68-0714-5d67-95d3-669dbe156fd2,7e8959bb-b309-52e1-9019-817a37a7599f,058d3d09-8eeb-5de5-b60d-bb21fead5bf0,2025-08-08,credit,4548.60,USD,Revenue recognized for sales order 7
eee56f83-7a12-5b14-8d87-fb399ee3fd06,7e8959bb-b309-52e1-9019-817a37a7599f,0f53093f-1c1a-54ff-bdc4-baed2160cbfa,2025-08-08,credit,16112.83,USD,Revenue recognized for sales order 8
d5614299-d868-57fc-8ed2-b24febc48468,7e8959bb-b309-52e1-9019-817a37a7599f,d43fb360-7033-5ab1-8a2e-5505cac4b7d8,2025-08-08,credit,14039.79,USD,Revenue recognized for sales order 9
584ac2ed-7327-5e19-8205-0bb1acc403aa,7e8959bb-b309-52e1-9019-817a37a7599f,c2747a68-2a11-55a7-8d46-a008d4725df6,2025-08-09,credit,3548.31,USD,Revenue recognized for sales order 10
68182f74-873c-5d86-a1b0-6681ed98110a,7e8959bb-b309-52e1-9019-817a37a7599f,411528e3-1cbc-56d8-babe-41588197b7e6,2025-08-10,credit,6819.89,USD,Revenue recognized for sales order 11
075b425e-3312-5939-b53c-d5b1dfb6f997,7e8959bb-b309-52e1-9019-817a37a7599f,facd015b-577a-5fb9-8c81-6c047a55a60f,2025-08-11,credit,16418.16,USD,Revenue recognized for sales order 12
12728680-2eb7-5c67-ac72-9fd91b7f747c,7e8959bb-b309-52e1-9019-817a37a7599f,f54ac4da-c527-5ebb-98d4-a8347fe7d31e,2025-08-11,credit,1161.77,USD,Revenue recognized for sales order 13
aa0da3aa-39a0-547a-a4ff-a3d807ff158d,7e8959bb-b309-52e1-9019-817a37a7599f,0ec37c07-5e83-51d7-8d2c-cb86794957ed,2025-08-11,credit,1220.26,USD,Revenue recognized for sales order 14
0b030c53-d9a5-5b96-aab4-5f6d61c139df,7e8959bb-b309-52e1-9019-817a37a7599f,4b93bc4c-1342-579b-b857-3e84676d9a11,2025-08-11,credit,25603.09,USD,Revenue recognized for sales order 15
ca35972c-2566-529b-a003-ae91a370343a,7e8959bb-b309-52e1-9019-817a37a7599f,033d3c9e-b880-5cb9-b7ca-abe7958e5bd6,2025-08-11,credit,30075.11,USD,Revenue recognized for sales order 16
94fb063a-ece5-5568-87c7-649e33d36529,7e8959bb-b309-52e1-9019-817a37a7599f,76d7da21-a33b-54da-8f9c-6ffe8b0ff87a,2025-08-11,credit,9160.11,USD,Revenue recognized for sales order 17
e9367ab5-5948-5a6a-b07f-906a2c8cd5f7,7e8959bb-b309-52e1-9019-817a37a7599f,2276dde0-2b54-5bdd-b8d6-812f31a9c918,2025-08-11,credit,22830.37,USD,Revenue recognized for sales order 18
ae0de50d-2fce-51fb-b2c9-eae12e8193c9,7e8959bb-b309-52e1-9019-817a37a7599f,37b99369-7955-5f5b-b7f2-c06883adf57e,2025-08-12,credit,27503.94,USD,Revenue recognized for sales order 19
ffee7506-bdde-534a-9933-dee429e81d7c,7e8959bb-b309-52e1-9019-817a37a7599f,f524e97e-93ab-57fd-9348-f744dfa07b47,2025-08-12,credit,5476.01,USD,Revenue recognized for sales order 20
d571898e-4a80-5912-ac9e-efee7783864f,7e8959bb-b309-52e1-9019-817a37a7599f,29a34a65-19d3-5eac-8d69-a20643c55de0,2025-08-12,credit,26858.97,USD,Revenue recognized for sales order 21
abd4fde6-3b3c-5264-910c-4de718dc86d5,7e8959bb-b309-52e1-9019-817a37a7599f,4a25cfd6-35e8-5b47-ac05-a6bd62de33d5,2025-08-12,credit,4282.47,USD,Revenue recognized for sales order 22
2767fa6e-b0db-585a-9b61-c8237a906515,7e8959bb-b309-52e1-9019-817a37a7599f,8af93781-20cc-59e4-97d5-eb33077e0900,2025-08-12,credit,14808.27,USD,Revenue recognized for sales order 23
14fc397f-140b-5751-aa60-a7e57b92f930,7e8959bb-b309-52e1-9019-817a37a7599f,48ab66ba-14bd-57df-a1a2-8c981dbf55c0,2025-08-12,credit,210.29,USD,Revenue recognized for sales order 24
021b44ec-9a12-5826-b0a9-eac6ca8ea356,7e8959bb-b309-52e1-9019-817a37a7599f,c917e900-9271-584c-bc7d-95f11f94de17,2025-08-12,credit,29090.97,USD,Revenue recognized for sales order 25
e45539b6-f449-5b56-9937-33323e0da48f,7e8959bb-b309-52e1-9019-817a37a7599f,23782f0c-17e2-5d1d-9046-b770e1818e1e,2025-08-12,credit,6116.61,USD,Revenue recognized for sales order 26
a8bdb112-1e32-587b-bb2d-7c7a8681f735,7e8959bb-b309-52e1-9019-817a37a7599f,f72b6248-aa9d-507c-9921-bc02429bc0b2,2025-08-13,credit,21002.88,USD,Revenue recognized for sales order 27
24fac46f-3467-517a-9e15-1cff31d1c223,7e8959bb-b309-52e1-9019-817a37a7599f,2c1397fa-e7af-53e6-a8b9-1cc006b6f82f,2025-08-13,credit,15592.05,USD,Revenue recognized for sales order 28
d1fdcfac-b6ee-523a-adcd-52676e9ba9a3,7e8959bb-b309-52e1-9019-817a37a7599f,795e01a0-2435-53b2-a54e-2cb9afc226ec,2025-08-13,credit,1311.25,USD,Revenue recognized for sales order 29
5e71d49f-5a2a-56e4-af3d-bb7220ef6b03,7e8959bb-b309-52e1-9019-817a37a7599f,8c883a44-74ba-5605-b6fd-fdedee79f93c,2025-08-14,credit,13598.28,USD,Revenue recognized for sales order 30
585514a0-bd4c-559b-a298-65064fe684d5,7e8959bb-b309-52e1-9019-817a37a7599f,24493de8-fb78-5efa-968d-01b5f8237843,2025-08-14,credit,17280.90,USD,Revenue recognized for sales order 31
b73c8ae3-d749-589e-bf5f-cf5a11ae7c48,7e8959bb-b309-52e1-9019-817a37a7599f,5cc13774-28ae-5ee8-bcba-6f9558bc00c4,2025-08-14,credit,3590.91,USD,Revenue recognized for sales order 32
d5bd4e43-7fb1-5db6-ab2c-6ffff1502949,7e8959bb-b309-52e1-9019-817a37a7599f,b49188eb-3e15-54f3-b763-ced8d08a8e69,2025-08-14,credit,25301.79,USD,Revenue recognized for sales order 33
aca587a7-8a89-5de6-ae55-aaabe768dcd2,7e8959bb-b309-52e1-9019-817a37a7599f,3327880e-9527-5262-88a9-5eb62c7ee982,2025-08-14,credit,21504.88,USD,Revenue recognized for sales order 34
135b66c8-a2a5-55f4-aea6-f9da7d2d9063,7e8959bb-b309-52e1-9019-817a37a7599f,b1ba2623-c224-54d4-9f7e-d3621645c0d8,2025-08-15,credit,16751.55,USD,Revenue recognized for sales order 35
7fca5e09-68d8-59c5-bd30-fc0c81523da2,7e8959bb-b309-52e1-9019-817a37a7599f,b0328090-67b6-5443-a2ac-7c2d35151cb6,2025-08-15,credit,2871.96,USD,Revenue recognized for sales order 36
ed6c6d22-366f-5daf-acdf-ee62febb3cef,7e8959bb-b309-52e1-9019-817a37a7599f,2c7762cf-b7cc-5a43-8761-12632994660e,2025-08-15,credit,19135.06,USD,Revenue recognized for sales order 37
dd7637bb-795f-5bc0-9eab-4c69aeee5478,7e8959bb-b309-52e1-9019-817a37a7599f,0ee06f0e-7d3c-56d8-9b90-905aec1f78d7,2025-08-15,credit,14864.10,USD,Revenue recognized for sales order 38
0b387564-ac22-5601-86c5-01703dd6e625,7e8959bb-b309-52e1-9019-817a37a7599f,b2d05d73-125d-57b2-964e-04e99d3ab174,2025-08-15,credit,23291.20,USD,Revenue recognized for sales order 39
dffcff5d-3414-5020-8222-42f14a0f694c,7e8959bb-b309-52e1-9019-817a37a7599f,c3049a67-df02-5aab-9904-7a324055ad80,2025-08-16,credit,1634.90,USD,Revenue recognized for sales order 40
598542af-a212-5c01-b35d-97bb5afb0dba,7e8959bb-b309-52e1-9019-817a37a7599f,4cbd2e29-a5cd-5c7c-81d9-176a46e57c0a,2025-08-16,credit,29802.22,USD,Revenue recognized for sales order 41
ad2a00ce-b57f-5492-9663-a31923160935,7e8959bb-b309-52e1-9019-817a37a7599f,a417ecd5-d1a4-556f-9c15-d5a8fa746bc6,2025-08-17,credit,11243.86,USD,Revenue recognized for sales order 42
788cde13-b1ec-55c6-9c4a-6e0b3720d6ca,7e8959bb-b309-52e1-9019-817a37a7599f,756613d1-edf5-5f40-a30c-2d4eed0bd90f,2025-08-17,credit,6608.96,USD,Revenue recognized for sales order 43
36713560-f53c-5a74-9d6f-d2b36b6d1bd5,7e8959bb-b309-52e1-9019-817a37a7599f,548c4f18-b4a3-5270-9ee6-8550989e3585,2025-08-18,credit,2753.08,USD,Revenue recognized for sales order 44
5eb1ef6d-fc6e-5285-a812-965f4dfdb354,7e8959bb-b309-52e1-9019-817a37a7599f,122be80b-c1ba-52a9-a3b8-d3eb52768f19,2025-08-18,credit,30826.92,USD,Revenue recognized for sales order 45
7e443310-5f21-5d34-bb1e-686394f33612,7e8959bb-b309-52e1-9019-817a37a7599f,634a1bb7-cc66-5a51-85bd-8302cdaa5a17,2025-08-18,credit,11080.48,USD,Revenue recognized for sales order 46
73b93a3b-2555-5e0d-b680-8f090eeb4221,7e8959bb-b309-52e1-9019-817a37a7599f,25c97d57-ef59-5bb8-ac04-e2e0d08539ef,2025-08-18,credit,20608.18,USD,Revenue recognized for sales order 47
1148cfbd-6043-53bf-9d2f-32c9d02cc75d,7e8959bb-b309-52e1-9019-817a37a7599f,bcd20b45-28c5-5066-877a-892d34876f4d,2025-08-18,credit,3390.95,USD,Revenue recognized for sales order 48
e53280bc-c192-56fe-acd0-5b0f01f8cbc2,7e8959bb-b309-52e1-9019-817a37a7599f,0baf2914-d64d-5b04-946b-f21640ff83e9,2025-08-18,credit,37174.31,USD,Revenue recognized for sales order 49
17e6fc5e-d251-520d-b25f-ca7ce60ab165,7e8959bb-b309-52e1-9019-817a37a7599f,e228ac06-7ddc-5ed1-83f8-5b77f08c845c,2025-08-18,credit,38926.33,USD,Revenue recognized for sales order 50
f1a5344f-cc64-53f7-975b-945675db5ea1,7e8959bb-b309-52e1-9019-817a37a7599f,da5764d2-979c-5a4f-90d6-7157b7d27c04,2025-08-18,credit,8562.44,USD,Revenue recognized for sales order 51
b06efe85-3f62-5009-aa20-3cad83db8727,7e8959bb-b309-52e1-9019-817a37a7599f,7827c302-1418-53e4-81ec-e1828b177ec1,2025-08-19,credit,13959.84,USD,Revenue recognized for sales order 52
0ca0b47c-4d3f-5be6-b513-f377cf745246,7e8959bb-b309-52e1-9019-817a37a7599f,7c6d084a-2ed9-5298-ab1a-74dcaab85c12,2025-08-19,credit,21778.26,USD,Revenue recognized for sales order 53
f69edf60-b2e1-5107-9a65-dde0d410fdb0,7e8959bb-b309-52e1-9019-817a37a7599f,d7e064ea-cfdc-56a6-a7cc-b4a5402d0922,2025-08-19,credit,15245.41,USD,Revenue recognized for sales order 54
1862fc79-7282-5524-841c-179ef63ad7c7,7e8959bb-b309-52e1-9019-817a37a7599f,e33970db-fbdc-579f-bfd1-73f0b0e51c79,2025-08-19,credit,26878.27,USD,Revenue recognized for sales order 55
405f655f-2c79-5809-9c32-327853510a0f,7e8959bb-b309-52e1-9019-817a37a7599f,b96aefbb-14da-5b40-bd79-4110cc48e0fa,2025-08-19,credit,20207.17,USD,Revenue recognized for sales order 56
54a6ebb0-8804-5d7c-bb52-6a1cdc57ac79,7e8959bb-b309-52e1-9019-817a37a7599f,73648bba-3441-5550-b5d3-988fa494f107,2025-08-19,credit,8384.24,USD,Revenue recognized for sales order 57
425492b2-2415-580e-8ccd-a1fe9f2e2a44,7e8959bb-b309-52e1-9019-817a37a7599f,a71f370c-e4f9-544a-b2df-afa77c4fa337,2025-08-19,credit,15159.30,USD,Revenue recognized for sales order 58
c1ebd336-36d2-5516-bb8b-108dbb748495,7e8959bb-b309-52e1-9019-817a37a7599f,00eb48b2-58ff-5f70-8757-aa6f6792a151,2025-08-20,credit,3322.69,USD,Revenue recognized for sales order 59
df1c414f-cb5d-5574-8f4a-81662cc6789e,7e8959bb-b309-52e1-9019-817a37a7599f,8c83f202-bbfa-5bc7-9ebb-f47181364dde,2025-08-20,credit,11609.23,USD,Revenue recognized for sales order 60
35e7c91f-1024-53d7-b8a9-b508e5c2ee94,7e8959bb-b309-52e1-9019-817a37a7599f,7a223668-ede9-5a08-addc-dea3b2781737,2025-08-20,credit,16171.20,USD,Revenue recognized for sales order 61
5dbc0bd6-4811-5e78-a98b-abf73d6aa040,7e8959bb-b309-52e1-9019-817a37a7599f,22a32a25-6a1e-5172-8ad6-4af7c80398c7,2025-08-20,credit,23994.34,USD,Revenue recognized for sales order 62
139cd03b-595b-5a85-9d62-72764ceff037,7e8959bb-b309-52e1-9019-817a37a7599f,c515461f-6211-5454-940a-8f7294bd5d35,2025-08-20,credit,8053.44,USD,Revenue recognized for sales order 63
79752e36-e3fe-5348-9af2-16b9cdace1eb,7e8959bb-b309-52e1-9019-817a37a7599f,e930853d-5acb-5725-a0a7-fa0ca9b820b9,2025-08-20,credit,16764.36,USD,Revenue recognized for sales order 64
83c4a8b6-429b-5936-afac-96eeb85c9770,7e8959bb-b309-52e1-9019-817a37a7599f,4b9caa8d-40a2-55ae-9415-551cb632c9c6,2025-08-20,credit,23231.47,USD,Revenue recognized for sales order 65
f858440a-2e29-5bab-8965-cd44599dff54,7e8959bb-b309-52e1-9019-817a37a7599f,4f3617d3-1ae7-5155-abb2-078ba7d66cd3,2025-08-21,credit,1895.95,USD,Revenue recognized for sales order 66
b3eb2794-bab1-57eb-9b5a-4a2d55d1e54e,7e8959bb-b309-52e1-9019-817a37a7599f,6c8c674c-ed9b-525b-9ded-3fcd20a2ff11,2025-08-21,credit,26575.14,USD,Revenue recognized for sales order 67
5ac22bd6-5adc-5ccd-aaf8-e56236ad43fc,7e8959bb-b309-52e1-9019-817a37a7599f,c611a6fa-68f5-5044-8a74-4d04ad09d76c,2025-08-21,credit,20502.36,USD,Revenue recognized for sales order 68
b54222e1-1946-5fa8-a86d-d6f65c8d25f6,7e8959bb-b309-52e1-9019-817a37a7599f,25e5ca41-591f-5584-ac0d-d06fad62a5fa,2025-08-21,credit,905.96,USD,Revenue recognized for sales order 69
26d5a3cf-c969-5901-ae9f-a60a3f7684bc,7e8959bb-b309-52e1-9019-817a37a7599f,681194c3-7595-5dc4-8778-ea725ccf1f39,2025-08-21,credit,13808.78,USD,Revenue recognized for sales order 70
19004a74-7b41-574d-b965-318c592a73c6,7e8959bb-b309-52e1-9019-817a37a7599f,3668d87a-6011-5902-8dbc-5a017b08bb22,2025-08-22,credit,4558.17,USD,Revenue recognized for sales order 72
3f5d0c4d-2447-5795-974e-2677da3e372b,7e8959bb-b309-52e1-9019-817a37a7599f,fe65b97f-8df9-58ee-9fba-1af243d45c79,2025-08-22,credit,32453.58,USD,Revenue recognized for sales order 73
7dcb4d4c-9707-5285-989d-1349d4fecb23,7e8959bb-b309-52e1-9019-817a37a7599f,4bf4e6b5-c40f-58e0-b463-99144e7025e5,2025-08-22,credit,1460.39,USD,Revenue recognized for sales order 74
98701a74-ae1d-529d-9e10-fd4d1b060bb4,7e8959bb-b309-52e1-9019-817a37a7599f,b369700d-a490-5789-b2c1-606dcda13da5,2025-08-22,credit,3807.22,USD,Revenue recognized for sales order 75
721c08b5-a3f6-591a-8aae-a25a987433cc,7e8959bb-b309-52e1-9019-817a37a7599f,e2a064e0-5053-5ffe-942a-a3adba0e9f56,2025-08-24,credit,4832.42,USD,Revenue recognized for sales order 77
8b92ccdd-ebfe-59f4-8984-c05bdf1fa788,7e8959bb-b309-52e1-9019-817a37a7599f,f9c8f5a8-4c4e-5f40-8505-053a8c6b2d00,2025-08-24,credit,26041.33,USD,Revenue recognized for sales order 78
741a35ce-d9d4-5a83-bf80-3586713910dd,7e8959bb-b309-52e1-9019-817a37a7599f,26e9264e-64d0-5cf4-817f-e7053ce852d8,2025-08-25,credit,24086.16,USD,Revenue recognized for sales order 79
19eb4826-dce6-58e0-9dec-4037da70a3ff,7e8959bb-b309-52e1-9019-817a37a7599f,20947a2c-1062-5b0a-80e5-1ca68768f937,2025-08-25,credit,16877.95,USD,Revenue recognized for sales order 80
fd08e80c-7de4-5529-aabf-e1bc35d53ea4,7e8959bb-b309-52e1-9019-817a37a7599f,b8fb8ccc-36de-5d37-a535-4d508d986fc4,2025-08-25,credit,1026.69,USD,Revenue recognized for sales order 81
5214298a-b011-5ebd-9e5c-0e8deb029c9b,7e8959bb-b309-52e1-9019-817a37a7599f,2b3bcb60-6f22-5322-8806-d8e5e284f62b,2025-08-25,credit,9658.66,USD,Revenue recognized for sales order 82
14502dec-d8ef-54a1-bb8b-b3bca249d0d8,7e8959bb-b309-52e1-9019-817a37a7599f,3ac743a8-4117-5187-b854-62c05ae3ecc3,2025-08-25,credit,33535.41,USD,Revenue recognized for sales order 83
7935beaf-4a70-5008-8cb3-d6ff0b30bfa8,7e8959bb-b309-52e1-9019-817a37a7599f,0d9d5e49-4b79-513a-8761-ef94a5936efc,2025-08-25,credit,2352.14,USD,Revenue recognized for sales order 84
47039191-37cb-5514-9c92-ba002812b00d,7e8959bb-b309-52e1-9019-817a37a7599f,96092c6b-0225-5a00-a4c8-185cffbc4c20,2025-08-25,credit,8568.10,USD,Revenue recognized for sales order 85
e083dcbf-e2ae-54e5-ae04-bf8471e7217d,7e8959bb-b309-52e1-9019-817a37a7599f,eb945b0b-7610-57e1-8bba-6bf226c8ffe6,2025-08-25,credit,9790.38,USD,Revenue recognized for sales order 86
61859e3c-f78d-5cca-bd67-b860a9bc0ca9,7e8959bb-b309-52e1-9019-817a37a7599f,bf11c47e-2a6b-5cd7-b72c-1884c9ef5c35,2025-08-26,credit,20234.25,USD,Revenue recognized for sales order 87
67199324-c6cc-5d88-91c4-f71547c65717,7e8959bb-b309-52e1-9019-817a37a7599f,4ccc322f-5b01-537b-bfba-c466a64f676e,2025-08-26,credit,8054.82,USD,Revenue recognized for sales order 88
95abc1cb-7c35-5f0e-8fe9-656a39dbcad6,7e8959bb-b309-52e1-9019-817a37a7599f,dbc3a279-26ec-5e3c-b833-313f3b31812a,2025-08-26,credit,12163.41,USD,Revenue recognized for sales order 89
0afd0654-8205-5e5e-ac77-f81c6b017bb2,7e8959bb-b309-52e1-9019-817a37a7599f,9c4283ec-f90f-599d-bbd6-bbc776bbe765,2025-08-27,credit,12176.69,USD,Revenue recognized for sales order 90
4c0f6b91-04fe-54b2-bae4-b880e085f8c2,7e8959bb-b309-52e1-9019-817a37a7599f,61883c76-46e3-5dc4-9d59-0576e15764f1,2025-08-27,credit,11155.21,USD,Revenue recognized for sales order 91
8bef3be4-afd4-5f09-9366-10d888ebe540,7e8959bb-b309-52e1-9019-817a37a7599f,5463d129-33a5-5e07-a02a-cbdda990c07b,2025-08-27,credit,8112.15,USD,Revenue recognized for sales order 92
3a7d73f9-1f6b-58b9-a3a2-7a018065bf49,7e8959bb-b309-52e1-9019-817a37a7599f,9be34c72-5972-50ab-a04b-cf48e0a1d708,2025-08-27,credit,1878.97,USD,Revenue recognized for sales order 93
36017ebc-9ca6-570c-b411-258a6a55d5e6,7e8959bb-b309-52e1-9019-817a37a7599f,ebef3c99-3b47-5759-831a-2f51a5da2376,2025-08-27,credit,1367.16,USD,Revenue recognized for sales order 94
4c08d7fa-8231-5059-a68e-b64cf4c88326,7e8959bb-b309-52e1-9019-817a37a7599f,72deda71-1409-5859-a4f3-ab560d751cf9,2025-08-28,credit,23573.05,USD,Revenue recognized for sales order 95
af1f618a-b116-587f-9b14-6a7a7450cebe,7e8959bb-b309-52e1-9019-817a37a7599f,25ee9c7c-7452-57a5-8911-74b8dc54d917,2025-08-28,credit,38498.66,USD,Revenue recognized for sales order 96
03f31da5-0859-5574-a7c6-562dafe4373a,7e8959bb-b309-52e1-9019-817a37a7599f,be7933f5-aa4d-577e-86e0-f0ac0f3277cc,2025-08-28,credit,10574.52,USD,Revenue recognized for sales order 97
974c7fff-5911-53c6-9963-81f917d6c670,7e8959bb-b309-52e1-9019-817a37a7599f,c79b6578-664e-5491-951e-159e195150e0,2025-08-28,credit,14538.60,USD,Revenue recognized for sales order 98
1ef206c4-6354-5fbc-9351-844f39a4edf2,7e8959bb-b309-52e1-9019-817a37a7599f,6bc35713-78e8-57f4-a1c7-d8773ae133a5,2025-08-29,credit,17787.51,USD,Revenue recognized for sales order 101
f01ace63-5a6c-520c-b4fc-1ebce81408c1,7e8959bb-b309-52e1-9019-817a37a7599f,0f7c05b9-4ec6-53f3-af0d-0808649f6b28,2025-08-29,credit,21274.49,USD,Revenue recognized for sales order 102
9e17d6bd-ec9a-5eed-b49b-0924508df54a,7e8959bb-b309-52e1-9019-817a37a7599f,e03e1fb1-08f8-53b4-9884-c91f9cd472df,2025-08-29,credit,18559.85,USD,Revenue recognized for sales order 103
1b6ab289-beb6-59c5-a348-1dad461b13e2,7e8959bb-b309-52e1-9019-817a37a7599f,f13e18d0-2fc9-53a8-8396-e7214e4b7691,2025-08-30,credit,12672.07,USD,Revenue recognized for sales order 104
074b171d-8cf2-5779-aab1-56bfb23b7679,7e8959bb-b309-52e1-9019-817a37a7599f,ea6b56bc-5851-5cbc-9cd9-15f3c9e40b0d,2025-08-30,credit,26587.43,USD,Revenue recognized for sales order 105
bccb8516-4cf2-5020-a767-3d463b9aca94,7e8959bb-b309-52e1-9019-817a37a7599f,2af744c4-6fe3-5f4a-a8e7-7c18a1f9e221,2025-08-30,credit,26791.10,USD,Revenue recognized for sales order 106
d23122fa-3ef4-5c80-9a5c-52bc701736d7,7e8959bb-b309-52e1-9019-817a37a7599f,998a26d1-1b90-5865-ac39-f240b69f9055,2025-08-31,credit,20209.82,USD,Revenue recognized for sales order 107
4d920645-ffd4-5069-bda4-2b8c99d5e219,7e8959bb-b309-52e1-9019-817a37a7599f,0f9af9c7-38ac-5806-a4b9-9311aa4d21d6,2025-08-31,credit,43617.33,USD,Revenue recognized for sales order 108
e490bf1f-cdaa-541c-8ef0-22987a63ee65,7e8959bb-b309-52e1-9019-817a37a7599f,491530bd-1d3c-55e5-a9d1-5431747873c9,2025-08-31,credit,21034.51,USD,Revenue recognized for sales order 109
d8f35064-54de-5740-a869-a275d373a307,7e8959bb-b309-52e1-9019-817a37a7599f,93109f48-563d-550f-94d8-4a59db86e391,2025-09-01,credit,1792.76,USD,Revenue recognized for sales order 110
8f66439a-f576-5e63-988f-a01cad44013c,7e8959bb-b309-52e1-9019-817a37a7599f,05b8a3e8-c160-54f0-b13d-7eac1e9243fc,2025-09-01,credit,15908.27,USD,Revenue recognized for sales order 111
aa2bfa54-7b9e-5910-b9fb-dc9130de8538,7e8959bb-b309-52e1-9019-817a37a7599f,545c5897-43cd-5fbd-9ac6-62993049ec4f,2025-09-01,credit,7663.33,USD,Revenue recognized for sales order 112
3905476e-ae16-5c68-b2f3-dc7a8cc92d91,7e8959bb-b309-52e1-9019-817a37a7599f,2e44d74f-8dd5-5e91-be99-5269a6b181f6,2025-09-01,credit,3817.80,USD,Revenue recognized for sales order 113
0459f1c9-8407-5ba6-ba9c-40ba97c0f317,7e8959bb-b309-52e1-9019-817a37a7599f,b1c725c3-7e23-5a1a-89c8-b51d0d1cc529,2025-09-01,credit,1007.50,USD,Revenue recognized for sales order 115
7e73206a-232b-55b7-a39f-b0a2b9dcc664,7e8959bb-b309-52e1-9019-817a37a7599f,c6c32ea6-489b-52a6-b7d8-731fa6c595cb,2025-09-01,credit,5362.69,USD,Revenue recognized for sales order 116
1ebd95ca-aa60-5b77-a391-c1d8368aee33,7e8959bb-b309-52e1-9019-817a37a7599f,55f03a6c-2015-5e15-9667-5faff14b0d05,2025-09-01,credit,34224.25,USD,Revenue recognized for sales order 117
dca19905-8337-541b-bd1b-378ee4dc96f4,7e8959bb-b309-52e1-9019-817a37a7599f,a91f0967-db75-5148-9f0f-b58663f61f1c,2025-09-02,credit,2447.21,USD,Revenue recognized for sales order 118
55ba3641-d3df-5071-a5f6-936bf542e8b7,7e8959bb-b309-52e1-9019-817a37a7599f,8372625f-2fe0-5dd8-a0f3-cd758f23068d,2025-09-02,credit,26596.38,USD,Revenue recognized for sales order 119
d40a783a-95b7-5eec-82e5-e99d9cdfd40f,7e8959bb-b309-52e1-9019-817a37a7599f,a44dd44d-b7b8-5907-befa-b2f2c10b7fd1,2025-09-02,credit,5762.32,USD,Revenue recognized for sales order 120
1fac853d-baf4-57bd-9ba6-c86ce9540cb9,7e8959bb-b309-52e1-9019-817a37a7599f,58112d41-7b2a-56bd-bb33-80c37b882aed,2025-09-02,credit,4141.17,USD,Revenue recognized for sales order 121
80b07e2b-4cae-56a9-b393-d4763abcbeef,7e8959bb-b309-52e1-9019-817a37a7599f,31f71970-fc49-5273-b7c0-ba6d2cd22a8b,2025-09-02,credit,17914.71,USD,Revenue recognized for sales order 122
d6bf887c-5097-5306-ab10-0597b665f8a2,7e8959bb-b309-52e1-9019-817a37a7599f,73e04a07-377e-5a6d-a64c-66948c512123,2025-09-02,credit,23892.46,USD,Revenue recognized for sales order 123
5cdfdaca-45d8-5c70-b39a-4ef082fd9863,7e8959bb-b309-52e1-9019-817a37a7599f,cffd18a3-0012-5cb2-bb8f-7a58c401aa42,2025-09-02,credit,7070.38,USD,Revenue recognized for sales order 124
fbb3843e-e1f4-547c-94bd-aca623f80fbc,7e8959bb-b309-52e1-9019-817a37a7599f,c3467c20-4cbd-5156-9251-05942c3da061,2025-09-02,credit,17190.02,USD,Revenue recognized for sales order 125
2ec415eb-3742-5b40-9303-69e12a6990f2,7e8959bb-b309-52e1-9019-817a37a7599f,bc77da61-ff8e-5ec5-93d0-687a90b9e95c,2025-09-03,credit,22918.93,USD,Revenue recognized for sales order 126
848a62ea-bb69-5bbe-adf0-d57169a58b55,7e8959bb-b309-52e1-9019-817a37a7599f,1559e55e-8ba3-5b80-b08e-ee385116030a,2025-09-03,credit,20197.71,USD,Revenue recognized for sales order 127
f4eb7730-193c-5bb9-8e21-ed056785b968,7e8959bb-b309-52e1-9019-817a37a7599f,6a01d2e1-5acf-524d-ba6b-aeb53a197dd7,2025-09-04,credit,27886.13,USD,Revenue recognized for sales order 129
8e3663fc-a7fe-5725-83b7-cf8b3a702557,7e8959bb-b309-52e1-9019-817a37a7599f,68b45f8c-327f-5d8c-8584-79649ad4af63,2025-09-04,credit,28654.92,USD,Revenue recognized for sales order 130
c180242b-ed2e-53e6-898d-3a45eddcc547,7e8959bb-b309-52e1-9019-817a37a7599f,57b84fba-e8c8-52ee-af54-76e286a69886,2025-09-04,credit,9124.78,USD,Revenue recognized for sales order 131
46a6aed5-5b6e-5f81-b77c-75a53ee6c1b5,7e8959bb-b309-52e1-9019-817a37a7599f,d061c8dd-0d99-5ed7-9fcd-f1271b10156a,2025-09-04,credit,10611.51,USD,Revenue recognized for sales order 132
0e0a5157-aa17-5855-92b6-98638039cd61,7e8959bb-b309-52e1-9019-817a37a7599f,522362a9-5063-50f0-b46d-d38c85ce249d,2025-09-04,credit,10734.98,USD,Revenue recognized for sales order 133
d31f6199-ffd4-53ec-ae0b-6509d746994e,7e8959bb-b309-52e1-9019-817a37a7599f,f4ace144-ac0d-5fde-8137-3778fb95edce,2025-09-04,credit,18001.24,USD,Revenue recognized for sales order 134
54d44738-d48f-527a-b25b-25cff43f837d,7e8959bb-b309-52e1-9019-817a37a7599f,f811ed1b-361d-5b4a-9262-ac2822975635,2025-09-04,credit,29650.10,USD,Revenue recognized for sales order 135
eb0eb424-69b6-54b5-a308-0a1038018d3a,7e8959bb-b309-52e1-9019-817a37a7599f,44d4b4a6-b3ad-55a4-8ea4-64db2882204b,2025-09-05,credit,25321.23,USD,Revenue recognized for sales order 136
91d750b4-4314-5673-9db1-2047db3a1b91,7e8959bb-b309-52e1-9019-817a37a7599f,f357d957-e854-5a39-9c61-9a1bb7db1997,2025-09-05,credit,5262.53,USD,Revenue recognized for sales order 137
721ca6f8-f676-580e-a6d1-1e4308c3e35f,7e8959bb-b309-52e1-9019-817a37a7599f,d637c96c-f2d7-5795-8398-4ac10b02858c,2025-09-05,credit,6176.31,USD,Revenue recognized for sales order 138
49c3c72a-f4e5-55d9-b333-6ab0e9594b32,7e8959bb-b309-52e1-9019-817a37a7599f,1930c110-cffe-5046-97cd-b00fa4d3cad0,2025-09-05,credit,21213.32,USD,Revenue recognized for sales order 139
62271739-a71e-5055-aaa0-3065960ceb98,7e8959bb-b309-52e1-9019-817a37a7599f,02fd67ba-19da-5287-b5fb-a2dedc99f9e3,2025-09-06,credit,44462.22,USD,Revenue recognized for sales order 140
a6b09666-4a56-51ee-86dd-80256926833b,7e8959bb-b309-52e1-9019-817a37a7599f,4ea27b95-67ba-543c-aad8-13d5b13c5c94,2025-09-07,credit,21441.73,USD,Revenue recognized for sales order 141
87d2ccbb-b5cc-5cf8-bfce-44b3337fc1e7,7e8959bb-b309-52e1-9019-817a37a7599f,d2853e9f-e634-5918-98df-321aae750ca6,2025-09-07,credit,28988.41,USD,Revenue recognized for sales order 142
21b08d61-f5bd-58e5-9698-e56ce06a3d5e,7e8959bb-b309-52e1-9019-817a37a7599f,f03a8104-0cf8-5e34-a988-b6ba429d4f26,2025-09-08,credit,10779.58,USD,Revenue recognized for sales order 144
00137644-7d35-59aa-8104-61d6b0152362,7e8959bb-b309-52e1-9019-817a37a7599f,52c9f35b-918f-530c-ba0b-22864cd74b82,2025-09-08,credit,10180.14,USD,Revenue recognized for sales order 145
a4bed893-b87f-5046-ae91-65a33bd85c8a,7e8959bb-b309-52e1-9019-817a37a7599f,6e278aaf-0488-520d-8d55-b92dccd41785,2025-09-08,credit,15947.34,USD,Revenue recognized for sales order 146
0888663b-7c57-5269-9b45-c2fb31babc3e,7e8959bb-b309-52e1-9019-817a37a7599f,4f562b87-6fd2-57e9-ae37-8481d0d953c3,2025-09-08,credit,16031.20,USD,Revenue recognized for sales order 147
65cb6914-1bba-579c-a340-4dd21d701c04,7e8959bb-b309-52e1-9019-817a37a7599f,b750b8b9-1915-5b9e-bfda-69cc126eac2c,2025-09-08,credit,7527.73,USD,Revenue recognized for sales order 148
0ecb2255-91a2-535b-ac2d-6ffe238eede7,7e8959bb-b309-52e1-9019-817a37a7599f,139bcfde-cded-51f6-8008-1fcffe37a056,2025-09-08,credit,28774.50,USD,Revenue recognized for sales order 149
19d65c5a-bd89-53c0-90e5-dfc282406d77,7e8959bb-b309-52e1-9019-817a37a7599f,87b7c43b-67bb-5398-af39-3a9c88e4a450,2025-09-08,credit,16501.14,USD,Revenue recognized for sales order 150
fb15075a-f8cd-5345-8b30-35d3b4ea1010,7e8959bb-b309-52e1-9019-817a37a7599f,74e0704a-3989-53fd-817c-d8a2e452a6ff,2025-09-08,credit,20929.38,USD,Revenue recognized for sales order 151
ff8cfd04-dbd0-5cb3-bc0e-7c965a63573a,7e8959bb-b309-52e1-9019-817a37a7599f,7c80a217-34b4-5d0c-bd76-b4ee16cc4c6f,2025-09-09,credit,26402.55,USD,Revenue recognized for sales order 152
b5612fb0-29a4-54ea-97aa-92bb11335a35,7e8959bb-b309-52e1-9019-817a37a7599f,2658b57e-62e2-5543-9418-1932879b6413,2025-09-09,credit,11989.87,USD,Revenue recognized for sales order 153
a816d013-510e-5297-b7d5-cabade6f29ca,7e8959bb-b309-52e1-9019-817a37a7599f,92ce60df-d98e-589c-877d-3c1aabee102e,2025-09-09,credit,22226.51,USD,Revenue recognized for sales order 154
0b2dcefc-0704-533c-9e95-ebac21501c98,7e8959bb-b309-52e1-9019-817a37a7599f,d187951b-a818-5799-806f-dec20933f207,2025-09-09,credit,25410.87,USD,Revenue recognized for sales order 156
a6a44d71-5ea2-5ab3-aa69-41aecae06e0e,7e8959bb-b309-52e1-9019-817a37a7599f,e1111981-9d1f-51e2-b62f-40299068084e,2025-09-09,credit,17262.98,USD,Revenue recognized for sales order 157
b96f985c-fc1c-59f6-b814-7b806ec993ab,7e8959bb-b309-52e1-9019-817a37a7599f,e0a7e0e4-f261-5725-9880-b9b1cd238001,2025-09-09,credit,10214.88,USD,Revenue recognized for sales order 158
27031f7b-2df5-5752-b840-72f4fe858a44,7e8959bb-b309-52e1-9019-817a37a7599f,290004e3-d981-5956-b23a-9f27d284edd3,2025-09-10,credit,14648.73,USD,Revenue recognized for sales order 159
1f393a6b-cffa-5e35-a6e6-3b105ef4918c,7e8959bb-b309-52e1-9019-817a37a7599f,e1ee90c5-9251-5dd4-81fa-a1a6fdd66513,2025-09-10,credit,23094.75,USD,Revenue recognized for sales order 160
5589868c-bb2e-578f-9226-84d1caffb51f,7e8959bb-b309-52e1-9019-817a37a7599f,bf15fc14-d40e-5725-9125-c36a8100f109,2025-09-10,credit,707.32,USD,Revenue recognized for sales order 161
f708e691-28cd-59ad-8ef5-e313a2246e9a,7e8959bb-b309-52e1-9019-817a37a7599f,5f2e6bc0-b766-5527-89b7-de6aec8d9349,2025-09-10,credit,13219.38,USD,Revenue recognized for sales order 162
aa191e15-cfd4-5ac5-aeea-3482e960da30,7e8959bb-b309-52e1-9019-817a37a7599f,e566ef49-3049-57b0-81df-69242d134517,2025-09-10,credit,5853.23,USD,Revenue recognized for sales order 163
b0a67d35-d327-5b91-a2a1-a9b9d23d514c,7e8959bb-b309-52e1-9019-817a37a7599f,9bd7750d-c2f0-5326-ab70-17bd46198057,2025-09-10,credit,13411.48,USD,Revenue recognized for sales order 164
3a78538d-0829-5937-8369-08d6310b559a,7e8959bb-b309-52e1-9019-817a37a7599f,15b5470d-6988-585f-9250-c67a2a5d1ad8,2025-09-11,credit,4370.05,USD,Revenue recognized for sales order 165
552a75a7-63a9-585b-8d69-1267cf901231,7e8959bb-b309-52e1-9019-817a37a7599f,67ec7478-de48-516f-b843-a804e6fb8962,2025-09-11,credit,25907.35,USD,Revenue recognized for sales order 166
ccd0faf3-1ee8-5b7b-9757-91e1fd8f2ebd,7e8959bb-b309-52e1-9019-817a37a7599f,077aa2af-62f9-5f24-94d5-20094c1c9add,2025-09-11,credit,27116.82,USD,Revenue recognized for sales order 167
318f71e6-3dc8-59e6-8633-c93c57635443,7e8959bb-b309-52e1-9019-817a37a7599f,af230458-6e1e-5baf-bfc0-2af131eb565e,2025-09-11,credit,10780.47,USD,Revenue recognized for sales order 168
165acb4f-e4ad-5aed-b76f-16189c92d251,7e8959bb-b309-52e1-9019-817a37a7599f,52b60236-7644-5ec1-92ee-75b6a2b007f6,2025-09-11,credit,1223.05,USD,Revenue recognized for sales order 169
eb6211c2-9cab-5eaa-9d43-90a833573385,7e8959bb-b309-52e1-9019-817a37a7599f,43465b6c-9f7a-564d-93d2-d81d161df076,2025-09-12,credit,11634.40,USD,Revenue recognized for sales order 170
7c06417a-9d48-5d14-b734-1f8e0713d89a,7e8959bb-b309-52e1-9019-817a37a7599f,98de493e-c48f-54c7-a8ea-b7e0e1119510,2025-09-12,credit,22776.84,USD,Revenue recognized for sales order 171
e67eac2b-8d7b-5ff8-ae8a-ad5bc15fc8af,7e8959bb-b309-52e1-9019-817a37a7599f,91e05df5-f324-5e70-96dd-7b09553fcde6,2025-09-12,credit,7585.75,USD,Revenue recognized for sales order 172
8958e03e-9a78-57fb-b1bc-731caef3d26e,7e8959bb-b309-52e1-9019-817a37a7599f,16149a3c-cfe2-5500-a2d9-207e73881e83,2025-09-12,credit,24079.51,USD,Revenue recognized for sales order 173
dca30818-0c45-50c2-8076-cbb5f72a1992,7e8959bb-b309-52e1-9019-817a37a7599f,70884f09-ac20-57d6-a347-295aaae95f99,2025-09-12,credit,30583.70,USD,Revenue recognized for sales order 174
b72bdfd8-5a52-5941-89a4-66c86982bccf,7e8959bb-b309-52e1-9019-817a37a7599f,d65bd83d-c29f-5445-b594-97251447a05b,2025-09-13,credit,17287.36,USD,Revenue recognized for sales order 175
ca82b8c9-8058-5712-8a7f-9fa2e7132ade,7e8959bb-b309-52e1-9019-817a37a7599f,07d92488-ab89-5af6-a513-950433ec18f0,2025-09-13,credit,12081.13,USD,Revenue recognized for sales order 176
8a88ec44-82f0-55cf-a1aa-713d412c4d92,7e8959bb-b309-52e1-9019-817a37a7599f,f55f3529-d2f6-5b8e-8308-46e6af74c0e4,2025-09-13,credit,30337.56,USD,Revenue recognized for sales order 177
2008ce0d-861d-5f4d-88a2-62b8ebe535c4,7e8959bb-b309-52e1-9019-817a37a7599f,55b63c9b-d145-55e2-8561-882b6a11f306,2025-09-14,credit,1284.74,USD,Revenue recognized for sales order 178
4b83284b-2a92-5c31-95d2-893d94253316,7e8959bb-b309-52e1-9019-817a37a7599f,e15321b0-be9a-5c54-84de-c597b5d9a950,2025-09-15,credit,3939.12,USD,Revenue recognized for sales order 179
b0bda9eb-ee2a-566d-b5fe-557ead034ed2,7e8959bb-b309-52e1-9019-817a37a7599f,7b8e34ad-21cc-5622-8c4f-b922ac54be98,2025-09-15,credit,13218.18,USD,Revenue recognized for sales order 180
92b285f6-a723-58b6-b86e-3899dd41b661,7e8959bb-b309-52e1-9019-817a37a7599f,3c94bc72-5945-5146-8611-35023428c143,2025-09-15,credit,6041.64,USD,Revenue recognized for sales order 181
9c9788b3-e034-5871-9261-677d6d6fcb1d,7e8959bb-b309-52e1-9019-817a37a7599f,926f78b8-2c88-5c22-9275-dc9c594e3d64,2025-09-15,credit,11820.78,USD,Revenue recognized for sales order 182
bdde3432-8754-58a1-bbdf-9852915c775a,7e8959bb-b309-52e1-9019-817a37a7599f,2dfa4983-2542-5abb-98a1-ec3dee984540,2025-09-16,credit,30459.37,USD,Revenue recognized for sales order 184
013871bf-270b-5d5d-a23b-7fa475fd657b,7e8959bb-b309-52e1-9019-817a37a7599f,02176726-1ac1-5d34-b134-dc583584d8d4,2025-09-16,credit,18057.12,USD,Revenue recognized for sales order 185
dda27ee0-f841-5034-9820-5acaff59d7e4,7e8959bb-b309-52e1-9019-817a37a7599f,daf0131e-04ce-58e1-b633-a2b71778aed6,2025-09-16,credit,32034.78,USD,Revenue recognized for sales order 186
dd25f1fc-a2ae-5028-9df6-af6cdf1e6be8,7e8959bb-b309-52e1-9019-817a37a7599f,ad133858-e5b7-5c4e-a67a-6f5d359460e2,2025-09-16,credit,32367.30,USD,Revenue recognized for sales order 187
aa25c32e-7861-5fab-b434-36def3d501ef,7e8959bb-b309-52e1-9019-817a37a7599f,e2edc8de-f396-53f8-bb8a-4d35eccf2186,2025-09-17,credit,15570.18,USD,Revenue recognized for sales order 188
d4958994-f207-5fc0-8e5f-c2f465123e2e,7e8959bb-b309-52e1-9019-817a37a7599f,ba6c01d9-d764-5bd8-bfaa-163c6de76421,2025-09-17,credit,11585.09,USD,Revenue recognized for sales order 189
8cb181b9-5a94-5169-9d73-5fd57e25dc10,7e8959bb-b309-52e1-9019-817a37a7599f,82073c01-9bac-5e3b-beee-15601c2ce0a2,2025-09-17,credit,28638.67,USD,Revenue recognized for sales order 190
d6091a9d-319a-59af-8dd7-15c83810f3d1,7e8959bb-b309-52e1-9019-817a37a7599f,631cca8a-e547-5a51-aaba-a9ad3088d0b0,2025-09-17,credit,8197.64,USD,Revenue recognized for sales order 191
acb23d57-90c6-5552-882d-60d79c9d8831,7e8959bb-b309-52e1-9019-817a37a7599f,cc261e59-d549-5aaf-b75e-4f4997b59746,2025-09-17,credit,22689.53,USD,Revenue recognized for sales order 192
664ca755-0122-52f4-9268-6090cd4950bf,7e8959bb-b309-52e1-9019-817a37a7599f,c8adaafd-75dc-5e11-9d8f-ca821faa785f,2025-09-18,credit,20125.80,USD,Revenue recognized for sales order 193
e63cb9fe-7c0c-52a3-a4a8-27225023377b,7e8959bb-b309-52e1-9019-817a37a7599f,55edbacf-4eac-5adb-be6b-6a97bd399c10,2025-09-18,credit,1119.96,USD,Revenue recognized for sales order 194
f1daedd1-1f6f-5d75-9fe1-b9e2cca9d54c,7e8959bb-b309-52e1-9019-817a37a7599f,09eb0418-499b-54b0-81fe-93d891118375,2025-09-18,credit,27416.62,USD,Revenue recognized for sales order 195
9b2a8ac2-a67f-5768-8dd5-1c64d0d87e2e,7e8959bb-b309-52e1-9019-817a37a7599f,df95f5ef-70df-5701-88d4-87edd8556dd5,2025-09-18,credit,7133.15,USD,Revenue recognized for sales order 196
3c37a704-4b48-5c3c-b842-17a2b603db12,7e8959bb-b309-52e1-9019-817a37a7599f,c4d9ccf2-092d-5b0b-8ca9-3d9c021bdd04,2025-09-18,credit,9447.00,USD,Revenue recognized for sales order 197
e5e51ccc-0fcd-52d7-b33b-870fc48719a5,7e8959bb-b309-52e1-9019-817a37a7599f,cbf69fca-dfa9-54b5-8f6e-bacdd293ca9a,2025-09-18,credit,851.12,USD,Revenue recognized for sales order 198
05438a0e-26ad-5925-92d9-74eaca936faf,7e8959bb-b309-52e1-9019-817a37a7599f,dec5ee7c-19d3-5f8c-b992-9119f7a440f9,2025-09-19,credit,1222.92,USD,Revenue recognized for sales order 199
da0fc518-1d58-54b6-9442-85c601481641,7e8959bb-b309-52e1-9019-817a37a7599f,6fe4bd14-c75b-55d5-add5-6c162a953be3,2025-09-19,credit,2576.10,USD,Revenue recognized for sales order 200
46d81e23-1b44-5e5e-92a1-bbb9453b7355,7e8959bb-b309-52e1-9019-817a37a7599f,910689a4-f893-531f-a9cc-e699d0153513,2025-09-19,credit,5184.37,USD,Revenue recognized for sales order 201
d754e879-f5cb-5e02-b4b0-1b722a5c7da1,7e8959bb-b309-52e1-9019-817a37a7599f,cd535228-2bcd-59f8-8940-61d6eff8cf1e,2025-09-19,credit,15646.05,USD,Revenue recognized for sales order 202
74b33a62-5f40-5eae-a691-39d34f87e13e,7e8959bb-b309-52e1-9019-817a37a7599f,1e8134f6-8dae-5227-a7c7-6b9b238ccded,2025-09-19,credit,43913.43,USD,Revenue recognized for sales order 203
cbda07db-47c9-5811-ad62-d78f20968f4e,7e8959bb-b309-52e1-9019-817a37a7599f,f2ca05b1-7581-5d40-af58-320e77609962,2025-09-19,credit,16117.11,USD,Revenue recognized for sales order 204
9f7238eb-d08d-5977-a84e-7ec16bc36dd4,7e8959bb-b309-52e1-9019-817a37a7599f,230f6b9a-c47a-5b52-a609-c0d784b0cc5e,2025-09-19,credit,7570.97,USD,Revenue recognized for sales order 205
5fa97308-f6a8-5a80-9aa5-f570c0f12ff6,7e8959bb-b309-52e1-9019-817a37a7599f,a2364813-f45f-5e1b-a740-9c414e322077,2025-09-19,credit,36810.16,USD,Revenue recognized for sales order 206
23f35064-c961-5ba6-bd37-4a89f3ecc1d9,7e8959bb-b309-52e1-9019-817a37a7599f,c7102141-c7f9-54aa-abaa-94e10db60c43,2025-09-20,credit,6848.54,USD,Revenue recognized for sales order 207
fb659536-a7ba-5de8-bf3f-89224339e5e6,7e8959bb-b309-52e1-9019-817a37a7599f,3bd51e82-4880-503c-90c4-07a143b9b89c,2025-09-21,credit,24272.52,USD,Revenue recognized for sales order 208
92fdc6fc-d0d9-5f76-a046-93dc47fef83b,7e8959bb-b309-52e1-9019-817a37a7599f,d9f4bb69-b22e-5051-97fb-8fe7d4f3d5f8,2025-09-22,credit,7491.77,USD,Revenue recognized for sales order 209
6010f42f-83e2-5e97-a89b-ef7219e0916d,7e8959bb-b309-52e1-9019-817a37a7599f,b4bee31b-789a-5dc4-a626-33a049854b15,2025-09-22,credit,1336.10,USD,Revenue recognized for sales order 210
8ddd8494-b242-565a-b86d-cc2a855087ae,7e8959bb-b309-52e1-9019-817a37a7599f,9964d069-4afd-537a-acfd-f22ec7167fef,2025-09-22,credit,26912.55,USD,Revenue recognized for sales order 211
046591f3-fcae-5f98-92d8-7beb22e419f8,7e8959bb-b309-52e1-9019-817a37a7599f,2e75cf55-dbb3-5b01-9fec-ff74a89f3b66,2025-09-22,credit,13118.80,USD,Revenue recognized for sales order 212
00c8a833-50fe-5e5a-b008-876f54588033,7e8959bb-b309-52e1-9019-817a37a7599f,4a328853-595d-5015-b359-6b93dfe2c15a,2025-09-22,credit,21367.00,USD,Revenue recognized for sales order 213
1418e18b-c3df-535a-a560-3d88c2640cc7,7e8959bb-b309-52e1-9019-817a37a7599f,77389c50-2afc-5192-be3c-9c5a7e263e2e,2025-09-23,credit,22533.55,USD,Revenue recognized for sales order 214
fa9c11eb-5184-5cde-9217-96adc1a576a3,7e8959bb-b309-52e1-9019-817a37a7599f,5b27976c-b13b-5f27-9b03-2e885b2dd970,2025-09-23,credit,19547.78,USD,Revenue recognized for sales order 215
e24a28b2-62e3-5bf2-bd1d-762fd64ad66f,7e8959bb-b309-52e1-9019-817a37a7599f,eb96bf5a-cc92-5a4f-9a93-10a6159b1671,2025-09-23,credit,4151.70,USD,Revenue recognized for sales order 216
51808abe-a15d-586d-835e-2701c9c0be97,7e8959bb-b309-52e1-9019-817a37a7599f,eda9845d-2afd-50f2-a5b5-161d97ab325d,2025-09-23,credit,2781.01,USD,Revenue recognized for sales order 217
fe2f1bd1-9ee7-5b97-8725-dea8cd78cacf,7e8959bb-b309-52e1-9019-817a37a7599f,529dd379-5918-5c99-90ce-1831d9b44649,2025-09-24,credit,8931.81,USD,Revenue recognized for sales order 218
404ceb92-09f7-5075-a23a-3bc53b23ee88,7e8959bb-b309-52e1-9019-817a37a7599f,10e06b47-6c75-5fbb-a63c-a48a43e27913,2025-09-24,credit,16072.85,USD,Revenue recognized for sales order 219
2d9d57b6-5992-52b6-950b-6f262f78e36d,7e8959bb-b309-52e1-9019-817a37a7599f,d3430b04-0a81-5141-a083-a96ea1b9ad75,2025-09-24,credit,29947.74,USD,Revenue recognized for sales order 220
bed629cb-fac4-578a-98c3-315cafa007f2,7e8959bb-b309-52e1-9019-817a37a7599f,db9e1301-9b40-5e57-8a43-fe43c3a4a7bc,2025-09-24,credit,16147.26,USD,Revenue recognized for sales order 221
b1bb072a-a63b-52b7-afd4-2e24b43aecfe,7e8959bb-b309-52e1-9019-817a37a7599f,2dfe5b4a-4c39-5fa3-a630-96b4b7e48581,2025-09-24,credit,641.49,USD,Revenue recognized for sales order 222
6d674838-53c9-5f47-8d4f-d0a70ade4744,7e8959bb-b309-52e1-9019-817a37a7599f,777be094-8e75-529a-8b84-26893a0d6044,2025-09-24,credit,24664.40,USD,Revenue recognized for sales order 223
f7d6fdda-f699-561b-9359-0fc74e1aa35f,7e8959bb-b309-52e1-9019-817a37a7599f,212f2191-9e37-57de-b816-c9252b29e5cf,2025-09-24,credit,1553.16,USD,Revenue recognized for sales order 224
f7e634a3-ed02-593a-81b7-7569c6d14ac7,7e8959bb-b309-52e1-9019-817a37a7599f,18c91728-b1a2-5043-b9ab-1f533f1be550,2025-09-25,credit,27543.74,USD,Revenue recognized for sales order 225
3d15938a-c85a-57a3-afcb-a0bc4d9ad7cb,7e8959bb-b309-52e1-9019-817a37a7599f,7bdc5e3b-48ff-571a-adb5-dcfa751182a6,2025-09-25,credit,10418.98,USD,Revenue recognized for sales order 226
6757f0d9-081c-5173-abd6-2b1cd36895ed,7e8959bb-b309-52e1-9019-817a37a7599f,10791f46-84e2-558d-8765-70c1d2a7b837,2025-09-25,credit,19802.46,USD,Revenue recognized for sales order 227
ed7d325d-a6ed-56c5-aab9-1b5137a5c289,7e8959bb-b309-52e1-9019-817a37a7599f,c4f532a4-bbf3-59b4-894e-17171e06b072,2025-09-26,credit,12293.45,USD,Revenue recognized for sales order 228
2ab1acb8-c692-56c7-b472-a2c268cec80f,7e8959bb-b309-52e1-9019-817a37a7599f,465f3779-7a06-587e-a0dd-56a9436fb5a5,2025-09-26,credit,12678.19,USD,Revenue recognized for sales order 229
77f0b166-db47-532f-adf7-6a61972b664f,7e8959bb-b309-52e1-9019-817a37a7599f,6d70e427-5fdf-59f2-b4df-e9e731c6afca,2025-09-26,credit,23014.60,USD,Revenue recognized for sales order 230
9a19d40f-5fbc-5b0d-98e9-9533661fc06f,7e8959bb-b309-52e1-9019-817a37a7599f,ed3b080a-9e81-5efe-98c6-d150eaed4d31,2025-09-26,credit,13658.76,USD,Revenue recognized for sales order 232
72a3e362-1682-53da-816d-da0b58aaaedc,7e8959bb-b309-52e1-9019-817a37a7599f,bbe4ae5a-8bdc-5537-8761-7bc70a6a67d5,2025-09-26,credit,9633.63,USD,Revenue recognized for sales order 233
a586cca8-da30-5fa1-b133-d8978233fd91,7e8959bb-b309-52e1-9019-817a37a7599f,7ed6783f-2403-5256-9d2f-3a6fb749119a,2025-09-26,credit,4567.04,USD,Revenue recognized for sales order 234
e50a2502-c1d4-5107-9137-092c1367aace,7e8959bb-b309-52e1-9019-817a37a7599f,2ebd8b99-68a0-5d02-8204-f6238661e432,2025-09-26,credit,21823.09,USD,Revenue recognized for sales order 235
ac31929e-200e-5453-9334-fe28406d2567,7e8959bb-b309-52e1-9019-817a37a7599f,18a5e858-9a9e-5f2e-97e7-b13e5f2eadcf,2025-09-27,credit,10388.79,USD,Revenue recognized for sales order 236
2ad77fa4-1409-5a16-a645-c385bbb30d7b,7e8959bb-b309-52e1-9019-817a37a7599f,6add44bd-82ab-5153-b829-b37aa6bc4c54,2025-09-27,credit,1075.00,USD,Revenue recognized for sales order 237
6acd166b-5ea7-5b98-a3e4-7a6ab089e0e5,7e8959bb-b309-52e1-9019-817a37a7599f,06cc796b-d3ac-5ead-878e-c2b336b1e851,2025-09-27,credit,12240.78,USD,Revenue recognized for sales order 238
2aa136b3-b991-5b68-9841-01c4e82250b6,7e8959bb-b309-52e1-9019-817a37a7599f,e1f6361b-f826-5866-af14-a74207082ee7,2025-09-28,credit,18065.14,USD,Revenue recognized for sales order 239
72375ba6-bc3f-5195-a1a2-be65d851a509,7e8959bb-b309-52e1-9019-817a37a7599f,b53a29f3-cc89-5802-95c6-f60a7079f073,2025-09-29,credit,16888.36,USD,Revenue recognized for sales order 240
8043d4ff-d5c7-51b8-aa11-2857988cdc17,7e8959bb-b309-52e1-9019-817a37a7599f,53f74e32-58bd-5e49-a79a-fbb45c107546,2025-09-29,credit,15620.34,USD,Revenue recognized for sales order 241
a050b4da-2c73-5091-8af8-4f9b9ffe8ba2,7e8959bb-b309-52e1-9019-817a37a7599f,981e5491-ad29-5d45-94df-4a6af8fd4a2f,2025-09-29,credit,20947.24,USD,Revenue recognized for sales order 242
ea3f7d6a-4301-5e42-a46b-a782ad612338,7e8959bb-b309-52e1-9019-817a37a7599f,0b9c8534-0f19-5fa6-ba1a-9390e23d81d5,2025-09-29,credit,1288.54,USD,Revenue recognized for sales order 243
e3ccf04a-09ca-56ce-9487-987cfd0291c8,7e8959bb-b309-52e1-9019-817a37a7599f,6d27453e-da7f-5f02-8b50-6ee40c7f99d0,2025-09-30,credit,6353.41,USD,Revenue recognized for sales order 244
25710960-8e53-5b1a-b519-c34a010aba2f,7e8959bb-b309-52e1-9019-817a37a7599f,a056ee3e-2e85-5641-a366-35e651e10ec4,2025-09-30,credit,16630.54,USD,Revenue recognized for sales order 245
82762419-5402-51b9-be10-0f6c31f1aaad,7e8959bb-b309-52e1-9019-817a37a7599f,6d45b21e-6dfa-5641-84c7-0183cdd6caa7,2025-09-30,credit,13640.08,USD,Revenue recognized for sales order 246
f8359aec-dec9-5996-bfd7-4f2edc75d75e,7e8959bb-b309-52e1-9019-817a37a7599f,6912d005-7c94-527a-8e6a-525a12c69b64,2025-09-30,credit,37569.00,USD,Revenue recognized for sales order 247
4c258f3e-b3ea-595f-9322-dec9dcf61500,7e8959bb-b309-52e1-9019-817a37a7599f,28c696c8-c256-535a-83b1-66f9ec3a4bac,2025-10-01,credit,24070.74,USD,Revenue recognized for sales order 248
12dc6158-3261-526b-8e08-53be1e0c724f,7e8959bb-b309-52e1-9019-817a37a7599f,9568db32-5602-5462-a5cd-481a811f7a5c,2025-10-01,credit,18577.09,USD,Revenue recognized for sales order 249
8e0d33fc-4fef-59f6-869f-39b4d0908552,7e8959bb-b309-52e1-9019-817a37a7599f,182647fd-95b8-5d37-a74d-b1d0a15641f6,2025-10-01,credit,5395.64,USD,Revenue recognized for sales order 250
bddea972-ccfc-54dc-8243-d41414e7977f,7e8959bb-b309-52e1-9019-817a37a7599f,e81ddea1-f4b9-5845-b04c-534a80f735ca,2025-10-02,credit,13074.40,USD,Revenue recognized for sales order 251
2797d95f-a069-5848-a65d-3e52ac4bcbe3,7e8959bb-b309-52e1-9019-817a37a7599f,eefe58f8-ef10-5ddb-ba85-28cc3ab23d73,2025-10-02,credit,1667.60,USD,Revenue recognized for sales order 252
8f85bdcf-0854-5f41-92c5-8f4e407b5ff7,7e8959bb-b309-52e1-9019-817a37a7599f,6994a347-004a-5082-84ce-cc66c314d931,2025-10-02,credit,30456.14,USD,Revenue recognized for sales order 253
9cf50454-d902-5e8f-8c79-787c095541d2,7e8959bb-b309-52e1-9019-817a37a7599f,c10373d7-006a-55d3-9759-b19800fba1be,2025-10-03,credit,14156.58,USD,Revenue recognized for sales order 254
3d0593fd-9b63-5264-8aa3-4939485f2d36,7e8959bb-b309-52e1-9019-817a37a7599f,9125adb8-8de6-5d85-a678-af3cc588de45,2025-10-03,credit,5349.74,USD,Revenue recognized for sales order 255
a5b7e976-c03d-5f4b-9eab-97afc94aa771,7e8959bb-b309-52e1-9019-817a37a7599f,da07bf32-1b13-5e8c-a91d-92110226540e,2025-10-03,credit,15067.37,USD,Revenue recognized for sales order 256
04df786e-e2d1-5481-b3c3-07e43b7ea1f3,7e8959bb-b309-52e1-9019-817a37a7599f,f519ef5e-248b-5123-995d-93525d1eedcc,2025-10-03,credit,18733.99,USD,Revenue recognized for sales order 257
bdfcfcac-5204-5a56-a9f7-27a9a54b52a9,7e8959bb-b309-52e1-9019-817a37a7599f,bf651372-264f-59f0-9dd3-c9757babdb0e,2025-10-03,credit,50600.06,USD,Revenue recognized for sales order 258
9b903ef2-6f39-5b9b-8354-6371a64b64b9,7e8959bb-b309-52e1-9019-817a37a7599f,064424bf-f08d-50dc-a9e4-6a10ef0f460e,2025-10-03,credit,24818.00,USD,Revenue recognized for sales order 259
a1255915-9cb8-59f0-be18-198a22f2d35b,7e8959bb-b309-52e1-9019-817a37a7599f,c78b6fdb-1a1f-5827-ad00-ac93be2f73c1,2025-10-03,credit,16351.36,USD,Revenue recognized for sales order 260
088f8df3-8041-5e7c-bbbd-838554fbcad0,7e8959bb-b309-52e1-9019-817a37a7599f,bc2b7ad6-7e82-5c70-b91e-84f82ee3415b,2025-10-04,credit,8004.24,USD,Revenue recognized for sales order 261
f0698039-aec6-5a6e-97c0-cb8402718446,7e8959bb-b309-52e1-9019-817a37a7599f,4b1f3b9d-32d8-5762-bac9-7955d1694c3e,2025-10-04,credit,21647.84,USD,Revenue recognized for sales order 262
42afc89d-1430-5141-8c53-8c4e9e589279,7e8959bb-b309-52e1-9019-817a37a7599f,3723c3b2-eef6-543b-94d8-a4d87bde06ce,2025-10-05,credit,12303.72,USD,Revenue recognized for sales order 263
2b8f6a09-403b-59c7-b149-c37c2151f0c8,7e8959bb-b309-52e1-9019-817a37a7599f,3120a7f2-126b-50d1-9b7b-6fdf0670fead,2025-10-06,credit,15056.93,USD,Revenue recognized for sales order 265
427efbca-6ec4-51e8-a45c-f6bcd0875710,7e8959bb-b309-52e1-9019-817a37a7599f,9336d4f9-90bf-541e-bad2-c88dba37422e,2025-10-06,credit,14928.50,USD,Revenue recognized for sales order 266
38bdaeb8-9c7c-5d51-9f53-63b5b78d3871,7e8959bb-b309-52e1-9019-817a37a7599f,bcdf65b3-6241-5989-a8f3-5ee148d839b9,2025-10-06,credit,8412.67,USD,Revenue recognized for sales order 267
7f74d596-2cb4-505b-8643-a7cfd50b7b08,7e8959bb-b309-52e1-9019-817a37a7599f,037052af-311b-5b1b-81c0-0d862d0afc0c,2025-10-07,credit,23327.50,USD,Revenue recognized for sales order 269
4af4cf21-9598-5bad-8527-76444038a693,7e8959bb-b309-52e1-9019-817a37a7599f,e4c15c69-5dfb-5f74-901d-3d1cf1af8c51,2025-10-07,credit,37440.83,USD,Revenue recognized for sales order 270
5c807693-bd61-5085-b0c0-6b305cdfdd5f,7e8959bb-b309-52e1-9019-817a37a7599f,6b71e224-b481-5045-9fed-44786c954b3c,2025-10-07,credit,26661.16,USD,Revenue recognized for sales order 271
9651c06c-01ba-5a16-a638-99f97d181e8d,7e8959bb-b309-52e1-9019-817a37a7599f,eb366407-c576-549d-a81d-d7a26dd853a2,2025-10-07,credit,13488.61,USD,Revenue recognized for sales order 272
9d48ae7f-3377-5541-9a7a-8efcdc522bb2,7e8959bb-b309-52e1-9019-817a37a7599f,c24149d8-66f1-572d-903e-ebf9152f8339,2025-10-07,credit,14135.53,USD,Revenue recognized for sales order 273
4d3ad8aa-5394-5004-9b74-2381a00965b7,7e8959bb-b309-52e1-9019-817a37a7599f,cac9bba1-434b-5851-9560-ccb284a6f624,2025-10-08,credit,4698.79,USD,Revenue recognized for sales order 275
4dedf41b-7ee5-5b7f-a8d6-8ebe7c981454,7e8959bb-b309-52e1-9019-817a37a7599f,7cedf5b0-135a-5144-91d2-7486427d70ff,2025-10-08,credit,34695.99,USD,Revenue recognized for sales order 276
8a2684b0-b09f-5025-b086-dfeed65417ce,7e8959bb-b309-52e1-9019-817a37a7599f,746159f6-91ae-5b36-972d-58e15a728034,2025-10-08,credit,19799.22,USD,Revenue recognized for sales order 277
87cce1c3-1620-5e98-ae6c-81c8131fee76,7e8959bb-b309-52e1-9019-817a37a7599f,4917f7bb-a00c-5083-b094-1f5f3c68b9ab,2025-10-08,credit,10382.05,USD,Revenue recognized for sales order 278
4afeafe7-dec1-55d7-a679-9a3384aa8a7e,7e8959bb-b309-52e1-9019-817a37a7599f,496cc8bd-67ba-5304-8cdb-5ddc28a4bedc,2025-10-08,credit,1297.03,USD,Revenue recognized for sales order 279
7199bb80-81fd-578a-9dbc-72ddcb5fd2af,7e8959bb-b309-52e1-9019-817a37a7599f,855a9255-c752-50f5-9b82-18b28789bec7,2025-10-09,credit,10253.10,USD,Revenue recognized for sales order 280
848032de-faa0-5d8e-bc60-e6d7a84a5352,7e8959bb-b309-52e1-9019-817a37a7599f,0b251a4d-ff8b-5575-9bdb-0822cd3cfd65,2025-10-09,credit,18085.63,USD,Revenue recognized for sales order 281
81355b8b-10f7-550b-9322-ff9b8addd191,7e8959bb-b309-52e1-9019-817a37a7599f,7ab4f359-ef81-5dbc-9358-c23b8710f631,2025-10-09,credit,7550.89,USD,Revenue recognized for sales order 282
c6073051-fba1-5171-9b12-ac0f184e4541,7e8959bb-b309-52e1-9019-817a37a7599f,1bac26b4-5a88-5c17-a61e-cf4b65f26a3c,2025-10-09,credit,29422.13,USD,Revenue recognized for sales order 283
8585a0fe-14b9-5754-b2dc-060f3cf357a0,7e8959bb-b309-52e1-9019-817a37a7599f,445f2139-d69a-5c68-8885-7a56314a33cf,2025-10-09,credit,13700.91,USD,Revenue recognized for sales order 284
f1f42c54-62ec-590f-a67d-0a79a801e6c8,7e8959bb-b309-52e1-9019-817a37a7599f,e89720cc-81c3-5b52-bb76-414aa1c0c906,2025-10-10,credit,18828.05,USD,Revenue recognized for sales order 285
e14a4868-0085-5bb9-95dd-3b0fa477176a,7e8959bb-b309-52e1-9019-817a37a7599f,77eec61e-7199-5954-9a2d-15d6b6cef654,2025-10-10,credit,43925.59,USD,Revenue recognized for sales order 286
1ea36cbf-6f2d-57e4-ab09-2729b3a70389,7e8959bb-b309-52e1-9019-817a37a7599f,13eb966f-9453-5694-8890-be4c4fb88274,2025-10-10,credit,15415.93,USD,Revenue recognized for sales order 287
441cf9b0-e1a5-5c01-8be0-10b02c4ca7ed,7e8959bb-b309-52e1-9019-817a37a7599f,427e80fa-f7a9-53b5-9811-def06a645431,2025-10-10,credit,5412.42,USD,Revenue recognized for sales order 288
b621d104-be62-5f14-ba40-867eb02b3d37,7e8959bb-b309-52e1-9019-817a37a7599f,169f5c42-4583-58bd-bad5-1c78afcc05e6,2025-10-10,credit,2317.18,USD,Revenue recognized for sales order 289
1115ffcc-f120-52d0-a77f-6ea6a30613a7,7e8959bb-b309-52e1-9019-817a37a7599f,0e2f9992-e5ce-5d0d-af8b-fb617dadce50,2025-10-10,credit,32923.13,USD,Revenue recognized for sales order 290
b64c0c2b-d4e0-5fcd-8955-fd8055214d05,7e8959bb-b309-52e1-9019-817a37a7599f,adc43a73-bc50-570e-b066-f209da95a962,2025-10-10,credit,19896.87,USD,Revenue recognized for sales order 291
e646dd7d-7947-5fdc-a7d6-d0557701b577,7e8959bb-b309-52e1-9019-817a37a7599f,91aaf689-b8ba-5cc4-9a83-f9f005c1ec9d,2025-10-11,credit,44461.75,USD,Revenue recognized for sales order 294
cc5a16a2-e933-5822-840f-ac8c78dc3e38,7e8959bb-b309-52e1-9019-817a37a7599f,20817e4d-9c15-5311-8ff0-a93cc1ebfd5d,2025-10-12,credit,23720.17,USD,Revenue recognized for sales order 295
5579133f-8417-5806-925b-e27213a38722,7e8959bb-b309-52e1-9019-817a37a7599f,5cb9f69c-7431-5347-979f-555a064df4a0,2025-10-12,credit,10579.77,USD,Revenue recognized for sales order 296
dfcf149b-c038-57e4-9b01-246edb66b7ff,7e8959bb-b309-52e1-9019-817a37a7599f,a88aff4b-9e61-5528-8e25-7a49faeba1fe,2025-10-12,credit,23375.42,USD,Revenue recognized for sales order 297
90bf83ee-430e-54df-a259-b61fd3a7e7d9,7e8959bb-b309-52e1-9019-817a37a7599f,955b3bd3-c770-5712-92cc-1f4ffec9e204,2025-10-13,credit,15112.83,USD,Revenue recognized for sales order 298
1c40d27e-75c7-5b49-b807-0168c7318418,7e8959bb-b309-52e1-9019-817a37a7599f,5cca9938-0ab7-5dc2-a040-09fcdf8c8f81,2025-10-13,credit,13676.04,USD,Revenue recognized for sales order 299
4f0cb8c4-54a6-5074-a9d8-69b8d003299e,7e8959bb-b309-52e1-9019-817a37a7599f,8d4bc68a-d691-598b-80cd-249ae1a2f12a,2025-10-13,credit,6828.96,USD,Revenue recognized for sales order 300
adcf872c-2f42-561a-b298-8022000bc0df,7e8959bb-b309-52e1-9019-817a37a7599f,fc5a4098-d5c3-5f1d-9c24-9764f157fb30,2025-10-13,credit,6245.47,USD,Revenue recognized for sales order 301
ff79567d-383f-5437-b7ef-86e881df4f83,7e8959bb-b309-52e1-9019-817a37a7599f,7e35801a-c07a-57f4-9c35-94b9f4852d9e,2025-10-13,credit,1582.50,USD,Revenue recognized for sales order 302
41c9d8b1-fd5f-5af5-9233-f455e2519945,7e8959bb-b309-52e1-9019-817a37a7599f,6c7dd54e-1cdf-5134-bf68-62a68c815bb3,2025-10-13,credit,2078.98,USD,Revenue recognized for sales order 303
42b6fa1e-84af-52d3-93a2-ad16679540e5,7e8959bb-b309-52e1-9019-817a37a7599f,c7bdc93d-e38d-5170-a432-59e980e95b48,2025-10-13,credit,18465.63,USD,Revenue recognized for sales order 304
e048982c-f21b-5ef6-8509-1148bc38cfdf,7e8959bb-b309-52e1-9019-817a37a7599f,0b94bb27-20e4-52d3-81fd-60caad35e29b,2025-10-13,credit,9675.99,USD,Revenue recognized for sales order 305
dffea8ee-fa1c-5317-8762-041e3fa64a83,7e8959bb-b309-52e1-9019-817a37a7599f,87fcf0bd-2480-5d9e-94c4-5fefea72c5db,2025-10-14,credit,2396.22,USD,Revenue recognized for sales order 306
05818ed0-f8b2-531e-a855-18b749d52ddf,7e8959bb-b309-52e1-9019-817a37a7599f,9f4d2c58-0a83-503a-8042-402bd53bcdf7,2025-10-14,credit,21392.87,USD,Revenue recognized for sales order 307
2b45a85f-ebda-5ea7-8013-30f728f20101,7e8959bb-b309-52e1-9019-817a37a7599f,333850f3-bc8f-5230-bda8-1d37d6b05612,2025-10-14,credit,3702.59,USD,Revenue recognized for sales order 308
81387046-5ecd-5c22-a44a-9d6544e723b1,7e8959bb-b309-52e1-9019-817a37a7599f,6e1715b1-9494-584d-bc62-bc14e2b81c72,2025-10-14,credit,43608.89,USD,Revenue recognized for sales order 309
7e564ee2-5a50-5160-96c2-5fd6c8522298,7e8959bb-b309-52e1-9019-817a37a7599f,89e75d34-ffed-52b0-83bb-6f5aa12c6d2f,2025-10-14,credit,17082.72,USD,Revenue recognized for sales order 310
c69fe11b-37aa-5fb5-bba4-5e3188af1263,7e8959bb-b309-52e1-9019-817a37a7599f,0f8c7146-4f45-5938-a676-e8dfaf59b155,2025-10-14,credit,31978.06,USD,Revenue recognized for sales order 311
e3f0fb71-aff7-5587-b40f-7ed3647f6c9f,7e8959bb-b309-52e1-9019-817a37a7599f,97433148-8c0d-57f1-9266-9d2fd1963c54,2025-10-15,credit,4846.20,USD,Revenue recognized for sales order 312
36170da8-72b4-58c3-8c91-321116e5ef2a,7e8959bb-b309-52e1-9019-817a37a7599f,9df20fcc-4734-52de-ac06-2c6d09209555,2025-10-15,credit,19596.67,USD,Revenue recognized for sales order 313
b7966305-6eed-561b-a85a-a4d040c0acd3,7e8959bb-b309-52e1-9019-817a37a7599f,9bd77eee-2c67-5c4d-a651-f7a1adf58c9d,2025-10-15,credit,3047.02,USD,Revenue recognized for sales order 314
c7174436-7031-5bfe-8cc8-d38dc0564e8a,7e8959bb-b309-52e1-9019-817a37a7599f,fa35a974-b60f-53f8-9c5f-4d2d8707cfdb,2025-10-16,credit,23918.29,USD,Revenue recognized for sales order 315
d222eb73-c785-5fd3-800b-bf3c49439332,7e8959bb-b309-52e1-9019-817a37a7599f,94a8efae-7b81-5367-8bdb-b9f313997442,2025-10-16,credit,7202.82,USD,Revenue recognized for sales order 316
609a9f84-717d-53ba-819b-eb1184281b90,7e8959bb-b309-52e1-9019-817a37a7599f,67128f04-ca9c-5c8e-9239-75e0be4096e6,2025-10-16,credit,6370.57,USD,Revenue recognized for sales order 317
c5ba4118-ed79-5ed6-9ebc-b001e63f929a,7e8959bb-b309-52e1-9019-817a37a7599f,9973d567-97ca-543f-9ca1-2436c30c8782,2025-10-17,credit,14174.49,USD,Revenue recognized for sales order 318
429c5d3e-2168-525d-b0e6-6a8aa13a08f2,7e8959bb-b309-52e1-9019-817a37a7599f,09feeea7-b720-5110-af0f-a7f01a33ce56,2025-10-17,credit,12852.92,USD,Revenue recognized for sales order 319
b16351e5-d8ac-5783-b5b0-7dbdde5a87ad,7e8959bb-b309-52e1-9019-817a37a7599f,38f8b452-0aa6-528f-9590-427568198af0,2025-10-17,credit,10835.04,USD,Revenue recognized for sales order 320
d0c9cc0e-451e-57d0-b61b-a243bb96a7ee,7e8959bb-b309-52e1-9019-817a37a7599f,09b27e2d-c8a8-5fe6-bcba-61962ffdb6a3,2025-10-17,credit,32945.38,USD,Revenue recognized for sales order 321
477d04e2-bfab-5881-90fc-63fb41680710,7e8959bb-b309-52e1-9019-817a37a7599f,10434de7-6360-5c07-a439-f1956f5e71e2,2025-10-17,credit,5309.76,USD,Revenue recognized for sales order 322
85a9e3f2-a0ec-539b-8f51-f56b2863fbf1,7e8959bb-b309-52e1-9019-817a37a7599f,f6f0c348-a31f-5a80-80c0-db8083c06c45,2025-10-18,credit,30518.29,USD,Revenue recognized for sales order 323
86a7e553-2c2b-5911-acf6-4ab454d01bad,7e8959bb-b309-52e1-9019-817a37a7599f,a5a105ba-1f12-5f07-a8a9-6b3b4a9ee47e,2025-10-18,credit,21727.83,USD,Revenue recognized for sales order 324
1bf9cffb-2231-593b-8a8a-d0c3847bad2d,7e8959bb-b309-52e1-9019-817a37a7599f,81fcf601-fa03-5060-acd0-102e09a92f47,2025-10-18,credit,20574.71,USD,Revenue recognized for sales order 325
14677ccd-c3bd-5b9d-99d8-34445d7cd34a,7e8959bb-b309-52e1-9019-817a37a7599f,f6aeeebf-714f-5b63-b9c3-601f6a5f84ea,2025-10-19,credit,15683.36,USD,Revenue recognized for sales order 326
037de75c-f231-579e-8230-5bf08114b5a2,7e8959bb-b309-52e1-9019-817a37a7599f,95d7d819-5907-54c5-8fe1-2478a3ca4e65,2025-10-20,credit,6854.53,USD,Revenue recognized for sales order 327
c7a9d77b-514c-5150-8801-c0d66269f4f0,7e8959bb-b309-52e1-9019-817a37a7599f,36315361-36ca-5d01-bbda-3e35c40dc469,2025-10-20,credit,12113.58,USD,Revenue recognized for sales order 328
e100ce5b-f339-5784-b425-62140732a473,7e8959bb-b309-52e1-9019-817a37a7599f,a3a67ef0-f2e9-513e-b9e2-721b0dbd0955,2025-10-20,credit,18309.57,USD,Revenue recognized for sales order 329
da098502-99ea-5f53-a1dc-af9b0f5d3e3d,7e8959bb-b309-52e1-9019-817a37a7599f,9ccaf56b-c585-59fd-88bb-d35deae97b99,2025-10-20,credit,284.00,USD,Revenue recognized for sales order 330
e018ac60-5908-547c-980e-149ac9c7e5c4,7e8959bb-b309-52e1-9019-817a37a7599f,6c7439fd-2a9c-57da-ac7c-31b43af7109b,2025-10-21,credit,1898.68,USD,Revenue recognized for sales order 331
dae7557c-d5e7-5f5c-b791-172296997fd6,7e8959bb-b309-52e1-9019-817a37a7599f,f43e3eab-69ec-599f-9dc1-3bb7e984f395,2025-10-21,credit,21753.82,USD,Revenue recognized for sales order 332
6e4aadbc-c3f9-5106-9ec5-ecd241b1c6ca,7e8959bb-b309-52e1-9019-817a37a7599f,91287822-e717-5a7c-98a7-fc52aaba6b20,2025-10-21,credit,17818.58,USD,Revenue recognized for sales order 333
0af7e2bd-8916-58ae-ac57-baa3440e57e6,7e8959bb-b309-52e1-9019-817a37a7599f,3246401b-4df3-5afa-9be7-558d0440c4ea,2025-10-21,credit,11150.08,USD,Revenue recognized for sales order 334
3521d01b-5a42-5fdd-88f4-c7de84ce59d9,7e8959bb-b309-52e1-9019-817a37a7599f,2ab9f438-8785-5350-a182-07795edd1ad4,2025-10-22,credit,9674.36,USD,Revenue recognized for sales order 335
cde61782-c1ba-5e1e-b77a-0e9dd9cd1b68,7e8959bb-b309-52e1-9019-817a37a7599f,f215dc82-b7fb-5ec9-8f12-0293c3a53893,2025-10-22,credit,16581.82,USD,Revenue recognized for sales order 336
1d592033-6ff0-522f-b801-0521f72c6f15,7e8959bb-b309-52e1-9019-817a37a7599f,31a8e2ef-6b3c-5d90-98a7-1350afdfca1b,2025-10-22,credit,24373.71,USD,Revenue recognized for sales order 337
2d9e2efb-b3bc-5764-bf9a-c63f27f9dbde,7e8959bb-b309-52e1-9019-817a37a7599f,0a7016ac-ec0d-5db2-b2e2-7dbe296473de,2025-10-22,credit,8626.50,USD,Revenue recognized for sales order 338
227981fc-aa98-5e8b-ab8f-6736a7558c9a,7e8959bb-b309-52e1-9019-817a37a7599f,1c8b217d-501f-5c1a-bfa6-29066d3d782a,2025-10-22,credit,20665.47,USD,Revenue recognized for sales order 339
7b3bccde-8cb7-5ccc-8f63-69621f7e4aa9,7e8959bb-b309-52e1-9019-817a37a7599f,8ffac69f-dd21-58da-914d-36608869292b,2025-10-22,credit,11270.07,USD,Revenue recognized for sales order 340
37b4e1bd-34db-57e2-870b-7439e5dee546,7e8959bb-b309-52e1-9019-817a37a7599f,fa925611-948b-51c5-9943-ee292e91026a,2025-10-22,credit,21590.63,USD,Revenue recognized for sales order 341
8c81cddb-b775-5269-a6cb-a70732215519,7e8959bb-b309-52e1-9019-817a37a7599f,45687c22-01cb-5669-9dab-b7bde1a17247,2025-10-23,credit,13681.01,USD,Revenue recognized for sales order 342
42cfe5a1-99c3-555d-a815-965d1606506a,7e8959bb-b309-52e1-9019-817a37a7599f,f8c0e15e-d8a3-5f29-afa9-4e52b1b6664d,2025-10-23,credit,7929.22,USD,Revenue recognized for sales order 343
fee081a1-88be-5b5a-8f4b-17087e78679c,7e8959bb-b309-52e1-9019-817a37a7599f,125efd54-4144-56d7-8bd3-81c5522f3762,2025-10-23,credit,31045.34,USD,Revenue recognized for sales order 344
a033302b-21f1-5816-94ce-b81d9307dcaa,7e8959bb-b309-52e1-9019-817a37a7599f,adb03def-69e3-5eb8-812c-5e1878bb7ea4,2025-10-24,credit,1029.82,USD,Revenue recognized for sales order 345
5055a193-c9cc-57d5-9b61-f96fdada8bb4,7e8959bb-b309-52e1-9019-817a37a7599f,7c0ea418-b214-5b27-9a62-3969ea7ec0ad,2025-10-24,credit,21048.66,USD,Revenue recognized for sales order 346
1ef7eeff-e029-5fec-a371-77614155ce3d,7e8959bb-b309-52e1-9019-817a37a7599f,ce8ad349-0cf6-5bb9-87a0-8688d6b0236c,2025-10-24,credit,13644.33,USD,Revenue recognized for sales order 347
3e77f306-5976-59ef-9bd2-5f3d8ecf4ab2,7e8959bb-b309-52e1-9019-817a37a7599f,23afbaab-2eb0-576f-88aa-5db8139f448f,2025-10-25,credit,20084.64,USD,Revenue recognized for sales order 348
4b87b267-e86f-5108-bbdb-c4da5a3e69ad,7e8959bb-b309-52e1-9019-817a37a7599f,949aae4e-df55-597b-a8a0-b8f06f6b9c05,2025-10-25,credit,4859.43,USD,Revenue recognized for sales order 349
d44fd0c8-c954-5e1a-99db-32aadf887b2d,7e8959bb-b309-52e1-9019-817a37a7599f,76671162-26a3-59a5-9e6b-977de204bdc5,2025-10-25,credit,15751.74,USD,Revenue recognized for sales order 350
fbb86130-e19a-51ad-8256-2dffa68e7dde,7e8959bb-b309-52e1-9019-817a37a7599f,b8f2c6be-3639-51e9-a766-d244add0043e,2025-10-26,credit,10116.38,USD,Revenue recognized for sales order 351
6803e00e-9f07-59de-8b90-b4ddf2f17581,7e8959bb-b309-52e1-9019-817a37a7599f,8976b69a-2cb1-576c-ad11-8dbf51b86c27,2025-10-26,credit,12288.91,USD,Revenue recognized for sales order 352
b5a340f4-61ff-554c-a685-6995ed2ee09d,7e8959bb-b309-52e1-9019-817a37a7599f,fb25e17c-e4b2-5aa1-8dae-0a1b7b544f69,2025-10-26,credit,13724.22,USD,Revenue recognized for sales order 353
10019767-86bc-5059-b7ff-b500a86293f3,7e8959bb-b309-52e1-9019-817a37a7599f,2ece58b7-b344-51c5-8076-af8cda85b9ab,2025-10-27,credit,34175.48,USD,Revenue recognized for sales order 354
5dce6b90-4c29-5bf8-be96-49c8611ffe7a,7e8959bb-b309-52e1-9019-817a37a7599f,4d727fa9-4b56-5070-b20c-c81e5beba644,2025-10-27,credit,28475.59,USD,Revenue recognized for sales order 355
d3accad0-db2d-5587-adb5-13f4f1b35daf,7e8959bb-b309-52e1-9019-817a37a7599f,3ac90eda-1159-5b02-a529-b5730a40b5f8,2025-10-27,credit,16651.85,USD,Revenue recognized for sales order 356
c12107fb-cf3e-531b-9ff5-a6ddffeb5ba6,7e8959bb-b309-52e1-9019-817a37a7599f,fd68e111-bb02-5380-a18f-f26b81ca22f7,2025-10-27,credit,14552.58,USD,Revenue recognized for sales order 357
6d7e3e92-4718-58bb-ac9c-58dc2e05273d,7e8959bb-b309-52e1-9019-817a37a7599f,eddc830e-bfae-569d-9a15-ea240fd7df33,2025-10-27,credit,40011.11,USD,Revenue recognized for sales order 358
ac32f13f-c825-510c-b2dc-4e093c7ee0e7,7e8959bb-b309-52e1-9019-817a37a7599f,937ff4e9-900a-56ba-a85d-18303a215145,2025-10-27,credit,8456.20,USD,Revenue recognized for sales order 359
a92be709-e859-5288-a70b-70757f195950,7e8959bb-b309-52e1-9019-817a37a7599f,b692afb1-4713-50c8-bcf1-5c5032792670,2025-10-27,credit,21185.56,USD,Revenue recognized for sales order 360
a6d51ebe-ca3e-5f32-83f0-983974f8170c,7e8959bb-b309-52e1-9019-817a37a7599f,0cf1c473-f31b-5906-aeb2-f4e24ec9313f,2025-10-28,credit,10321.88,USD,Revenue recognized for sales order 361
14edcd93-7073-51a1-8e22-0d01d6ccc06d,7e8959bb-b309-52e1-9019-817a37a7599f,e85258ae-5c65-594d-9c6a-75a7a8289710,2025-10-28,credit,14238.90,USD,Revenue recognized for sales order 362
f2cbd60b-91f5-5dc4-b2b5-6f3c07174409,7e8959bb-b309-52e1-9019-817a37a7599f,a249cad6-d13e-5c10-9f0f-8cf4eb5f432d,2025-10-28,credit,38152.72,USD,Revenue recognized for sales order 363
fe681a29-898c-56ae-920e-14f89824dbda,7e8959bb-b309-52e1-9019-817a37a7599f,3a62cadc-b1c1-5617-9792-5d72fa92fd4b,2025-10-28,credit,19377.99,USD,Revenue recognized for sales order 364
8e476ad2-6116-5a50-8cbf-bdf9930c1b54,7e8959bb-b309-52e1-9019-817a37a7599f,84c36654-1231-55b1-9fa7-0398745a7c06,2025-10-28,credit,13651.55,USD,Revenue recognized for sales order 365
3b0b1b6b-fdac-5189-8257-f272ba5c3d1d,7e8959bb-b309-52e1-9019-817a37a7599f,0b6bd353-9d6c-5b20-bbd5-5fdec0db822a,2025-10-28,credit,2842.60,USD,Revenue recognized for sales order 366
db4ef7bd-ce9e-5181-a431-2bbf226c5089,7e8959bb-b309-52e1-9019-817a37a7599f,a7a8c16f-1456-54e1-bf35-986496dd0827,2025-10-29,credit,19555.95,USD,Revenue recognized for sales order 367
8bff17ee-378a-5873-b635-7b56eaf5590e,7e8959bb-b309-52e1-9019-817a37a7599f,f06e3472-c8b0-5a5c-a6c9-441d66c6d2d7,2025-10-29,credit,27324.33,USD,Revenue recognized for sales order 368
8c04fc50-efc1-5f26-8f36-4b3af856d37f,7e8959bb-b309-52e1-9019-817a37a7599f,f8fec519-fbce-5fa6-b41a-02cd406d70ee,2025-10-29,credit,3419.55,USD,Revenue recognized for sales order 369
38efd929-ba04-5e53-9b48-d67f260d8b72,7e8959bb-b309-52e1-9019-817a37a7599f,8f40c661-0099-5e02-b928-26e789e23b32,2025-10-29,credit,601.90,USD,Revenue recognized for sales order 370
18a6c9d9-c18b-5f25-954a-a8818f280a88,7e8959bb-b309-52e1-9019-817a37a7599f,d76561a7-689b-5805-9299-7da5a4dd3bad,2025-10-29,credit,3289.68,USD,Revenue recognized for sales order 371
ce79b5ba-7815-57f9-8f75-e8060ae451bb,7e8959bb-b309-52e1-9019-817a37a7599f,35854c6c-5f4f-554c-ab57-9f302f2f46f1,2025-10-29,credit,22252.70,USD,Revenue recognized for sales order 372
35a809bf-6d06-584e-8c69-b4e99eba9b7e,7e8959bb-b309-52e1-9019-817a37a7599f,2d2dfd16-8200-5622-b569-1a506bf62e47,2025-10-29,credit,24316.56,USD,Revenue recognized for sales order 373
85c2f9ad-8f4a-52f9-b034-a37b1523a810,7e8959bb-b309-52e1-9019-817a37a7599f,fd9b4f43-717e-5609-a553-84ac87e7918b,2025-10-29,credit,28964.95,USD,Revenue recognized for sales order 374
a50b3e4f-4c54-5645-9b8c-f9335fa56a1a,7e8959bb-b309-52e1-9019-817a37a7599f,edb7390c-55bb-5570-a62c-d788edc9a532,2025-10-30,credit,26212.12,USD,Revenue recognized for sales order 375
dfc1b25d-7080-50c9-a65b-6dc165cb7a45,7e8959bb-b309-52e1-9019-817a37a7599f,2e41c526-7525-5a2d-a9bd-11aa177a3581,2025-10-30,credit,29445.02,USD,Revenue recognized for sales order 376
6da8757b-88b9-5af5-896d-309e6e7b138a,7e8959bb-b309-52e1-9019-817a37a7599f,c7178e86-b4a4-54e4-a141-d2b22fa10428,2025-10-30,credit,26157.92,USD,Revenue recognized for sales order 377
ea1410c5-fdef-5ab7-98a0-4f4052bcfb24,7e8959bb-b309-52e1-9019-817a37a7599f,3643a8e5-d3a1-5780-ae1d-9a0ed02db1eb,2025-10-30,credit,31816.78,USD,Revenue recognized for sales order 378
dfdfc60f-4e96-5402-98cd-8c8bab1fa6fc,7e8959bb-b309-52e1-9019-817a37a7599f,3177ccbd-65af-57af-b053-f8e1f66874a0,2025-10-31,credit,1191.28,USD,Revenue recognized for sales order 381
a8f64cf1-bb26-5a20-bddd-7d54325db917,7e8959bb-b309-52e1-9019-817a37a7599f,cb028ea5-9c1b-52a5-9901-e980080ccba9,2025-10-31,credit,28422.07,USD,Revenue recognized for sales order 382
33e56734-b9f1-544c-8076-5df0eb4419f2,7e8959bb-b309-52e1-9019-817a37a7599f,51732202-96df-51db-9486-8b4d003a49cf,2025-10-31,credit,18459.93,USD,Revenue recognized for sales order 383
052cf539-28b7-5baf-9714-2188f5e445eb,7e8959bb-b309-52e1-9019-817a37a7599f,a010dd51-45fe-5aec-92b9-074eb0c14a8c,2025-10-31,credit,16075.20,USD,Revenue recognized for sales order 384
cd892956-69a3-5a65-9f6f-cde1547784ea,7e8959bb-b309-52e1-9019-817a37a7599f,be257cb8-9849-56c3-b512-4538b3410936,2025-10-31,credit,19312.85,USD,Revenue recognized for sales order 385
0406afa4-3e41-5db8-9016-33d1f4bd146e,7e8959bb-b309-52e1-9019-817a37a7599f,46464f76-d7ae-5399-8758-745da8a03bea,2025-10-31,credit,6556.23,USD,Revenue recognized for sales order 386
9c5a7df3-18e9-5a6d-a7dc-5fc788f7c1dc,7e8959bb-b309-52e1-9019-817a37a7599f,3a87c1c1-1b1b-56c9-ada1-2b305ea3bb6d,2025-11-01,credit,2127.38,USD,Revenue recognized for sales order 387
65b7f8db-6755-5852-a8d1-0d4e06a6b431,7e8959bb-b309-52e1-9019-817a37a7599f,6ab035bf-3076-501d-aac6-820e43d8ee26,2025-11-01,credit,11778.80,USD,Revenue recognized for sales order 388
c45cc843-ac7c-59cf-8de9-4a6a349326f8,7e8959bb-b309-52e1-9019-817a37a7599f,d7d4cceb-1af5-522b-b8dd-156f8f635ceb,2025-11-02,credit,23269.76,USD,Revenue recognized for sales order 389
efc7fc80-d6ad-57ef-9dc7-8e3d1b65d5cc,7e8959bb-b309-52e1-9019-817a37a7599f,4bc3e7d0-55f1-5eb3-a278-6dbfa0a9cc19,2025-11-02,credit,2738.17,USD,Revenue recognized for sales order 390
206205db-2e9a-5ffd-8ecf-3f106bba9bbc,7e8959bb-b309-52e1-9019-817a37a7599f,65ce7313-6f61-53c8-8e94-f5860e27d5b5,2025-11-02,credit,20607.03,USD,Revenue recognized for sales order 391
2bdc8239-9e28-5371-9a8e-339ab9b3dcd5,7e8959bb-b309-52e1-9019-817a37a7599f,cbe77a79-9c01-531b-b2f6-7062b3a75e3a,2025-11-03,credit,25923.49,USD,Revenue recognized for sales order 393
b5022d63-ed24-5c3e-b0e7-7c3dfda5883d,7e8959bb-b309-52e1-9019-817a37a7599f,373755bb-e742-5fc7-9d69-daad0427b10a,2025-11-03,credit,17612.90,USD,Revenue recognized for sales order 394
87dbf079-8f0a-5d50-932f-eb3cbc44cddd,7e8959bb-b309-52e1-9019-817a37a7599f,59a652c4-c1d6-518d-87b7-f34b8ec10e40,2025-11-03,credit,10416.35,USD,Revenue recognized for sales order 395
3446e77a-c0c1-542f-9810-53c2321e2b90,7e8959bb-b309-52e1-9019-817a37a7599f,82f27ca9-30eb-5196-9063-05ed9cdd4a1a,2025-11-04,credit,11008.17,USD,Revenue recognized for sales order 396
7bb8c041-513f-5c04-ad0b-78c70adb578c,7e8959bb-b309-52e1-9019-817a37a7599f,eb440f8c-9383-5683-a2fc-8ae86d22a462,2025-11-04,credit,21457.98,USD,Revenue recognized for sales order 397
236a32a5-41e2-5d57-b4d6-11e2b874b955,7e8959bb-b309-52e1-9019-817a37a7599f,58c29ef3-0904-541f-8e05-ae893353f9ea,2025-11-04,credit,11343.03,USD,Revenue recognized for sales order 398
2f62b4fa-b651-523d-ada2-4b930eaee17f,7e8959bb-b309-52e1-9019-817a37a7599f,f1d1d983-e97c-53c5-8b88-f4e56b620a27,2025-11-04,credit,1840.38,USD,Revenue recognized for sales order 399
d230467e-f959-52c8-95cb-637b70fe2510,7e8959bb-b309-52e1-9019-817a37a7599f,f74c4d0f-ba59-5dc4-a924-5f11fb3659bf,2025-11-04,credit,7375.46,USD,Revenue recognized for sales order 400
2d8a8b9a-2432-5c78-a417-f9c2b517eab3,7e8959bb-b309-52e1-9019-817a37a7599f,b5b6186a-bb3a-52e4-824f-1e869af44f77,2025-11-05,credit,21410.40,USD,Revenue recognized for sales order 401
653678bc-c1d5-50bd-9c56-b4bb56ebdc89,7e8959bb-b309-52e1-9019-817a37a7599f,a2bbeb48-3f75-58ee-b500-a59ef3476071,2025-11-05,credit,35431.47,USD,Revenue recognized for sales order 402
5dfda693-c58f-5a45-ae34-3f37bbe0c90f,7e8959bb-b309-52e1-9019-817a37a7599f,0098f1bb-eb44-5dd5-a9c0-48273411d503,2025-11-05,credit,17953.39,USD,Revenue recognized for sales order 403
8139bf71-1d46-5a35-86bc-bbcf51dcfd3c,7e8959bb-b309-52e1-9019-817a37a7599f,76861214-d418-50ab-b4c4-bc1ece726a3c,2025-11-05,credit,31164.14,USD,Revenue recognized for sales order 404
6983e635-f144-5c03-87ef-7e5175e5f933,7e8959bb-b309-52e1-9019-817a37a7599f,112f10e4-fc49-56b3-bfc0-4b9551327c18,2025-11-05,credit,21192.16,USD,Revenue recognized for sales order 405
aa2e19a8-2c78-5468-bac4-fb19496680eb,7e8959bb-b309-52e1-9019-817a37a7599f,6c3a398b-af38-513e-bd8b-d9e345916cad,2025-11-05,credit,5010.32,USD,Revenue recognized for sales order 406
c194d1cb-1770-518d-8fb8-6f17ed30ec47,7e8959bb-b309-52e1-9019-817a37a7599f,d4408b56-066d-53fb-94c6-db39e8c1c78c,2025-11-06,credit,13663.46,USD,Revenue recognized for sales order 407
d2b15956-c4cc-5f2e-8ec4-cb193811c19f,7e8959bb-b309-52e1-9019-817a37a7599f,6b33b011-c16d-52ec-87e5-e88a10cdc0ac,2025-11-06,credit,37254.43,USD,Revenue recognized for sales order 408
c20eaeb9-0010-5caa-8167-24d9888d9c11,7e8959bb-b309-52e1-9019-817a37a7599f,c5315263-dabd-567f-8f14-8898baa946f9,2025-11-06,credit,24863.42,USD,Revenue recognized for sales order 409
eb40b1b1-47de-5982-9a93-591130640427,7e8959bb-b309-52e1-9019-817a37a7599f,774d3c79-18a4-5e9f-b18a-e6991e41188e,2025-11-06,credit,29584.13,USD,Revenue recognized for sales order 410
b917d460-e2cf-593d-8151-773b524c0595,7e8959bb-b309-52e1-9019-817a37a7599f,8120460f-78b6-558a-b291-e684c2f34dd7,2025-11-07,credit,29756.85,USD,Revenue recognized for sales order 411
02f89079-0ca1-5ebe-a7d6-2ac899fb118a,7e8959bb-b309-52e1-9019-817a37a7599f,5f6afc98-bf40-54b3-8b15-57b90652f4f7,2025-11-07,credit,24261.40,USD,Revenue recognized for sales order 412
543cca31-c1ec-5007-852f-9511decbcbde,7e8959bb-b309-52e1-9019-817a37a7599f,009b206e-474d-55e6-a1d7-03c5ae2e9b58,2025-11-07,credit,30372.62,USD,Revenue recognized for sales order 413
acec8549-616a-50b7-b435-725afb30e2f0,7e8959bb-b309-52e1-9019-817a37a7599f,ba02ada2-52c3-553a-ba32-1da7181e06d8,2025-11-07,credit,16389.39,USD,Revenue recognized for sales order 414
751f446d-0064-5a1c-8cd6-5cc9ca91ea8d,7e8959bb-b309-52e1-9019-817a37a7599f,9f1afd28-98cd-525c-9449-f60eb84b6852,2025-11-07,credit,22846.03,USD,Revenue recognized for sales order 415
dff615d6-f03b-52a5-a650-d5647531f84d,7e8959bb-b309-52e1-9019-817a37a7599f,703c6d90-d8c7-504d-8a50-b903da76d7c3,2025-11-07,credit,3923.76,USD,Revenue recognized for sales order 416
71c1af54-7314-55c2-8557-8e1568e1f2ae,7e8959bb-b309-52e1-9019-817a37a7599f,dbbcf264-589b-5bd4-965f-cb02088141d4,2025-11-08,credit,14827.50,USD,Revenue recognized for sales order 417
a9bf3ca2-7d96-5755-b0ec-989a88c67763,7e8959bb-b309-52e1-9019-817a37a7599f,f3b3f1cf-e229-5955-806e-e2ad784fc173,2025-11-08,credit,27117.75,USD,Revenue recognized for sales order 418
a22f2f70-df8c-54a3-b0c2-f05a01a3c505,7e8959bb-b309-52e1-9019-817a37a7599f,ecf85981-10c6-5e24-9265-c69986d02266,2025-11-09,credit,43847.35,USD,Revenue recognized for sales order 419
aacf1a68-1e7e-5915-89bf-d5c32390c0fb,7e8959bb-b309-52e1-9019-817a37a7599f,273c101a-9975-523e-a3e9-f35e733d814d,2025-11-09,credit,10987.44,USD,Revenue recognized for sales order 420
e38a4f29-2f85-5034-afd1-d1fce4f21e32,7e8959bb-b309-52e1-9019-817a37a7599f,a6c680f7-7d8f-5fcc-a634-175dee7a7e6c,2025-11-10,credit,21141.64,USD,Revenue recognized for sales order 422
d7cf99bc-7502-5ac0-b5ea-09a6f26e6178,7e8959bb-b309-52e1-9019-817a37a7599f,47c39db9-1460-5ce9-b5a8-8a72354cd9fd,2025-11-10,credit,22420.61,USD,Revenue recognized for sales order 423
0f05775c-cd6e-5e3f-8172-5a4b29d510af,7e8959bb-b309-52e1-9019-817a37a7599f,e67e0a2c-f59c-59d0-a4a1-49a1d9daa2ca,2025-11-10,credit,9065.02,USD,Revenue recognized for sales order 424
5541f753-5bc5-5330-818b-76ac77c6ea1c,7e8959bb-b309-52e1-9019-817a37a7599f,f976447e-9b39-544c-913a-172bfd02743a,2025-11-10,credit,22266.23,USD,Revenue recognized for sales order 425
5dfd3637-a05a-5925-b1a8-81222ec6ec24,7e8959bb-b309-52e1-9019-817a37a7599f,452c473e-9e14-5210-bf7f-ca6f86d48c7a,2025-11-10,credit,6165.50,USD,Revenue recognized for sales order 426
bf251fb3-ab67-534b-8151-2ce9f2930acb,7e8959bb-b309-52e1-9019-817a37a7599f,7386355a-733e-5870-91c6-c998bdb5bcd5,2025-11-10,credit,20554.87,USD,Revenue recognized for sales order 427
d985d158-506c-5403-a98f-bb3552688da7,7e8959bb-b309-52e1-9019-817a37a7599f,7db33673-81c6-5cce-a443-c341da65c7ee,2025-11-10,credit,15148.65,USD,Revenue recognized for sales order 428
41f20c72-f9ed-5117-8946-4693cc9487db,7e8959bb-b309-52e1-9019-817a37a7599f,535ded8c-704c-58f7-9434-52442f9915c9,2025-11-10,credit,16140.96,USD,Revenue recognized for sales order 429
eac29b1d-4a25-5df1-bacd-7a12914a6ae7,7e8959bb-b309-52e1-9019-817a37a7599f,23cc8650-7513-5e3d-8547-1495f635812b,2025-11-11,credit,14835.66,USD,Revenue recognized for sales order 430
8a06a8d9-1410-50f3-9cf3-5b3b1767b10d,7e8959bb-b309-52e1-9019-817a37a7599f,5e1f8e41-9477-5247-94b4-1ed0a831d5e6,2025-11-11,credit,38939.67,USD,Revenue recognized for sales order 431
d448d0c1-28a4-5400-bef1-9116d4fb7600,7e8959bb-b309-52e1-9019-817a37a7599f,b81bdba3-ac68-566a-ad9b-e14542e35c5a,2025-11-11,credit,15699.22,USD,Revenue recognized for sales order 432
698be7aa-d515-543b-90f0-46c459aafa10,7e8959bb-b309-52e1-9019-817a37a7599f,9a7570ab-f433-5960-b6c3-3e080a89c78b,2025-11-11,credit,36048.02,USD,Revenue recognized for sales order 433
0bc1c8a7-4ef2-51c6-8a84-f28bd16f6c41,7e8959bb-b309-52e1-9019-817a37a7599f,1ded50e2-e45a-5123-8a2d-f9792ed4403b,2025-11-11,credit,11205.18,USD,Revenue recognized for sales order 434
7e3311e6-e10d-5d99-89a0-3d5514a8149e,7e8959bb-b309-52e1-9019-817a37a7599f,688be6da-5bcf-54a4-8b9c-b32611743e60,2025-11-12,credit,22981.68,USD,Revenue recognized for sales order 435
66358562-d3ab-5385-945f-12ecd24375e4,7e8959bb-b309-52e1-9019-817a37a7599f,4e22f648-0bf0-5cf0-8460-9d7b440fccea,2025-11-12,credit,15841.44,USD,Revenue recognized for sales order 436
fda42241-19a3-5c57-97ad-b22f4e199eb2,7e8959bb-b309-52e1-9019-817a37a7599f,27da650b-ea95-5f43-8bab-cd831b70226b,2025-11-12,credit,12076.28,USD,Revenue recognized for sales order 438
b9954f9a-11b1-5422-8fb9-d6db7f70430d,7e8959bb-b309-52e1-9019-817a37a7599f,e4280843-9dec-50fb-9ec1-57b57b6dc655,2025-11-12,credit,14393.09,USD,Revenue recognized for sales order 439
64725a88-c9b4-5372-8b1a-de6b093e8bc2,7e8959bb-b309-52e1-9019-817a37a7599f,3ee96387-9669-5eb2-8357-c53178387f7b,2025-11-12,credit,13869.83,USD,Revenue recognized for sales order 440
7972bb5f-f208-5006-b0e1-27692850ac71,7e8959bb-b309-52e1-9019-817a37a7599f,b1252361-91b9-562d-aafd-15e1cad88d38,2025-11-13,credit,7065.59,USD,Revenue recognized for sales order 441
5d6dca67-3813-5952-8c55-d57db6f97d9c,7e8959bb-b309-52e1-9019-817a37a7599f,8a58e6eb-b44c-5350-a427-c72456b32d98,2025-11-13,credit,29241.94,USD,Revenue recognized for sales order 442
7a01abc6-16a8-585c-8679-557b3872d787,7e8959bb-b309-52e1-9019-817a37a7599f,5da4d7ea-a736-51f7-9145-884a5030c54f,2025-11-14,credit,3520.95,USD,Revenue recognized for sales order 444
be3b79da-43c0-5412-92d7-d2472afc1b2a,7e8959bb-b309-52e1-9019-817a37a7599f,20d9b7b5-ce72-522d-8d72-cc46e7fb44bc,2025-11-14,credit,501.18,USD,Revenue recognized for sales order 445
9b94651b-a82e-5ce6-a3c8-1d02209d28d5,7e8959bb-b309-52e1-9019-817a37a7599f,eb86d94e-2661-5214-a1d8-fb65d2167a87,2025-11-14,credit,25971.57,USD,Revenue recognized for sales order 446
981ab1fa-08ec-5d69-910c-eafc2c1c2334,7e8959bb-b309-52e1-9019-817a37a7599f,8858cfea-0706-597f-836b-1a68b26c45d8,2025-11-14,credit,9554.37,USD,Revenue recognized for sales order 447
60e6b9c5-c20a-54a6-bed0-28273996b638,7e8959bb-b309-52e1-9019-817a37a7599f,6782b742-d00c-56e4-8495-a3a08d59d436,2025-11-14,credit,18028.46,USD,Revenue recognized for sales order 448
d41af78a-9a86-5c2d-97c2-3bbe52eabf1f,7e8959bb-b309-52e1-9019-817a37a7599f,cbafc7bd-89db-5eda-addb-0c621d708647,2025-11-14,credit,17747.38,USD,Revenue recognized for sales order 449
6bedead8-d3a9-5d5c-8881-4e0bcc366013,7e8959bb-b309-52e1-9019-817a37a7599f,69314684-0d95-5bdb-8a8a-03031482b320,2025-11-14,credit,22991.47,USD,Revenue recognized for sales order 450
5de3fc80-c2ae-5373-af10-a31ac9ec8de3,7e8959bb-b309-52e1-9019-817a37a7599f,50d22244-caac-573b-9dc4-a54742b9d4dd,2025-11-14,credit,14057.25,USD,Revenue recognized for sales order 451
b0f945ce-8027-5357-9154-86e79d747b65,7e8959bb-b309-52e1-9019-817a37a7599f,8a6fda56-8d62-579b-ac68-27fad027bd76,2025-11-15,credit,20943.96,USD,Revenue recognized for sales order 452
84ad7cae-41b8-51f9-b04f-275b2c037f22,7e8959bb-b309-52e1-9019-817a37a7599f,3d577760-62fb-5f66-bb8f-0f2ab5b62cd3,2025-11-15,credit,7335.03,USD,Revenue recognized for sales order 453
f5534593-94a8-5abc-9582-06c0933a4ac2,7e8959bb-b309-52e1-9019-817a37a7599f,5cd27240-2d45-5514-b5e4-e2985129f0f6,2025-11-16,credit,33957.54,USD,Revenue recognized for sales order 455
1879654c-3581-5ccd-86be-6355427c63fe,7e8959bb-b309-52e1-9019-817a37a7599f,c243b57b-f57e-58b0-a2fd-a18caca25b73,2025-11-16,credit,30710.41,USD,Revenue recognized for sales order 456
34d2f17b-84bf-5f44-b501-fe386d8d04e1,7e8959bb-b309-52e1-9019-817a37a7599f,131c9eb6-0664-5073-bca6-b3aae62ad23a,2025-11-17,credit,11329.03,USD,Revenue recognized for sales order 457
1a5d53e3-1784-5fa4-8b47-6a88b74070a6,7e8959bb-b309-52e1-9019-817a37a7599f,bde8b5ce-5517-5a2d-a916-a1f249c64428,2025-11-17,credit,3648.35,USD,Revenue recognized for sales order 458
5841e7a4-ea1d-56a9-a7ee-2aa8bc1647cc,7e8959bb-b309-52e1-9019-817a37a7599f,03db4195-9508-52e2-8d86-3492eb1620ac,2025-11-17,credit,3222.19,USD,Revenue recognized for sales order 459
b0d80b34-7614-5b8e-88f8-a8a6f98fa1e1,7e8959bb-b309-52e1-9019-817a37a7599f,0cbbf851-70b3-556a-a5e7-c6079aa9916e,2025-11-17,credit,1368.00,USD,Revenue recognized for sales order 460
f513fa69-2429-585c-96d3-691c648e9954,7e8959bb-b309-52e1-9019-817a37a7599f,368e1b83-ae59-5ae4-99ba-df590a66a565,2025-11-17,credit,9040.22,USD,Revenue recognized for sales order 461
abc1ef53-b097-5b88-9824-6c719ad6e5ba,7e8959bb-b309-52e1-9019-817a37a7599f,ec40068a-426c-5839-b758-923ea590b40c,2025-11-17,credit,2875.65,USD,Revenue recognized for sales order 462
757fd98d-7d7d-54a3-b58d-9c887813555c,7e8959bb-b309-52e1-9019-817a37a7599f,7c241a65-ba34-58ad-bdc8-a4f5c8023eda,2025-11-17,credit,7847.04,USD,Revenue recognized for sales order 463
c54549fb-c6fa-55c5-9288-d70b7b75483b,7e8959bb-b309-52e1-9019-817a37a7599f,931b962e-ee42-5fc0-8b26-0443e0c431dc,2025-11-17,credit,7044.94,USD,Revenue recognized for sales order 464
eb581d33-a9fa-5363-ac7b-3f511c7ba9d8,7e8959bb-b309-52e1-9019-817a37a7599f,9e6144a8-da9c-5306-8c4e-a14c80622777,2025-11-18,credit,18137.01,USD,Revenue recognized for sales order 465
2b3cdcdb-16ab-5842-81e2-54160d66f560,7e8959bb-b309-52e1-9019-817a37a7599f,f6eac54a-e42b-5a54-8ea2-31aab13a14d7,2025-11-18,credit,17449.84,USD,Revenue recognized for sales order 466
080093ac-1574-52e9-aa64-6f8e83c03f97,7e8959bb-b309-52e1-9019-817a37a7599f,ae47ed1b-73d5-59dd-b81d-db77fb1a45b9,2025-11-18,credit,11179.00,USD,Revenue recognized for sales order 467
f6af3856-fa04-5015-a6ad-a1fb2ab31408,7e8959bb-b309-52e1-9019-817a37a7599f,98f94a2a-82e1-51e6-adfa-d1b31671f179,2025-11-18,credit,10874.38,USD,Revenue recognized for sales order 468
b0a9a3ef-f973-5e74-9810-5529856bf87e,7e8959bb-b309-52e1-9019-817a37a7599f,decf3346-3d5c-5c3c-8cc0-b61bfc90fb9b,2025-11-18,credit,8708.45,USD,Revenue recognized for sales order 469
3e9d7a37-4ac8-5ba5-a209-0f670758575f,7e8959bb-b309-52e1-9019-817a37a7599f,10522b31-3fad-5623-aeed-a98336cedd6b,2025-11-18,credit,25545.77,USD,Revenue recognized for sales order 471
b4d5d89b-5730-5c1d-9735-bf2b5936e774,7e8959bb-b309-52e1-9019-817a37a7599f,a2c0f107-1ad1-5036-8238-7ff93ff5a40f,2025-11-18,credit,3804.33,USD,Revenue recognized for sales order 472
cc27aec5-0b50-53e1-8904-4c52c1855aeb,7e8959bb-b309-52e1-9019-817a37a7599f,7e651e51-26f8-5b71-976e-cb387100d52c,2025-11-19,credit,7186.50,USD,Revenue recognized for sales order 473
b38a4531-1b84-5677-8530-396193729ccf,7e8959bb-b309-52e1-9019-817a37a7599f,080b1c1e-985b-521c-87fd-08d92d862c9d,2025-11-19,credit,4358.35,USD,Revenue recognized for sales order 474
158950c6-d1c8-5ace-adfb-6b93bcad9e34,7e8959bb-b309-52e1-9019-817a37a7599f,02a9bb93-5602-501e-9881-8cc1e90edb88,2025-11-19,credit,14089.07,USD,Revenue recognized for sales order 475
74c1f09d-9c82-5e0a-b0f9-c118c6618ccb,7e8959bb-b309-52e1-9019-817a37a7599f,5931ee40-3620-5356-b6e8-2661e4c9fc34,2025-11-19,credit,1376.54,USD,Revenue recognized for sales order 476
082b0e87-6182-59a2-a7e1-50cea453b383,7e8959bb-b309-52e1-9019-817a37a7599f,845e79c8-2c96-50b3-9816-6c1aae13eb8f,2025-11-19,credit,28081.06,USD,Revenue recognized for sales order 477
9cb1ba60-2a7c-5f2d-98da-54370176b947,7e8959bb-b309-52e1-9019-817a37a7599f,e262723d-f960-5e9e-95f8-3a4403ed5210,2025-11-19,credit,15802.29,USD,Revenue recognized for sales order 478
672304b4-89be-559f-9b72-9bf0de9eb790,7e8959bb-b309-52e1-9019-817a37a7599f,0ee2fd46-da83-56d6-87af-bf7e75b76368,2025-11-20,credit,6482.12,USD,Revenue recognized for sales order 479
5ae2b0a4-2999-5479-b374-95556540ece9,7e8959bb-b309-52e1-9019-817a37a7599f,10c2c590-8598-5383-b157-44eabb29e290,2025-11-20,credit,5463.08,USD,Revenue recognized for sales order 480
2ba4685d-1e79-55b3-80cf-68661d1f85dc,7e8959bb-b309-52e1-9019-817a37a7599f,254342df-3bd9-5cda-81aa-1f0d01d66d6a,2025-11-20,credit,6165.50,USD,Revenue recognized for sales order 481
14058aa3-f934-5731-b3fd-f3885a235e9d,7e8959bb-b309-52e1-9019-817a37a7599f,c789cf6e-a07d-5825-85cb-acca55652660,2025-11-20,credit,11140.35,USD,Revenue recognized for sales order 482
f002ef15-d55e-5407-85bb-41b60a4b18a4,7e8959bb-b309-52e1-9019-817a37a7599f,058367b5-8437-5f8c-8991-ea504628e893,2025-11-20,credit,28907.38,USD,Revenue recognized for sales order 483
a621ac2e-0635-5008-bbef-383e4e3dd01f,7e8959bb-b309-52e1-9019-817a37a7599f,1879a7c4-87bc-5162-84e6-6d7b0c178ac4,2025-11-21,credit,6432.35,USD,Revenue recognized for sales order 484
590eceae-311a-5911-94a5-bb26c7c4b709,7e8959bb-b309-52e1-9019-817a37a7599f,c1d5fb06-6853-5319-8773-c13c5929fe8a,2025-11-21,credit,10830.33,USD,Revenue recognized for sales order 485
8f5b907f-7fb4-5350-8d5e-00db4c3bb3bb,7e8959bb-b309-52e1-9019-817a37a7599f,a2e9a528-41c6-59df-8338-f059b11249bd,2025-11-21,credit,23681.39,USD,Revenue recognized for sales order 486
9c99e5fb-aeb2-5709-8ba5-d080d57eaf18,7e8959bb-b309-52e1-9019-817a37a7599f,5dc906d5-74f4-5b44-9f75-507d65a4d2d2,2025-11-22,credit,17131.76,USD,Revenue recognized for sales order 487
8c2bb902-6fdd-5880-bac4-952d18601517,7e8959bb-b309-52e1-9019-817a37a7599f,84f11fb3-aa3d-5c9c-9a21-458cfcf565ce,2025-11-22,credit,16780.47,USD,Revenue recognized for sales order 488
2b019190-de0f-58ed-80bf-9289e3d034db,7e8959bb-b309-52e1-9019-817a37a7599f,34a1cc36-e854-59a4-a8bc-35647825f361,2025-11-22,credit,4142.27,USD,Revenue recognized for sales order 489
f83be9f5-260e-51dc-903f-82ac433d4e1e,7e8959bb-b309-52e1-9019-817a37a7599f,5b6adccf-87bd-54d0-a368-30aedfdf1616,2025-11-23,credit,14359.74,USD,Revenue recognized for sales order 490
0cae4d92-cc19-5848-859f-b13e7607d0e7,7e8959bb-b309-52e1-9019-817a37a7599f,98957c44-40e5-5db0-936d-9a6310fec581,2025-11-23,credit,47838.46,USD,Revenue recognized for sales order 491
33a29947-3a57-585c-abc9-596bc45f9d24,7e8959bb-b309-52e1-9019-817a37a7599f,541f48e7-6034-5cc0-b333-7d3edac2e8cc,2025-11-24,credit,14358.45,USD,Revenue recognized for sales order 492
0d5f5a0f-6964-51a7-8ca6-202403604e0d,7e8959bb-b309-52e1-9019-817a37a7599f,02e3c964-3236-57a5-ab54-e0be0131aa5f,2025-11-24,credit,3396.51,USD,Revenue recognized for sales order 493
332736c8-5374-5939-abf8-8ab2a015cf3b,7e8959bb-b309-52e1-9019-817a37a7599f,9a91896a-9333-57b8-a75e-b604c5314bff,2025-11-24,credit,29454.14,USD,Revenue recognized for sales order 494
5e087a7f-14af-5119-924f-8af6bb30e93b,7e8959bb-b309-52e1-9019-817a37a7599f,412416ee-57e7-5625-831a-a1aaeb3220fe,2025-11-24,credit,6628.67,USD,Revenue recognized for sales order 495
61709f26-1fa6-5232-a629-89b656591dc9,7e8959bb-b309-52e1-9019-817a37a7599f,622e6a0d-b996-51f6-a0bb-a359ab21932c,2025-11-24,credit,1465.55,USD,Revenue recognized for sales order 496
02d4c8cf-851b-5a58-ab2c-0ac604d4786a,7e8959bb-b309-52e1-9019-817a37a7599f,1c472705-3bfb-5339-874e-c43304ba8ec4,2025-11-25,credit,17967.34,USD,Revenue recognized for sales order 497
a5904fb9-ee80-5ed2-8604-b9451e832259,7e8959bb-b309-52e1-9019-817a37a7599f,d03c2fe5-1b02-5082-a3b2-eb7166fcee10,2025-11-25,credit,21465.18,USD,Revenue recognized for sales order 498
6d199d88-a6e9-5443-81d2-9fff224eac64,7e8959bb-b309-52e1-9019-817a37a7599f,99fc4c84-444f-5b99-830f-855b7a39f10f,2025-11-25,credit,11274.57,USD,Revenue recognized for sales order 499
0c565c4f-4218-5b3a-a81a-2545358ba5bf,7e8959bb-b309-52e1-9019-817a37a7599f,5f76a71b-f7a8-5d3d-b804-0d2343b760ee,2025-11-25,credit,28768.71,USD,Revenue recognized for sales order 500
56917ecc-2d2c-5c44-8884-ca8d05c5ccfd,7e8959bb-b309-52e1-9019-817a37a7599f,51406d3d-b49b-5fc0-b625-e35d61f8eb81,2025-11-26,credit,20812.23,USD,Revenue recognized for sales order 502
f5b4dc9a-3385-5f94-b4a2-470f3f3b360f,7e8959bb-b309-52e1-9019-817a37a7599f,005c2cfa-914c-5317-85ac-0661db74915a,2025-11-26,credit,30071.41,USD,Revenue recognized for sales order 503
87369627-3f6f-572c-ab54-551a1613b6e4,7e8959bb-b309-52e1-9019-817a37a7599f,fa459393-478c-5037-9b09-c24a9d78457c,2025-11-27,credit,21530.22,USD,Revenue recognized for sales order 504
1a0184ea-08bc-523a-b424-25847b90e8c4,7e8959bb-b309-52e1-9019-817a37a7599f,dbb913b8-beb0-5827-bffc-619534717805,2025-11-27,credit,17230.40,USD,Revenue recognized for sales order 505
5ba80c06-c051-57e9-ab8e-3c9665a72b3c,7e8959bb-b309-52e1-9019-817a37a7599f,1f7066b9-3f18-5d91-950c-0098c0eace4d,2025-11-27,credit,20291.47,USD,Revenue recognized for sales order 506
43df2da1-89d2-5e34-834e-6ac478259969,7e8959bb-b309-52e1-9019-817a37a7599f,637c735f-6bdb-576d-b728-a4b3658592ba,2025-11-28,credit,24452.09,USD,Revenue recognized for sales order 507
268e5b2d-ae1b-5ecb-b89b-584d0020d35c,7e8959bb-b309-52e1-9019-817a37a7599f,8e5a64c1-7c13-5e87-8cc5-252ed7a9200e,2025-11-28,credit,19127.91,USD,Revenue recognized for sales order 508
82f6fab9-9fb1-574d-9607-e2af710d1ce1,7e8959bb-b309-52e1-9019-817a37a7599f,11dd77f9-3f82-5515-92d5-e5aa08fdb648,2025-11-28,credit,11491.38,USD,Revenue recognized for sales order 509
28fd34da-8ca1-56a0-8f2d-2e7e44550ba7,7e8959bb-b309-52e1-9019-817a37a7599f,388969bb-484f-5a4e-84ec-bdd4dd91a35a,2025-11-29,credit,21446.71,USD,Revenue recognized for sales order 510
65c9b41a-7681-5592-9972-181f39c588c9,7e8959bb-b309-52e1-9019-817a37a7599f,fa96cb48-92f9-50a5-b765-02800e7dad71,2025-11-29,credit,4237.27,USD,Revenue recognized for sales order 511
80b5cee3-a7d3-5cd6-9a6b-5728a2815571,7e8959bb-b309-52e1-9019-817a37a7599f,36df5320-ead9-5256-a32b-78d1a5bba9df,2025-11-29,credit,4906.25,USD,Revenue recognized for sales order 512
96bb7227-68de-5f67-b0e9-b2466db51de3,7e8959bb-b309-52e1-9019-817a37a7599f,2f5bd14c-0634-5123-9aed-884f271ca3a9,2025-11-30,credit,29361.57,USD,Revenue recognized for sales order 513
69f5d1b7-ec48-54cb-a516-11fe65077a45,7e8959bb-b309-52e1-9019-817a37a7599f,f83ce77c-803b-5a4b-922c-1db338c18503,2025-12-01,credit,26992.96,USD,Revenue recognized for sales order 514
ce3a160d-d0be-5793-95ec-e41875984bfa,7e8959bb-b309-52e1-9019-817a37a7599f,d645cfeb-809c-5aec-91b9-2382c8b09216,2025-12-01,credit,523.96,USD,Revenue recognized for sales order 515
be9aeb12-9553-5784-b75b-513c7ca9b7b5,7e8959bb-b309-52e1-9019-817a37a7599f,68569dd5-ecc9-5bbb-a656-cba5c5f2bfa1,2025-12-01,credit,3702.78,USD,Revenue recognized for sales order 516
840f4f42-e758-5d92-b440-46b48ee4b7b2,7e8959bb-b309-52e1-9019-817a37a7599f,f692598f-eba8-5014-a2ae-88ceba1edaa0,2025-12-01,credit,44524.63,USD,Revenue recognized for sales order 517
ad297ccf-783c-5aa7-9cd1-3f5e5971ae49,7e8959bb-b309-52e1-9019-817a37a7599f,cb5a3f41-35c8-54d6-8228-44f1ad7b4e3e,2025-12-01,credit,2978.93,USD,Revenue recognized for sales order 518
3a8369ac-5f63-5e88-a9f2-323cce56ecae,7e8959bb-b309-52e1-9019-817a37a7599f,49083508-3871-5aea-ba75-0465efa22839,2025-12-01,credit,13987.39,USD,Revenue recognized for sales order 519
70ebb39b-37e4-58da-bc7e-9d160ce180d6,7e8959bb-b309-52e1-9019-817a37a7599f,f017594e-521d-5509-815a-dfc39ee86d6b,2025-12-02,credit,3009.60,USD,Revenue recognized for sales order 520
73b876de-1f53-5000-9b1c-6f965428bc83,7e8959bb-b309-52e1-9019-817a37a7599f,c9b4a21b-499f-574c-bd3a-2ebe1b3ce2f1,2025-12-02,credit,1892.57,USD,Revenue recognized for sales order 521
6aafc884-7597-5c8c-b387-202956f40e25,7e8959bb-b309-52e1-9019-817a37a7599f,18e1ba96-8907-5a02-b5f3-5f623941a500,2025-12-02,credit,18275.23,USD,Revenue recognized for sales order 522
2f804535-8a87-5ed9-9c3e-6a9ace652ea5,7e8959bb-b309-52e1-9019-817a37a7599f,df1981b3-db15-5f7e-abab-4a13693c1d7e,2025-12-03,credit,6262.90,USD,Revenue recognized for sales order 523
24909d47-9b5e-5c31-95d9-5f0ddb45316c,7e8959bb-b309-52e1-9019-817a37a7599f,2e280e8d-02aa-5d5d-9539-f36eac3005ad,2025-12-03,credit,2875.50,USD,Revenue recognized for sales order 524
d02c8aee-6b76-57df-9c6a-37208e19fb30,7e8959bb-b309-52e1-9019-817a37a7599f,cacdae02-de09-51ce-98bb-5090124996d0,2025-12-03,credit,10200.36,USD,Revenue recognized for sales order 525
18c8254f-ae05-5624-afd6-fa0b11675b37,7e8959bb-b309-52e1-9019-817a37a7599f,8db3e754-8f69-5593-b07e-84b52c804dfe,2025-12-03,credit,16893.84,USD,Revenue recognized for sales order 526
7eb712e8-9d47-51a3-a2d7-cef8bdad9ad2,7e8959bb-b309-52e1-9019-817a37a7599f,319cd47b-be28-5dc8-83e0-0324d3ffa99f,2025-12-03,credit,16552.60,USD,Revenue recognized for sales order 527
95d69eec-fc56-535e-afdf-be9407fbe1bf,7e8959bb-b309-52e1-9019-817a37a7599f,6d1001fe-14f7-5371-818f-69be86fd894d,2025-12-04,credit,38121.45,USD,Revenue recognized for sales order 528
359e4e25-5617-561e-b37b-7c70b8e1e8b2,7e8959bb-b309-52e1-9019-817a37a7599f,0e5df6d9-e04e-5042-a751-f7cd475bf574,2025-12-04,credit,23404.10,USD,Revenue recognized for sales order 529
cf711ccd-0781-5a75-89ca-35a8ad8300e6,7e8959bb-b309-52e1-9019-817a37a7599f,26c20dd7-ab06-5096-9b44-fdf222b69415,2025-12-04,credit,12585.16,USD,Revenue recognized for sales order 530
f8d6bbca-ddf0-58d4-9af6-699888233048,7e8959bb-b309-52e1-9019-817a37a7599f,841ee56f-d91a-5c6a-911b-18053d7776e6,2025-12-04,credit,14237.50,USD,Revenue recognized for sales order 531
29b1a423-70fa-5463-91a4-f81f989a0a91,7e8959bb-b309-52e1-9019-817a37a7599f,a9a46831-8842-5d63-8e36-c6288b835b3d,2025-12-04,credit,42591.96,USD,Revenue recognized for sales order 532
1af455f8-f4e3-5737-bdb7-19882aeb4ff6,7e8959bb-b309-52e1-9019-817a37a7599f,99cbeacd-ec7f-567c-aa1e-0e6edce1e0d0,2025-12-04,credit,8175.70,USD,Revenue recognized for sales order 533
4378385c-e3a4-5c7c-b319-ace1da173fcf,7e8959bb-b309-52e1-9019-817a37a7599f,705e0c23-6485-55bc-99af-cd73bfb74ec7,2025-12-04,credit,15496.67,USD,Revenue recognized for sales order 534
2058e97e-64ea-5c75-89c1-d14d42420677,7e8959bb-b309-52e1-9019-817a37a7599f,7371c50a-f4f0-571b-8dad-9095a2a1759b,2025-12-04,credit,1620.65,USD,Revenue recognized for sales order 535
39778a52-0bb8-5178-87d8-5a0ddf3c0ede,7e8959bb-b309-52e1-9019-817a37a7599f,969677fc-0972-54d4-8ada-5e098d64d583,2025-12-05,credit,6170.72,USD,Revenue recognized for sales order 536
dfdbd585-b6c5-517c-8e5e-035a953a3934,7e8959bb-b309-52e1-9019-817a37a7599f,d798d5cf-cd76-5ea2-ad4a-b7366d6b2937,2025-12-05,credit,22108.09,USD,Revenue recognized for sales order 537
5447859a-87c0-5b70-b38f-33f66f613176,7e8959bb-b309-52e1-9019-817a37a7599f,000fb11a-9b18-594a-b4a3-056fb43c7f85,2025-12-05,credit,20273.85,USD,Revenue recognized for sales order 538
635f195c-e483-5319-85d2-4bf28508c6f0,7e8959bb-b309-52e1-9019-817a37a7599f,3ff9a408-9bdf-5d77-98ff-1e620e7ffd7f,2025-12-05,credit,510.62,USD,Revenue recognized for sales order 539
d6099543-4cb9-5220-b474-00159c673bdd,7e8959bb-b309-52e1-9019-817a37a7599f,b8052dcc-1464-51c5-957a-e7b78f5bf6f8,2025-12-05,credit,860.00,USD,Revenue recognized for sales order 540
cf71dd70-dc8e-520c-8654-f4c4a2356265,7e8959bb-b309-52e1-9019-817a37a7599f,d00ab19e-9aa2-5e9a-8690-b49dc6bcd500,2025-12-05,credit,16052.78,USD,Revenue recognized for sales order 541
9855e054-1b6d-5cab-999b-666205c89e87,7e8959bb-b309-52e1-9019-817a37a7599f,e84e6476-a572-508d-8e04-77a9318695cb,2025-12-05,credit,1509.69,USD,Revenue recognized for sales order 542
9c85ec11-390c-5bba-b5ad-860dfa075393,7e8959bb-b309-52e1-9019-817a37a7599f,5e535553-e32c-5a7d-b31f-7fc83f0b2669,2025-12-06,credit,34458.17,USD,Revenue recognized for sales order 543
2df3bb85-b0dd-549b-93ae-fda3f67269f3,7e8959bb-b309-52e1-9019-817a37a7599f,da40df16-539a-5c8e-a00a-35df16cc0472,2025-12-06,credit,2017.15,USD,Revenue recognized for sales order 544
9f50aafc-9ed3-5ffd-9d45-fa2b09b3a970,7e8959bb-b309-52e1-9019-817a37a7599f,7ef4f409-a87e-5194-98c0-177ac85faebb,2025-12-07,credit,30511.39,USD,Revenue recognized for sales order 545
223d3f0f-d88f-5a48-89c7-b79c61903b7b,7e8959bb-b309-52e1-9019-817a37a7599f,6f95cd58-7fc0-5d06-ab37-3cfd536e5659,2025-12-07,credit,8467.39,USD,Revenue recognized for sales order 546
3268d7d2-5fdb-5f2e-9590-fe70ef745fb0,7e8959bb-b309-52e1-9019-817a37a7599f,413271ac-368f-55b4-ae66-07ad0d42911f,2025-12-08,credit,27295.71,USD,Revenue recognized for sales order 547
836a06ac-260b-545d-8843-23170b86c628,7e8959bb-b309-52e1-9019-817a37a7599f,327df9fc-2ce9-535a-8968-cd59f4d07f47,2025-12-08,credit,7904.48,USD,Revenue recognized for sales order 548
9b58bf03-8007-5c15-b1f8-97b179c03020,7e8959bb-b309-52e1-9019-817a37a7599f,b89b5457-644d-5b64-9f73-01e9076df2bc,2025-12-08,credit,19618.81,USD,Revenue recognized for sales order 549
ccc06408-56eb-5958-bcf1-821e08a6aaae,7e8959bb-b309-52e1-9019-817a37a7599f,93df70cf-3b00-53c0-a36e-8a7096aef377,2025-12-08,credit,1488.42,USD,Revenue recognized for sales order 550
3209aa83-e544-54d1-883b-4b4835d3a054,7e8959bb-b309-52e1-9019-817a37a7599f,2d362c9b-daca-558d-9761-13b98c677e1a,2025-12-09,credit,21331.47,USD,Revenue recognized for sales order 551
193c2fdd-47cf-587b-854f-b568c6763916,7e8959bb-b309-52e1-9019-817a37a7599f,2485bcb5-4bcd-524a-9c75-b02f7da3334a,2025-12-09,credit,16801.86,USD,Revenue recognized for sales order 552
de4233d7-b7a5-5ea4-83a4-ddb38967733e,7e8959bb-b309-52e1-9019-817a37a7599f,ef8b18f9-373e-5b1c-9978-78719c8ec7e4,2025-12-09,credit,39326.45,USD,Revenue recognized for sales order 553
5170d779-1c0d-5c72-b5d4-7d05e7b9fe72,7e8959bb-b309-52e1-9019-817a37a7599f,75a3ce12-26ff-50a8-83df-22aef5a584c5,2025-12-09,credit,32908.31,USD,Revenue recognized for sales order 554
370e71db-b652-5264-a4c8-2f9f4cbcdac0,7e8959bb-b309-52e1-9019-817a37a7599f,ef5a82e6-1441-51ea-88c7-289e2f76d434,2025-12-09,credit,7942.60,USD,Revenue recognized for sales order 555
8d8cbe12-44ef-5fbc-ae99-9852df72fcad,7e8959bb-b309-52e1-9019-817a37a7599f,6c429171-c57e-5d78-b1af-83af2e868885,2025-12-09,credit,13782.93,USD,Revenue recognized for sales order 556
150e2edf-17c3-57e4-a3ef-c5d4ef19f808,7e8959bb-b309-52e1-9019-817a37a7599f,acb4f8dc-e55f-5193-8e3a-21622adc1c12,2025-12-10,credit,954.45,USD,Revenue recognized for sales order 557
bf3c3004-e814-5e4a-8907-5de47aee6f00,7e8959bb-b309-52e1-9019-817a37a7599f,913ce61f-d6a7-5d34-864c-b7ff9b00c7a6,2025-12-10,credit,21130.95,USD,Revenue recognized for sales order 558
e9d9be0d-cfa3-5525-8704-01cd090777e5,7e8959bb-b309-52e1-9019-817a37a7599f,f78b3a7f-b448-5595-b8a3-291bc222ec8a,2025-12-10,credit,18585.80,USD,Revenue recognized for sales order 559
20a199a8-9ed9-5079-a470-284f6cbef480,7e8959bb-b309-52e1-9019-817a37a7599f,0fa82784-e9d7-540e-9b62-d53ec8a4135e,2025-12-10,credit,19886.11,USD,Revenue recognized for sales order 560
dfdcec11-a638-5259-80e3-af32ee398e1a,7e8959bb-b309-52e1-9019-817a37a7599f,7f0802b4-ef46-541e-9ec2-194696c67f3e,2025-12-10,credit,14448.22,USD,Revenue recognized for sales order 561
07adace7-ddb2-552a-bdcf-5a656dab04aa,7e8959bb-b309-52e1-9019-817a37a7599f,78e8dc76-cea1-56e4-9ef3-e5cb6786aed2,2025-12-10,credit,16821.81,USD,Revenue recognized for sales order 562
ec62de7b-4e44-59e8-b3b0-fb0e0d6010a4,7e8959bb-b309-52e1-9019-817a37a7599f,d03252e6-14b3-5fec-a645-0af5bc975883,2025-12-10,credit,14462.07,USD,Revenue recognized for sales order 563
948244df-d179-5f24-95d2-75a5925350e9,7e8959bb-b309-52e1-9019-817a37a7599f,69c1fc98-85f0-52b3-a452-7cdc061616bc,2025-12-10,credit,23650.02,USD,Revenue recognized for sales order 564
355c56b3-276c-580e-853c-88f3d804fb0f,7e8959bb-b309-52e1-9019-817a37a7599f,a4a9630e-dc8c-5a29-8c16-e66f72589909,2025-12-11,credit,8807.40,USD,Revenue recognized for sales order 565
a87dbf66-fd90-5968-85d9-f742cebe63fa,7e8959bb-b309-52e1-9019-817a37a7599f,6934309d-8b9c-510b-85ac-0f1b2f331f1e,2025-12-11,credit,30742.11,USD,Revenue recognized for sales order 566
b5f3dcd6-e056-5cc6-8d7d-832441fbbbab,7e8959bb-b309-52e1-9019-817a37a7599f,f30b2164-24e9-5da9-b5ed-15c307f6d61d,2025-12-11,credit,20091.91,USD,Revenue recognized for sales order 567
8d83ce5a-6adb-5bcb-a2ac-4c6eb40eb857,7e8959bb-b309-52e1-9019-817a37a7599f,a396f07e-aaea-53ba-888f-a4f4930c2694,2025-12-12,credit,3699.03,USD,Revenue recognized for sales order 568
a9de8b48-d265-5bf9-95a3-8fd3a0a94769,7e8959bb-b309-52e1-9019-817a37a7599f,ee89514b-344c-5deb-aafa-2e3f0c59b75f,2025-12-12,credit,3267.98,USD,Revenue recognized for sales order 569
d5a36420-d211-5b2b-81d0-926b31213d0c,7e8959bb-b309-52e1-9019-817a37a7599f,9fcac803-0ac6-5bc2-b846-7f32f097a39a,2025-12-12,credit,18611.04,USD,Revenue recognized for sales order 570
7277463d-9cc4-5185-a975-1558f8b1ac1b,7e8959bb-b309-52e1-9019-817a37a7599f,64efa051-4ea4-572a-b7a3-85abac440541,2025-12-12,credit,4158.32,USD,Revenue recognized for sales order 571
3b913fa7-1f38-527e-a447-ea2abb43aff2,7e8959bb-b309-52e1-9019-817a37a7599f,c37e0fb4-bbd0-5355-8674-e93f4f1cad0b,2025-12-12,credit,19971.77,USD,Revenue recognized for sales order 572
bde26405-2149-5975-9f68-59066ba211da,7e8959bb-b309-52e1-9019-817a37a7599f,8004fd9f-a7b1-5955-bb5c-2da8c7e8d3e1,2025-12-12,credit,14227.96,USD,Revenue recognized for sales order 573
c4195e44-3eb9-5cd4-aa57-a353bb2c23b4,7e8959bb-b309-52e1-9019-817a37a7599f,126094ad-4545-52e3-9c5b-1ba4fd487f59,2025-12-12,credit,13961.28,USD,Revenue recognized for sales order 574
8d13fd17-852d-5dc1-b5a2-87bf47d9d0f2,7e8959bb-b309-52e1-9019-817a37a7599f,6960619d-3ab5-58dc-8a06-25e3814c0ba8,2025-12-12,credit,15970.00,USD,Revenue recognized for sales order 575
4d3a2651-8559-5002-b2aa-fc3f095becdc,7e8959bb-b309-52e1-9019-817a37a7599f,d7f329ea-3dde-5248-9ac8-ab3f46ba58da,2025-12-13,credit,18013.19,USD,Revenue recognized for sales order 576
198673cc-0585-5135-a480-9065c6040545,7e8959bb-b309-52e1-9019-817a37a7599f,6cd18e5d-e878-5b6c-bdf9-3b97c9c14a22,2025-12-13,credit,25171.22,USD,Revenue recognized for sales order 577
1eefdb00-3aac-5bec-915f-9cf2759afb34,7e8959bb-b309-52e1-9019-817a37a7599f,0efed857-c35e-5847-bc17-339c61488bc9,2025-12-14,credit,8118.29,USD,Revenue recognized for sales order 578
01d0c64f-67bb-5be4-8217-d9ee620293bf,7e8959bb-b309-52e1-9019-817a37a7599f,f53b7f1a-64fa-5a4f-aec2-f6d9c39b0a25,2025-12-15,credit,12456.89,USD,Revenue recognized for sales order 579
e35daf40-ca1c-5de4-8e45-0d58d47dacbc,7e8959bb-b309-52e1-9019-817a37a7599f,75594d50-3947-5b1d-95ec-650900d8354b,2025-12-15,credit,25331.05,USD,Revenue recognized for sales order 580
86a71cf8-ac71-549a-b276-3d693ecfb956,7e8959bb-b309-52e1-9019-817a37a7599f,013beac6-ae83-52dd-90b6-438e9391e43b,2025-12-15,credit,18354.58,USD,Revenue recognized for sales order 581
ae397700-5ead-53d7-a6e8-d45cf8caf1f3,7e8959bb-b309-52e1-9019-817a37a7599f,e51b80fb-7710-5d1a-ae7e-97465cf3f1f7,2025-12-15,credit,12010.44,USD,Revenue recognized for sales order 582
83bf6edb-83a8-539a-b5ac-5491280bf005,7e8959bb-b309-52e1-9019-817a37a7599f,48577f35-e995-57c6-8de9-019498bdc2be,2025-12-15,credit,19617.52,USD,Revenue recognized for sales order 583
935dc66b-0663-537d-a02e-5db92ab743f2,7e8959bb-b309-52e1-9019-817a37a7599f,550a4e57-dda0-5a81-996c-209d18335568,2025-12-15,credit,20652.38,USD,Revenue recognized for sales order 584
5e18b914-0a16-5d77-af59-89eab8d6db4f,7e8959bb-b309-52e1-9019-817a37a7599f,d1a131c6-d7c6-5f7e-b37a-1e1e71e46e13,2025-12-15,credit,24387.46,USD,Revenue recognized for sales order 585
e43f8c93-8e2f-5749-a0fe-a12bf93787ba,7e8959bb-b309-52e1-9019-817a37a7599f,880494de-ac3d-57f4-b37e-99c38665d37e,2025-12-15,credit,27307.41,USD,Revenue recognized for sales order 586
841e9138-258e-554f-bfd2-b1d7858a931b,7e8959bb-b309-52e1-9019-817a37a7599f,7e2f0f13-74e4-5707-b460-b06e3e8df3aa,2025-12-16,credit,2167.72,USD,Revenue recognized for sales order 587
b9e45695-3a61-52da-9fac-64206ce1b340,7e8959bb-b309-52e1-9019-817a37a7599f,795ecc0e-bcb4-5350-89e6-eb0580e24099,2025-12-16,credit,5891.67,USD,Revenue recognized for sales order 588
acc12804-a98b-57c2-9697-4c1a0c8404c2,7e8959bb-b309-52e1-9019-817a37a7599f,d2eaa45b-9525-5b68-9313-6c7690a8b34b,2025-12-16,credit,9753.76,USD,Revenue recognized for sales order 589
0448bcec-f94b-585f-a7a2-f6c3f649faf7,7e8959bb-b309-52e1-9019-817a37a7599f,d1d08345-c724-5ecd-a61d-7eeab1264808,2025-12-16,credit,37640.40,USD,Revenue recognized for sales order 590
a08e2cef-03a2-525d-978e-4328a81840bd,7e8959bb-b309-52e1-9019-817a37a7599f,83c747af-9410-59c7-b2c8-93c3f1024674,2025-12-17,credit,1708.81,USD,Revenue recognized for sales order 591
e3a702bd-afb9-5fee-b194-a5ac28b41f9b,7e8959bb-b309-52e1-9019-817a37a7599f,0fd7362f-0192-58e3-8d5a-cc2b44a256ba,2025-12-17,credit,24612.54,USD,Revenue recognized for sales order 592
5a0b8bab-d295-5dcd-9015-185e78def3bc,7e8959bb-b309-52e1-9019-817a37a7599f,28054160-5d97-5443-8f46-72519dfd19ed,2025-12-17,credit,29756.33,USD,Revenue recognized for sales order 593
50d072f2-d648-5229-b095-38a501685f7a,7e8959bb-b309-52e1-9019-817a37a7599f,1b247ec9-f0ef-52ce-94ab-812d2bea7da4,2025-12-17,credit,22930.60,USD,Revenue recognized for sales order 594
4bdec675-d215-536f-88b8-2a8aace04b20,7e8959bb-b309-52e1-9019-817a37a7599f,2a407f8f-836f-5b41-84bc-8ca478282473,2025-12-17,credit,10281.20,USD,Revenue recognized for sales order 595
547da7b9-4566-56f8-a504-b0470140e0df,7e8959bb-b309-52e1-9019-817a37a7599f,fb6d9cef-28a7-58f7-8c31-a1afec3b1272,2025-12-18,credit,7237.26,USD,Revenue recognized for sales order 596
dfd466a0-41a1-5d55-818c-12d228789760,7e8959bb-b309-52e1-9019-817a37a7599f,1f4fe99e-351a-512d-9c01-f11b401bb3ff,2025-12-18,credit,17755.78,USD,Revenue recognized for sales order 597
5ec6a032-a499-5399-8407-11069aeba8be,7e8959bb-b309-52e1-9019-817a37a7599f,78c541de-d5c7-5440-aee5-dd874603adb7,2025-12-18,credit,10861.88,USD,Revenue recognized for sales order 598
44987519-22de-5e53-a273-9820cc34e392,7e8959bb-b309-52e1-9019-817a37a7599f,0ab5a17a-2aaf-57f2-8605-5fd03cac2d16,2025-12-18,credit,953.04,USD,Revenue recognized for sales order 599
f22f97e8-969b-5ec7-9237-c53e97671cc4,7e8959bb-b309-52e1-9019-817a37a7599f,220a18a9-9d8d-561c-9fb8-bfdc20ea5773,2025-12-18,credit,1245.02,USD,Revenue recognized for sales order 600
f9e6d79d-08e8-52cf-8599-6923c55b9727,7e8959bb-b309-52e1-9019-817a37a7599f,9cdd6ea9-c00e-5e47-aac8-2fd191e8b932,2025-12-18,credit,7384.75,USD,Revenue recognized for sales order 601
db812727-e6d8-5903-817f-d20f04b3d65a,7e8959bb-b309-52e1-9019-817a37a7599f,9ec29d6a-6304-5b73-9809-33a509975095,2025-12-19,credit,12427.67,USD,Revenue recognized for sales order 602
0655401e-864e-59bc-a4bf-02f87be5eaf4,7e8959bb-b309-52e1-9019-817a37a7599f,4a8d2901-53f1-5b5e-b313-6026cb624b32,2025-12-19,credit,7588.63,USD,Revenue recognized for sales order 603
ac21d47e-d528-59d9-9c48-1c3c8b9b3ff4,7e8959bb-b309-52e1-9019-817a37a7599f,c8a44bb0-4e88-532c-8a77-096a2c9ade22,2025-12-19,credit,3298.17,USD,Revenue recognized for sales order 604
c8010d24-8d57-53fe-9af5-eea563a3afc2,7e8959bb-b309-52e1-9019-817a37a7599f,3be3b551-6fa0-512d-b1be-5a52e85cde8e,2025-12-20,credit,3979.64,USD,Revenue recognized for sales order 605
cc18cca9-93e7-5bed-ae57-f07b9b9269b0,7e8959bb-b309-52e1-9019-817a37a7599f,5de91ca6-2d83-55f4-89ea-2291cd349e48,2025-12-20,credit,33301.46,USD,Revenue recognized for sales order 606
3bb961b6-29c1-525c-a8c8-a7027cc7c8de,7e8959bb-b309-52e1-9019-817a37a7599f,cad13415-694d-5b21-9368-b0c5d53f5cf4,2025-12-21,credit,1181.74,USD,Revenue recognized for sales order 607
39ebb4e5-de2e-5337-9f03-d8f7a70eb51d,7e8959bb-b309-52e1-9019-817a37a7599f,9da20967-d558-5646-9b5f-7e96b9167a9c,2025-12-22,credit,5750.49,USD,Revenue recognized for sales order 608
769b1733-fb38-501d-a203-77bcea355037,7e8959bb-b309-52e1-9019-817a37a7599f,8d12e711-e2a9-531d-90d2-d2b34d93449d,2025-12-22,credit,5097.22,USD,Revenue recognized for sales order 609
6963f98e-2cd4-5e47-84e4-b51c81593d56,7e8959bb-b309-52e1-9019-817a37a7599f,8b07ca05-8ed2-5897-bd65-b9c7871f86c3,2025-12-22,credit,33694.98,USD,Revenue recognized for sales order 610
d524057a-28d0-5c00-9c3e-64db5215ee24,7e8959bb-b309-52e1-9019-817a37a7599f,c416f814-942d-5c3f-9eb7-2253d7c60e08,2025-12-22,credit,16257.66,USD,Revenue recognized for sales order 612
5296b726-c146-55e3-b2ae-be9a955d31de,7e8959bb-b309-52e1-9019-817a37a7599f,6a93eabe-e0e0-568d-8172-6f8f3b586c3e,2025-12-23,credit,11807.10,USD,Revenue recognized for sales order 614
d83dbb9e-9c31-5f58-86d7-07f6c1130f65,7e8959bb-b309-52e1-9019-817a37a7599f,46576adc-c047-5bee-913a-22a9d459612c,2025-12-23,credit,14805.67,USD,Revenue recognized for sales order 615
ed92c9e2-87c3-5a3e-8cd5-e6bb89f0dfd1,7e8959bb-b309-52e1-9019-817a37a7599f,5fa3bdf4-7837-5fb0-95dc-74bb69225cec,2025-12-23,credit,22486.89,USD,Revenue recognized for sales order 616
a46727af-93a2-5145-a91d-17b2c5130147,7e8959bb-b309-52e1-9019-817a37a7599f,4a473b93-191b-5048-93e0-3bf31802ea5f,2025-12-23,credit,9574.76,USD,Revenue recognized for sales order 617
fe89b833-b803-5ac0-89d5-bea6ac54b574,7e8959bb-b309-52e1-9019-817a37a7599f,e51e3433-b7c3-5c4d-9a8c-dd1b7dc7c9fa,2025-12-24,credit,12183.06,USD,Revenue recognized for sales order 619
7a32986c-444b-55a0-8533-23db6312a648,7e8959bb-b309-52e1-9019-817a37a7599f,2c7e0377-4fb0-5208-99da-ad14ce023cc0,2025-12-24,credit,43122.16,USD,Revenue recognized for sales order 621
f9d08dc8-58f9-5675-94b7-08461952a601,7e8959bb-b309-52e1-9019-817a37a7599f,f22a0fd0-35a1-5a69-90f3-3f38c60181c5,2025-12-24,credit,29895.95,USD,Revenue recognized for sales order 622
5409a031-a1ac-5490-8de3-9849497a1a53,7e8959bb-b309-52e1-9019-817a37a7599f,fed7bf4a-5ef2-55db-8ba5-6f843634c1eb,2025-12-25,credit,17498.81,USD,Revenue recognized for sales order 623
2ac965b7-d361-5fda-ba98-b2106304120e,7e8959bb-b309-52e1-9019-817a37a7599f,8fc29608-61a2-5517-8ae0-e0d27ad681a1,2025-12-25,credit,20141.17,USD,Revenue recognized for sales order 624
4757697c-0f3e-541b-a2fc-8796292f7923,7e8959bb-b309-52e1-9019-817a37a7599f,a656346e-1ec2-5070-b838-b1c1ee5fac83,2025-12-25,credit,21480.87,USD,Revenue recognized for sales order 625
c1d1d1a4-5dda-51c7-9f03-dc3f5d417999,7e8959bb-b309-52e1-9019-817a37a7599f,b064331a-3a67-587b-b62d-610e86155192,2025-12-25,credit,25836.78,USD,Revenue recognized for sales order 626
904d6833-2424-5e10-81e9-cc79173bcfa4,7e8959bb-b309-52e1-9019-817a37a7599f,e37fee24-6e70-5fa5-9599-eeb96f8af8df,2025-12-25,credit,24064.64,USD,Revenue recognized for sales order 627
d72025cf-c5e4-5875-8d8f-49f4ccd3c02b,7e8959bb-b309-52e1-9019-817a37a7599f,aa4818dc-6392-5870-a2b2-99c4ae983961,2025-12-26,credit,31237.66,USD,Revenue recognized for sales order 628
a38a5393-6bea-5745-9180-bb662486e611,7e8959bb-b309-52e1-9019-817a37a7599f,8ee6e6a2-f017-5744-a685-8d6323eb1ffa,2025-12-26,credit,3237.76,USD,Revenue recognized for sales order 629
1242dd99-d902-5e48-b09d-287dee3b3f20,7e8959bb-b309-52e1-9019-817a37a7599f,845276a8-486b-5e81-9d3a-1f13b844685b,2025-12-26,credit,13453.86,USD,Revenue recognized for sales order 630
af930e2a-e9fc-5555-be42-2eef3728ec7e,7e8959bb-b309-52e1-9019-817a37a7599f,696fc039-33ea-517c-aa3a-104ac0de79c2,2025-12-26,credit,11514.09,USD,Revenue recognized for sales order 631
188eb46a-7649-5297-a612-1fa3882e9b9f,7e8959bb-b309-52e1-9019-817a37a7599f,0b7f7f9e-606e-5796-b791-ed3d2da7ee86,2025-12-26,credit,9868.80,USD,Revenue recognized for sales order 632
1e2fe5d7-dce9-5ff1-96b0-4b05b1cbb27e,7e8959bb-b309-52e1-9019-817a37a7599f,37ae2ca4-1385-50a5-b9a0-92b380ba3eb9,2025-12-26,credit,7626.06,USD,Revenue recognized for sales order 633
e3efc510-c8ad-53ae-b2e1-e60073ffdc32,7e8959bb-b309-52e1-9019-817a37a7599f,24c8d53b-18f8-5dca-8bbe-1f411357f567,2025-12-26,credit,4384.49,USD,Revenue recognized for sales order 635
82a3c878-02da-5993-bf9b-8733a982c231,7e8959bb-b309-52e1-9019-817a37a7599f,747c8a8a-0416-530d-88ae-1dedbbb63d26,2025-12-27,credit,11289.46,USD,Revenue recognized for sales order 636
edf82b53-cb85-50fc-a22c-16899fc1fc45,7e8959bb-b309-52e1-9019-817a37a7599f,dc371a78-4919-5080-b35e-0f180a69af79,2025-12-27,credit,26236.13,USD,Revenue recognized for sales order 637
d78733de-58ad-5dc0-93e1-5326a72a990f,7e8959bb-b309-52e1-9019-817a37a7599f,8b1ebd8f-b30f-5bd2-81fe-c9ea9e331d30,2025-12-28,credit,6915.56,USD,Revenue recognized for sales order 638
33d212ea-6822-5221-85ee-ec0440bcf9d4,7e8959bb-b309-52e1-9019-817a37a7599f,3965cfb2-b2ab-5e89-b7c5-324997cdbd31,2025-12-29,credit,354.56,USD,Revenue recognized for sales order 639
79ba76aa-fc76-5d6c-8868-50e036fdc2df,7e8959bb-b309-52e1-9019-817a37a7599f,e4183927-fe14-5b09-b361-bd0e8f920bf3,2025-12-29,credit,25211.58,USD,Revenue recognized for sales order 640
1d0cfff0-359b-5880-8b8a-0be4bdcc3940,7e8959bb-b309-52e1-9019-817a37a7599f,7d5faa1a-f928-57bb-b47a-d03dea651df3,2025-12-29,credit,13105.93,USD,Revenue recognized for sales order 641
064d8464-9e72-5009-b6e6-f23526e440ce,7e8959bb-b309-52e1-9019-817a37a7599f,788cef24-8bda-57dc-98d1-043bfecd1a6a,2025-12-30,credit,24283.24,USD,Revenue recognized for sales order 642
6af4e937-81bf-591d-abe5-e157d5806cd2,7e8959bb-b309-52e1-9019-817a37a7599f,4ab94dc6-02c2-5b34-b30f-15e3d6ddb7e8,2025-12-30,credit,6014.00,USD,Revenue recognized for sales order 643
00bb5ff9-daf7-5016-a05f-8c18e5c0c13c,7e8959bb-b309-52e1-9019-817a37a7599f,80621ead-44f0-5107-b488-4c33eb7d337d,2025-12-30,credit,5067.59,USD,Revenue recognized for sales order 644
0c116474-5ae8-52d1-91af-dc8a9e09bf9a,7e8959bb-b309-52e1-9019-817a37a7599f,b516e33d-4564-5238-bcdc-ad9d865ad8bc,2025-12-30,credit,24735.01,USD,Revenue recognized for sales order 645
9dfde434-b82a-587b-a56e-532450b405e3,7e8959bb-b309-52e1-9019-817a37a7599f,f38b09c9-fc86-588c-a8b8-9000ea59d448,2025-12-31,credit,16343.05,USD,Revenue recognized for sales order 646
40666a3d-6718-5ee8-b298-80d417b42623,7e8959bb-b309-52e1-9019-817a37a7599f,b212c5da-f9aa-5bc8-82db-2d9ec70a0426,2025-12-31,credit,22143.61,USD,Revenue recognized for sales order 647
139aaef1-c77d-5656-b33d-96a91706fc53,7e8959bb-b309-52e1-9019-817a37a7599f,bce957a8-66c6-595f-be3b-a7a8617da6c4,2025-12-31,credit,23436.70,USD,Revenue recognized for sales order 648
b998720a-b594-58d2-98f7-b94663315275,7e8959bb-b309-52e1-9019-817a37a7599f,5eb90cd0-b120-53b1-9c89-98ea404653c5,2025-12-31,credit,22094.52,USD,Revenue recognized for sales order 649
ac6555c4-9201-5c36-a1bf-40f98bb28cb4,7e8959bb-b309-52e1-9019-817a37a7599f,3397a0c8-bb60-52c5-b3f1-b36dea35f23e,2025-12-31,credit,1435.69,USD,Revenue recognized for sales order 650
7d2920d7-6130-5fd7-a507-b06add6b04fc,7e8959bb-b309-52e1-9019-817a37a7599f,bd9b6c34-c9a9-56bf-910f-b7f855def273,2026-01-01,credit,49655.87,USD,Revenue recognized for sales order 651
dabe598f-6a80-5364-bcbb-df8ff1ba1acb,7e8959bb-b309-52e1-9019-817a37a7599f,2360d3dd-9478-5559-a3d6-42157c8fe78c,2026-01-01,credit,21139.93,USD,Revenue recognized for sales order 652
c5867df9-31f8-5f60-a979-369e9870e6df,7e8959bb-b309-52e1-9019-817a37a7599f,5aaee0b0-e060-5334-abf9-a0db687e8179,2026-01-01,credit,23217.69,USD,Revenue recognized for sales order 653
36569eaf-70be-5bcb-a2f6-91bdf52d31cb,7e8959bb-b309-52e1-9019-817a37a7599f,51e0d884-501d-51a0-b783-3e9f975de695,2026-01-01,credit,5958.08,USD,Revenue recognized for sales order 654
fb322730-4e68-553e-85d8-6bb691ea4bc3,7e8959bb-b309-52e1-9019-817a37a7599f,f345b790-d608-5be0-8f6d-e3733a59796b,2026-01-02,credit,10842.79,USD,Revenue recognized for sales order 655
c7dc8178-7fac-5579-a053-a24974897ec9,7e8959bb-b309-52e1-9019-817a37a7599f,766b85eb-6f12-58cb-8376-40e407674c6d,2026-01-02,credit,7057.15,USD,Revenue recognized for sales order 656
0f7fd153-5ef8-5dac-b2f0-d85d8485d727,7e8959bb-b309-52e1-9019-817a37a7599f,6de574f9-15a4-5117-ba2c-bee07128cea2,2026-01-02,credit,10779.58,USD,Revenue recognized for sales order 657
8bcd9a4b-3f07-5e45-bc38-cc59efc3af33,7e8959bb-b309-52e1-9019-817a37a7599f,31d2b158-4bb3-594d-a7c5-32cf57300f83,2026-01-02,credit,12202.56,USD,Revenue recognized for sales order 658
25e7e53e-a74c-5e04-9c34-b492c5650204,7e8959bb-b309-52e1-9019-817a37a7599f,6443519a-4f9a-5413-ba6d-5b8f624f4cc7,2026-01-02,credit,30696.09,USD,Revenue recognized for sales order 659
5d1cd4e4-07b9-592a-aa39-d64d1baa898d,7e8959bb-b309-52e1-9019-817a37a7599f,029e8e00-9a0c-500d-ba12-87be60e4276b,2026-01-03,credit,16104.83,USD,Revenue recognized for sales order 661
2a720eee-e0f9-5f18-b84f-6477ea2ac51a,7e8959bb-b309-52e1-9019-817a37a7599f,78b612eb-9d0c-5908-b3cb-f65ee705de33,2026-01-04,credit,16935.56,USD,Revenue recognized for sales order 662
b95f55c9-5eba-5790-90e2-b2b84690588c,7e8959bb-b309-52e1-9019-817a37a7599f,fdbf231a-a309-517d-87d1-da1ec08cb03e,2026-01-04,credit,34702.08,USD,Revenue recognized for sales order 663
fe88c258-92fe-52c1-83be-b61900cc1295,7e8959bb-b309-52e1-9019-817a37a7599f,61dbe1f6-889d-5042-a117-aefa1c8973f9,2026-01-05,credit,22725.89,USD,Revenue recognized for sales order 664
358fef9f-4b72-52ad-abe0-0ce9bf2549e6,7e8959bb-b309-52e1-9019-817a37a7599f,fedf7997-790e-501a-bf90-d72dae5e1881,2026-01-05,credit,20432.78,USD,Revenue recognized for sales order 665
8a81ecf6-3241-5bed-a7b8-a9df560bedba,7e8959bb-b309-52e1-9019-817a37a7599f,82730d1f-76e2-5806-9519-265e96cb2487,2026-01-05,credit,14528.76,USD,Revenue recognized for sales order 666
9e43bb54-c4f1-5e4a-bdaa-5aed73bb018a,7e8959bb-b309-52e1-9019-817a37a7599f,fe1a65da-720a-5797-8497-714e24915fef,2026-01-06,credit,902.07,USD,Revenue recognized for sales order 667
80deda41-1556-5c7e-bd75-abedb9d01697,7e8959bb-b309-52e1-9019-817a37a7599f,468e022b-aded-57d1-b3eb-6ae1fc736112,2026-01-06,credit,36459.91,USD,Revenue recognized for sales order 668
61e56093-a985-564c-a49b-ec0d5405fe0a,7e8959bb-b309-52e1-9019-817a37a7599f,5d98c807-e3f3-511c-a56a-31f43e9bcfbb,2026-01-06,credit,6487.48,USD,Revenue recognized for sales order 669
9fa65fb1-15a0-5621-931a-74390210b452,7e8959bb-b309-52e1-9019-817a37a7599f,cdb28c84-684c-5d9c-82bc-1aee8ac0f257,2026-01-06,credit,25240.52,USD,Revenue recognized for sales order 670
a2bb446d-74f6-57b3-8082-339de1f11da9,7e8959bb-b309-52e1-9019-817a37a7599f,dfb31282-f140-552f-be59-d2009f725bdc,2026-01-06,credit,14202.62,USD,Revenue recognized for sales order 671
06371e89-81cc-559b-bde2-294df9fff0c4,7e8959bb-b309-52e1-9019-817a37a7599f,4ae5c874-9bb8-51c4-9f92-efe99427bbcc,2026-01-06,credit,19319.72,USD,Revenue recognized for sales order 672
082cce4b-3d21-5ae4-8f47-1c420c19eef9,7e8959bb-b309-52e1-9019-817a37a7599f,8d3aa8ef-9cdc-5243-84d3-a993c95ca168,2026-01-06,credit,11160.22,USD,Revenue recognized for sales order 673
e2100fd9-39e5-5561-9dc3-22c203a592b2,7e8959bb-b309-52e1-9019-817a37a7599f,10bf1d22-7c3a-51bd-8ef0-6ec87cb12cdf,2026-01-06,credit,21749.67,USD,Revenue recognized for sales order 674
e2607bbd-40e5-5545-83f9-56c614735038,7e8959bb-b309-52e1-9019-817a37a7599f,b6fbe1e4-0da5-5fd4-b8bc-d0f644f647e1,2026-01-07,credit,2254.68,USD,Revenue recognized for sales order 675
6158adb2-176e-5661-b3b2-96bc20b22392,7e8959bb-b309-52e1-9019-817a37a7599f,cf8f0641-b39b-538e-a279-3edbe011a256,2026-01-07,credit,10271.69,USD,Revenue recognized for sales order 676
55e048d5-17b2-58e7-8af2-6ee9ca6cd75c,7e8959bb-b309-52e1-9019-817a37a7599f,16318c1f-15ee-5fbc-9fad-3ac60d6c3f40,2026-01-07,credit,2803.18,USD,Revenue recognized for sales order 677
269383c5-aff5-5347-80de-9e0b99bf3cc0,7e8959bb-b309-52e1-9019-817a37a7599f,cfdc9981-9ef2-5b88-811f-b460eda9c99f,2026-01-08,credit,32109.24,USD,Revenue recognized for sales order 679
eff5bf2b-c8f4-5e55-88fd-da1780973f48,7e8959bb-b309-52e1-9019-817a37a7599f,86017090-d563-5bfe-8ce5-f22e7a1bb9aa,2026-01-08,credit,1914.25,USD,Revenue recognized for sales order 680
6f1209db-affb-5b22-8654-879bb87ac536,7e8959bb-b309-52e1-9019-817a37a7599f,b8124e8a-f773-537c-bcb6-1948b10f1882,2026-01-08,credit,5037.38,USD,Revenue recognized for sales order 681
7c89d46a-d9f1-562c-8052-9ec84189ca97,7e8959bb-b309-52e1-9019-817a37a7599f,e4d5e703-ae68-5e54-8e38-786c3fe44a22,2026-01-08,credit,28422.98,USD,Revenue recognized for sales order 682
7b0ba37c-b14b-5d13-b3b9-c3dce52a884d,7e8959bb-b309-52e1-9019-817a37a7599f,7cda5616-9bee-54c2-a63d-8f42b665bfeb,2026-01-09,credit,22356.82,USD,Revenue recognized for sales order 683
11e72cb9-7c8f-50fc-85d6-93a65820cc28,7e8959bb-b309-52e1-9019-817a37a7599f,39a6fb60-205b-5296-a50e-30046d190b09,2026-01-09,credit,2976.84,USD,Revenue recognized for sales order 684
7d7953eb-5025-5ba8-a751-b750a8e3c3d5,7e8959bb-b309-52e1-9019-817a37a7599f,11e36c6d-c26b-5e5b-b92c-15e7e55c5048,2026-01-09,credit,37151.91,USD,Revenue recognized for sales order 685
ec1466c0-83cd-51e1-8361-c15070a4587c,7e8959bb-b309-52e1-9019-817a37a7599f,cdd85dd7-bff6-5094-af7b-388b79b59878,2026-01-09,credit,24522.02,USD,Revenue recognized for sales order 686
812bf74e-c060-5d4d-a9b8-4f2d4d8e0a1c,7e8959bb-b309-52e1-9019-817a37a7599f,7ddd4b34-e7b4-56e9-86cc-162494c11f0d,2026-01-09,credit,1683.49,USD,Revenue recognized for sales order 687
c9715ae4-ff5f-5624-97b6-ea4be687c1e3,7e8959bb-b309-52e1-9019-817a37a7599f,52d62e59-ec79-574b-bd88-318bdac2c2ae,2026-01-10,credit,17752.96,USD,Revenue recognized for sales order 688
d3239d86-5bcb-562b-82ca-e05fe9fad4b1,7e8959bb-b309-52e1-9019-817a37a7599f,9c8e11c2-6ab4-5ebc-9903-b2a8807165c4,2026-01-11,credit,12202.50,USD,Revenue recognized for sales order 689
d2b61fb3-ed4d-56cd-8681-a1eabdddba83,7e8959bb-b309-52e1-9019-817a37a7599f,324eaa06-bdb9-5a76-9ec5-060d601e64c9,2026-01-12,credit,13694.15,USD,Revenue recognized for sales order 690
59d7cbaf-15ef-5596-b7e7-6e9a0d84d40c,7e8959bb-b309-52e1-9019-817a37a7599f,430107d6-5806-5496-99d4-aef8cad95c46,2026-01-12,credit,25629.45,USD,Revenue recognized for sales order 691
6dbdc8c1-5935-542f-9579-6267ec0f5077,7e8959bb-b309-52e1-9019-817a37a7599f,c0b40365-6eb4-59a8-bb89-76966ebfdcd3,2026-01-12,credit,9205.53,USD,Revenue recognized for sales order 692
27a7e75d-8ee3-5b91-9538-2db760170daf,7e8959bb-b309-52e1-9019-817a37a7599f,6aecef85-4e02-5ae4-b8f6-84c7299bd0ac,2026-01-13,credit,10614.81,USD,Revenue recognized for sales order 694
54102fde-c610-54da-ad39-e91874ef7efc,7e8959bb-b309-52e1-9019-817a37a7599f,70182ee2-8156-58c8-8b85-c65fe0d13199,2026-01-13,credit,33846.49,USD,Revenue recognized for sales order 695
08fb0ed9-bbce-55f4-b7d1-b455b3c03d56,7e8959bb-b309-52e1-9019-817a37a7599f,50696dab-12dd-59df-8c68-e2412454dcf9,2026-01-14,credit,8119.80,USD,Revenue recognized for sales order 696
4207eda5-3570-5ccd-99ec-1a233437b8f4,7e8959bb-b309-52e1-9019-817a37a7599f,d81ff066-bdce-5065-97eb-faeeb35c0548,2026-01-14,credit,36724.14,USD,Revenue recognized for sales order 697
2f34efd3-b693-5933-a372-e79391c9faf8,7e8959bb-b309-52e1-9019-817a37a7599f,951cc4ad-ca74-5425-b37f-71a4564fe742,2026-01-14,credit,20870.59,USD,Revenue recognized for sales order 698
22c34586-3328-5a91-aff8-f1d40a37d4f0,7e8959bb-b309-52e1-9019-817a37a7599f,c76013e5-58d3-5b44-9cde-de83680fa935,2026-01-14,credit,9710.12,USD,Revenue recognized for sales order 699
277543ac-6f7f-5406-acd4-8f6ba899d41a,7e8959bb-b309-52e1-9019-817a37a7599f,51b1b465-9822-5676-a590-30bcb651fd6c,2026-01-14,credit,18121.65,USD,Revenue recognized for sales order 700
ce3a5391-c333-5d5e-9fa1-a394a79990ec,7e8959bb-b309-52e1-9019-817a37a7599f,df0973c1-25a2-5244-a3c4-7e6cd29dffe0,2026-01-14,credit,18077.72,USD,Revenue recognized for sales order 701
272569b1-e39f-5795-b5b1-349691005c14,7e8959bb-b309-52e1-9019-817a37a7599f,058832f7-e0d0-5c84-983f-ebd2145446e3,2026-01-15,credit,1465.04,USD,Revenue recognized for sales order 702
ec920575-d307-5dbe-92e3-26248f083d91,7e8959bb-b309-52e1-9019-817a37a7599f,ac08938a-223a-5c47-a12d-aec89be2fb2b,2026-01-15,credit,1863.79,USD,Revenue recognized for sales order 703
5ce76e84-9eb9-564f-8e5f-63daae474b66,7e8959bb-b309-52e1-9019-817a37a7599f,9d88ec1d-6dd0-548d-82e9-f1dff23712d8,2026-01-15,credit,13744.53,USD,Revenue recognized for sales order 704
017ac630-44ae-5e0f-a889-393ab033569d,7e8959bb-b309-52e1-9019-817a37a7599f,76062371-a040-59ff-8c08-d393bfb65cc5,2026-01-16,credit,21401.75,USD,Revenue recognized for sales order 705
e3cf8c3e-2fe5-5a13-b609-8b1821c90f1d,7e8959bb-b309-52e1-9019-817a37a7599f,36463a17-9a30-5b3d-b5ec-3b49381775f2,2026-01-16,credit,10006.95,USD,Revenue recognized for sales order 706
e80fdbde-edc5-5a42-b738-d3a87d358206,7e8959bb-b309-52e1-9019-817a37a7599f,9e6f7b60-16c6-598d-af79-df7cc77ece4c,2026-01-16,credit,2375.90,USD,Revenue recognized for sales order 707
f2ce263f-44a1-5751-a753-b441084e8896,7e8959bb-b309-52e1-9019-817a37a7599f,b4cb5382-778c-5033-9a6b-12093c8174a0,2026-01-16,credit,20251.27,USD,Revenue recognized for sales order 708
286fb91f-2d57-52e1-8047-ecda1f7917df,7e8959bb-b309-52e1-9019-817a37a7599f,b69f7175-d354-56e6-bdbb-384d309aa88b,2026-01-16,credit,30812.29,USD,Revenue recognized for sales order 709
5abda303-8202-5c23-9e8e-1eb3c664aa9f,7e8959bb-b309-52e1-9019-817a37a7599f,d008b483-e908-55f7-8f37-06f1ab1c6cc4,2026-01-17,credit,14029.15,USD,Revenue recognized for sales order 710
aeaa5829-3f51-5473-ba50-150a09dad818,7e8959bb-b309-52e1-9019-817a37a7599f,d7091dc3-bc61-5299-b18e-2e11d6d174a1,2026-01-18,credit,26568.30,USD,Revenue recognized for sales order 711
139a7214-ab13-5bf6-88a2-b61168ffd7d2,7e8959bb-b309-52e1-9019-817a37a7599f,c66a5426-3727-55df-a236-6a1597e82742,2026-01-19,credit,22198.74,USD,Revenue recognized for sales order 712
e60f5982-6ba2-52ff-8c6f-438006b90e4c,7e8959bb-b309-52e1-9019-817a37a7599f,f94466f1-d611-53c1-b4f8-7970eeda5f39,2026-01-19,credit,21482.91,USD,Revenue recognized for sales order 713
cf01adec-b2a9-5408-9bda-9bcfbe84fffa,7e8959bb-b309-52e1-9019-817a37a7599f,11ab181f-c6a2-5ca8-b180-7d409c08eae8,2026-01-19,credit,12213.48,USD,Revenue recognized for sales order 714
235a2d41-19f9-5ef5-bb5f-01e909448ede,7e8959bb-b309-52e1-9019-817a37a7599f,9e2158f3-8cdb-5782-8057-37eafe5af5a4,2026-01-19,credit,8137.79,USD,Revenue recognized for sales order 715
6e0cef31-0d64-5772-a76c-5bd82e5ea928,7e8959bb-b309-52e1-9019-817a37a7599f,368bd76b-46f4-545e-beaf-b32501425246,2026-01-19,credit,7736.91,USD,Revenue recognized for sales order 716
b5db00c6-a57d-5424-bc82-91b3355cd64c,7e8959bb-b309-52e1-9019-817a37a7599f,7ab8bb10-dfa8-53ee-853c-8de2b8ca9c68,2026-01-19,credit,677.25,USD,Revenue recognized for sales order 717
08865f27-e0cb-5c06-b512-b0e23f2faee4,7e8959bb-b309-52e1-9019-817a37a7599f,45c93147-274e-5582-b255-fe27708bbac5,2026-01-20,credit,40182.78,USD,Revenue recognized for sales order 718
a92bb7e4-1cfe-5be3-9ce6-bf3d89779b66,7e8959bb-b309-52e1-9019-817a37a7599f,d2458e45-4810-5c60-8f02-a6761cbf5385,2026-01-20,credit,30617.86,USD,Revenue recognized for sales order 719
d9e92bda-20ce-50d0-9c1c-84956fba5b75,7e8959bb-b309-52e1-9019-817a37a7599f,ddc01143-dd86-5d5c-aad1-214c1c077c35,2026-01-20,credit,32942.14,USD,Revenue recognized for sales order 720
b37f2b02-43a0-5a27-80b5-051e40237004,7e8959bb-b309-52e1-9019-817a37a7599f,86b9fc49-0eb8-56fd-b45e-008fea833981,2026-01-20,credit,7481.96,USD,Revenue recognized for sales order 722
bc72dca7-4348-56ce-869f-00fb2353f2ef,7e8959bb-b309-52e1-9019-817a37a7599f,4d6ccf46-5786-50b3-aa72-f3a4cc6bc334,2026-01-21,credit,29201.36,USD,Revenue recognized for sales order 723
b199b74f-4692-5a14-9237-4e245d870cb8,7e8959bb-b309-52e1-9019-817a37a7599f,689adfc8-1c24-57cb-a9be-a8923e9f1e57,2026-01-21,credit,19885.94,USD,Revenue recognized for sales order 724
3eb6dba0-a3a4-5985-907d-0ce06ae85d23,7e8959bb-b309-52e1-9019-817a37a7599f,ce9e78a6-1719-520a-b9fb-cbf3c4eb5e4b,2026-01-21,credit,25116.79,USD,Revenue recognized for sales order 725
703b4fa3-a8b0-5a11-95ab-e2ad5d32e3cf,7e8959bb-b309-52e1-9019-817a37a7599f,04f450df-e38b-5fd4-a71b-226040c21d7b,2026-01-21,credit,894.62,USD,Revenue recognized for sales order 726
4171b6c7-8369-5c29-954c-eccb50ef2aa5,7e8959bb-b309-52e1-9019-817a37a7599f,43fe3b2b-64ad-51ca-9415-10ce3e47a5e3,2026-01-22,credit,36340.63,USD,Revenue recognized for sales order 727
79ae47ff-7c90-5132-8c9a-c7171a52ea30,7e8959bb-b309-52e1-9019-817a37a7599f,e654e4c3-01b3-5e5e-ba66-d2ba148a7801,2026-01-22,credit,21110.12,USD,Revenue recognized for sales order 728
90b2dd60-2a61-51ff-911b-6bf3a9a7a192,7e8959bb-b309-52e1-9019-817a37a7599f,50b85232-04b8-51ef-bf14-a2d93afa227e,2026-01-22,credit,10477.72,USD,Revenue recognized for sales order 730
87ce2f28-0963-525a-9da7-f8071c5e719c,7e8959bb-b309-52e1-9019-817a37a7599f,a2db1199-fc3a-5e0c-9e42-22fbc832c32d,2026-01-22,credit,4539.84,USD,Revenue recognized for sales order 731
b905adfc-447d-59b2-afe7-6fe768e7eaf9,7e8959bb-b309-52e1-9019-817a37a7599f,adfdb4d8-26c3-526b-b271-df9d4276b427,2026-01-22,credit,11398.24,USD,Revenue recognized for sales order 732
783aafcf-5845-5652-ad70-ebba400370dc,7e8959bb-b309-52e1-9019-817a37a7599f,e35bf09e-f878-5be4-af4d-b247cb1c3a5f,2026-01-22,credit,3642.35,USD,Revenue recognized for sales order 733
734d5e2d-9095-5f9e-8326-592dd437e3ac,7e8959bb-b309-52e1-9019-817a37a7599f,48d92fb5-84ac-5ee4-9611-ddf150f8663c,2026-01-22,credit,26398.16,USD,Revenue recognized for sales order 734
b9c4f363-890b-5551-9db3-679cdcceedc6,7e8959bb-b309-52e1-9019-817a37a7599f,6b7d7580-1ec7-5d21-ac56-3c94d68ceaaa,2026-01-23,credit,6796.96,USD,Revenue recognized for sales order 735
8e9ad7d1-3438-5650-8cea-2cdf911cc4c0,7e8959bb-b309-52e1-9019-817a37a7599f,1b38b89d-278e-5e55-9d60-c4ba4623632e,2026-01-23,credit,25212.51,USD,Revenue recognized for sales order 736
b51a0b4d-7225-5eea-9d20-642728e63a9e,7e8959bb-b309-52e1-9019-817a37a7599f,8f07f7c8-741b-5a5f-8725-f3d41f564478,2026-01-23,credit,19855.45,USD,Revenue recognized for sales order 737
3ff3c02b-9106-5752-ab52-532783044ac9,7e8959bb-b309-52e1-9019-817a37a7599f,1b2fd3f3-6be0-565d-98e1-e9886b593b87,2026-01-23,credit,12444.83,USD,Revenue recognized for sales order 738
100d1171-3d93-51a1-bd29-64b8b3b2dbf2,7e8959bb-b309-52e1-9019-817a37a7599f,03dc3ee9-1901-5d90-b484-785d33ced5a9,2026-01-23,credit,3373.42,USD,Revenue recognized for sales order 739
fa4a79a6-f295-5eb3-9b3d-f789db4f9750,7e8959bb-b309-52e1-9019-817a37a7599f,1baed0d4-c254-5224-ae24-af51922e377f,2026-01-23,credit,38597.84,USD,Revenue recognized for sales order 740
f64b4cd8-114c-52ea-a1ff-b2e893c6b829,7e8959bb-b309-52e1-9019-817a37a7599f,4af54a8a-432c-56b4-936e-9ee3ff24e505,2026-01-24,credit,24148.61,USD,Revenue recognized for sales order 741
8a427f0c-85fe-5c23-8241-914e356220a2,7e8959bb-b309-52e1-9019-817a37a7599f,5b688851-0670-53e5-8971-13f065a8c277,2026-01-24,credit,4620.25,USD,Revenue recognized for sales order 742
1e1cb7b2-e082-5a3b-90cc-732ff46531a5,7e8959bb-b309-52e1-9019-817a37a7599f,7729cc5f-83ea-528c-b306-62803c460890,2026-01-25,credit,10617.50,USD,Revenue recognized for sales order 743
e2e15658-9190-5010-9f9f-0c1284268215,7e8959bb-b309-52e1-9019-817a37a7599f,c7185d34-7b01-5658-9b3b-c9a728c3d43b,2026-01-26,credit,37046.76,USD,Revenue recognized for sales order 744
340cf9c8-1903-5efc-876b-460c9bf42ac8,7e8959bb-b309-52e1-9019-817a37a7599f,07242473-dfa8-5194-b833-6f8b9ed4fdcd,2026-01-26,credit,23611.73,USD,Revenue recognized for sales order 745
4e7a06d4-3c26-5c05-8028-295950d5a25a,7e8959bb-b309-52e1-9019-817a37a7599f,625e02a5-980b-5a02-b783-5af8cb7c195f,2026-01-26,credit,4292.78,USD,Revenue recognized for sales order 746
ee23457e-60d6-5a6d-b833-f9a8893eb72c,7e8959bb-b309-52e1-9019-817a37a7599f,a5f51983-3f86-5c5e-b9eb-3ce0bf3e398e,2026-01-26,credit,11797.92,USD,Revenue recognized for sales order 747
9c960270-e28e-5db2-9d29-70b7208393ce,7e8959bb-b309-52e1-9019-817a37a7599f,8e26b7d6-6f23-5dcf-a9e5-8d473149ef8a,2026-01-26,credit,9545.76,USD,Revenue recognized for sales order 748
714acf8c-52fb-501a-9464-12cf511ed653,7e8959bb-b309-52e1-9019-817a37a7599f,84f132f5-542d-5d70-8dd1-1a6d5630cf62,2026-01-26,credit,18012.56,USD,Revenue recognized for sales order 749
16313aaf-5c0b-5efa-ab75-33bf2bfc39a6,7e8959bb-b309-52e1-9019-817a37a7599f,252eb358-2434-5da6-937d-e6797aeea0d6,2026-01-26,credit,11691.65,USD,Revenue recognized for sales order 750
16e23055-cc34-56b3-ba84-1f00b8ac78cf,7e8959bb-b309-52e1-9019-817a37a7599f,654ac686-4fb2-5dd4-b13e-a15f8afa208f,2026-01-27,credit,4873.41,USD,Revenue recognized for sales order 751
98dcfbe7-63e1-5024-812e-5e0acb1f0122,7e8959bb-b309-52e1-9019-817a37a7599f,3fb1d001-e907-55ed-8ec6-1499dcd5661a,2026-01-27,credit,28758.90,USD,Revenue recognized for sales order 752
743f840f-a284-5e9d-a371-b87a336b7283,7e8959bb-b309-52e1-9019-817a37a7599f,ce7d2a58-8c1f-5d6e-9727-373d143f99b7,2026-01-27,credit,13578.09,USD,Revenue recognized for sales order 753
7361e320-ac62-5da5-a4a1-bb8ae42c23fd,7e8959bb-b309-52e1-9019-817a37a7599f,627094e5-22f0-52a4-9a68-6d56cc059456,2026-01-28,credit,17121.17,USD,Revenue recognized for sales order 755
66dc7382-cb9f-5049-9125-31fd100deff6,7e8959bb-b309-52e1-9019-817a37a7599f,950b5349-4af2-5ef7-9e8a-518bfa8f728b,2026-01-28,credit,2515.78,USD,Revenue recognized for sales order 756
07cd39b2-5af4-5fe9-b596-74b3d8342b57,7e8959bb-b309-52e1-9019-817a37a7599f,ce6c0a96-9d0b-59c8-9938-9a1a470b92ac,2026-01-28,credit,12188.56,USD,Revenue recognized for sales order 757
32cb4e67-df02-56d0-91bd-be969dcba355,7e8959bb-b309-52e1-9019-817a37a7599f,58c3b026-e2e7-5c15-8519-2c1def992b5e,2026-01-28,credit,25871.62,USD,Revenue recognized for sales order 758
75a05a50-33d1-5bd6-a8e4-fb72ef991133,7e8959bb-b309-52e1-9019-817a37a7599f,9717b0ad-893b-5eb8-bce8-a3cdfb27ccad,2026-01-29,credit,12595.27,USD,Revenue recognized for sales order 759
c953801e-2e9e-58b7-aea0-d011ba0839b6,7e8959bb-b309-52e1-9019-817a37a7599f,b2e37217-b23d-5e71-a9cd-26feea626a6a,2026-01-29,credit,11634.40,USD,Revenue recognized for sales order 760
2958a126-cf0f-544d-908a-9044c8b9d73a,7e8959bb-b309-52e1-9019-817a37a7599f,e1bd0d6d-0b95-591b-b13a-d3995469ad6c,2026-01-29,credit,8723.23,USD,Revenue recognized for sales order 761
50456deb-d8af-5d56-98dc-25c67198cc4c,7e8959bb-b309-52e1-9019-817a37a7599f,e38eea84-6046-5bec-9dc1-6f87f1e4e009,2026-01-29,credit,20265.41,USD,Revenue recognized for sales order 762
8fc5f1e2-9a5b-555f-80d8-2125e1c7d393,7e8959bb-b309-52e1-9019-817a37a7599f,e830ea5d-12e4-57ee-a940-7074be75a5e8,2026-01-29,credit,7975.17,USD,Revenue recognized for sales order 763
fbcca872-ce94-5e62-a022-09220cdeec0a,7e8959bb-b309-52e1-9019-817a37a7599f,914f800d-2c8d-5be0-af9a-c6d48bc729c0,2026-01-29,credit,18670.21,USD,Revenue recognized for sales order 764
82622c63-0a2f-5f6a-9493-e640f68b65af,7e8959bb-b309-52e1-9019-817a37a7599f,85ebdcb5-510e-5d3a-9fa3-1f14b61b8525,2026-01-30,credit,9376.76,USD,Revenue recognized for sales order 766
49afccf1-fa08-5a1d-be65-e3b4af4b9463,7e8959bb-b309-52e1-9019-817a37a7599f,e5ca650d-4b26-5a86-bc2e-2b452ad89604,2026-01-30,credit,2258.62,USD,Revenue recognized for sales order 767
b3e9ab7d-ce37-5fef-b112-49c738af1f53,7e8959bb-b309-52e1-9019-817a37a7599f,72a12143-63b5-56b8-a360-219e4f97e88e,2026-01-30,credit,8969.66,USD,Revenue recognized for sales order 768
5f1594d1-6a6c-5747-96da-00f104464791,7e8959bb-b309-52e1-9019-817a37a7599f,544178fc-cbf8-5ce6-973a-4909a2695dfa,2026-01-31,credit,13232.25,USD,Revenue recognized for sales order 769
14b19e48-336a-54ba-8b8c-b2aa1f7ec085,7e8959bb-b309-52e1-9019-817a37a7599f,56f9182a-bc67-5de9-a492-99e10d61e6b1,2026-02-01,credit,5574.99,USD,Revenue recognized for sales order 770
e12cea89-a2b6-5405-96d3-45206faa99f9,7e8959bb-b309-52e1-9019-817a37a7599f,688dff76-f910-53a9-ae7f-3d5a2d6d933f,2026-02-01,credit,6963.22,USD,Revenue recognized for sales order 771
697a1dce-af10-5f2d-8998-c7a878a75d0e,7e8959bb-b309-52e1-9019-817a37a7599f,bcab4b1a-7e3b-5955-a662-f2a5b46b0acf,2026-02-01,credit,13953.03,USD,Revenue recognized for sales order 772
914738f1-4a67-5b78-aaed-c080ddd756db,7e8959bb-b309-52e1-9019-817a37a7599f,cbc85f6e-3e76-53b5-bcf2-33bdb1bc51d0,2026-02-02,credit,4638.40,USD,Revenue recognized for sales order 773
656d3e7f-b9a0-5937-82b2-c8d9f8cb7879,7e8959bb-b309-52e1-9019-817a37a7599f,9c8a12fe-ad0e-538b-bfef-c4afd75f78d6,2026-02-02,credit,27196.02,USD,Revenue recognized for sales order 774
4756f0ac-3b05-5e64-99c1-59cd5a1e673e,7e8959bb-b309-52e1-9019-817a37a7599f,5e197cd6-ba65-5e26-9413-4ec93ccd2265,2026-02-02,credit,5099.29,USD,Revenue recognized for sales order 775
feba63d3-d223-5145-9455-6aa4b7170741,7e8959bb-b309-52e1-9019-817a37a7599f,ca998fb6-5a71-5439-a935-61b8242c5efe,2026-02-02,credit,11227.04,USD,Revenue recognized for sales order 776
24112180-ae50-5db8-a29d-00ef0db650be,7e8959bb-b309-52e1-9019-817a37a7599f,c6c96ca3-6418-59f4-9ea9-70cc878bfa82,2026-02-02,credit,36757.78,USD,Revenue recognized for sales order 777
02909ab3-8bdc-5e90-8a56-eafa274be6d0,7e8959bb-b309-52e1-9019-817a37a7599f,60db8c1a-9023-56ac-8ed0-79a974f0fd31,2026-02-02,credit,42247.83,USD,Revenue recognized for sales order 778
689466f4-3a77-57ce-b7f0-38bf04683d49,7e8959bb-b309-52e1-9019-817a37a7599f,3730b01e-0395-5168-acd9-46738ea5c9e7,2026-02-03,credit,4940.64,USD,Revenue recognized for sales order 779
6a1cd4f7-c008-5475-91b1-fb442ff63658,7e8959bb-b309-52e1-9019-817a37a7599f,d8d873fe-1139-511b-b1a6-492f541fecc4,2026-02-03,credit,16295.15,USD,Revenue recognized for sales order 780
cce2c40c-21cd-5de0-a04b-dd931d0d018f,7e8959bb-b309-52e1-9019-817a37a7599f,c0e02db6-16e4-5a59-9349-eeaf764edce9,2026-02-03,credit,37796.28,USD,Revenue recognized for sales order 781
23a147ee-920f-5dba-926a-e65e34f081ba,7e8959bb-b309-52e1-9019-817a37a7599f,a2c4b892-962d-5da7-bd09-1b3598b62868,2026-02-03,credit,50131.53,USD,Revenue recognized for sales order 782
1ae8bdaf-cd1e-5c6a-b3a4-a458244e29d8,7e8959bb-b309-52e1-9019-817a37a7599f,defa8c81-06f6-5cd1-a489-dbd77d859b94,2026-02-03,credit,19487.59,USD,Revenue recognized for sales order 783
6a7d1e75-260c-564b-94f7-adf37c8d4e57,7e8959bb-b309-52e1-9019-817a37a7599f,0b225f34-a726-5d10-a226-11ff06248cff,2026-02-04,credit,9162.64,USD,Revenue recognized for sales order 784
75baa3cb-d049-57bd-901e-5026b5dc1714,7e8959bb-b309-52e1-9019-817a37a7599f,2196b434-cd4e-56e0-a9de-bb6e592b09ff,2026-02-04,credit,33733.01,USD,Revenue recognized for sales order 785
f9aba6f3-b301-5114-ad84-90a3792f5f7f,7e8959bb-b309-52e1-9019-817a37a7599f,25e7f499-b402-5c93-b682-b669a0c133cc,2026-02-04,credit,23254.20,USD,Revenue recognized for sales order 786
5cf8bbb9-d75d-58da-a31c-ba5bc5606637,7e8959bb-b309-52e1-9019-817a37a7599f,6f4840d1-cd89-5d02-983b-e5db958f4931,2026-02-04,credit,7096.61,USD,Revenue recognized for sales order 787
f8264f31-a51c-5f23-b855-4bd804931f0f,7e8959bb-b309-52e1-9019-817a37a7599f,f55c78a2-f6ca-56c4-8990-4b20f6537aed,2026-02-04,credit,27067.92,USD,Revenue recognized for sales order 788
8f3adc12-87a2-5ba6-bb24-fe3258b962e1,7e8959bb-b309-52e1-9019-817a37a7599f,8a429ad2-1e22-59d5-be52-64845ce75857,2026-02-05,credit,6605.56,USD,Revenue recognized for sales order 791
856effb8-2ba3-523b-968e-67f40f51af5b,7e8959bb-b309-52e1-9019-817a37a7599f,884466a3-c78e-5678-9846-e4fe15c89587,2026-02-05,credit,27609.15,USD,Revenue recognized for sales order 792
7898c7e5-7383-516b-8256-7fe341e39677,7e8959bb-b309-52e1-9019-817a37a7599f,090fd4cf-d4fd-5e7e-852a-c2516738662c,2026-02-06,credit,5923.63,USD,Revenue recognized for sales order 793
4dc5d637-faa8-57da-83ef-f3b80e195181,7e8959bb-b309-52e1-9019-817a37a7599f,fd70deb9-f088-56da-a35e-58b003d75f34,2026-02-06,credit,6153.88,USD,Revenue recognized for sales order 794
f8a4ed51-d3c4-5d34-ac3e-89eda14a4867,7e8959bb-b309-52e1-9019-817a37a7599f,97eccfa7-862c-5a64-9b81-d7e8e5f083ac,2026-02-06,credit,29086.76,USD,Revenue recognized for sales order 796
0a02f1d6-e52e-54e3-bea8-a007853ff47e,7e8959bb-b309-52e1-9019-817a37a7599f,d96300e7-5d0c-5ae7-8f85-c10667fa74e4,2026-02-06,credit,26677.29,USD,Revenue recognized for sales order 797
ebbf1a9a-2d16-54b1-8939-59d47aa0e2e9,7e8959bb-b309-52e1-9019-817a37a7599f,2c3ad915-ac65-50d3-9984-0adb4fcd1a42,2026-02-06,credit,20817.66,USD,Revenue recognized for sales order 798
a1777c34-13cf-5df5-8a5d-5d3846b45c37,7e8959bb-b309-52e1-9019-817a37a7599f,2c895b4e-1e13-57af-8e13-1dd258554183,2026-02-06,credit,8939.73,USD,Revenue recognized for sales order 799
684a76cf-7d3e-5db1-94cd-b21a1737692e,7e8959bb-b309-52e1-9019-817a37a7599f,94fd0fe9-4c00-5f56-af9f-85006ba93f6a,2026-02-07,credit,8306.38,USD,Revenue recognized for sales order 800
1618ad20-9d9d-5b79-bd88-86dacddd0c50,7e8959bb-b309-52e1-9019-817a37a7599f,9a45c15c-8ae8-560d-88fe-319aaceb2d00,2026-02-07,credit,18513.95,USD,Revenue recognized for sales order 801
a07b2bc8-3d32-52ff-9b28-67a8419501b2,7e8959bb-b309-52e1-9019-817a37a7599f,a6a1684e-b6f7-5bdb-9365-55cae22570c2,2026-02-08,credit,25578.54,USD,Revenue recognized for sales order 802
6eb47c3f-53a0-5e1b-ba59-7545fcad38fb,7e8959bb-b309-52e1-9019-817a37a7599f,92b92038-3507-5169-bf01-435b2e43db6b,2026-02-08,credit,32647.65,USD,Revenue recognized for sales order 803
cf57aa8d-4975-5836-bcb3-2bea5122546d,7e8959bb-b309-52e1-9019-817a37a7599f,1cfbfb62-81de-5b07-97b7-0b16d3faa0b3,2026-02-09,credit,16913.24,USD,Revenue recognized for sales order 805
cc52cd2c-9054-5def-896a-ea7c580ce198,7e8959bb-b309-52e1-9019-817a37a7599f,fc2b7b60-0861-54f0-ab1c-c98781097fe1,2026-02-09,credit,9169.86,USD,Revenue recognized for sales order 806
d5b5e3dd-b2dc-5441-96da-98589023b800,7e8959bb-b309-52e1-9019-817a37a7599f,dcd7fed9-8ced-5ef3-a62b-25833fa2e50a,2026-02-09,credit,26304.86,USD,Revenue recognized for sales order 807
71b2056a-090c-5406-9ccf-cc328bc05a46,7e8959bb-b309-52e1-9019-817a37a7599f,281e02d0-86eb-567b-8ee5-e13d0dc36d58,2026-02-09,credit,11482.96,USD,Revenue recognized for sales order 808
5f83d05d-5b17-5a07-834f-ad5e1ea2c6c4,7e8959bb-b309-52e1-9019-817a37a7599f,4d14caa9-4bbb-5d2b-9b58-6d241042f8fe,2026-02-09,credit,20732.66,USD,Revenue recognized for sales order 809
6dd2a1e6-81e9-5f8f-917d-00e2bfe4e424,7e8959bb-b309-52e1-9019-817a37a7599f,6e8237ff-8e3c-531a-81e3-81a245a044f7,2026-02-10,credit,15141.90,USD,Revenue recognized for sales order 810
81575491-2696-5879-a22e-1e7253c01a3c,7e8959bb-b309-52e1-9019-817a37a7599f,1b89eb19-e26a-5fc8-ba92-baa4dbe5cfa6,2026-02-10,credit,10291.88,USD,Revenue recognized for sales order 811
60d840cd-2f10-5537-854a-1dab7d0166da,7e8959bb-b309-52e1-9019-817a37a7599f,e8d9db46-c759-5af5-b009-bc07e7f85669,2026-02-10,credit,12982.24,USD,Revenue recognized for sales order 812
4b49e246-467b-53e9-828c-d3ac89886940,7e8959bb-b309-52e1-9019-817a37a7599f,888e390e-2bb9-5fd9-b3d3-e83ac5a701b2,2026-02-10,credit,22155.87,USD,Revenue recognized for sales order 813
ee8c7ad6-97ee-5840-955c-ca8988a6ee17,7e8959bb-b309-52e1-9019-817a37a7599f,32f1b5bd-abb6-5bcc-a3d4-27b0a1c3b85e,2026-02-10,credit,1316.14,USD,Revenue recognized for sales order 814
99a88899-b4fa-5fa3-8bd8-25763857736d,7e8959bb-b309-52e1-9019-817a37a7599f,3cb66d07-9bb6-52d3-94da-f05fdba8e46c,2026-02-10,credit,23246.38,USD,Revenue recognized for sales order 815
13e0e3a8-c184-5787-9708-31d4199a999b,7e8959bb-b309-52e1-9019-817a37a7599f,dc9c15ed-2f69-5fea-a133-218699859c1a,2026-02-10,credit,684.00,USD,Revenue recognized for sales order 816
4c652a8d-830a-5fa1-b011-66621f218523,7e8959bb-b309-52e1-9019-817a37a7599f,3ff6c0fd-b35a-5bbb-925f-174437b71a06,2026-02-10,credit,18230.14,USD,Revenue recognized for sales order 817
d23c90a4-2d59-5a01-8b94-aa0f8bdf5e3c,7e8959bb-b309-52e1-9019-817a37a7599f,89f4be06-6477-5995-9eb3-2d607e2a7aaf,2026-02-11,credit,11087.57,USD,Revenue recognized for sales order 818
580d6f16-c552-5fe5-afa6-b792a755a320,7e8959bb-b309-52e1-9019-817a37a7599f,91afb9c1-d2f2-5a69-bc8c-9854c17c6d6e,2026-02-11,credit,15110.07,USD,Revenue recognized for sales order 819
426ee47f-c9d3-5765-b038-26e4445522db,7e8959bb-b309-52e1-9019-817a37a7599f,2badb7c2-2d43-5c39-bd97-d0b3a6ff114b,2026-02-11,credit,21082.82,USD,Revenue recognized for sales order 820
db3773e3-3d02-583c-8f8d-050154621d35,7e8959bb-b309-52e1-9019-817a37a7599f,83ded420-216f-5a6d-9db3-ddeacaa3a4dd,2026-02-12,credit,20008.99,USD,Revenue recognized for sales order 821
676ac579-e356-59a2-99a1-644f13c2dee3,7e8959bb-b309-52e1-9019-817a37a7599f,c9bebe4f-9bef-5ed0-ba2f-248c74c58b11,2026-02-12,credit,16538.34,USD,Revenue recognized for sales order 822
20134574-f36e-536d-b8f9-96663495a7c3,7e8959bb-b309-52e1-9019-817a37a7599f,21017e60-40fe-5e25-8326-aac59e4fa636,2026-02-12,credit,17591.94,USD,Revenue recognized for sales order 823
163f146d-6123-5ff4-a389-a973f91023a8,7e8959bb-b309-52e1-9019-817a37a7599f,8f8f9213-a7bc-5b8e-bdd5-5dd9f9a65c07,2026-02-12,credit,22325.41,USD,Revenue recognized for sales order 824
04900a7d-f052-5d04-a169-0e7584fe574d,7e8959bb-b309-52e1-9019-817a37a7599f,818422d7-8b08-5cda-b049-5b8dc495e703,2026-02-12,credit,17709.02,USD,Revenue recognized for sales order 825
412d0fd8-2715-54e2-b134-dc53b281fb25,7e8959bb-b309-52e1-9019-817a37a7599f,87574f46-3ce9-50eb-a59a-8173504839bf,2026-02-13,credit,32393.16,USD,Revenue recognized for sales order 826
ddb75ed3-7aff-5cc7-8288-0aa98cbd8c04,7e8959bb-b309-52e1-9019-817a37a7599f,92c131cb-2486-5676-b037-09805ace2e59,2026-02-13,credit,6723.11,USD,Revenue recognized for sales order 827
b958eba6-fc8e-5ae8-8f3e-b32d3cb899c0,7e8959bb-b309-52e1-9019-817a37a7599f,6034914a-f22b-5e23-936d-673f64608bbc,2026-02-13,credit,957.12,USD,Revenue recognized for sales order 828
456f90bb-334d-5f69-bcb8-5b0e338cc000,7e8959bb-b309-52e1-9019-817a37a7599f,a317748e-aea4-59f7-9d49-eaee90cb78c2,2026-02-13,credit,12775.90,USD,Revenue recognized for sales order 829
7fe7ca15-56fc-510a-9619-1ec76e5d04d3,7e8959bb-b309-52e1-9019-817a37a7599f,ed6b7e19-f8f4-5313-8394-6947986a2826,2026-02-14,credit,32100.35,USD,Revenue recognized for sales order 830
d8f6a4ea-5ba5-51cd-b3eb-326dfb150823,7e8959bb-b309-52e1-9019-817a37a7599f,581b2681-31bf-5e0c-b7a5-1c25c77b1e5d,2026-02-15,credit,51697.60,USD,Revenue recognized for sales order 832
603e3b29-f53c-55fa-8555-c8f82f656b57,7e8959bb-b309-52e1-9019-817a37a7599f,d575d140-23fa-5d47-b60c-488d53a05eb8,2026-02-15,credit,10078.55,USD,Revenue recognized for sales order 833
009ff5c1-ed76-5cb0-a44e-33b4cd80f93b,7e8959bb-b309-52e1-9019-817a37a7599f,067aec29-7f7d-5b31-af87-26ba70214660,2026-02-16,credit,16295.33,USD,Revenue recognized for sales order 834
fc3dc911-6190-584b-8b76-d6907e24538f,7e8959bb-b309-52e1-9019-817a37a7599f,8a648371-4a35-5ef9-bcc9-287e488a8d9c,2026-02-16,credit,36263.61,USD,Revenue recognized for sales order 835
eeca0356-b912-5335-b5a5-36b817afd732,7e8959bb-b309-52e1-9019-817a37a7599f,94580e9f-571f-5ace-8e9c-362470c4cb9f,2026-02-16,credit,22596.95,USD,Revenue recognized for sales order 836
4abc9c69-627a-59c4-a94a-9ca94feda120,7e8959bb-b309-52e1-9019-817a37a7599f,53521f06-c3e4-5fe4-ac0b-25a004915895,2026-02-16,credit,36487.21,USD,Revenue recognized for sales order 837
5d66588c-5afe-5fc5-9a21-962a3864e9a8,7e8959bb-b309-52e1-9019-817a37a7599f,47b1df15-fc1e-5af2-b1d9-5dd242017fc5,2026-02-16,credit,2204.40,USD,Revenue recognized for sales order 838
c49d07b9-60c3-5f10-9611-b38a18866bb9,7e8959bb-b309-52e1-9019-817a37a7599f,3f238f1c-05b0-58a6-8d04-f487798b3b03,2026-02-16,credit,15460.77,USD,Revenue recognized for sales order 839
0ac406e2-06c8-5f27-b53f-b4f539be293e,7e8959bb-b309-52e1-9019-817a37a7599f,6ee643b6-a3b9-5137-bca2-2c26f774cd9f,2026-02-16,credit,21577.48,USD,Revenue recognized for sales order 841
b4baa45d-7631-5eef-8652-51ab9f96e02d,7e8959bb-b309-52e1-9019-817a37a7599f,0ffb3e01-985d-5674-a25c-6a4827da65b6,2026-02-17,credit,21168.03,USD,Revenue recognized for sales order 842
07e6e9ce-3f03-57e6-853b-60a974d3407d,7e8959bb-b309-52e1-9019-817a37a7599f,86351a85-5217-55f2-a41b-e86bb96b98ea,2026-02-17,credit,1579.97,USD,Revenue recognized for sales order 843
3ef3f290-4203-5c6d-9b9d-3cdd54ee965c,7e8959bb-b309-52e1-9019-817a37a7599f,e4d096b5-a108-5b5c-90a5-d70f95243444,2026-02-17,credit,24077.88,USD,Revenue recognized for sales order 844
c41df2c8-3c82-5ed0-b3c4-174874a0bb84,7e8959bb-b309-52e1-9019-817a37a7599f,0bebc0ac-deaa-5d48-b847-fe9ccda639fd,2026-02-17,credit,5391.13,USD,Revenue recognized for sales order 845
a6588c11-cdd9-5a07-9ba2-1183c15ca77f,7e8959bb-b309-52e1-9019-817a37a7599f,2a049c0c-8ee7-5c2e-bffa-8ba2ac0ae8cd,2026-02-17,credit,48220.20,USD,Revenue recognized for sales order 846
087eebb1-e5ef-54cc-8045-830a98fba68d,7e8959bb-b309-52e1-9019-817a37a7599f,5634edd7-4a31-5c46-afd9-41f45249ab27,2026-02-17,credit,4928.96,USD,Revenue recognized for sales order 847
2725a96f-f28d-50b6-b342-4937278a91e3,7e8959bb-b309-52e1-9019-817a37a7599f,1df6655b-7535-5c89-b020-6dcebbc69efb,2026-02-17,credit,10628.55,USD,Revenue recognized for sales order 848
d8f96aae-f725-5e6a-92fc-e32ffa2fd4bb,7e8959bb-b309-52e1-9019-817a37a7599f,76ba1635-6c7b-58e5-b9f2-7a8b0d574216,2026-02-17,credit,28302.94,USD,Revenue recognized for sales order 849
4d94f6ce-5bf4-5fe0-933d-3f587e216f17,7e8959bb-b309-52e1-9019-817a37a7599f,59f7f9da-8c64-58a5-9a9c-642dfe906324,2026-02-18,credit,12042.04,USD,Revenue recognized for sales order 850
6609bc28-aec7-5c18-b397-35713303a9fd,7e8959bb-b309-52e1-9019-817a37a7599f,00254f57-5794-5fe9-b334-b1af6f76cf80,2026-02-18,credit,14598.88,USD,Revenue recognized for sales order 851
cba62bc5-2964-5c19-9c3a-ce55aac83599,7e8959bb-b309-52e1-9019-817a37a7599f,b61294e1-a9d4-5885-826d-0ec95efa416e,2026-02-18,credit,15884.71,USD,Revenue recognized for sales order 852
31a7c9ba-1e86-54d3-b634-1481c8749fee,7e8959bb-b309-52e1-9019-817a37a7599f,5bb9f6b6-f2eb-5f73-a190-ab05d99e39cc,2026-02-18,credit,22623.26,USD,Revenue recognized for sales order 853
41914334-4171-5b1f-aec0-ffb729efbf93,7e8959bb-b309-52e1-9019-817a37a7599f,fde39aca-b92e-591c-b360-680ab82e6918,2026-02-19,credit,20430.30,USD,Revenue recognized for sales order 854
a9941d7b-1142-5461-b6ac-ee55488530fe,7e8959bb-b309-52e1-9019-817a37a7599f,b9682444-462a-561e-9f64-4ce468705b0e,2026-02-19,credit,4953.60,USD,Revenue recognized for sales order 855
fc2da20b-9320-5d1f-ba6a-86974d6467af,7e8959bb-b309-52e1-9019-817a37a7599f,326ef4ff-da38-5d5c-9968-1c1cf5978f8b,2026-02-19,credit,13791.44,USD,Revenue recognized for sales order 856
84c57241-b861-5ddf-99e0-f2b052ec6037,7e8959bb-b309-52e1-9019-817a37a7599f,b2ef5236-4e76-5da5-bc11-62e934014d78,2026-02-19,credit,18289.35,USD,Revenue recognized for sales order 857
bc5b2005-2ae8-5b28-9b90-d52120df831e,7e8959bb-b309-52e1-9019-817a37a7599f,f1df55ab-97ab-57e5-8381-7e59803abff1,2026-02-19,credit,2097.12,USD,Revenue recognized for sales order 858
4524f02a-a322-5b17-a153-08c225d2b219,7e8959bb-b309-52e1-9019-817a37a7599f,c155f2fe-327e-52c0-82a5-f51d754abb21,2026-02-19,credit,17021.87,USD,Revenue recognized for sales order 859
adf79034-a81c-56f9-83f2-b316e08de060,7e8959bb-b309-52e1-9019-817a37a7599f,3a79845d-0282-5157-a7c3-0cbf326e69d8,2026-02-19,credit,21478.20,USD,Revenue recognized for sales order 860
ed90e058-8f42-576e-9ba6-e0517dc39cd8,7e8959bb-b309-52e1-9019-817a37a7599f,8bd52449-a936-5e81-ab1e-57e2c2554301,2026-02-20,credit,5662.15,USD,Revenue recognized for sales order 862
e97b7bb7-7a73-5197-a994-ee4756042865,7e8959bb-b309-52e1-9019-817a37a7599f,baa4b406-865f-56bf-999c-5f13ad2e5c5d,2026-02-20,credit,4087.26,USD,Revenue recognized for sales order 863
23077781-bde8-514c-952d-21dc8fca4e26,7e8959bb-b309-52e1-9019-817a37a7599f,937210f1-b8b3-58ab-b692-9bcafe0357fc,2026-02-20,credit,12838.40,USD,Revenue recognized for sales order 864
97ad3cc4-faf1-5262-8bae-ce8ca799b990,7e8959bb-b309-52e1-9019-817a37a7599f,63efa2ac-6a58-5573-bcfd-7ddcd9fe8168,2026-02-20,credit,25747.56,USD,Revenue recognized for sales order 865
7e307aa0-c0c7-53ff-a4ba-1dc2afab0380,7e8959bb-b309-52e1-9019-817a37a7599f,cae822d6-3e7e-5473-a3b1-1b8b81e0a0f2,2026-02-20,credit,2687.76,USD,Revenue recognized for sales order 866
19217160-1e7b-5a9a-83c8-4a883fbbb497,7e8959bb-b309-52e1-9019-817a37a7599f,eef1b25b-5e0d-5653-a9c5-0e81950d0091,2026-02-20,credit,16789.48,USD,Revenue recognized for sales order 867
6c307f67-57d5-5b2e-b126-32d175e0f9b3,7e8959bb-b309-52e1-9019-817a37a7599f,8fd0ee5a-f3cb-5c63-80f9-8011ea6de3e5,2026-02-20,credit,30750.20,USD,Revenue recognized for sales order 868
1236085a-a7e1-5698-ab2a-457ece1caded,7e8959bb-b309-52e1-9019-817a37a7599f,0abb1f8c-4311-561b-b77c-44d8da863dbb,2026-02-20,credit,8758.61,USD,Revenue recognized for sales order 869
107046b3-1956-5f9b-b5f4-00b5de0d9c80,7e8959bb-b309-52e1-9019-817a37a7599f,c17faf80-ac8b-5792-a29c-d535c879b74c,2026-02-21,credit,55083.20,USD,Revenue recognized for sales order 870
979daeed-d0ea-577c-bd96-8a4fbfdf9ee6,7e8959bb-b309-52e1-9019-817a37a7599f,faeca302-1081-5e27-8045-09382f2685ae,2026-02-22,credit,24737.61,USD,Revenue recognized for sales order 871
133a28ea-e81b-5c3f-a641-c0b1c8a69c75,7e8959bb-b309-52e1-9019-817a37a7599f,a34618c6-a1b1-5d67-b4cb-b96cc8023140,2026-02-22,credit,4242.32,USD,Revenue recognized for sales order 872
a5244de6-d694-597d-8e26-6cc051f33791,7e8959bb-b309-52e1-9019-817a37a7599f,074fec56-5bb8-5930-b28c-c5dd36c31aa8,2026-02-22,credit,11416.40,USD,Revenue recognized for sales order 873
25f61ae0-0e63-5d47-b672-428889b70122,7e8959bb-b309-52e1-9019-817a37a7599f,60bc1b19-f4a6-5ecb-a178-82dbc6de5005,2026-02-23,credit,2100.45,USD,Revenue recognized for sales order 874
2d12df8e-6031-515c-9dd4-5950fd86457e,7e8959bb-b309-52e1-9019-817a37a7599f,a26b8904-4b05-5b25-a1eb-01c4ce8d9e80,2026-02-23,credit,28476.93,USD,Revenue recognized for sales order 875
23499791-0471-5e4d-b3d5-4bd93c335595,7e8959bb-b309-52e1-9019-817a37a7599f,76a00056-4da4-5665-80f4-3ff583d5978b,2026-02-23,credit,16074.28,USD,Revenue recognized for sales order 877
9dc983e3-4c1c-5910-b6a3-e42c8dc629b9,7e8959bb-b309-52e1-9019-817a37a7599f,2fe46427-fd09-5402-ad6c-1b3330fd367d,2026-02-24,credit,6779.20,USD,Revenue recognized for sales order 878
c4f8f242-3794-5a50-9afd-dd1df170d169,7e8959bb-b309-52e1-9019-817a37a7599f,99d4541b-818d-555e-b3ae-1a44351f6852,2026-02-24,credit,8927.79,USD,Revenue recognized for sales order 879
c9c3b5c9-8b4d-5d5d-b91e-dea22302d44a,7e8959bb-b309-52e1-9019-817a37a7599f,57d59baa-ec57-55d9-8e2e-b92b3a3c6663,2026-02-24,credit,12769.92,USD,Revenue recognized for sales order 880
8891b7d2-da20-5788-b8e6-8d7cba8135e9,7e8959bb-b309-52e1-9019-817a37a7599f,54a20733-eeba-51b6-9110-17a65884e1c1,2026-02-24,credit,33465.44,USD,Revenue recognized for sales order 881
d6bbd5a4-aeb4-56a5-ba61-2b5e489a525d,7e8959bb-b309-52e1-9019-817a37a7599f,a72b7cfc-b071-507f-9755-104a73f0b854,2026-02-24,credit,27189.34,USD,Revenue recognized for sales order 882
82038b0f-eca8-54a9-9f74-6298971c4c18,7e8959bb-b309-52e1-9019-817a37a7599f,fdc38fd8-3a05-5060-8c06-774e2450d57e,2026-02-24,credit,15879.53,USD,Revenue recognized for sales order 883
514b48fd-a110-5eb9-903f-fa8efe5db9ec,7e8959bb-b309-52e1-9019-817a37a7599f,a9b92152-8e9e-527d-bb37-2f7e7b1950d8,2026-02-24,credit,12950.53,USD,Revenue recognized for sales order 884
6bae4e5f-4996-5fe8-9490-70b88ea76972,7e8959bb-b309-52e1-9019-817a37a7599f,70cdae25-10b1-5165-b51e-834346c04088,2026-02-25,credit,13260.44,USD,Revenue recognized for sales order 885
6845bbe5-9d18-503c-8392-d06ac272461c,7e8959bb-b309-52e1-9019-817a37a7599f,7be8b5c8-e131-59f5-9941-32ca5b673cef,2026-02-25,credit,24927.85,USD,Revenue recognized for sales order 886
e3137984-c722-50b3-bbe7-990eccabc694,7e8959bb-b309-52e1-9019-817a37a7599f,30985524-f3c1-54e0-a481-3bb29c06e509,2026-02-25,credit,1251.43,USD,Revenue recognized for sales order 887
b6f476be-b9ec-519b-9901-37e473a75dfa,7e8959bb-b309-52e1-9019-817a37a7599f,94b4b0e2-4577-5af6-9938-7a135878cd98,2026-02-25,credit,29253.97,USD,Revenue recognized for sales order 888
dc75fc6c-2b95-5635-b6ce-bb4b23d8d19b,7e8959bb-b309-52e1-9019-817a37a7599f,9d7d625b-0ade-54bc-a26e-9fb9b1e7aa85,2026-02-25,credit,14073.24,USD,Revenue recognized for sales order 889
e89c07e2-3683-5a34-a95a-8f2892a196c8,7e8959bb-b309-52e1-9019-817a37a7599f,8f3b1125-d67d-56de-8e80-53ab81dd4b54,2026-02-25,credit,18526.95,USD,Revenue recognized for sales order 891
bb2e7196-4d81-54c4-aad1-db38a2a0d362,7e8959bb-b309-52e1-9019-817a37a7599f,a1fa5f19-a298-56cf-b11a-729a9a250241,2026-02-26,credit,39405.68,USD,Revenue recognized for sales order 893
cb920ae9-55fc-57f2-b9e8-7adb2da245cc,7e8959bb-b309-52e1-9019-817a37a7599f,a7d88bc0-48c6-5738-a019-89fa2480c99f,2026-02-26,credit,20800.81,USD,Revenue recognized for sales order 894
3029d243-7443-5bb4-82a3-ccd650c9ebad,7e8959bb-b309-52e1-9019-817a37a7599f,fff88396-1b8a-5025-91db-eae27f5a572a,2026-02-26,credit,14000.89,USD,Revenue recognized for sales order 895
47ef8fab-0d52-5bc0-84fc-5db65d941384,7e8959bb-b309-52e1-9019-817a37a7599f,1895dba7-4d79-58a9-972b-7daa526f50af,2026-02-26,credit,25178.40,USD,Revenue recognized for sales order 896
b16f127e-8200-5dc1-95a3-36832469852b,7e8959bb-b309-52e1-9019-817a37a7599f,f5adfb4d-2137-5004-b5f0-ff2e4ecff23b,2026-02-26,credit,30810.18,USD,Revenue recognized for sales order 897
02db3ee2-daac-5ac2-8df9-5745f4f866f0,7e8959bb-b309-52e1-9019-817a37a7599f,470dfd24-de07-52b0-9c08-303183605820,2026-02-27,credit,29323.82,USD,Revenue recognized for sales order 898
cfca2047-4587-5a80-a5c2-3107a8b58087,7e8959bb-b309-52e1-9019-817a37a7599f,40f45b17-d8c1-5c54-a0de-186bd6c0ad02,2026-02-27,credit,14259.43,USD,Revenue recognized for sales order 899
a0102861-e1d6-5e38-b857-8c1da12d55af,7e8959bb-b309-52e1-9019-817a37a7599f,4ae889ac-f983-53a8-8365-dc0c9f209204,2026-02-27,credit,2553.37,USD,Revenue recognized for sales order 900
855ede1a-1c7e-5cb5-b668-073e35c877b9,7e8959bb-b309-52e1-9019-817a37a7599f,35675310-8544-5d2f-a693-add41071740e,2026-02-27,credit,1290.00,USD,Revenue recognized for sales order 901
2d7f557a-5945-5d15-b7b8-28dbc1af4d46,7e8959bb-b309-52e1-9019-817a37a7599f,75967bf9-a420-59b5-836b-61e68f6d7b96,2026-02-27,credit,15145.78,USD,Revenue recognized for sales order 902
a0345a07-b93a-5979-9027-1c0a94e67ac8,7e8959bb-b309-52e1-9019-817a37a7599f,1ed93ec5-cebb-55ef-9122-f4ba3dd76405,2026-02-28,credit,3591.26,USD,Revenue recognized for sales order 903
dcf6b64a-8042-5258-a9d9-69bca52a0a5f,7e8959bb-b309-52e1-9019-817a37a7599f,2bee8919-6308-5cbd-8683-cf5729d7fb23,2026-02-28,credit,5171.95,USD,Revenue recognized for sales order 904
0579ab17-ae5e-5d0c-b8c6-de378a4ff264,7e8959bb-b309-52e1-9019-817a37a7599f,982377db-fa5b-551b-8585-21b949550b4a,2026-03-01,credit,26969.06,USD,Revenue recognized for sales order 905
3ead1779-1d8c-5a11-bfee-7cfb1b892c9f,7e8959bb-b309-52e1-9019-817a37a7599f,d80326db-1df0-55a3-ac46-08419181ccee,2026-03-01,credit,23862.72,USD,Revenue recognized for sales order 906
c8c2ad09-b32b-5b52-93c8-fb3463450f72,7e8959bb-b309-52e1-9019-817a37a7599f,191d6727-38d0-5fbe-af24-586e1cc0a431,2026-03-02,credit,10252.17,USD,Revenue recognized for sales order 907
4c052e7a-9366-5086-a011-6b16feee7b94,7e8959bb-b309-52e1-9019-817a37a7599f,96b56c8c-6691-523e-8c96-48fd7e940303,2026-03-02,credit,32733.39,USD,Revenue recognized for sales order 908
b8b7ec53-ba64-5c0e-aa1c-9c4a28871166,7e8959bb-b309-52e1-9019-817a37a7599f,be5c7bbe-568f-5739-8ffe-3d8977544e78,2026-03-02,credit,26538.58,USD,Revenue recognized for sales order 909
76e30aea-fe8f-5c58-ad42-ace6b093ac52,7e8959bb-b309-52e1-9019-817a37a7599f,385f2a10-714e-566f-8dc9-566ba6de83f2,2026-03-03,credit,29526.52,USD,Revenue recognized for sales order 910
74061a4a-f180-5b4a-98d9-7a32d3c33b33,7e8959bb-b309-52e1-9019-817a37a7599f,700f2824-dfe6-56dc-869b-c7af1cdfb36c,2026-03-03,credit,28229.98,USD,Revenue recognized for sales order 911
a4a9fdf8-0a64-5f18-8448-2aa971caa22c,7e8959bb-b309-52e1-9019-817a37a7599f,a6b43398-7035-5aba-93af-6197854727b6,2026-03-03,credit,11694.20,USD,Revenue recognized for sales order 912
cd5a2df5-68ba-5f76-abd1-cdac3e46c8a5,7e8959bb-b309-52e1-9019-817a37a7599f,886f2dba-a31d-5aa5-b4c4-14dd44e4df98,2026-03-03,credit,28744.37,USD,Revenue recognized for sales order 913
1bac7979-bf94-51d0-ad2a-7a468e137285,7e8959bb-b309-52e1-9019-817a37a7599f,cf450151-f1ed-5c63-b7a7-cde9e37f7cbf,2026-03-03,credit,8250.70,USD,Revenue recognized for sales order 915
64b7cbfb-4962-5c2a-a6ec-7518b24d9a67,7e8959bb-b309-52e1-9019-817a37a7599f,0ebac6d6-0357-5ed0-801c-659aa67ecfd4,2026-03-03,credit,1804.14,USD,Revenue recognized for sales order 916
2f84c6a4-ede0-5ef1-b7bf-c1547d1b0bfc,7e8959bb-b309-52e1-9019-817a37a7599f,dc273966-7862-5630-bdf7-9eef19d01fda,2026-03-04,credit,24012.48,USD,Revenue recognized for sales order 917
792862c5-4f7a-5b27-b7d1-7bec46e4630a,7e8959bb-b309-52e1-9019-817a37a7599f,f91076d3-8298-5e7f-8a36-5c920138d967,2026-03-04,credit,215.00,USD,Revenue recognized for sales order 918
5188feb0-acfc-52be-a851-6cac42699419,7e8959bb-b309-52e1-9019-817a37a7599f,c5b56c28-400a-553b-8c05-c3d078c141e8,2026-03-04,credit,15888.44,USD,Revenue recognized for sales order 919
97a2d763-407e-5f12-b9e7-8ee77266c883,7e8959bb-b309-52e1-9019-817a37a7599f,400b6466-cbe4-5882-b4be-739723377e9c,2026-03-04,credit,17448.31,USD,Revenue recognized for sales order 920
97d347ff-130f-5824-a950-714b62199be2,7e8959bb-b309-52e1-9019-817a37a7599f,3c28e5b5-fc68-5d22-ae8e-e44601f16b42,2026-03-04,credit,5482.80,USD,Revenue recognized for sales order 921
167aa363-a9e9-53e0-9794-43462063af7b,7e8959bb-b309-52e1-9019-817a37a7599f,262fcb0b-c20b-5885-8c32-caa8a88de362,2026-03-05,credit,13260.43,USD,Revenue recognized for sales order 922
22ac48a4-8736-55c1-89c3-4e45816ef6da,7e8959bb-b309-52e1-9019-817a37a7599f,359b0299-4298-555a-afc2-d16aac00f65c,2026-03-05,credit,19254.91,USD,Revenue recognized for sales order 923
3a29dcee-3793-589c-9ce4-c5fffdca2e3d,7e8959bb-b309-52e1-9019-817a37a7599f,c3015822-0811-505c-88ce-fb457837524a,2026-03-05,credit,9649.42,USD,Revenue recognized for sales order 924
9e0cc5d5-0917-526b-951c-2bd251fe998b,7e8959bb-b309-52e1-9019-817a37a7599f,e9a208a9-d792-534f-9e14-e527a924e1c8,2026-03-05,credit,28834.44,USD,Revenue recognized for sales order 925
8db823ed-00b4-5e4f-a8f9-654305db2958,7e8959bb-b309-52e1-9019-817a37a7599f,62566455-0742-5df9-9a5c-4f0eb0d461f3,2026-03-05,credit,13275.12,USD,Revenue recognized for sales order 926
af8a07f7-df57-5257-882d-4df6b8e28912,7e8959bb-b309-52e1-9019-817a37a7599f,111577fb-5c08-50e7-9ee2-058fe5845734,2026-03-05,credit,22493.71,USD,Revenue recognized for sales order 927
0e065f44-a8d8-5b87-b0be-59ca4f5e579a,7e8959bb-b309-52e1-9019-817a37a7599f,a9ae517c-e82c-5a1c-b8d8-6f168a61f07f,2026-03-06,credit,7600.08,USD,Revenue recognized for sales order 928
ea937329-b18f-568d-8526-069af08335e4,7e8959bb-b309-52e1-9019-817a37a7599f,6abc852a-6e4d-5388-8f9a-e55d04bb3ae6,2026-03-06,credit,18080.97,USD,Revenue recognized for sales order 930
ee284bdf-d5eb-592b-92fc-23f4201d0c14,7e8959bb-b309-52e1-9019-817a37a7599f,a2da7cfa-5724-59c1-af2e-38e4c12b2cfd,2026-03-06,credit,23931.39,USD,Revenue recognized for sales order 931
fa1534e4-d8c7-58de-8b2d-2c4147c972df,7e8959bb-b309-52e1-9019-817a37a7599f,79f2f474-9a41-5846-84a6-92b06f0405ad,2026-03-06,credit,3562.50,USD,Revenue recognized for sales order 933
8adcac30-7408-5716-b5e0-07c341d0ce4b,7e8959bb-b309-52e1-9019-817a37a7599f,b0e16dd4-b033-5184-be5e-f661205cf986,2026-03-07,credit,21946.31,USD,Revenue recognized for sales order 934
ebd5a500-6051-5410-b457-4d1e300b4345,7e8959bb-b309-52e1-9019-817a37a7599f,5bf55da2-f6e5-52ad-94b6-76beb216955f,2026-03-07,credit,6487.51,USD,Revenue recognized for sales order 935
98dcc546-192f-5646-9de1-ff497a4d624f,7e8959bb-b309-52e1-9019-817a37a7599f,5f7e366a-9541-56c9-8a32-b2199432d145,2026-03-08,credit,6388.00,USD,Revenue recognized for sales order 936
5727efcf-3ad8-5761-8ec7-94cfa17c0d9f,7e8959bb-b309-52e1-9019-817a37a7599f,6d74c8d0-0b06-5d8b-b2b5-aacb4cafc8cc,2026-03-09,credit,5142.08,USD,Revenue recognized for sales order 938
768e0c5c-9267-57b3-b4b8-e48b256585d6,7e8959bb-b309-52e1-9019-817a37a7599f,3bb8b991-858e-5b3d-baaf-d281f5696935,2026-03-09,credit,21581.24,USD,Revenue recognized for sales order 939
6d1c8096-11d5-5445-9044-ced185ad521a,7e8959bb-b309-52e1-9019-817a37a7599f,72c3bed1-7d79-5509-9954-546cd1149b4f,2026-03-09,credit,20124.45,USD,Revenue recognized for sales order 940
090b8216-0530-598f-b78e-fe179aba04c7,7e8959bb-b309-52e1-9019-817a37a7599f,0bb1a6f9-949f-5362-b69c-c2be896798ad,2026-03-09,credit,4510.35,USD,Revenue recognized for sales order 941
39e99482-4776-50ba-8899-1f41edd15dec,7e8959bb-b309-52e1-9019-817a37a7599f,72603978-1ab6-5fb7-a6af-c82fa6e2bae2,2026-03-09,credit,7579.65,USD,Revenue recognized for sales order 942
d248e134-e1d3-50c2-ad47-8fafecc50cce,7e8959bb-b309-52e1-9019-817a37a7599f,225a89ed-f162-59a7-8ba4-d4ef4f023e75,2026-03-10,credit,1390.22,USD,Revenue recognized for sales order 943
b9427cd3-c635-5109-9e3a-c48b2062b836,7e8959bb-b309-52e1-9019-817a37a7599f,e66c403d-6081-535a-9d9f-ff7782b88299,2026-03-10,credit,11539.75,USD,Revenue recognized for sales order 944
fc5c17a6-44d5-581a-ac3f-4df97ee6b704,7e8959bb-b309-52e1-9019-817a37a7599f,2690ad78-dd42-5805-ba19-1901ffb16013,2026-03-10,credit,28211.46,USD,Revenue recognized for sales order 945
7faf0a37-0a1f-5d91-996b-47334d3f3078,7e8959bb-b309-52e1-9019-817a37a7599f,9520048c-bf07-5364-a5d9-ef2046489907,2026-03-10,credit,22533.64,USD,Revenue recognized for sales order 947
901ddc3a-b40d-5e6c-a2d0-e8ad106b9098,7e8959bb-b309-52e1-9019-817a37a7599f,20121398-3296-50dd-b104-82ec39e10c2c,2026-03-10,credit,11035.20,USD,Revenue recognized for sales order 948
748ad6d3-72ec-5032-8a91-e049a8e2ce77,7e8959bb-b309-52e1-9019-817a37a7599f,0005a5a6-793a-50ae-abac-1fde763a87a8,2026-03-11,credit,536.14,USD,Revenue recognized for sales order 949
62e06a32-addb-57b5-b2fb-b58c5b29eb0f,7e8959bb-b309-52e1-9019-817a37a7599f,bcc4d671-0fc4-5cba-8dfe-f3cfcb9050e2,2026-03-11,credit,2477.77,USD,Revenue recognized for sales order 950
12b72b4e-b952-55a1-95ce-cdbd732a47eb,7e8959bb-b309-52e1-9019-817a37a7599f,ac15caf6-4d35-565c-866d-7cb53c89a4eb,2026-03-11,credit,12478.31,USD,Revenue recognized for sales order 951
6ea8a344-ced4-5a44-91d9-b5fa98d9ed04,7e8959bb-b309-52e1-9019-817a37a7599f,faebaeb7-d655-5a92-9b1d-20ceebad9de4,2026-03-11,credit,16233.05,USD,Revenue recognized for sales order 953
8d25d217-c55a-5360-913b-ddba8cf282bf,7e8959bb-b309-52e1-9019-817a37a7599f,bf6ce8d5-5dcf-502d-b2c7-90953964558d,2026-03-11,credit,7342.65,USD,Revenue recognized for sales order 954
9522d621-b260-5579-b6e6-01477bade5b5,7e8959bb-b309-52e1-9019-817a37a7599f,868c323c-18d5-57ad-bc0c-b11add99ea1d,2026-03-12,credit,19102.10,USD,Revenue recognized for sales order 955
a3d7c0a1-0256-5691-8b15-cc6874439e83,7e8959bb-b309-52e1-9019-817a37a7599f,975927e7-076b-598f-9084-360833a916e0,2026-03-12,credit,3863.83,USD,Revenue recognized for sales order 956
da61e700-d287-5049-8760-3036f0fb326f,7e8959bb-b309-52e1-9019-817a37a7599f,5887c555-6d7b-58ab-a50e-68ac82b6aa7a,2026-03-12,credit,1311.28,USD,Revenue recognized for sales order 957
c7e39e84-4a02-5f79-a22b-bc591aa4ab99,7e8959bb-b309-52e1-9019-817a37a7599f,4cdb2ca1-4ae1-5aed-8b19-4c783d163865,2026-03-12,credit,30057.66,USD,Revenue recognized for sales order 958
92144342-682d-52c4-836b-94dd1d642ce3,7e8959bb-b309-52e1-9019-817a37a7599f,3e39194c-6861-5c40-97fc-cc9dcab3ca79,2026-03-13,credit,17021.44,USD,Revenue recognized for sales order 959
080130dd-2c28-5dbc-8514-4a824c5a4a1f,7e8959bb-b309-52e1-9019-817a37a7599f,5d7cb177-0f0a-5141-b794-9c255668af4e,2026-03-13,credit,7657.29,USD,Revenue recognized for sales order 960
f54236ae-811e-5281-a98b-2e7924bbce1c,7e8959bb-b309-52e1-9019-817a37a7599f,58c305b9-ed78-5d83-8ea4-2be571b15251,2026-03-13,credit,30087.90,USD,Revenue recognized for sales order 961
fb8c24e9-7411-5313-8acd-216b9b08f065,7e8959bb-b309-52e1-9019-817a37a7599f,1beed976-dc50-5912-b2ff-3d5777e36fac,2026-03-13,credit,7043.76,USD,Revenue recognized for sales order 962
aa3dccb4-a4da-5416-ab76-aa2747abd1a3,7e8959bb-b309-52e1-9019-817a37a7599f,fd5c2914-5844-505f-826b-d3894ad11f17,2026-03-13,credit,10274.63,USD,Revenue recognized for sales order 963
7622a4be-f766-5582-8614-44b1b9161580,7e8959bb-b309-52e1-9019-817a37a7599f,76bc801f-ce33-5105-a9b6-5f91df0ca039,2026-03-14,credit,11733.25,USD,Revenue recognized for sales order 964
4f9ed6e6-7cbd-5625-98ab-5df1124904b6,7e8959bb-b309-52e1-9019-817a37a7599f,5c1431dd-1275-5e9d-895c-e04084eb5719,2026-03-14,credit,5727.00,USD,Revenue recognized for sales order 965
111b1723-44cb-5e97-aa95-b0c9b88c9b17,7e8959bb-b309-52e1-9019-817a37a7599f,27cbfde2-e305-5186-9b78-b30b49a2964b,2026-03-15,credit,4385.43,USD,Revenue recognized for sales order 967
43235dc8-dc00-5f68-bbd5-4b263569f3f3,7e8959bb-b309-52e1-9019-817a37a7599f,7deb7d2f-e9bf-50d7-9437-48b39fb57588,2026-03-15,credit,24077.69,USD,Revenue recognized for sales order 968
22bef811-514d-5970-ab8e-33dd78367773,7e8959bb-b309-52e1-9019-817a37a7599f,39ed266d-1e98-5a22-adb5-47dc2ae9719e,2026-03-15,credit,23840.42,USD,Revenue recognized for sales order 969
314edba7-1e3e-527a-8d37-c9016348afb4,7e8959bb-b309-52e1-9019-817a37a7599f,229ee056-bf92-5b5b-990b-70fac8032f58,2026-03-16,credit,32239.80,USD,Revenue recognized for sales order 971
d180e6c1-6795-50b5-918d-f7554fce93e9,7e8959bb-b309-52e1-9019-817a37a7599f,1ad22eff-2f2c-5565-8c47-a3093a789998,2026-03-16,credit,11505.01,USD,Revenue recognized for sales order 972
41fc85d2-ced1-51a5-8220-cef4a9f0ef5c,7e8959bb-b309-52e1-9019-817a37a7599f,a085e7cb-2cdd-550d-a840-ea7aa9747e3e,2026-03-16,credit,24253.24,USD,Revenue recognized for sales order 974
83e11b30-c66f-5ea8-a510-d67dde776ed8,7e8959bb-b309-52e1-9019-817a37a7599f,f538cf4a-d12c-53d7-9a18-656dbb16a620,2026-03-16,credit,9262.74,USD,Revenue recognized for sales order 975
cebe32a0-ac5f-5baf-867d-583c570422d2,7e8959bb-b309-52e1-9019-817a37a7599f,dbe002e3-183f-5a20-994b-7e9ad507bf25,2026-03-16,credit,21532.37,USD,Revenue recognized for sales order 976
74b6d596-fd50-5a19-a186-e6e4ef1f3441,7e8959bb-b309-52e1-9019-817a37a7599f,91bf8446-5825-53e0-8015-bf4ff1f9d2ce,2026-03-16,credit,28217.00,USD,Revenue recognized for sales order 977
47c2a9fc-5a42-5937-8310-bd008dd1abf1,7e8959bb-b309-52e1-9019-817a37a7599f,cf8221b7-7db4-5b8c-8aae-c696f9eaea95,2026-03-17,credit,5116.32,USD,Revenue recognized for sales order 978
d8a544a1-ae7a-5560-895f-569af0e8f063,7e8959bb-b309-52e1-9019-817a37a7599f,dcdb8975-eabb-5fef-a919-d134a07c84c0,2026-03-17,credit,7439.24,USD,Revenue recognized for sales order 980
1d59b1f6-04fa-5838-8582-bd8d5b6f45c9,7e8959bb-b309-52e1-9019-817a37a7599f,79d3d3c3-e901-5236-9f84-2c28d43bcea3,2026-03-17,credit,10251.00,USD,Revenue recognized for sales order 981
91443460-fd5d-5144-9b2f-a1a385f08503,7e8959bb-b309-52e1-9019-817a37a7599f,be61f329-299d-5ab8-9f4c-babdd4d47206,2026-03-17,credit,10791.20,USD,Revenue recognized for sales order 982
38c73110-1e29-59de-a9d3-0ce8ea0017ca,7e8959bb-b309-52e1-9019-817a37a7599f,123b5f2f-e184-5aa3-9b8b-6e5f5e53c189,2026-03-18,credit,24522.61,USD,Revenue recognized for sales order 983
b7de04fc-a82a-5dfe-ab75-6c86ee631523,7e8959bb-b309-52e1-9019-817a37a7599f,237cb487-7f95-57fd-acba-b76e511f3e50,2026-03-18,credit,17076.42,USD,Revenue recognized for sales order 984
b21f12e6-bfb7-5e74-a30e-bad211dd55c4,7e8959bb-b309-52e1-9019-817a37a7599f,744fb2a3-869b-5b81-a084-28cf16443c3c,2026-03-18,credit,45071.18,USD,Revenue recognized for sales order 985
1a5377b5-40a1-5bf1-8519-43fb36335429,7e8959bb-b309-52e1-9019-817a37a7599f,03b3c7d3-df49-52f6-a4ef-9ab299eb3ee5,2026-03-19,credit,6655.65,USD,Revenue recognized for sales order 986
fb2c69cd-dd05-5f44-bb2f-40a33bed5f79,7e8959bb-b309-52e1-9019-817a37a7599f,70d65a1d-773a-5607-85ec-b9fe499f8211,2026-03-19,credit,16005.07,USD,Revenue recognized for sales order 988
33eea99c-163f-5238-afe7-605e8717d158,7e8959bb-b309-52e1-9019-817a37a7599f,598a254e-6fd1-5b31-a948-ec4a40c96de9,2026-03-19,credit,18018.32,USD,Revenue recognized for sales order 989
e60262c1-5094-5760-bcb5-c784d8611dd7,7e8959bb-b309-52e1-9019-817a37a7599f,035c3e63-5ca2-5b90-be6a-a1f90ee0283c,2026-03-19,credit,48473.76,USD,Revenue recognized for sales order 990
1dcef8b0-21f5-59a7-bc29-6de311d72f8a,7e8959bb-b309-52e1-9019-817a37a7599f,9fec421e-26f9-5fb2-8e85-1d0dedb1b6cd,2026-03-19,credit,6319.14,USD,Revenue recognized for sales order 991
6c5b9501-7b0a-5dc6-ac11-1489ce47ce0f,7e8959bb-b309-52e1-9019-817a37a7599f,804c7ac8-ff1d-55a5-90a8-80f90da8c3d8,2026-03-20,credit,15047.22,USD,Revenue recognized for sales order 992
02117a03-ce33-52f8-9a88-c311b21d3b2a,7e8959bb-b309-52e1-9019-817a37a7599f,ad1a2f0b-596d-5039-a808-40b70b5294fa,2026-03-20,credit,3417.39,USD,Revenue recognized for sales order 993
a9c8de17-a24b-5f57-b8b8-621ec0835833,7e8959bb-b309-52e1-9019-817a37a7599f,c509eb89-7a75-56ac-ad97-4404e64b5e70,2026-03-20,credit,17585.33,USD,Revenue recognized for sales order 994
3039d4f9-cbb1-55be-8e52-7eb82cf218b5,7e8959bb-b309-52e1-9019-817a37a7599f,75b79d6e-2aa8-5627-b031-decbe88f094d,2026-03-20,credit,11586.37,USD,Revenue recognized for sales order 995
c8628810-0d5e-5360-91ce-3959e3624c7e,7e8959bb-b309-52e1-9019-817a37a7599f,705ce41d-ce41-530c-a998-34e6f7dfb9db,2026-03-20,credit,11337.20,USD,Revenue recognized for sales order 996
9e684f2e-dbf2-52e0-a929-2cd8e8d3a198,7e8959bb-b309-52e1-9019-817a37a7599f,0f9a2309-15db-512a-90c1-25b950ccca9b,2026-03-20,credit,14295.93,USD,Revenue recognized for sales order 997
8216a7ff-a9d5-5982-95fd-fb04a0b14336,7e8959bb-b309-52e1-9019-817a37a7599f,c3415c50-7eb6-5ecd-9338-6664ab0e8a30,2026-03-20,credit,6921.67,USD,Revenue recognized for sales order 998
de081e8c-0823-5e8a-a5a1-396d88c83238,7e8959bb-b309-52e1-9019-817a37a7599f,8a869b3e-9e8b-526c-99a1-92450f76a111,2026-03-20,credit,23192.64,USD,Revenue recognized for sales order 999
f80c4b5d-dcd1-58d4-9801-17b1cb28864e,7e8959bb-b309-52e1-9019-817a37a7599f,67f04517-bb13-52b7-b67e-5e406946fab7,2026-03-21,credit,9898.03,USD,Revenue recognized for sales order 1000
b8435b39-c2ae-51a2-a90b-1490ca74f8e9,7e8959bb-b309-52e1-9019-817a37a7599f,ed36c831-64d1-529c-ad0c-90eb21cbd307,2026-03-21,credit,21405.15,USD,Revenue recognized for sales order 1001
5edd5b8e-8a31-587c-87d5-0bd0f7fe5baf,7e8959bb-b309-52e1-9019-817a37a7599f,a2eeb08e-75f4-5e67-aeec-f79db470b9bc,2026-03-22,credit,23276.40,USD,Revenue recognized for sales order 1002
f67fff2a-5f82-59b9-a6ea-3ec5f1901967,7e8959bb-b309-52e1-9019-817a37a7599f,f29d2717-9a10-58ef-bbbe-d4fd6ad70a44,2026-03-22,credit,17388.65,USD,Revenue recognized for sales order 1003
f4fa1ab6-1128-5f40-b2df-2bbb4360ddde,7e8959bb-b309-52e1-9019-817a37a7599f,ea00a1c6-896e-5949-ae00-30ebb33c2f7f,2026-03-22,credit,15930.36,USD,Revenue recognized for sales order 1004
c1c5cb1b-e955-56b6-a591-41217579a8f1,7e8959bb-b309-52e1-9019-817a37a7599f,c78334e2-90a8-56e7-aff6-9e149695f768,2026-03-23,credit,7263.84,USD,Revenue recognized for sales order 1005
b275033e-67e8-584f-8fe1-9adc640c9988,7e8959bb-b309-52e1-9019-817a37a7599f,63bcabcd-4827-5179-9342-3d944d86cf02,2026-03-23,credit,5126.09,USD,Revenue recognized for sales order 1006
aa4c8b3a-9119-5cf5-ac56-ed86b5eae16d,7e8959bb-b309-52e1-9019-817a37a7599f,7de12404-d628-535c-8a80-0591d11efd17,2026-03-23,credit,31634.86,USD,Revenue recognized for sales order 1007
c322328d-59b5-5a81-bfb2-96f455a08323,7e8959bb-b309-52e1-9019-817a37a7599f,065fd749-b2fd-5c7b-b284-b6a2563b0d51,2026-03-23,credit,13589.10,USD,Revenue recognized for sales order 1008
409a5be8-c0ce-525e-afb9-463c0cef3042,7e8959bb-b309-52e1-9019-817a37a7599f,a7545974-1b8b-59de-9689-56f93eb80555,2026-03-23,credit,13373.13,USD,Revenue recognized for sales order 1009
18ce463f-8480-5da8-9fa4-c38f9e61e30c,7e8959bb-b309-52e1-9019-817a37a7599f,13fd087f-37c7-5811-bbb7-f10ff3b1ea83,2026-03-24,credit,9531.16,USD,Revenue recognized for sales order 1010
51bdcd01-1428-5b4d-922f-5c8f3f3eb712,7e8959bb-b309-52e1-9019-817a37a7599f,f0e5ef3d-6449-5d58-af50-488590fc5604,2026-03-24,credit,126.57,USD,Revenue recognized for sales order 1011
397dc388-0f2a-534b-903d-e441a8bd2c99,7e8959bb-b309-52e1-9019-817a37a7599f,e28888a6-3508-5618-8a8d-f31a29c5c425,2026-03-24,credit,12178.08,USD,Revenue recognized for sales order 1012
c134a8b6-01f7-54ac-9488-8e0b84622696,7e8959bb-b309-52e1-9019-817a37a7599f,9b24bafc-7b12-5b29-b7cc-7221267121ed,2026-03-24,credit,14423.07,USD,Revenue recognized for sales order 1013
8ac3e77f-73f2-5879-8963-27c56e0ab413,7e8959bb-b309-52e1-9019-817a37a7599f,42b0070e-03ea-567b-af86-7a49492ebc4c,2026-03-24,credit,21796.36,USD,Revenue recognized for sales order 1014
3ef023bb-dfcf-5d1e-8c73-fd6aeb35c1c0,7e8959bb-b309-52e1-9019-817a37a7599f,44dd23c6-7594-5d8a-8e44-4ec33db001a7,2026-03-24,credit,39397.31,USD,Revenue recognized for sales order 1015
f0e1710f-188a-596b-8d41-618561d000bd,7e8959bb-b309-52e1-9019-817a37a7599f,ed77a98a-e6e0-527e-b3c4-275a2d67dd0b,2026-03-25,credit,9916.60,USD,Revenue recognized for sales order 1016
0abc6446-f152-5f34-9b61-87d34de7ea77,7e8959bb-b309-52e1-9019-817a37a7599f,0e41c814-b73a-5f04-b874-a8a086f3d4ef,2026-03-25,credit,16594.82,USD,Revenue recognized for sales order 1017
2e521c6a-339c-5320-85e8-df6c224834e6,7e8959bb-b309-52e1-9019-817a37a7599f,f450d85e-3007-528a-a5f8-de3275d12fd8,2026-03-25,credit,6009.79,USD,Revenue recognized for sales order 1018
f605308f-368e-51af-bd94-ec5a77bee9ab,7e8959bb-b309-52e1-9019-817a37a7599f,8b48aae1-7655-5f36-897d-aa994a1940d8,2026-03-25,credit,5266.53,USD,Revenue recognized for sales order 1019
d24dcea9-39a1-57eb-aab3-40a6b588afdd,7e8959bb-b309-52e1-9019-817a37a7599f,3d65c4d0-853a-5319-8836-974e29689828,2026-03-25,credit,12007.55,USD,Revenue recognized for sales order 1020
202f1208-c5db-508d-ae1f-4c58b5843684,7e8959bb-b309-52e1-9019-817a37a7599f,ac4e7496-c1ae-5e33-bb2c-af0541b6ebe6,2026-03-25,credit,34903.68,USD,Revenue recognized for sales order 1021
5773e687-d77b-54b3-9cc9-66e1056e0bde,7e8959bb-b309-52e1-9019-817a37a7599f,810da196-4883-5c44-aae5-432c01878d94,2026-03-25,credit,5685.20,USD,Revenue recognized for sales order 1022
78708bb7-299a-57ad-b3a5-c17bc785415c,7e8959bb-b309-52e1-9019-817a37a7599f,83f0f0a1-9c83-59e9-b2df-4aec951f289a,2026-03-26,credit,8467.16,USD,Revenue recognized for sales order 1023
6f413ea2-f910-5d5b-bcf7-57637f1d119a,7e8959bb-b309-52e1-9019-817a37a7599f,0b8994ab-505e-54c4-8986-5d6facbdae07,2026-03-26,credit,1376.54,USD,Revenue recognized for sales order 1025
519453d3-3a9b-56be-bc26-14e65c5ebce1,7e8959bb-b309-52e1-9019-817a37a7599f,c8ef9e27-7861-50bc-b6dd-46ec98c4d1bf,2026-03-26,credit,8215.53,USD,Revenue recognized for sales order 1026
1a5e9081-df52-5a2d-a4d3-7371d0815236,7e8959bb-b309-52e1-9019-817a37a7599f,3543638c-8d49-5fd8-b3a2-3ad8b4879adc,2026-03-26,credit,39640.06,USD,Revenue recognized for sales order 1027
c02cc876-6083-5909-848b-0c0cc8ac924e,7e8959bb-b309-52e1-9019-817a37a7599f,86421db2-d106-5cec-b5ad-580f9d955c63,2026-03-26,credit,18571.03,USD,Revenue recognized for sales order 1028
aec4501e-a573-50f1-b9fa-340eb6b83d27,7e8959bb-b309-52e1-9019-817a37a7599f,b90fab56-62ed-5928-a05c-97b55c5b18fd,2026-03-27,credit,7575.21,USD,Revenue recognized for sales order 1031
743e5ca3-b4c0-5c7e-98f2-9e424ed7949d,7e8959bb-b309-52e1-9019-817a37a7599f,3e0b1e36-e0e5-55a4-9b93-96fca89eee76,2026-03-27,credit,7345.89,USD,Revenue recognized for sales order 1032
2063f864-cd5c-5e15-b3ce-239a0397fdc9,7e8959bb-b309-52e1-9019-817a37a7599f,e0715988-ca19-539f-8eca-557c4883f08b,2026-03-27,credit,23882.96,USD,Revenue recognized for sales order 1033
df3eb68e-3f58-5173-8bad-3e91ab58058e,7e8959bb-b309-52e1-9019-817a37a7599f,fec8cf97-20ec-5766-9a9e-62055454422f,2026-03-27,credit,19688.64,USD,Revenue recognized for sales order 1034
b7e9d18f-848f-567f-a1e7-da4e3e08dcdf,7e8959bb-b309-52e1-9019-817a37a7599f,b88f4c4f-97e1-5eaa-a632-462ff3a91279,2026-03-27,credit,1339.36,USD,Revenue recognized for sales order 1035
c7205d46-a051-5447-a4f1-250d5f475cf4,7e8959bb-b309-52e1-9019-817a37a7599f,05e9d165-58bb-5e22-8e24-ca2f8d3c1cf4,2026-03-27,credit,15991.32,USD,Revenue recognized for sales order 1036
78684188-c80e-51eb-b6c5-3eeb891c7edb,7e8959bb-b309-52e1-9019-817a37a7599f,2f68ec03-af8d-56e3-9f72-6e3dc6bf6af0,2026-03-28,credit,8292.87,USD,Revenue recognized for sales order 1037
c9b03fee-92e7-567e-a568-41e37fdba22e,7e8959bb-b309-52e1-9019-817a37a7599f,20414a97-d488-5f2a-96b6-b2f891bb1bfa,2026-03-28,credit,2962.44,USD,Revenue recognized for sales order 1038
4836735d-d13a-55ab-a783-0c12dcee3f18,7e8959bb-b309-52e1-9019-817a37a7599f,136d8c66-b0fd-52cf-8f87-68d0a6cb72c3,2026-03-28,credit,27853.79,USD,Revenue recognized for sales order 1039
a81f4c79-fcc4-5b9d-ac04-b0dbbae59587,7e8959bb-b309-52e1-9019-817a37a7599f,f9b0cf64-4289-5950-8c33-8361fe40af8a,2026-03-29,credit,4397.09,USD,Revenue recognized for sales order 1040
e6d24712-45cb-56f1-8045-e9dabc7c8d5b,7e8959bb-b309-52e1-9019-817a37a7599f,21a01ed9-e52c-515a-b23a-273074c8a4ba,2026-03-29,credit,10096.72,USD,Revenue recognized for sales order 1041
3a49ec9a-37f9-5e66-a589-609aed04ddd5,7e8959bb-b309-52e1-9019-817a37a7599f,9b637424-54f8-5f57-85aa-86bd73b34a97,2026-03-29,credit,12902.33,USD,Revenue recognized for sales order 1042
18b0517f-2c8e-5db3-9855-a0f9adb09814,7e8959bb-b309-52e1-9019-817a37a7599f,971da87e-72c6-5853-aa2c-c9480826eea4,2026-03-30,credit,18473.08,USD,Revenue recognized for sales order 1043
fc51ff13-985a-599b-81b4-fe7799b67363,7e8959bb-b309-52e1-9019-817a37a7599f,9d8863cf-c698-5f7c-91fa-602eca1330d3,2026-03-30,credit,13797.57,USD,Revenue recognized for sales order 1044
6d43f324-96a8-5a30-ad38-9142614bef42,7e8959bb-b309-52e1-9019-817a37a7599f,3fec1be1-104f-5622-b4a1-260275449839,2026-03-30,credit,23700.48,USD,Revenue recognized for sales order 1045
e978875f-4234-5135-b301-66974c30d93a,7e8959bb-b309-52e1-9019-817a37a7599f,87a76df3-aa63-52b2-8dc3-a657d042ac30,2026-03-31,credit,25114.64,USD,Revenue recognized for sales order 1046
4f18f6f4-3a9f-50de-b93f-766ab4650bca,7e8959bb-b309-52e1-9019-817a37a7599f,3c03ca0b-0c40-580d-9cea-645ea1e40400,2026-03-31,credit,29101.95,USD,Revenue recognized for sales order 1047
3c758b50-0b68-5604-919b-3ba7f4425e19,7e8959bb-b309-52e1-9019-817a37a7599f,9c6aa455-4b3a-5a2f-b476-4ea2c107d2df,2026-03-31,credit,6051.98,USD,Revenue recognized for sales order 1048
29db3074-e908-59b1-89fc-2235f81906b4,7e8959bb-b309-52e1-9019-817a37a7599f,ffc1e1f6-0ded-5633-83fd-4a3e7f922a1d,2026-03-31,credit,5252.16,USD,Revenue recognized for sales order 1049
6834153f-4a61-5322-b32e-df99c83b2a46,7e8959bb-b309-52e1-9019-817a37a7599f,f9577377-dcf2-509b-bfc6-61ae270f4989,2026-03-31,credit,8055.54,USD,Revenue recognized for sales order 1050
f306c569-6cdc-51e9-869f-49600487a113,7e8959bb-b309-52e1-9019-817a37a7599f,d91d8aa8-89ee-5265-837e-5c6abae7b2ec,2026-04-01,credit,7228.23,USD,Revenue recognized for sales order 1051
d8ce045d-6efb-54df-b98c-05d6eb260198,7e8959bb-b309-52e1-9019-817a37a7599f,6f75ee0c-6fa3-5851-8726-c7ccf2576d65,2026-04-01,credit,27444.52,USD,Revenue recognized for sales order 1052
2a2cf5a7-1b29-5789-a3cb-4b45f68dc857,7e8959bb-b309-52e1-9019-817a37a7599f,45c7c3aa-9a2b-5555-b57e-1f5bc43b6d4d,2026-04-01,credit,15725.25,USD,Revenue recognized for sales order 1053
7561d662-c3f2-5026-ad80-b123532f7aa6,7e8959bb-b309-52e1-9019-817a37a7599f,da7f4316-3e77-54b7-96c1-15c5924ee627,2026-04-01,credit,21998.52,USD,Revenue recognized for sales order 1054
4fee0f36-888d-57e5-8b66-e49f51dad26c,7e8959bb-b309-52e1-9019-817a37a7599f,282de309-ff43-5531-aec9-54c0e5364332,2026-04-01,credit,259.87,USD,Revenue recognized for sales order 1055
9e5f60ff-15b9-5e85-9875-a5efa51e1ac8,7e8959bb-b309-52e1-9019-817a37a7599f,4c0765d0-c170-56ec-ab18-4f040f120fc6,2026-04-01,credit,2245.57,USD,Revenue recognized for sales order 1056
995551bb-46d4-5108-93d8-bb5dca2e9c75,7e8959bb-b309-52e1-9019-817a37a7599f,9663eb47-6a1d-50ef-8ba0-fdfdf34b6edc,2026-04-02,credit,13365.66,USD,Revenue recognized for sales order 1057
91240206-c17b-5206-b852-cb44e62bc5dc,7e8959bb-b309-52e1-9019-817a37a7599f,8aecd19b-c2fd-522e-b9a6-97dd440b07bd,2026-04-02,credit,4774.23,USD,Revenue recognized for sales order 1058
dce1c7cb-4ff6-578a-899f-f6f0f3b704b9,7e8959bb-b309-52e1-9019-817a37a7599f,50c68ab1-ea09-5ed0-b913-d593f7bb2992,2026-04-02,credit,16451.99,USD,Revenue recognized for sales order 1059
4954b2e9-6c81-55b5-a0e9-09edc90c71a4,7e8959bb-b309-52e1-9019-817a37a7599f,4b68430f-710d-58cb-b3bc-5f02426b61e3,2026-04-02,credit,17260.24,USD,Revenue recognized for sales order 1060
c82734a0-bfb9-5c99-b71e-477ceb6ecc46,7e8959bb-b309-52e1-9019-817a37a7599f,c3c990b8-ca34-5b61-bd86-b95ead4046ef,2026-04-02,credit,26160.68,USD,Revenue recognized for sales order 1061
ffa798a2-ef61-5960-98a1-6bb64e618837,7e8959bb-b309-52e1-9019-817a37a7599f,1ae19242-d440-56c4-9aee-cb936cd26a90,2026-04-02,credit,17551.44,USD,Revenue recognized for sales order 1062
9db0ee8e-b6ca-5be6-a3c5-628902979c47,7e8959bb-b309-52e1-9019-817a37a7599f,de3145bf-a12c-5485-b508-ab67781cbcab,2026-04-02,credit,8441.26,USD,Revenue recognized for sales order 1063
518bccaf-da96-591d-bc2b-17559bc05189,7e8959bb-b309-52e1-9019-817a37a7599f,89ddf206-eac0-5038-8edb-59381eaad8f1,2026-04-02,credit,8279.51,USD,Revenue recognized for sales order 1064
2cdeb207-2843-5802-9ada-ef4cf6ca1726,7e8959bb-b309-52e1-9019-817a37a7599f,b7e1a2e8-630e-5c7d-8f1d-862db2529547,2026-04-03,credit,17319.88,USD,Revenue recognized for sales order 1065
12aa0c8d-a48d-5fbb-aac7-fde5a2dcd140,7e8959bb-b309-52e1-9019-817a37a7599f,9628095e-e1d6-55e1-9b35-66a9141eb32f,2026-04-03,credit,21741.55,USD,Revenue recognized for sales order 1066
bf36b7fd-df31-542f-872f-048092443126,7e8959bb-b309-52e1-9019-817a37a7599f,7fe8b207-3154-5ebe-b822-21f4b77de3b6,2026-04-03,credit,21518.20,USD,Revenue recognized for sales order 1067
504f69b4-eea3-5c08-9f1d-d76aff712c6a,7e8959bb-b309-52e1-9019-817a37a7599f,c19851e6-bffd-5aa9-9f44-8d925436e601,2026-04-04,credit,523.96,USD,Revenue recognized for sales order 1068
89541a6c-45db-5846-832b-bbff567391f9,7e8959bb-b309-52e1-9019-817a37a7599f,2fd76024-9698-581e-9b22-f4c1e8ce530c,2026-04-04,credit,22528.26,USD,Revenue recognized for sales order 1069
078ffe68-caa0-56dd-b4eb-876e59448051,7e8959bb-b309-52e1-9019-817a37a7599f,f6ce1842-a44c-58a1-b857-41b59132604a,2026-04-04,credit,1311.25,USD,Revenue recognized for sales order 1070
34d427a3-2f48-5696-9a45-5ca9feb04277,7e8959bb-b309-52e1-9019-817a37a7599f,b91acb75-367b-5a6e-8f5c-12f1c71718ac,2026-04-05,credit,5801.40,USD,Revenue recognized for sales order 1071
58856764-7d1b-5a36-b091-97b89635c7f2,7e8959bb-b309-52e1-9019-817a37a7599f,ad73331e-a031-573c-a81e-231ccf7b4a28,2026-04-05,credit,17386.56,USD,Revenue recognized for sales order 1072
f7a99980-9801-5b87-8ce7-de97dc148521,7e8959bb-b309-52e1-9019-817a37a7599f,53550631-4c0f-57fc-baf6-4ceada1fdb81,2026-04-06,credit,1930.10,USD,Revenue recognized for sales order 1073
85010e40-bfad-5178-93a0-8a9341a61330,7e8959bb-b309-52e1-9019-817a37a7599f,652760d1-0e18-5d41-bdd6-d3df44ce9d5f,2026-04-06,credit,28235.06,USD,Revenue recognized for sales order 1074
3bd7510a-49ab-52b1-afca-8a051eeff314,7e8959bb-b309-52e1-9019-817a37a7599f,0d7a4f56-b629-5514-9f66-32ad7bb362a9,2026-04-06,credit,20511.25,USD,Revenue recognized for sales order 1075
6c1ecccf-e0d5-5b1c-83e9-13297b53493b,7e8959bb-b309-52e1-9019-817a37a7599f,e73fe3d2-42d4-5dca-b72a-16e3d21aa789,2026-04-07,credit,22097.77,USD,Revenue recognized for sales order 1076
f761419a-3448-51f2-93f6-1e832bbf1210,7e8959bb-b309-52e1-9019-817a37a7599f,eebbdf4f-03af-5d07-8278-c6e63bcea00d,2026-04-07,credit,14872.65,USD,Revenue recognized for sales order 1077
0aeaa057-ffee-5c08-af93-f6a6200a3d2d,7e8959bb-b309-52e1-9019-817a37a7599f,24b91348-cb7d-5486-aead-5e0107ed5f7c,2026-04-07,credit,7648.79,USD,Revenue recognized for sales order 1078
72d88fc0-cdd4-5db0-8e39-fa58f448925b,7e8959bb-b309-52e1-9019-817a37a7599f,99219ca4-f56c-5c64-a85b-1b42f08e3232,2026-04-07,credit,9226.38,USD,Revenue recognized for sales order 1079
3c5a5f4d-57d2-51c8-ae71-f9f28a7e6a15,7e8959bb-b309-52e1-9019-817a37a7599f,b9c1089f-330d-5ee0-a201-065a8a8a4845,2026-04-08,credit,9584.88,USD,Revenue recognized for sales order 1080
268ccd4e-8ee4-55db-9671-751c0ea5fe5e,7e8959bb-b309-52e1-9019-817a37a7599f,ae5f0179-9013-5f30-b5c1-0e36d59249ae,2026-04-08,credit,35102.22,USD,Revenue recognized for sales order 1081
32d4709b-3919-5b3c-8e49-45f609f480db,7e8959bb-b309-52e1-9019-817a37a7599f,460368bf-df8d-5b81-83a2-8d1627791f9c,2026-04-08,credit,3193.90,USD,Revenue recognized for sales order 1082
5e1e4616-89df-594f-84dd-c9015e33688f,7e8959bb-b309-52e1-9019-817a37a7599f,5d947d56-7083-5a94-97e6-96cd1190b3b3,2026-04-08,credit,18564.39,USD,Revenue recognized for sales order 1083
54626073-59c0-5ecb-bfb5-d65dfbfba6da,7e8959bb-b309-52e1-9019-817a37a7599f,d6cde855-f00e-53b8-8a0c-ea3d25b643bd,2026-04-08,credit,10718.71,USD,Revenue recognized for sales order 1084
3a384aa0-04b1-5078-a4c7-6fa71a0dd1af,7e8959bb-b309-52e1-9019-817a37a7599f,22b47278-eee7-5905-bf64-18ca6946a36d,2026-04-08,credit,32405.64,USD,Revenue recognized for sales order 1085
2b60337f-0be7-5351-ab90-da46d32fe0db,7e8959bb-b309-52e1-9019-817a37a7599f,d341e0d0-4edc-5c7d-800e-5bf0157863f4,2026-04-09,credit,6487.40,USD,Revenue recognized for sales order 1086
3add3376-fef9-596f-92cc-4b58d6ce5ab5,7e8959bb-b309-52e1-9019-817a37a7599f,cf112e2f-c91d-59d0-b0ff-4a2dc04f4d7b,2026-04-09,credit,13433.85,USD,Revenue recognized for sales order 1087
cef63a5c-ea3e-5b04-8da0-9e6dd8e35d47,7e8959bb-b309-52e1-9019-817a37a7599f,db3141d9-b080-579e-ba04-7835d7bd4ee6,2026-04-09,credit,7392.76,USD,Revenue recognized for sales order 1088
c58019d2-0279-50bf-9908-7f14538252e5,7e8959bb-b309-52e1-9019-817a37a7599f,970621b4-827e-563d-814b-bc0f2dc008d2,2026-04-09,credit,5956.94,USD,Revenue recognized for sales order 1089
7e318b17-8fde-5ceb-becb-3e9a6b008329,7e8959bb-b309-52e1-9019-817a37a7599f,54b362fb-8554-5778-a63c-7ec784892028,2026-04-09,credit,19588.23,USD,Revenue recognized for sales order 1090
52115f19-6d5f-592a-8fd0-a6ac0e7e2817,7e8959bb-b309-52e1-9019-817a37a7599f,2f3918fd-6803-56d5-906d-357097418ba5,2026-04-09,credit,16331.23,USD,Revenue recognized for sales order 1091
639965dd-59ea-595e-92f6-244e64a5401c,7e8959bb-b309-52e1-9019-817a37a7599f,933672a9-7a3e-57d2-9e11-b946fbe4f252,2026-04-10,credit,21726.49,USD,Revenue recognized for sales order 1092
21c472b5-4c4e-50b5-a9f1-d82df73af0df,7e8959bb-b309-52e1-9019-817a37a7599f,b9f89574-2083-5bad-81e7-162d5c7fa329,2026-04-10,credit,15239.51,USD,Revenue recognized for sales order 1093
1fb94cbd-1ac4-5280-afc7-43bba49de545,7e8959bb-b309-52e1-9019-817a37a7599f,69000f1f-7bc2-536d-ba2b-a7a68a428ea7,2026-04-10,credit,28204.77,USD,Revenue recognized for sales order 1094
48159274-b5b7-5a29-9292-80aae9f27dbe,7e8959bb-b309-52e1-9019-817a37a7599f,03a9b024-fcf3-5883-a3e1-23aa6f9f0e75,2026-04-10,credit,30183.55,USD,Revenue recognized for sales order 1095
2e26d468-cdfd-55b4-9cdd-c35ed787512c,7e8959bb-b309-52e1-9019-817a37a7599f,882f0f31-1992-532b-83f4-2a84917e537d,2026-04-10,credit,26287.56,USD,Revenue recognized for sales order 1096
9195fd37-d3ff-54b1-9d67-a6da32b1fe04,7e8959bb-b309-52e1-9019-817a37a7599f,d0e70011-4e10-52d3-bfa0-f414bdff6523,2026-04-10,credit,26348.48,USD,Revenue recognized for sales order 1097
7136ad4a-09f7-578d-afe5-a2fe1b449a8f,7e8959bb-b309-52e1-9019-817a37a7599f,0e4ae194-2404-572a-aaaf-c89d77a60a59,2026-04-10,credit,38219.91,USD,Revenue recognized for sales order 1098
96d53aef-9b9d-5491-bedb-cd1641064646,7e8959bb-b309-52e1-9019-817a37a7599f,4f6c979d-9c4d-570e-b674-2694b79a105c,2026-04-11,credit,9179.60,USD,Revenue recognized for sales order 1099
5bcb1f32-f739-5868-af75-9dfc01382631,7e8959bb-b309-52e1-9019-817a37a7599f,81ed36bd-083f-50d2-910b-392b184fcbc7,2026-04-11,credit,27975.75,USD,Revenue recognized for sales order 1100
e9e9b7fb-4978-5d54-a1a4-34a3a930e30a,7e8959bb-b309-52e1-9019-817a37a7599f,e748d413-d4bf-5d21-8fcb-3b928d065a70,2026-04-12,credit,5871.81,USD,Revenue recognized for sales order 1102
3d5fbb4d-54f6-5688-a72f-12fc7671a093,7e8959bb-b309-52e1-9019-817a37a7599f,16ea69ba-5741-51fb-b61b-ff0071d58efe,2026-04-13,credit,21828.25,USD,Revenue recognized for sales order 1103
dd1f2833-404d-54d4-b73a-96860d5c7f66,7e8959bb-b309-52e1-9019-817a37a7599f,cc81dfc7-f3ab-5fac-8565-e04e1fdc2f09,2026-04-13,credit,3301.12,USD,Revenue recognized for sales order 1104
15af27d2-98f7-5970-b421-2cc846912978,7e8959bb-b309-52e1-9019-817a37a7599f,71dc3811-4c6a-5b77-ac65-16f5fbe23af9,2026-04-13,credit,10658.71,USD,Revenue recognized for sales order 1105
a12dd384-46ef-50e8-9e43-733c9a237a1a,7e8959bb-b309-52e1-9019-817a37a7599f,7ded4f13-8cfb-57ed-9b3c-cfa1b64e2c33,2026-04-14,credit,11946.18,USD,Revenue recognized for sales order 1106
c62e7cb6-229a-5d5b-9e6d-824190407d5c,7e8959bb-b309-52e1-9019-817a37a7599f,170a942d-f2ae-5c7c-a2db-82095a3e90b0,2026-04-14,credit,17362.20,USD,Revenue recognized for sales order 1107
fd0ebe2a-fcae-569d-93b7-fc7894af0dc9,7e8959bb-b309-52e1-9019-817a37a7599f,8c51b75f-bd78-5b22-ad42-21fba5633120,2026-04-14,credit,26403.72,USD,Revenue recognized for sales order 1108
066b6880-d003-55a3-9fbe-9d2b2cbcf4ba,7e8959bb-b309-52e1-9019-817a37a7599f,304c1de0-6e8c-58ef-822c-882a29cbcd6a,2026-04-15,credit,11093.72,USD,Revenue recognized for sales order 1109
f1e43dd0-f9ba-52e7-8eeb-6623b85bf7bf,7e8959bb-b309-52e1-9019-817a37a7599f,896a8ebb-b3eb-5d2c-9cf0-622c36ea8d8c,2026-04-15,credit,11997.54,USD,Revenue recognized for sales order 1110
af380b0a-63d9-54e7-87d2-0baaf114cfdc,7e8959bb-b309-52e1-9019-817a37a7599f,3182774d-3fb5-5b73-8fd8-17bafa23a10b,2026-04-15,credit,19856.08,USD,Revenue recognized for sales order 1111
da782fa7-3d6d-566b-8a66-21062b2a4045,7e8959bb-b309-52e1-9019-817a37a7599f,c8149441-6a86-5dd7-b4e5-206a8c867c0c,2026-04-15,credit,40779.79,USD,Revenue recognized for sales order 1113
4323ff49-0943-59a3-8702-5403ca289749,7e8959bb-b309-52e1-9019-817a37a7599f,e9222fc7-a1ce-5f90-bc4c-98af96a5c295,2026-04-16,credit,9113.04,USD,Revenue recognized for sales order 1114
a0c5f8ad-b1e2-5947-8db2-05796ccc0513,7e8959bb-b309-52e1-9019-817a37a7599f,d95855d8-2594-582f-852b-91c28d6855e8,2026-04-16,credit,6522.39,USD,Revenue recognized for sales order 1115
be42cf2f-5b88-5db1-85cc-b8e45bcf26f7,7e8959bb-b309-52e1-9019-817a37a7599f,24972470-c33c-586e-97d6-ce7e6df541a2,2026-04-16,credit,1906.65,USD,Revenue recognized for sales order 1116
98794986-2a38-5149-bf89-aff990f2c0bf,7e8959bb-b309-52e1-9019-817a37a7599f,29b90aa8-4ea9-580d-8a6b-f1f1ad21918c,2026-04-16,credit,10755.36,USD,Revenue recognized for sales order 1117
9f2f6ff9-3543-5a00-94f9-5fcd1b3b3e37,7e8959bb-b309-52e1-9019-817a37a7599f,f5511add-5272-5396-8382-f05ad6a6b380,2026-04-16,credit,29072.41,USD,Revenue recognized for sales order 1118
76d97f22-7103-5d36-8e3d-e4750596c627,7e8959bb-b309-52e1-9019-817a37a7599f,63b065f2-28b0-58ca-973d-12a98b632ac2,2026-04-17,credit,7715.36,USD,Revenue recognized for sales order 1119
416ecebc-b298-5281-8b5b-adedf74ddd1c,7e8959bb-b309-52e1-9019-817a37a7599f,92afeb4a-6c14-50a9-abaf-62b0564a922e,2026-04-17,credit,11195.69,USD,Revenue recognized for sales order 1120
ab1b15e4-c626-513c-a609-f84817a4d154,7e8959bb-b309-52e1-9019-817a37a7599f,26ccc1f0-df78-5589-ad36-bdf73e420e1e,2026-04-17,credit,452.98,USD,Revenue recognized for sales order 1121
7bdd9f0a-1a81-59c6-80b5-c7f7466d36ad,7e8959bb-b309-52e1-9019-817a37a7599f,da8b883e-80de-5ad2-8f52-6e006e7e4791,2026-04-18,credit,9248.95,USD,Revenue recognized for sales order 1122
9b429d1f-47bd-5d25-8925-228d78db8c71,7e8959bb-b309-52e1-9019-817a37a7599f,bca1559b-96af-500f-b3b4-5071850659cf,2026-04-19,credit,1437.75,USD,Revenue recognized for sales order 1123
8b724eb9-e403-53ca-aee7-24f1e0520ea0,7e8959bb-b309-52e1-9019-817a37a7599f,a85f12b7-e17c-5283-bfb5-f4ad0f594bd4,2026-04-20,credit,14007.87,USD,Revenue recognized for sales order 1124
afe4cb99-9be5-5d2c-8341-c7cf227e95d8,7e8959bb-b309-52e1-9019-817a37a7599f,7b130b80-657c-5d70-b64d-677aa10ad5e8,2026-04-20,credit,9914.72,USD,Revenue recognized for sales order 1125
f165a20a-cbea-5d73-b974-70b3fc3b9db6,7e8959bb-b309-52e1-9019-817a37a7599f,198d0158-5160-5863-8582-eaa356c03ef7,2026-04-20,credit,37432.14,USD,Revenue recognized for sales order 1126
c89d2843-7e15-57fd-8d7f-d92f1e2a6c70,7e8959bb-b309-52e1-9019-817a37a7599f,7c145a95-45e5-5960-ab87-364b026ff2fb,2026-04-20,credit,13612.16,USD,Revenue recognized for sales order 1127
b2366b8f-274b-5a13-a5f8-9fb5e49af035,7e8959bb-b309-52e1-9019-817a37a7599f,39a91d61-2abd-5a5f-9c38-f0fde125f71b,2026-04-20,credit,20438.54,USD,Revenue recognized for sales order 1128
682dbdc3-dffc-50d4-81d0-8cb910ebe979,7e8959bb-b309-52e1-9019-817a37a7599f,c5e26e3c-2fcf-5ec6-8ff7-35820d7b4fcc,2026-04-20,credit,39324.61,USD,Revenue recognized for sales order 1129
80f82b85-c37e-5e22-b5da-52aca373804a,7e8959bb-b309-52e1-9019-817a37a7599f,647a9705-f02b-5873-815e-04c06c2666d9,2026-04-21,credit,13604.09,USD,Revenue recognized for sales order 1130
c0349925-06c1-56b7-938a-f64df6b9a9c8,7e8959bb-b309-52e1-9019-817a37a7599f,661a74db-3b09-5d04-9c03-319c0d4b81ed,2026-04-21,credit,25680.65,USD,Revenue recognized for sales order 1131
534e3723-091e-52bf-845a-9411d005bb5f,7e8959bb-b309-52e1-9019-817a37a7599f,df970340-372e-5e08-8966-1f431ced270e,2026-04-21,credit,23281.60,USD,Revenue recognized for sales order 1132
d27114e9-8f04-5c5c-9cf5-489f69e0d65c,7e8959bb-b309-52e1-9019-817a37a7599f,78b6cf76-e041-59d7-a7dc-f22fb74ce5db,2026-04-21,credit,18224.70,USD,Revenue recognized for sales order 1134
09da6d42-e9ae-54ab-b39a-2d0b74dd2fff,7e8959bb-b309-52e1-9019-817a37a7599f,e7ee60cb-def9-5ecd-b226-112f9d75fedc,2026-04-21,credit,27781.12,USD,Revenue recognized for sales order 1135
e5e5f30e-95df-58e7-8a27-cb0739608315,7e8959bb-b309-52e1-9019-817a37a7599f,74f9fd97-b0b9-5d9d-9ef3-0f02d6cc7190,2026-04-22,credit,22743.13,USD,Revenue recognized for sales order 1136
3626cdc1-7142-5a0d-aa08-49aa08d3491e,7e8959bb-b309-52e1-9019-817a37a7599f,a85e50aa-162c-56f8-bf97-46242d3bbc29,2026-04-22,credit,26051.07,USD,Revenue recognized for sales order 1138
16dd3b6c-b06d-57e3-8bd9-dd161a1b99a3,7e8959bb-b309-52e1-9019-817a37a7599f,4b0fe5bb-a4d7-56d8-8d1c-1e6ca66e0827,2026-04-23,credit,5852.13,USD,Revenue recognized for sales order 1139
ebeac67a-0ed0-563f-a108-31e53c2f33eb,7e8959bb-b309-52e1-9019-817a37a7599f,453a760e-c8ad-5878-9f44-db53e58eb56d,2026-04-23,credit,1181.74,USD,Revenue recognized for sales order 1140
873e9edc-f927-569b-801a-48d6d4600e40,7e8959bb-b309-52e1-9019-817a37a7599f,5c47dec2-a383-5989-aae9-59ec967de417,2026-04-23,credit,37583.96,USD,Revenue recognized for sales order 1141
c696d159-cec8-5f2b-831c-e89758033663,7e8959bb-b309-52e1-9019-817a37a7599f,c3afd0bc-5ff1-5f97-9963-d5a7df151ade,2026-04-23,credit,17245.02,USD,Revenue recognized for sales order 1142
5356d41f-4b97-52b0-ab84-bd472f23bd2b,7e8959bb-b309-52e1-9019-817a37a7599f,f11a876d-dbce-58a2-a84f-6a283aa2f351,2026-04-23,credit,15067.24,USD,Revenue recognized for sales order 1143
ed2b516b-bb0e-553d-b209-fc084ed762aa,7e8959bb-b309-52e1-9019-817a37a7599f,f72eb123-455c-509f-aec8-3ad2350710ce,2026-04-24,credit,30263.24,USD,Revenue recognized for sales order 1145
9a197544-6de0-5c0f-8f66-5d581a0f53be,7e8959bb-b309-52e1-9019-817a37a7599f,dfedca82-21f7-5423-95cc-d187eec0a1bd,2026-04-24,credit,19499.95,USD,Revenue recognized for sales order 1146
ef58d14a-df30-5129-b752-49268b8df1b2,7e8959bb-b309-52e1-9019-817a37a7599f,c24d4816-1016-57cb-a0d4-77073723209d,2026-04-24,credit,19492.61,USD,Revenue recognized for sales order 1147
0331ff11-da49-585f-a78c-bc836698040b,7e8959bb-b309-52e1-9019-817a37a7599f,fb694b7f-9f0d-5411-828a-2c5e96c94925,2026-04-25,credit,7486.12,USD,Revenue recognized for sales order 1148
25884c9e-cd23-5a43-9acc-fa77a3642f83,7e8959bb-b309-52e1-9019-817a37a7599f,88046340-ead5-5c82-ab12-b3fb02b018f0,2026-04-26,credit,16711.67,USD,Revenue recognized for sales order 1149
0229f32e-ff8f-532b-ab58-b0a2f24ef8ef,7e8959bb-b309-52e1-9019-817a37a7599f,091b034e-7c25-5260-8459-dc3c72a5b0c0,2026-04-26,credit,36520.88,USD,Revenue recognized for sales order 1150
f826d833-f5f8-5e38-9304-25db1c5da0ca,7e8959bb-b309-52e1-9019-817a37a7599f,ff88ac1a-b67a-5f47-932e-d080ac74864c,2026-04-27,credit,5308.74,USD,Revenue recognized for sales order 1151
7eac744c-cd27-5fcc-8343-1234fda97917,7e8959bb-b309-52e1-9019-817a37a7599f,f29ea718-2ea0-5ec7-a590-5901016056ff,2026-04-27,credit,10175.54,USD,Revenue recognized for sales order 1152
c2ea0613-648d-570c-a840-cd4e4fa6ac6a,7e8959bb-b309-52e1-9019-817a37a7599f,2eed9dd7-0633-55f6-beca-a14ffdfa68ab,2026-04-27,credit,36315.31,USD,Revenue recognized for sales order 1153
1ce04cdb-a8c5-53ac-a799-a7d3daf42db9,7e8959bb-b309-52e1-9019-817a37a7599f,09e0d3a6-c41b-596b-b1f1-9498149b6f83,2026-04-27,credit,31409.81,USD,Revenue recognized for sales order 1154
a8688c9f-33c2-57d6-926f-afd7aea5ec3e,7e8959bb-b309-52e1-9019-817a37a7599f,df5ed943-2686-5d8e-a199-a7b38f84435c,2026-04-27,credit,35326.95,USD,Revenue recognized for sales order 1155
b58fb80c-bfaa-5786-a2ce-2df19b95a53f,7e8959bb-b309-52e1-9019-817a37a7599f,c6edfea9-222e-599b-8865-f1228a473a61,2026-04-27,credit,14946.16,USD,Revenue recognized for sales order 1156
04fa1364-4ff8-59a6-b10e-4ec9ecdda1d9,7e8959bb-b309-52e1-9019-817a37a7599f,3a0bf353-1d4e-50f8-9dad-114216578898,2026-04-28,credit,21101.62,USD,Revenue recognized for sales order 1157
7ecce300-f211-54e5-b8dc-3e143c2e9fdd,7e8959bb-b309-52e1-9019-817a37a7599f,59a8e9f6-1b72-5d94-b885-24cc6015c72d,2026-04-28,credit,8199.06,USD,Revenue recognized for sales order 1158
0b179e11-eca1-5d14-8668-58b220aea18e,7e8959bb-b309-52e1-9019-817a37a7599f,0ed827eb-7141-55a8-8c4d-845a082f4e24,2026-04-28,credit,5126.55,USD,Revenue recognized for sales order 1159
50ad3ce4-6801-545c-a905-91b91ece8644,7e8959bb-b309-52e1-9019-817a37a7599f,f3d6eb92-37c2-5ed2-b7df-bba5790b0158,2026-04-29,credit,15300.57,USD,Revenue recognized for sales order 1160
a60a9a60-906c-5b36-a266-f70068b30759,7e8959bb-b309-52e1-9019-817a37a7599f,c5e75594-b6cb-5d8f-8fcb-5522b984d461,2026-04-29,credit,7417.02,USD,Revenue recognized for sales order 1161
ab2690a4-b85e-5107-a0f3-c2b659d417b7,7e8959bb-b309-52e1-9019-817a37a7599f,bbd759a5-928a-5c4e-9d5a-0ebc37913427,2026-04-29,credit,23618.46,USD,Revenue recognized for sales order 1162
a358f958-d099-573b-bb1f-5e53169febb5,7e8959bb-b309-52e1-9019-817a37a7599f,5e1ac0fb-77ea-512c-9a21-28a026518557,2026-04-29,credit,16664.73,USD,Revenue recognized for sales order 1163
d8c82ca5-e208-5132-96a9-03fc43b5bd13,7e8959bb-b309-52e1-9019-817a37a7599f,033a3b11-324f-5863-8d37-0fc8ceeea9f1,2026-04-29,credit,4564.40,USD,Revenue recognized for sales order 1164
d51b757f-07bb-555d-8d24-2374049dbfde,7e8959bb-b309-52e1-9019-817a37a7599f,ffeda47e-0781-55b2-996c-ebac069a01ee,2026-04-30,credit,11264.65,USD,Revenue recognized for sales order 1165
b9184df1-6241-5d03-83de-c2c3d77218b0,7e8959bb-b309-52e1-9019-817a37a7599f,b43776e2-69de-580d-aa7b-6a4e3da23088,2026-04-30,credit,28759.25,USD,Revenue recognized for sales order 1166
b72a9166-7953-5a07-9810-5c46bb5f0106,7e8959bb-b309-52e1-9019-817a37a7599f,c59b2d42-7f97-59ae-a497-016d055a7025,2026-04-30,credit,14241.52,USD,Revenue recognized for sales order 1167
37330ff8-c8bf-5584-b348-b6ba14df8992,7e8959bb-b309-52e1-9019-817a37a7599f,33e099d3-e086-5447-b484-d1a5bce1703d,2026-04-30,credit,3849.38,USD,Revenue recognized for sales order 1168
c8c56190-66ac-5923-8787-4051ad2c7c9c,7e8959bb-b309-52e1-9019-817a37a7599f,cff06404-23e9-58d3-a3e2-847ce0984a22,2026-04-30,credit,22506.69,USD,Revenue recognized for sales order 1169
1726b63e-296a-59ec-8451-2a7fc52dfd9d,7e8959bb-b309-52e1-9019-817a37a7599f,44d6e837-c1c4-5e4a-84d8-072adad37d7c,2026-04-30,credit,19433.69,USD,Revenue recognized for sales order 1170
2a999e3e-0e7c-56bd-bc00-1940736b5b77,7e8959bb-b309-52e1-9019-817a37a7599f,18b85aa3-ad4b-56d6-bcca-0fb9262894a9,2026-04-30,credit,5332.46,USD,Revenue recognized for sales order 1171
b5db99a9-20dc-517b-89e6-838a56de86f8,7e8959bb-b309-52e1-9019-817a37a7599f,c06f97d6-b5e9-5609-b8a3-d01117be110f,2026-05-01,credit,19680.04,USD,Revenue recognized for sales order 1172
c3378344-5325-559e-a12c-ef5933bf8c46,7e8959bb-b309-52e1-9019-817a37a7599f,b2611cb5-36ba-5d4a-96fd-492459f5b895,2026-05-01,credit,12183.30,USD,Revenue recognized for sales order 1173
61c525e2-8e10-5663-95c5-d53375da5d59,7e8959bb-b309-52e1-9019-817a37a7599f,ae625f4a-8550-532d-982b-c896fda2efe8,2026-05-01,credit,6274.92,USD,Revenue recognized for sales order 1174
29a2f90f-88c5-5f72-b95a-3d235206bb67,7e8959bb-b309-52e1-9019-817a37a7599f,8d60f734-2322-53d9-acf1-344e0f909e27,2026-05-01,credit,9945.88,USD,Revenue recognized for sales order 1175
6973f4df-cc27-589f-920d-beb4f811d936,7e8959bb-b309-52e1-9019-817a37a7599f,90b84cdb-f673-51d8-b248-9fe1e0403dac,2026-05-01,credit,29167.07,USD,Revenue recognized for sales order 1177
cd038c6c-d821-5119-a46a-2d956eb8dfe1,7e8959bb-b309-52e1-9019-817a37a7599f,802cf09f-51fa-5831-988b-11b6e78ce179,2026-05-02,credit,37268.27,USD,Revenue recognized for sales order 1178
779b7cbe-41e7-5782-8da5-feac68e3ee7d,7e8959bb-b309-52e1-9019-817a37a7599f,5013c5c5-dc55-5515-ab3a-319af79409d6,2026-05-02,credit,41320.85,USD,Revenue recognized for sales order 1179
94631f56-7ba8-5a62-a5f0-91b6a0d8608a,7e8959bb-b309-52e1-9019-817a37a7599f,1d0bb681-56eb-5842-86e6-85815aca39d1,2026-05-02,credit,15670.98,USD,Revenue recognized for sales order 1180
d829d2da-3601-5ff0-b1e0-26c6e2ddfcfa,7e8959bb-b309-52e1-9019-817a37a7599f,df8b7b0c-ef62-580e-b720-3f85f94baa6e,2026-05-03,credit,19870.06,USD,Revenue recognized for sales order 1181
67626940-1587-51cc-97f3-1a00bae64b54,7e8959bb-b309-52e1-9019-817a37a7599f,b3670511-7ae5-5c9a-baf6-a5c51f3ee467,2026-05-04,credit,12743.36,USD,Revenue recognized for sales order 1182
055c5199-122f-53db-8ede-f6b0848a79cd,7e8959bb-b309-52e1-9019-817a37a7599f,de455c66-5b11-56ba-b759-e67fd86610cc,2026-05-04,credit,11553.55,USD,Revenue recognized for sales order 1183
720b964b-3d8a-53db-88b5-a3198eb347d8,7e8959bb-b309-52e1-9019-817a37a7599f,1b5d3c05-4fe7-5f07-b54f-493da5b3f9ae,2026-05-04,credit,37078.83,USD,Revenue recognized for sales order 1184
b9b1dcd5-b30d-52a2-bfda-0a945a8f5476,7e8959bb-b309-52e1-9019-817a37a7599f,4563d014-8077-5fa6-ab11-a54bcd616c11,2026-05-04,credit,30748.20,USD,Revenue recognized for sales order 1185
c5df9a0f-2795-5550-8000-6dcb26208d37,7e8959bb-b309-52e1-9019-817a37a7599f,3b6cdb1b-d919-5fd0-9d96-9c5693774234,2026-05-04,credit,15683.45,USD,Revenue recognized for sales order 1186
a5430ed0-c357-5a98-a62a-94c7eccb7601,7e8959bb-b309-52e1-9019-817a37a7599f,161f80ff-2cb6-5f4f-9449-5947a4158f7d,2026-05-04,credit,34090.06,USD,Revenue recognized for sales order 1187
46babbde-2a2c-5c78-95b1-ff4a3aec9fda,7e8959bb-b309-52e1-9019-817a37a7599f,f5e775e5-f44d-5843-b0a4-43c833bcddd6,2026-05-05,credit,22799.08,USD,Revenue recognized for sales order 1188
4a5718fb-e325-5b4f-baa6-496632b9e48b,7e8959bb-b309-52e1-9019-817a37a7599f,9b13102d-2b9a-5d13-97d9-0cc76b4ea1e3,2026-05-05,credit,10169.12,USD,Revenue recognized for sales order 1189
2d53fde2-10c7-50a0-9f46-07917f1354d5,7e8959bb-b309-52e1-9019-817a37a7599f,c51749cf-8315-5dbf-bf26-7e9f2dde38bf,2026-05-05,credit,10035.07,USD,Revenue recognized for sales order 1190
2adf8390-4ba6-5dda-824e-0a30fa4ffe54,7e8959bb-b309-52e1-9019-817a37a7599f,08b82e78-ec8f-5dc8-9f5d-269063f44ffe,2026-05-05,credit,8305.71,USD,Revenue recognized for sales order 1191
1261ed59-4d2f-5f0f-8f13-0085857e1d3a,7e8959bb-b309-52e1-9019-817a37a7599f,03cc1d75-d3e0-5aee-8de1-38e6dba1a64e,2026-05-06,credit,16434.11,USD,Revenue recognized for sales order 1192
cbace38f-03fe-59ee-ad0b-1f041a6bdc42,7e8959bb-b309-52e1-9019-817a37a7599f,ea45da65-fbc8-535d-a945-190ccd6a6eaf,2026-05-06,credit,5088.95,USD,Revenue recognized for sales order 1193
8bad6836-10d6-53f7-82a8-277cc5c53347,7e8959bb-b309-52e1-9019-817a37a7599f,aa9cf5cf-059f-585a-bcd7-34a1d1d45e3e,2026-05-06,credit,23154.78,USD,Revenue recognized for sales order 1194
3d088c32-ce08-5d06-b0cf-3945c9b31ab7,7e8959bb-b309-52e1-9019-817a37a7599f,7800c72d-95a1-51a5-b402-9d3dc4ec5394,2026-05-06,credit,2550.26,USD,Revenue recognized for sales order 1195
194b5ae4-d7e4-5e8a-9583-991ec5cc4cc0,7e8959bb-b309-52e1-9019-817a37a7599f,f7cafc09-87e8-5c70-8936-21bce9d1ba7f,2026-05-07,credit,10382.81,USD,Revenue recognized for sales order 1196
effe94cd-4816-5faa-8f69-f9baad14acb0,7e8959bb-b309-52e1-9019-817a37a7599f,fcdea270-e3e2-5450-b478-fa506aa07aa4,2026-05-07,credit,10585.63,USD,Revenue recognized for sales order 1197
a09c632f-4f10-55e7-a2af-70ee7b23e0a3,7e8959bb-b309-52e1-9019-817a37a7599f,9b90846e-21e4-56d9-8073-b9d8146286c8,2026-05-07,credit,23761.21,USD,Revenue recognized for sales order 1198
48f16014-5a48-551b-80fb-2a67030991f2,7e8959bb-b309-52e1-9019-817a37a7599f,624d1bf4-5c13-5249-9def-05852ee78163,2026-05-07,credit,10390.59,USD,Revenue recognized for sales order 1199
3ea7d448-9392-5629-9dfd-04fe17f25b74,7e8959bb-b309-52e1-9019-817a37a7599f,1100f887-81b8-5a14-81b0-1df1fb2d6c5a,2026-05-07,credit,43648.21,USD,Revenue recognized for sales order 1200
b398ecdc-0888-57de-8a13-a66c54084d97,7e8959bb-b309-52e1-9019-817a37a7599f,64ba8fbf-1bc7-5798-a870-165ffc2f5893,2026-05-07,credit,25889.92,USD,Revenue recognized for sales order 1201
deb486b0-b45c-535a-8008-7a911aedf276,7e8959bb-b309-52e1-9019-817a37a7599f,c1839f6b-a7a8-534d-8b5b-08ac577db1cc,2026-05-07,credit,16501.96,USD,Revenue recognized for sales order 1202
c714b577-110d-59e7-a9a2-a51e315a5e6b,7e8959bb-b309-52e1-9019-817a37a7599f,24187380-8654-5f64-ad07-667f7447b609,2026-05-07,credit,12591.60,USD,Revenue recognized for sales order 1203
876a59c2-52fb-5144-ad63-82379d69d010,7e8959bb-b309-52e1-9019-817a37a7599f,7565c7a1-4d31-5cba-a4ef-1557ccb4ec42,2026-05-08,credit,36077.29,USD,Revenue recognized for sales order 1205
43066f89-328b-5e61-b349-92def8dd6c83,7e8959bb-b309-52e1-9019-817a37a7599f,2efa508c-7e5d-5437-b07e-4b756844cf37,2026-05-08,credit,7743.75,USD,Revenue recognized for sales order 1206
5a46ff50-a52b-5a73-b665-0768f7d7d9e1,7e8959bb-b309-52e1-9019-817a37a7599f,706cba17-03ad-5855-aff9-4695b7539022,2026-05-08,credit,9420.03,USD,Revenue recognized for sales order 1207
11141061-e104-51e1-8416-baa4d8cf942d,7e8959bb-b309-52e1-9019-817a37a7599f,b3ba367d-ee54-5f5e-9413-b653c74c0caf,2026-05-08,credit,6036.84,USD,Revenue recognized for sales order 1208
efdf8e0b-98f0-56f2-96f5-a013e5bcb556,7e8959bb-b309-52e1-9019-817a37a7599f,98a42da2-ae6d-5f58-8f11-c3f2a6edb36a,2026-05-09,credit,16345.59,USD,Revenue recognized for sales order 1209
d5a3bd5c-494c-5213-ada9-1e0187a06818,7e8959bb-b309-52e1-9019-817a37a7599f,f07892b0-4521-54c0-9531-92ac5a72eaa2,2026-05-09,credit,32307.23,USD,Revenue recognized for sales order 1210
08238964-3087-56bf-966c-708c414771d8,7e8959bb-b309-52e1-9019-817a37a7599f,9053b8c0-b46f-5511-9d68-97f30dd57767,2026-05-10,credit,38806.80,USD,Revenue recognized for sales order 1211
3eb3b87e-8bb7-580b-abc6-141ab215906e,7e8959bb-b309-52e1-9019-817a37a7599f,b7a47b5a-df6f-58d3-9c5a-213c4701c061,2026-05-11,credit,35311.39,USD,Revenue recognized for sales order 1213
00cb93b7-2ea2-520c-80cc-c4f0ec3a1771,7e8959bb-b309-52e1-9019-817a37a7599f,db0ffd12-51cc-52ef-aa49-ab96f990921a,2026-05-11,credit,3416.94,USD,Revenue recognized for sales order 1214
5df39690-05dc-594f-85bc-1fcde1bd3efb,7e8959bb-b309-52e1-9019-817a37a7599f,f9ca615b-4e10-5228-b758-983f919cc69b,2026-05-11,credit,13856.64,USD,Revenue recognized for sales order 1215
444671e4-270f-5f00-bf1a-0ea58ea960b2,7e8959bb-b309-52e1-9019-817a37a7599f,e2f292e6-06a1-5fbd-a387-cd71f5ed22e0,2026-05-11,credit,29709.90,USD,Revenue recognized for sales order 1216
e6e33d7f-2dc9-5f7f-9fb3-61c8814ffafa,7e8959bb-b309-52e1-9019-817a37a7599f,3e0cc2e0-4a32-5df6-b413-cb5fdca4cc38,2026-05-11,credit,16392.08,USD,Revenue recognized for sales order 1217
fca53a1e-ac78-55d6-b5e0-55615d432ad4,7e8959bb-b309-52e1-9019-817a37a7599f,3a71157e-a6b2-5b1a-a6f4-275bd893967c,2026-05-11,credit,21182.27,USD,Revenue recognized for sales order 1218
1e5a27ae-6614-567c-9595-deacb5568ce1,7e8959bb-b309-52e1-9019-817a37a7599f,0d7efbc2-9128-5045-8898-13372957747a,2026-05-12,credit,16120.32,USD,Revenue recognized for sales order 1219
dbda993d-02c5-5f0d-9fbb-eb8dad692cc4,7e8959bb-b309-52e1-9019-817a37a7599f,2ae76653-af64-52e4-b8b1-d2829f5638a3,2026-05-12,credit,15010.68,USD,Revenue recognized for sales order 1220
6c66754d-cdbb-55ef-985c-aded516d30b3,7e8959bb-b309-52e1-9019-817a37a7599f,f5c24456-e26c-5d22-99d1-f4b476e9d7c8,2026-05-12,credit,37664.78,USD,Revenue recognized for sales order 1221
01aee726-2af4-5c40-a910-5496878cbef7,7e8959bb-b309-52e1-9019-817a37a7599f,f8cead5a-0a36-545c-86c6-364a86834ed4,2026-05-12,credit,33951.36,USD,Revenue recognized for sales order 1222
cf9d8529-0ac5-5c8a-a849-563c1e1b3c8c,7e8959bb-b309-52e1-9019-817a37a7599f,47bdf02c-27c9-5da5-b708-265fbcabf242,2026-05-12,credit,12117.82,USD,Revenue recognized for sales order 1223
668b5c6b-6871-5ebb-aabc-3ea68b7ca042,7e8959bb-b309-52e1-9019-817a37a7599f,90e33644-a65b-5513-808f-1eacd006f72a,2026-05-12,credit,1869.20,USD,Revenue recognized for sales order 1224
f388463e-f5a0-53cd-a296-0c4676f0d477,7e8959bb-b309-52e1-9019-817a37a7599f,5b2b44af-1df8-5981-af1a-2325f5a92e5e,2026-05-13,credit,9971.58,USD,Revenue recognized for sales order 1225
196177df-c331-5b98-bbee-e84032f8e184,7e8959bb-b309-52e1-9019-817a37a7599f,94486466-4343-5990-94a8-72f45e93303f,2026-05-13,credit,26015.72,USD,Revenue recognized for sales order 1226
94f12ac9-c13f-549a-b9f2-22021bf1a7ed,7e8959bb-b309-52e1-9019-817a37a7599f,256941f5-9c64-5069-8bc8-14af4ebcf544,2026-05-13,credit,213.83,USD,Revenue recognized for sales order 1227
eb94b466-e92f-5b6a-898e-09dbe17956a8,7e8959bb-b309-52e1-9019-817a37a7599f,55b9ef90-a704-59d9-ba1c-ab88ca41c566,2026-05-13,credit,13254.74,USD,Revenue recognized for sales order 1228
7969bf2d-1812-5dfc-909f-8331f7080b18,7e8959bb-b309-52e1-9019-817a37a7599f,8bb250b5-7120-5885-8609-0f54a3e18c9a,2026-05-13,credit,9224.52,USD,Revenue recognized for sales order 1229
23d58f87-957c-5bc2-87af-669aabacd877,7e8959bb-b309-52e1-9019-817a37a7599f,3a811d7d-0203-56ae-b219-391b0698ae67,2026-05-13,credit,7219.90,USD,Revenue recognized for sales order 1231
c30a81ce-28ed-5f47-b9f2-54c2b02dfd9c,7e8959bb-b309-52e1-9019-817a37a7599f,8f8d23a7-872c-5a50-8f88-cc48bc5fda46,2026-05-14,credit,10539.65,USD,Revenue recognized for sales order 1232
b4ce9b82-266b-52a9-bcf2-a7bcf1ccb1a0,7e8959bb-b309-52e1-9019-817a37a7599f,86bc8477-d343-54d8-a4c8-20f7c5c8e79e,2026-05-14,credit,16889.99,USD,Revenue recognized for sales order 1233
49a83150-6f73-579b-9e00-84be99791603,7e8959bb-b309-52e1-9019-817a37a7599f,3d6ffbe8-11af-571a-a1e5-974792f1a748,2026-05-14,credit,1245.02,USD,Revenue recognized for sales order 1234
06998cf7-6321-5de8-aca7-b7c86611a244,7e8959bb-b309-52e1-9019-817a37a7599f,9ebb00e8-1fae-5034-b108-57c26908d65c,2026-05-14,credit,21248.22,USD,Revenue recognized for sales order 1235
6051c839-0892-52d3-869d-26ebbeeaa95c,7e8959bb-b309-52e1-9019-817a37a7599f,f8499a97-792c-51ba-b25e-93f8890c6099,2026-05-14,credit,3174.95,USD,Revenue recognized for sales order 1236
914d1958-4298-5c12-8c41-f84c3b4cdc80,7e8959bb-b309-52e1-9019-817a37a7599f,8e173705-648d-5e9d-818d-ef99aee1c707,2026-05-15,credit,9262.74,USD,Revenue recognized for sales order 1237
0c816970-cc39-5e23-923c-aae97f4b4773,7e8959bb-b309-52e1-9019-817a37a7599f,62401a66-6a04-5de5-919e-39655851cd60,2026-05-15,credit,688.27,USD,Revenue recognized for sales order 1238
63dc9720-42e9-577a-bfa5-58b98823f698,7e8959bb-b309-52e1-9019-817a37a7599f,6bf72c61-4920-58e8-9540-a2f6647b39e7,2026-05-15,credit,13422.82,USD,Revenue recognized for sales order 1239
14178be6-76b1-5624-8435-fb6b54d21b57,7e8959bb-b309-52e1-9019-817a37a7599f,0fb3d03c-94a3-5d48-a27d-fc1bf3298cb0,2026-05-17,credit,19004.78,USD,Revenue recognized for sales order 1241
02704115-5c0a-519c-a793-75c2f2dafac8,7e8959bb-b309-52e1-9019-817a37a7599f,c35cda3b-9c94-5e0f-a646-5450c801d83c,2026-05-17,credit,28327.25,USD,Revenue recognized for sales order 1242
ba258300-4790-5f1f-9707-3f35f1502104,7e8959bb-b309-52e1-9019-817a37a7599f,a6c72d83-c908-5be0-8f42-4cd3c33ec962,2026-05-17,credit,5944.43,USD,Revenue recognized for sales order 1243
87f49590-2070-50e2-9094-137602425fb6,7e8959bb-b309-52e1-9019-817a37a7599f,9d55cfd0-8a88-5b8a-827c-18748ed19316,2026-05-18,credit,9691.51,USD,Revenue recognized for sales order 1244
5afc4bf6-0f3c-5edc-a5fe-58841f7d0c54,7e8959bb-b309-52e1-9019-817a37a7599f,82f8a8ae-9859-51d4-93bc-6032196406ea,2026-05-18,credit,3322.69,USD,Revenue recognized for sales order 1245
abf9152c-f533-5215-83cc-6dd97143bc34,7e8959bb-b309-52e1-9019-817a37a7599f,8e0e7385-eb07-526b-896f-184ec5952f2e,2026-05-18,credit,21658.50,USD,Revenue recognized for sales order 1246
a5669a77-d86e-5f47-9e8d-369602370681,7e8959bb-b309-52e1-9019-817a37a7599f,066b0be0-53e5-507f-8877-ecbc62283202,2026-05-18,credit,895.21,USD,Revenue recognized for sales order 1247
09cde76c-b51c-5c40-bfc3-6c1c87841588,7e8959bb-b309-52e1-9019-817a37a7599f,00adf203-fc39-57ed-844d-52cd8a6b12ec,2026-05-18,credit,2094.20,USD,Revenue recognized for sales order 1248
fd98a501-dbda-5282-952f-3794d5bbf3b1,7e8959bb-b309-52e1-9019-817a37a7599f,c6d913e8-3a9b-51af-81cf-13bf2dbfffea,2026-05-18,credit,6459.78,USD,Revenue recognized for sales order 1249
616920c1-fc97-5f83-bfc6-f2724d663e6c,7e8959bb-b309-52e1-9019-817a37a7599f,57295db8-60be-5b20-adc7-94b1dcdd57da,2026-05-18,credit,15243.42,USD,Revenue recognized for sales order 1250
e8b673e4-f42f-5b2e-a065-93fd8570f364,7e8959bb-b309-52e1-9019-817a37a7599f,b84b10aa-2357-5c55-9ad2-db15b3843389,2026-05-18,credit,19011.14,USD,Revenue recognized for sales order 1251
1113a770-7726-54ee-b886-cbbaab30d682,7e8959bb-b309-52e1-9019-817a37a7599f,7e62e320-eef4-5389-ae8a-4d6057610f0e,2026-05-19,credit,41777.92,USD,Revenue recognized for sales order 1252
5bf2257a-b603-52f8-a91a-099048dd2443,7e8959bb-b309-52e1-9019-817a37a7599f,7b821be3-57dc-5b1f-96b3-ad5490cc627b,2026-05-19,credit,21987.89,USD,Revenue recognized for sales order 1253
5ec60307-8fc8-59d7-9222-77985e28bc10,7e8959bb-b309-52e1-9019-817a37a7599f,ae376f3d-77dc-57e0-8ce7-3ba151be7abc,2026-05-19,credit,9930.34,USD,Revenue recognized for sales order 1254
091a00bb-fdf1-5ec7-8c87-35e769fc3acf,7e8959bb-b309-52e1-9019-817a37a7599f,3f4bbea2-46ac-5efb-9d7b-a807fed4add5,2026-05-19,credit,1995.91,USD,Revenue recognized for sales order 1255
61d543a0-d67c-5b3b-836a-79cfd360b20a,7e8959bb-b309-52e1-9019-817a37a7599f,87c7b9f4-4363-575b-a248-8643792a31c5,2026-05-19,credit,5251.54,USD,Revenue recognized for sales order 1256
2768e388-c1eb-5546-934c-a9dc93c10291,7e8959bb-b309-52e1-9019-817a37a7599f,cf2d5f88-def8-507a-9776-7d4a8ea4a773,2026-05-19,credit,17377.82,USD,Revenue recognized for sales order 1257
cbd9a2e4-d60d-5772-8901-816e11d8597c,7e8959bb-b309-52e1-9019-817a37a7599f,d516d767-b095-571f-8749-7f88cc67d977,2026-05-19,credit,1630.44,USD,Revenue recognized for sales order 1258
8329303a-56ad-573f-bd94-ac2827022714,7e8959bb-b309-52e1-9019-817a37a7599f,3c8ab4f0-51f0-5003-b80e-4b2b5c144c45,2026-05-20,credit,8521.58,USD,Revenue recognized for sales order 1259
6c17e16a-abcb-5bc6-803e-6ea504f2627a,7e8959bb-b309-52e1-9019-817a37a7599f,129f324f-9f35-5b9c-b5a6-c82b229a6075,2026-05-20,credit,37917.38,USD,Revenue recognized for sales order 1260
86f6256f-cb56-5e04-9af0-366c5c3997fb,7e8959bb-b309-52e1-9019-817a37a7599f,60c0f381-700a-5600-a784-11cd3886ee8d,2026-05-20,credit,46285.00,USD,Revenue recognized for sales order 1261
0d1c45c0-0723-53c0-8200-5b7a5f5c97af,7e8959bb-b309-52e1-9019-817a37a7599f,4c87d03a-b874-5525-996b-813f53a700a3,2026-05-20,credit,16006.84,USD,Revenue recognized for sales order 1262
f3d885cc-20b7-59b1-b049-89df9123dd7c,7e8959bb-b309-52e1-9019-817a37a7599f,ee48b96c-0d9e-5054-acfe-a537853cde0d,2026-05-20,credit,20164.55,USD,Revenue recognized for sales order 1263
f624c528-7075-595c-8144-dfd0a700250d,7e8959bb-b309-52e1-9019-817a37a7599f,13bafb69-80bd-593f-8704-e6d858a51b9d,2026-05-20,credit,35608.63,USD,Revenue recognized for sales order 1265
6a6e3ba8-2610-5963-b9f2-2f199e5d107b,7e8959bb-b309-52e1-9019-817a37a7599f,09401c35-ead7-5edf-ac39-7c94ba0c39a1,2026-05-21,credit,30885.41,USD,Revenue recognized for sales order 1266
5c34f020-b14d-571f-8647-df484d76bc5d,7e8959bb-b309-52e1-9019-817a37a7599f,0055f3c1-ffd9-5755-a7af-1ffe5b145916,2026-05-21,credit,14868.93,USD,Revenue recognized for sales order 1267
54fcf4c7-57c7-5189-8cf2-4194150a43d1,7e8959bb-b309-52e1-9019-817a37a7599f,888e36c9-1fe0-5284-9353-9ffb47a1963b,2026-05-21,credit,24473.67,USD,Revenue recognized for sales order 1268
afeb526e-a2bb-5174-b4bb-d16c2c0fd69a,7e8959bb-b309-52e1-9019-817a37a7599f,623ba003-f794-5e1e-8279-16cf4c3b436b,2026-05-21,credit,14123.59,USD,Revenue recognized for sales order 1269
d5f9f30c-2a68-573d-8f94-fb37b20a6fa2,7e8959bb-b309-52e1-9019-817a37a7599f,f74a7c24-8b13-5bce-9f2e-46a9b9c1cff0,2026-05-21,credit,24201.16,USD,Revenue recognized for sales order 1270
54f58a83-b9e7-53f0-8d1a-8fc5f2400bae,7e8959bb-b309-52e1-9019-817a37a7599f,5b7abab2-e517-5f7b-ae40-3c4ba56d433d,2026-05-21,credit,23253.74,USD,Revenue recognized for sales order 1271
3e4301fd-3347-508f-9fb6-a5fecb511ea1,7e8959bb-b309-52e1-9019-817a37a7599f,6f921604-6ea5-5ca2-8fd9-d45d142bffd6,2026-05-22,credit,29467.41,USD,Revenue recognized for sales order 1272
92e44b79-767e-5c45-b9cd-e6b292ef81f5,7e8959bb-b309-52e1-9019-817a37a7599f,cdf59569-03c6-5f7b-9141-2096671b77b9,2026-05-22,credit,16469.90,USD,Revenue recognized for sales order 1273
6c3c5a8c-91c5-5d7b-9e9b-220ecbd73721,7e8959bb-b309-52e1-9019-817a37a7599f,c5a7ebeb-a897-5f72-8aeb-551fc4b8f219,2026-05-22,credit,14421.19,USD,Revenue recognized for sales order 1274
e20df718-dc5b-5a63-900e-3c4857e67636,7e8959bb-b309-52e1-9019-817a37a7599f,82c1ffe6-05df-5e44-84fc-01fc49336d9f,2026-05-22,credit,4059.31,USD,Revenue recognized for sales order 1275
1bf3c677-c61c-542c-bd74-31b1c557bfbd,7e8959bb-b309-52e1-9019-817a37a7599f,c368e821-0f5f-5ff8-baab-a98497f56769,2026-05-23,credit,1644.80,USD,Revenue recognized for sales order 1276
512097e8-420e-5c16-9798-7bcec2b85a5a,7e8959bb-b309-52e1-9019-817a37a7599f,40395a79-ce0b-516b-b4da-707d12ec2b40,2026-05-23,credit,23345.65,USD,Revenue recognized for sales order 1277
48894143-490e-524c-ba63-ec27826299e9,7e8959bb-b309-52e1-9019-817a37a7599f,5d1f9846-5e33-5c6c-b98a-981b3dd06683,2026-05-23,credit,7596.25,USD,Revenue recognized for sales order 1278
e606bb46-cf13-5f99-877b-9971798076e7,7e8959bb-b309-52e1-9019-817a37a7599f,7c4af81e-259c-5be7-87e5-7089c4537913,2026-05-24,credit,20749.12,USD,Revenue recognized for sales order 1279
4443f4c6-4005-547f-81c3-867d1befd739,7e8959bb-b309-52e1-9019-817a37a7599f,bdf26eb0-fb7f-5d27-a243-531db912199d,2026-05-25,credit,23906.55,USD,Revenue recognized for sales order 1280
989fd5ff-08e5-56b0-9b17-54205b0cad45,7e8959bb-b309-52e1-9019-817a37a7599f,067fbd96-844d-58e0-b932-5c8cd379be6c,2026-05-25,credit,10782.99,USD,Revenue recognized for sales order 1281
4ef8f8f4-0c0c-5d09-8d6d-42f9c3332b24,7e8959bb-b309-52e1-9019-817a37a7599f,bedec434-58f8-5c24-b07e-41e5c0143059,2026-05-25,credit,22256.79,USD,Revenue recognized for sales order 1282
b6d07777-dbb1-5ca9-8f50-3dca2d2f31ec,7e8959bb-b309-52e1-9019-817a37a7599f,3dace698-3d9f-5ee2-805d-96d11f6a495c,2026-05-26,credit,6687.53,USD,Revenue recognized for sales order 1283
e1d0bc83-67c5-5736-ae4d-5aa20bc9c7d7,7e8959bb-b309-52e1-9019-817a37a7599f,59203841-252a-5116-b5b2-db22af3fddfe,2026-05-26,credit,21707.50,USD,Revenue recognized for sales order 1284
52c322dc-8866-5943-bdb3-d27ddcd1bede,7e8959bb-b309-52e1-9019-817a37a7599f,b215d095-743a-5f8c-bb1f-b60d22ab15b3,2026-05-26,credit,14150.13,USD,Revenue recognized for sales order 1285
1943d7df-81aa-57c3-89ce-e65ea8cb34be,7e8959bb-b309-52e1-9019-817a37a7599f,4349545e-6d2c-56fe-95a0-d9662bebca5a,2026-05-26,credit,20421.14,USD,Revenue recognized for sales order 1286
6ba1545f-4ec3-5a72-8cfa-1b29cb3527e3,7e8959bb-b309-52e1-9019-817a37a7599f,0222c4f1-03a2-538c-9a93-d5d1b6f602e8,2026-05-26,credit,11188.91,USD,Revenue recognized for sales order 1287
2136d41d-d8d3-5b0f-bbc2-2c0f40b4360e,7e8959bb-b309-52e1-9019-817a37a7599f,76757891-2ad5-51dd-99f6-188083c572b0,2026-05-27,credit,6362.14,USD,Revenue recognized for sales order 1288
982b3eab-cfd6-5005-ae8f-4354b5f3c226,7e8959bb-b309-52e1-9019-817a37a7599f,f36e4fc0-c5ab-54cf-90a4-824996b91ac1,2026-05-27,credit,16205.07,USD,Revenue recognized for sales order 1289
520b916c-4abe-563b-a487-4ba5169f32d7,7e8959bb-b309-52e1-9019-817a37a7599f,7bc175ee-a0fa-59db-87bf-707585b877a0,2026-05-27,credit,30908.45,USD,Revenue recognized for sales order 1290
9d2533aa-f743-5ffb-b501-96fe30e12918,7e8959bb-b309-52e1-9019-817a37a7599f,02cafc86-ae3b-5c35-a558-ec76f686381e,2026-05-28,credit,11589.82,USD,Revenue recognized for sales order 1291
c2422d9b-0dc2-535f-996e-748f5f017037,7e8959bb-b309-52e1-9019-817a37a7599f,1cb95bea-c06c-5dd6-95ad-7a6c39ec805a,2026-05-28,credit,23390.18,USD,Revenue recognized for sales order 1292
3349890b-d241-53e7-b644-dd55cae15ad4,7e8959bb-b309-52e1-9019-817a37a7599f,8a007253-e32e-5817-a9af-ddaa2e5db7ea,2026-05-28,credit,4818.82,USD,Revenue recognized for sales order 1293
9ce8e1dd-9fe1-5450-abb8-1d5f36ec8904,7e8959bb-b309-52e1-9019-817a37a7599f,0289fc1d-794f-58bb-a028-fad5be0732b8,2026-05-28,credit,27246.53,USD,Revenue recognized for sales order 1294
c608dc54-dd1c-5f95-a523-2fae38058bb6,7e8959bb-b309-52e1-9019-817a37a7599f,d11528bc-a43d-5874-a3ad-272f9c12c3cd,2026-05-28,credit,3135.72,USD,Revenue recognized for sales order 1295
1aa490da-39a5-58ee-b6cf-96cdc7d5ae1c,7e8959bb-b309-52e1-9019-817a37a7599f,6ab0fd54-87cf-5700-b72e-244897cf0704,2026-05-28,credit,20090.81,USD,Revenue recognized for sales order 1296
15be48d0-3504-5369-b4b4-b9f3699a8ca1,7e8959bb-b309-52e1-9019-817a37a7599f,4aea2efb-a1e2-5381-997e-000c42069bd3,2026-05-28,credit,7533.85,USD,Revenue recognized for sales order 1297
394a5ede-56d0-5ae4-989d-7ab8b27b3200,7e8959bb-b309-52e1-9019-817a37a7599f,3f9c23a3-a3f3-5d6b-b4ac-ea2ee1b3f9ad,2026-05-29,credit,5325.96,USD,Revenue recognized for sales order 1299
41c07696-cabd-579c-83db-e49eb9f76fdc,7e8959bb-b309-52e1-9019-817a37a7599f,4989cca8-7e5c-5f52-9d69-d663969d5c9c,2026-05-29,credit,39994.10,USD,Revenue recognized for sales order 1300
6d2e9e9d-6852-5d87-ad24-5022833b6d22,7e8959bb-b309-52e1-9019-817a37a7599f,3af0587f-b3bb-5d3b-8aa4-6800a5c5b1df,2026-05-29,credit,11882.84,USD,Revenue recognized for sales order 1301
65ff7404-870f-51ea-add6-4cbec1df3329,7e8959bb-b309-52e1-9019-817a37a7599f,dad2fc10-b078-51d5-ac7f-755ef549a448,2026-05-29,credit,22753.70,USD,Revenue recognized for sales order 1302
6383b4cc-5832-5dce-8191-c8ae6136cafa,7e8959bb-b309-52e1-9019-817a37a7599f,8b5f0f93-7bc7-54b6-8a4b-20a1548c7d9c,2026-05-29,credit,12475.77,USD,Revenue recognized for sales order 1303
a8f373de-f6c4-5bfa-9739-fd6d417dcc97,7e8959bb-b309-52e1-9019-817a37a7599f,d1e254dd-24a3-508d-9f6b-eb91549cd4eb,2026-05-29,credit,18457.17,USD,Revenue recognized for sales order 1304
40faaf5d-56ef-5187-a129-9f114bf32348,7e8959bb-b309-52e1-9019-817a37a7599f,911fc051-5838-5ae8-b761-346946c51df5,2026-05-30,credit,806.94,USD,Revenue recognized for sales order 1305
504661c6-21ad-5488-bea5-ec4003538688,7e8959bb-b309-52e1-9019-817a37a7599f,e7b9d293-86de-5056-ab61-1927697b6a66,2026-05-31,credit,4529.80,USD,Revenue recognized for sales order 1306
4c501b99-9b75-5f4f-934b-7026bdd28b9f,7e8959bb-b309-52e1-9019-817a37a7599f,7a156148-2af5-5212-a1fa-40882bf476a5,2026-06-01,credit,21750.06,USD,Revenue recognized for sales order 1307
e48635fe-05e3-5959-bb9d-af9483ffddb5,7e8959bb-b309-52e1-9019-817a37a7599f,98a0ffe3-d13f-5acb-b407-9c7dd7feaf6a,2026-06-01,credit,7357.86,USD,Revenue recognized for sales order 1308
29ac9ac3-1663-5c9b-a642-d91c16ceed08,7e8959bb-b309-52e1-9019-817a37a7599f,8bb053da-fbbb-577c-b036-ce2e1021af12,2026-06-01,credit,2142.01,USD,Revenue recognized for sales order 1309
1f7cb9eb-7b28-502b-8865-2414c8578244,7e8959bb-b309-52e1-9019-817a37a7599f,fe9a98de-0d90-5767-be0d-a45221d8d925,2026-06-01,credit,11803.30,USD,Revenue recognized for sales order 1310
014ef96e-a671-5f75-a240-c55245a03180,7e8959bb-b309-52e1-9019-817a37a7599f,e45b73b9-cc7f-581b-8752-f86a71d563d4,2026-06-01,credit,2284.75,USD,Revenue recognized for sales order 1311
6588ad3a-3a83-549c-9d7d-f5eb901d3642,7e8959bb-b309-52e1-9019-817a37a7599f,0e55a3dd-47d2-51e3-a5a5-38b7b3f4aca1,2026-06-01,credit,5636.29,USD,Revenue recognized for sales order 1312
1fdd3e9a-bbc6-5610-9d20-1a8c755a9e1d,7e8959bb-b309-52e1-9019-817a37a7599f,0d5aa3d0-35e3-54a1-805e-0bdd70274c2b,2026-06-01,credit,6007.19,USD,Revenue recognized for sales order 1313
460d78f9-a5c8-5bdb-b336-a9dfac548857,7e8959bb-b309-52e1-9019-817a37a7599f,ff1533f8-fd0a-5e0b-8e42-2f8e008a64e7,2026-06-02,credit,7497.54,USD,Revenue recognized for sales order 1314
3e017766-6ce5-5c22-b279-1fb459264c9a,7e8959bb-b309-52e1-9019-817a37a7599f,270ab034-cbaa-5824-83bd-d90470639d2c,2026-06-02,credit,4710.39,USD,Revenue recognized for sales order 1315
829c3db5-44a8-5e82-81f4-1622dbd57c46,7e8959bb-b309-52e1-9019-817a37a7599f,72ef9600-ea11-5381-9cbb-d3c6e438be59,2026-06-02,credit,9219.10,USD,Revenue recognized for sales order 1316
828e2719-ddbf-5649-9e1a-88005b322c9a,7e8959bb-b309-52e1-9019-817a37a7599f,2600785b-c961-52cb-9827-be2697e32ee3,2026-06-03,credit,32692.14,USD,Revenue recognized for sales order 1317
5896da2f-4b8a-506e-a4dc-957328528c98,7e8959bb-b309-52e1-9019-817a37a7599f,e2460296-a968-5100-98f9-935d41d6ae81,2026-06-03,credit,12220.72,USD,Revenue recognized for sales order 1318
4c7e6ecd-cf2b-5fe4-bab7-75ae3b39844e,7e8959bb-b309-52e1-9019-817a37a7599f,10fc9de4-4452-5174-a272-7a302d11047c,2026-06-03,credit,14377.32,USD,Revenue recognized for sales order 1319
652cd10a-9eb4-5eeb-a913-b92668a3567c,7e8959bb-b309-52e1-9019-817a37a7599f,99f8cdb6-72b5-5dfa-9a1f-dd992ffbccee,2026-06-03,credit,4680.24,USD,Revenue recognized for sales order 1320
e7b01552-3a52-55e7-8db5-e435eaa3924a,7e8959bb-b309-52e1-9019-817a37a7599f,971b1437-bfe4-5e87-96bf-51dff73fc8bf,2026-06-03,credit,13641.63,USD,Revenue recognized for sales order 1321
a4a280f0-b9c5-5e98-b2c9-54f862fc7561,7e8959bb-b309-52e1-9019-817a37a7599f,53ebc494-ffc8-5767-855b-ea0d1e3b1bcd,2026-06-03,credit,16678.51,USD,Revenue recognized for sales order 1322
9b9ed260-2439-52bb-b75f-aabe729a73e5,7e8959bb-b309-52e1-9019-817a37a7599f,de5e81dc-37a2-5f4a-bebd-26c52d741a25,2026-06-03,credit,8509.10,USD,Revenue recognized for sales order 1323
8511f0e4-b421-5660-809d-d15bf1b7f664,7e8959bb-b309-52e1-9019-817a37a7599f,d9bb0fbe-fc5c-5c9a-b90f-ff1c2845f1b3,2026-06-03,credit,36879.86,USD,Revenue recognized for sales order 1324
0647962a-ed0b-5bd8-bcf4-8b01b78b769b,7e8959bb-b309-52e1-9019-817a37a7599f,50b108e2-eb18-52db-bdd7-79ed50eb38c6,2026-06-04,credit,30035.75,USD,Revenue recognized for sales order 1326
29347f1a-5556-5d22-a52d-a098b3524916,7e8959bb-b309-52e1-9019-817a37a7599f,5e33b091-34ec-522a-bab3-187176d47b57,2026-06-04,credit,32905.15,USD,Revenue recognized for sales order 1328
a44afdc3-91ba-57ff-9ed5-660f6d3e96b5,7e8959bb-b309-52e1-9019-817a37a7599f,a700e426-de42-598f-8b26-670fd309ef23,2026-06-04,credit,24074.84,USD,Revenue recognized for sales order 1329
67b9be3b-7b15-52f0-a764-b4ebaf05a2c5,7e8959bb-b309-52e1-9019-817a37a7599f,ba6cd090-6ed7-5dbe-9e3c-aef41a715cbc,2026-06-05,credit,13761.65,USD,Revenue recognized for sales order 1330
73204a63-1716-515f-bb60-ee6213436478,7e8959bb-b309-52e1-9019-817a37a7599f,9c5883e3-ddf8-5a08-8bee-311941e55408,2026-06-05,credit,9006.31,USD,Revenue recognized for sales order 1331
a84a8d88-4d04-581d-b7de-e727a1d64a4d,7e8959bb-b309-52e1-9019-817a37a7599f,1acf8bac-301c-5871-b6d3-4ed63a5cdb5d,2026-06-05,credit,9544.50,USD,Revenue recognized for sales order 1333
747a1f39-c9ac-5ff1-8309-043c5afb0334,7e8959bb-b309-52e1-9019-817a37a7599f,fc512dd1-7179-50f4-9074-c3a44bbf05b1,2026-06-05,credit,22568.57,USD,Revenue recognized for sales order 1334
6549775e-2560-5339-9faf-f78f924332d2,7e8959bb-b309-52e1-9019-817a37a7599f,6c4e9d4a-9613-5fb8-b9fb-a8dcf2f0803b,2026-06-05,credit,17158.42,USD,Revenue recognized for sales order 1335
e588f553-87cd-58d6-bdd7-6d974a069f6f,7e8959bb-b309-52e1-9019-817a37a7599f,c874ad2e-b2e3-5151-a8e0-6885a215ea11,2026-06-05,credit,27484.72,USD,Revenue recognized for sales order 1336
80f157cc-750b-58d5-865a-f1d6289d9f37,7e8959bb-b309-52e1-9019-817a37a7599f,75fc82c0-fa44-5bd1-ae65-e57f97bc0472,2026-06-06,credit,9204.53,USD,Revenue recognized for sales order 1337
a330392d-68b9-5e01-b276-d20d43903e29,7e8959bb-b309-52e1-9019-817a37a7599f,91cd2684-613e-5fce-abee-48683ecc0d69,2026-06-07,credit,23019.44,USD,Revenue recognized for sales order 1338
627e6157-9aee-5720-9318-063fbb709fc0,7e8959bb-b309-52e1-9019-817a37a7599f,63c9de01-f94e-559b-b7c4-a6272038bad5,2026-06-07,credit,32210.68,USD,Revenue recognized for sales order 1339
140e37a3-4bfc-50d3-8f1a-8260b5709e18,7e8959bb-b309-52e1-9019-817a37a7599f,2a4073df-998c-5627-bd30-45313a18a239,2026-06-07,credit,24538.14,USD,Revenue recognized for sales order 1340
ddec78ce-f09c-5370-b654-05ee601a83d2,7e8959bb-b309-52e1-9019-817a37a7599f,ff96cf18-a312-59f2-9c17-2da0f103b4ed,2026-06-08,credit,34493.46,USD,Revenue recognized for sales order 1341
e9ccefcd-7a9e-5ecd-9ac7-302b44559167,7e8959bb-b309-52e1-9019-817a37a7599f,c94675b9-b649-564e-a828-ec5fc1816ebf,2026-06-08,credit,24055.65,USD,Revenue recognized for sales order 1342
ebe8b51f-3b2b-54c6-96af-3b70593d5d56,7e8959bb-b309-52e1-9019-817a37a7599f,266cf25d-938c-5098-9988-f78f59d1e3d2,2026-06-08,credit,11943.62,USD,Revenue recognized for sales order 1343
813596cf-61fc-51fb-96e7-f1889bf97b74,7e8959bb-b309-52e1-9019-817a37a7599f,da6be8df-ef73-5fb7-881a-088aa07de082,2026-06-08,credit,39151.02,USD,Revenue recognized for sales order 1344
50d91f72-a693-50df-b89c-3e17527666f7,7e8959bb-b309-52e1-9019-817a37a7599f,19eaa5f2-b3d2-5016-818c-2277f525d114,2026-06-08,credit,20693.06,USD,Revenue recognized for sales order 1345
dad3ce61-5cd0-5b67-8627-f2eaa14ea894,7e8959bb-b309-52e1-9019-817a37a7599f,feae78df-3345-5b59-bd1d-0ecd21116a92,2026-06-09,credit,17606.82,USD,Revenue recognized for sales order 1346
ccf9f455-2bb8-5493-8aae-730cd04ab7e7,7e8959bb-b309-52e1-9019-817a37a7599f,72120ba5-3013-55a8-8cb1-b658bf4dc51d,2026-06-09,credit,13711.45,USD,Revenue recognized for sales order 1347
92e0393e-705b-540a-9778-dda9489947cc,7e8959bb-b309-52e1-9019-817a37a7599f,ccf17a3c-a064-5c04-a242-e83c63936daf,2026-06-09,credit,9888.12,USD,Revenue recognized for sales order 1348
11908480-8aec-5aaa-9bcf-eb16df3b8f5f,7e8959bb-b309-52e1-9019-817a37a7599f,e8d25828-e622-597f-ab41-a543e01944ec,2026-06-10,credit,48493.24,USD,Revenue recognized for sales order 1349
f641ca0d-fef0-5b5a-b3ab-526f850a391b,7e8959bb-b309-52e1-9019-817a37a7599f,4c97d2f9-60c9-5c75-81ee-a5f1916131ef,2026-06-10,credit,45165.68,USD,Revenue recognized for sales order 1350
7eaf64f2-a4ba-5efb-90cf-2541920fd478,7e8959bb-b309-52e1-9019-817a37a7599f,db2971aa-7b8c-52a4-95ab-174f37270d9d,2026-06-10,credit,13602.18,USD,Revenue recognized for sales order 1351
185e53e8-3f29-5c54-841e-243ae429a251,7e8959bb-b309-52e1-9019-817a37a7599f,6dabc12f-f953-5e31-8c5d-834f965dd341,2026-06-10,credit,37421.39,USD,Revenue recognized for sales order 1352
c267a21c-e7ac-5390-a80e-6ee9aed56a0f,7e8959bb-b309-52e1-9019-817a37a7599f,af71018a-6cf9-532d-8446-3bb4737c347b,2026-06-11,credit,24543.64,USD,Revenue recognized for sales order 1353
10ed014b-525e-5d9d-b9d7-84aa40eb35ad,7e8959bb-b309-52e1-9019-817a37a7599f,9125d996-ac95-5bd5-a46e-039bdc82bcb5,2026-06-11,credit,25676.62,USD,Revenue recognized for sales order 1354
d66985ee-3af6-5862-9f40-25b614f3baa3,7e8959bb-b309-52e1-9019-817a37a7599f,12ac70bd-3d08-59f0-b3c1-13ac6d235df2,2026-06-11,credit,27406.41,USD,Revenue recognized for sales order 1355
d9bf8c7a-0935-5d87-8661-41d3bfcf8b57,7e8959bb-b309-52e1-9019-817a37a7599f,c6a11cb0-ff82-58e0-88c7-cacdbd32c785,2026-06-11,credit,11602.35,USD,Revenue recognized for sales order 1357
e966575e-04a3-5da1-8297-3c1521317bdb,7e8959bb-b309-52e1-9019-817a37a7599f,c5c79d55-f42c-55f5-a39c-9b287c811243,2026-06-11,credit,24227.41,USD,Revenue recognized for sales order 1358
a50eb25a-193b-5d78-ab90-483bd1720200,7e8959bb-b309-52e1-9019-817a37a7599f,6c51c4ea-bd19-5a3d-af89-182c21618d2f,2026-06-11,credit,3844.68,USD,Revenue recognized for sales order 1359
51b2370f-101c-5c07-a75e-34cd0ea74ae4,7e8959bb-b309-52e1-9019-817a37a7599f,de203539-6306-5fe2-be3f-7e44ea2bd0f4,2026-06-11,credit,8540.57,USD,Revenue recognized for sales order 1360
0a8de9c9-3075-5d71-bb2f-f969c7ed2d22,7e8959bb-b309-52e1-9019-817a37a7599f,925bbcb4-48bc-5f2d-bce8-bd0d578e3485,2026-06-12,credit,5406.26,USD,Revenue recognized for sales order 1361
0f0b4f8d-59ee-5dc5-9337-bce29c0245ea,7e8959bb-b309-52e1-9019-817a37a7599f,60a6a035-4b01-5270-8b35-e6e1d3878650,2026-06-12,credit,11367.67,USD,Revenue recognized for sales order 1362
72d01c53-deab-50dd-a152-6fefacf961ca,7e8959bb-b309-52e1-9019-817a37a7599f,8b32f3e6-83af-5b03-982e-bf9f2e0b74c0,2026-06-12,credit,15816.55,USD,Revenue recognized for sales order 1363
fe18486c-d905-5f8e-84ea-74cef1dd4082,7e8959bb-b309-52e1-9019-817a37a7599f,3e21e97e-9897-5329-b30f-ddfd7b03b3b1,2026-06-12,credit,14405.43,USD,Revenue recognized for sales order 1364
f00ede60-8d16-5607-bb79-feabd1c83c0b,7e8959bb-b309-52e1-9019-817a37a7599f,344a43fa-2d49-5036-86db-07fe1f1f553f,2026-06-12,credit,12022.01,USD,Revenue recognized for sales order 1366
dd30cd93-200f-5004-8a1d-36211051419c,7e8959bb-b309-52e1-9019-817a37a7599f,d54fcb33-b40c-586f-9291-6ceecbc77548,2026-06-12,credit,16378.59,USD,Revenue recognized for sales order 1367
ecb60cdf-178d-5412-99ef-4d2b109285c7,7e8959bb-b309-52e1-9019-817a37a7599f,a6af0535-6c49-5301-9e2b-2412cd510d9b,2026-06-13,credit,18102.61,USD,Revenue recognized for sales order 1368
da7073e7-2911-5f56-bad6-7c8779bb600b,7e8959bb-b309-52e1-9019-817a37a7599f,293bff3f-541b-5e96-95df-455ce66f3e33,2026-06-13,credit,18715.30,USD,Revenue recognized for sales order 1369
fabf8c5d-90c3-5a03-9a55-c74007a8fa00,7e8959bb-b309-52e1-9019-817a37a7599f,9445171c-3586-5420-a39d-0ac57b73eb04,2026-06-14,credit,20225.16,USD,Revenue recognized for sales order 1370
73244981-4591-58b2-b69d-dc42723600a4,7e8959bb-b309-52e1-9019-817a37a7599f,5ba54930-9412-50f1-9aad-fd8bc45fde01,2026-06-15,credit,21094.78,USD,Revenue recognized for sales order 1371
e611a218-06ce-5de8-9208-b6d00d42298f,7e8959bb-b309-52e1-9019-817a37a7599f,c4863672-8941-58cf-b7ce-e1f3cbe59ef8,2026-06-15,credit,5274.05,USD,Revenue recognized for sales order 1372
fc30a688-523e-5565-b20a-c1d047895d53,7e8959bb-b309-52e1-9019-817a37a7599f,25db580c-c21e-50bc-afa9-1f26e33efcca,2026-06-15,credit,7160.74,USD,Revenue recognized for sales order 1373
31c84e6d-61d9-5906-9c58-7c33b012f21b,7e8959bb-b309-52e1-9019-817a37a7599f,33e7ff3e-d608-591a-99c5-733a57d998ba,2026-06-15,credit,14616.27,USD,Revenue recognized for sales order 1374
7319e384-ba3e-5374-84b7-12f047fbcb7b,7e8959bb-b309-52e1-9019-817a37a7599f,9c9cec77-896a-5f78-a519-f8d12bf16a65,2026-06-15,credit,2076.14,USD,Revenue recognized for sales order 1375
77788948-377f-5e54-817b-b27d2efd362a,7e8959bb-b309-52e1-9019-817a37a7599f,35d43645-8b38-50ed-84d3-1abf472eaa19,2026-06-15,credit,29039.82,USD,Revenue recognized for sales order 1378
25898eec-5e74-56d0-9205-cb4153b0f0b2,7e8959bb-b309-52e1-9019-817a37a7599f,a3c2b15e-0633-5a99-a9f0-a944532a6c4a,2026-06-16,credit,28049.16,USD,Revenue recognized for sales order 1379
7abf6305-0369-5c25-9d89-ac2a170e3dd2,7e8959bb-b309-52e1-9019-817a37a7599f,cbaa5355-b465-5024-8132-ae0f0f7d0d6f,2026-06-16,credit,22347.98,USD,Revenue recognized for sales order 1380
74773b8c-5fea-5da2-89c0-3e1645436fe3,7e8959bb-b309-52e1-9019-817a37a7599f,4766e43a-add9-5d4a-8095-87878bce20ad,2026-06-16,credit,24236.51,USD,Revenue recognized for sales order 1381
a476870e-7be1-5fa9-a9c2-e166092bf6ac,7e8959bb-b309-52e1-9019-817a37a7599f,2b22f95a-7f01-5769-a534-0d4641a75d68,2026-06-16,credit,12068.61,USD,Revenue recognized for sales order 1382
2bd4be7e-6149-591f-a5a6-956d31e5fe1c,7e8959bb-b309-52e1-9019-817a37a7599f,2ae9ac6e-7865-5004-928f-a1ba22e6c27a,2026-06-17,credit,28746.24,USD,Revenue recognized for sales order 1383
05558e20-30cb-5a2e-805b-1edb0c648abd,7e8959bb-b309-52e1-9019-817a37a7599f,7adc7c7c-002a-535a-8bee-19e7e6fb603f,2026-06-17,credit,15195.46,USD,Revenue recognized for sales order 1384
d3a3d9fb-99f8-56e4-8aba-65ead2014651,7e8959bb-b309-52e1-9019-817a37a7599f,23762e54-206f-51b3-ac7f-63ad3db1d30b,2026-06-17,credit,26384.77,USD,Revenue recognized for sales order 1385
03cd7645-8610-5281-9a13-f6810d5a920d,7e8959bb-b309-52e1-9019-817a37a7599f,de905c8c-efa1-520b-8e90-c21fd35e1c50,2026-06-17,credit,21019.88,USD,Revenue recognized for sales order 1386
082c1fc0-102a-5de4-b7b5-b91472b31ef3,7e8959bb-b309-52e1-9019-817a37a7599f,03e0bbc3-a593-5e4b-a244-30805ea40c59,2026-06-17,credit,18608.69,USD,Revenue recognized for sales order 1387
ff9ebdcd-84eb-510e-ac1b-d1cd6c3cb484,7e8959bb-b309-52e1-9019-817a37a7599f,1d1dcee7-6a5e-5b4a-97fa-512bf5b3baa7,2026-06-18,credit,6188.34,USD,Revenue recognized for sales order 1388
635715c6-a506-5a7b-b17f-7dd8be379bba,7e8959bb-b309-52e1-9019-817a37a7599f,a50d5051-054e-578f-9e40-1103e6de72dd,2026-06-18,credit,4831.86,USD,Revenue recognized for sales order 1389
93a1386c-3d10-5eb0-acb7-1e2e5522defe,7e8959bb-b309-52e1-9019-817a37a7599f,83752b19-b530-5898-9c3b-e4b4f26ebd69,2026-06-18,credit,12117.82,USD,Revenue recognized for sales order 1390
7b029ff2-a40b-52db-8674-2e2e0d64fb35,7e8959bb-b309-52e1-9019-817a37a7599f,6107312f-3598-5a9a-b9f5-122392139006,2026-06-18,credit,23697.05,USD,Revenue recognized for sales order 1391
1d54e751-959f-5968-9dce-7470449b06d2,7e8959bb-b309-52e1-9019-817a37a7599f,7e8c7f33-c655-5ddd-83c4-b0bb404097e0,2026-06-18,credit,13554.37,USD,Revenue recognized for sales order 1392
6c27dd1e-0f23-53e7-93a7-2c62332e2520,7e8959bb-b309-52e1-9019-817a37a7599f,9e23f8fc-ff35-581f-ae81-35d173710b55,2026-06-18,credit,27419.25,USD,Revenue recognized for sales order 1393
36c4de21-2c23-5bb3-8e3c-e46be00dc255,7e8959bb-b309-52e1-9019-817a37a7599f,1b672ee5-1731-5b60-af5f-832138f2b788,2026-06-18,credit,23602.86,USD,Revenue recognized for sales order 1394
660efe47-1aa7-5e35-a184-3eb2df0f8ce5,7e8959bb-b309-52e1-9019-817a37a7599f,9d514969-5ee9-5d12-b977-fc3b9467f48c,2026-06-19,credit,19090.67,USD,Revenue recognized for sales order 1395
e0272925-e0b5-5147-af84-e878f7b651b6,7e8959bb-b309-52e1-9019-817a37a7599f,9e4868f3-6378-5b61-af84-e6fe78237627,2026-06-19,credit,13016.80,USD,Revenue recognized for sales order 1396
4a5f9e0e-72b4-5b75-83d6-dd97d3aed311,7e8959bb-b309-52e1-9019-817a37a7599f,f0cda2c5-2d5d-54e6-9120-532630c81c98,2026-06-19,credit,27593.14,USD,Revenue recognized for sales order 1397
69a55793-8284-5c0f-af63-f5cdd4bdd04d,7e8959bb-b309-52e1-9019-817a37a7599f,7900e7df-a2ae-53c7-b2ba-796a3805d7ab,2026-06-19,credit,34908.50,USD,Revenue recognized for sales order 1398
1ede6258-f545-5c94-9106-86f353927d25,7e8959bb-b309-52e1-9019-817a37a7599f,8a2a8ef5-9512-5b0c-ae5c-12461b304b4f,2026-06-19,credit,8500.98,USD,Revenue recognized for sales order 1399
7ca27d3b-483e-53bd-913a-2967da8ab593,7e8959bb-b309-52e1-9019-817a37a7599f,57877947-89b0-5630-9001-581552922ac7,2026-06-19,credit,3621.73,USD,Revenue recognized for sales order 1400
58cc1a5c-55bd-546d-8fed-a74ecf030d30,7e8959bb-b309-52e1-9019-817a37a7599f,e21aed84-21f7-5df2-bae4-1e1677eae298,2026-06-19,credit,19868.48,USD,Revenue recognized for sales order 1401
2e9244e9-4ec6-5001-8a5c-f9f6ffa70e6a,7e8959bb-b309-52e1-9019-817a37a7599f,484ebf19-6d3c-5bc5-8af4-ac69e63190fa,2026-06-19,credit,28216.43,USD,Revenue recognized for sales order 1402
1dc43e8c-33d5-54f8-978d-6fa1c08bd00e,7e8959bb-b309-52e1-9019-817a37a7599f,722d309a-7003-5a2c-b703-b8d91f2b3ac8,2026-06-20,credit,826.95,USD,Revenue recognized for sales order 1403
267e2191-cc01-5b29-a768-4e399355d38c,7e8959bb-b309-52e1-9019-817a37a7599f,37f6ba00-3b7b-52d4-958e-93767a45cbc8,2026-06-20,credit,21834.27,USD,Revenue recognized for sales order 1404
7c330f0a-db87-53f9-bf5d-cfe9d8fc7147,7e8959bb-b309-52e1-9019-817a37a7599f,e0106ab3-7fbe-598c-a6ba-055cbfba3e02,2026-06-20,credit,12728.51,USD,Revenue recognized for sales order 1405
bbfc7083-64e9-5146-94ef-b9f8857da3c7,7e8959bb-b309-52e1-9019-817a37a7599f,4379cd8f-d1ac-5ea1-bed2-5f41314791b5,2026-06-21,credit,37024.03,USD,Revenue recognized for sales order 1406
0edbe6b0-4f76-5675-8b4f-458ea9cac458,7e8959bb-b309-52e1-9019-817a37a7599f,2887bccb-58fd-526c-a31d-c80708e292ff,2026-06-22,credit,4491.14,USD,Revenue recognized for sales order 1407
c7b3f457-b85e-5a75-8dfa-3e7943c8f687,7e8959bb-b309-52e1-9019-817a37a7599f,8abff979-d2d6-551e-827b-0b39faa07821,2026-06-22,credit,21390.39,USD,Revenue recognized for sales order 1408
becf7a31-17f6-520c-bc32-254144e26a1d,7e8959bb-b309-52e1-9019-817a37a7599f,00f361e0-b639-5006-a1d7-9d735b6cc098,2026-06-22,credit,2343.84,USD,Revenue recognized for sales order 1409
46506318-42e8-55ea-a2c5-2725e19658da,7e8959bb-b309-52e1-9019-817a37a7599f,5af80a03-0459-5545-81c9-9697ca8dbeab,2026-06-22,credit,1553.16,USD,Revenue recognized for sales order 1410
eec53e52-d00b-5cc7-89b9-9da29d9269ce,7e8959bb-b309-52e1-9019-817a37a7599f,5d3d5e70-cbc5-5a5b-8eab-a2bf4a762f22,2026-06-22,credit,32264.16,USD,Revenue recognized for sales order 1411
ef72f374-f7ba-52bf-9dbe-87e1d698ca94,7e8959bb-b309-52e1-9019-817a37a7599f,fe462ed9-956f-5718-a330-e6d1a73e699c,2026-06-22,credit,33886.18,USD,Revenue recognized for sales order 1412
4a045088-4b6b-5eaa-8602-a406f785c6e5,7e8959bb-b309-52e1-9019-817a37a7599f,9ab30ee9-d1ac-5f82-9beb-09c8c2ca5fc3,2026-06-23,credit,4361.58,USD,Revenue recognized for sales order 1413
df447e97-4edc-5d17-9790-bdfb9719e26a,7e8959bb-b309-52e1-9019-817a37a7599f,5644b60a-365e-5818-8c32-7a97aa7eed32,2026-06-23,credit,26973.64,USD,Revenue recognized for sales order 1414
21faed1c-1bfb-595d-ad7c-108b6e74e48f,7e8959bb-b309-52e1-9019-817a37a7599f,8db47adb-7a6c-5421-8c1b-3f79f87de618,2026-06-23,credit,9276.39,USD,Revenue recognized for sales order 1415
fd8e9a4d-8fec-5006-a47c-4ff113f2fdb3,7e8959bb-b309-52e1-9019-817a37a7599f,16519de2-3cdd-50a9-9bae-94664cdd6d63,2026-06-23,credit,15666.71,USD,Revenue recognized for sales order 1416
3cad7fd8-6999-5b48-a729-eae0cf66019b,7e8959bb-b309-52e1-9019-817a37a7599f,ac73e843-fce2-5285-a151-3deaf2d9088e,2026-06-23,credit,19816.68,USD,Revenue recognized for sales order 1417
b0f59fbe-22cd-5e2c-930d-3c6fbb4045ed,7e8959bb-b309-52e1-9019-817a37a7599f,eb026ea1-2411-5103-8ebf-ee6bb8c3b0b0,2026-06-24,credit,3322.69,USD,Revenue recognized for sales order 1418
1a730c1b-9d8e-5485-8630-f5070125c04b,7e8959bb-b309-52e1-9019-817a37a7599f,942da97e-3720-5b14-b120-cc4197485bc1,2026-06-24,credit,16058.16,USD,Revenue recognized for sales order 1419
4ba20b9d-56fb-5e89-9a0e-7c0549ac5fd4,7e8959bb-b309-52e1-9019-817a37a7599f,36b55c6e-e892-55eb-be07-4accbe9ac4d9,2026-06-24,credit,8054.82,USD,Revenue recognized for sales order 1420
b9869255-2c46-5de5-a7de-2c3cd365e9b4,7e8959bb-b309-52e1-9019-817a37a7599f,b1f557ed-e9ab-5076-b745-8abd5fbb8af7,2026-06-24,credit,14295.39,USD,Revenue recognized for sales order 1421
ee114d98-555c-583c-840e-0a7c4ec7785f,7e8959bb-b309-52e1-9019-817a37a7599f,2cfd22a3-4321-5cb6-ae01-30a306801e6b,2026-06-24,credit,30097.96,USD,Revenue recognized for sales order 1422
51eb92b0-c420-5418-8548-adebe0768861,7e8959bb-b309-52e1-9019-817a37a7599f,a81f7d7f-a2c5-51d8-b071-8072b27044e2,2026-06-24,credit,12660.70,USD,Revenue recognized for sales order 1423
253722c4-55bb-5e1f-9c78-32aee5d69e03,7e8959bb-b309-52e1-9019-817a37a7599f,70ee72a5-96f9-57d6-96df-512228ea06e4,2026-06-24,credit,10179.46,USD,Revenue recognized for sales order 1424
0cbd61d0-6533-5c80-98bb-d6f1d167bddb,7e8959bb-b309-52e1-9019-817a37a7599f,e22fcf28-4cbb-5d3f-84f7-d139679a0902,2026-06-25,credit,3552.17,USD,Revenue recognized for sales order 1425
960508eb-8514-5a0e-9f82-0e9783a5414a,7e8959bb-b309-52e1-9019-817a37a7599f,31142f2a-3d8f-5060-a51b-de522807addb,2026-06-25,credit,7806.14,USD,Revenue recognized for sales order 1426
ba60c2a7-6b3f-53f1-8a74-172bb6bea778,7e8959bb-b309-52e1-9019-817a37a7599f,14c64024-6a0a-5a95-a8ae-e975b2d606ed,2026-06-25,credit,20622.20,USD,Revenue recognized for sales order 1427
4b1dcca3-7730-5a8a-af2a-584826eafedf,7e8959bb-b309-52e1-9019-817a37a7599f,57c9d468-6166-50a6-8220-ea198e87a0bc,2026-06-25,credit,28853.64,USD,Revenue recognized for sales order 1429
69642744-f9c2-5e27-ae85-3db23b62f367,7e8959bb-b309-52e1-9019-817a37a7599f,c2b4e5ae-71c7-5b2f-b350-a539136cc502,2026-06-25,credit,1664.84,USD,Revenue recognized for sales order 1430
de2780e0-4a0e-56c1-a566-4c819152703d,7e8959bb-b309-52e1-9019-817a37a7599f,aaa08a3c-6f28-5926-9c65-d2beb58482f8,2026-06-25,credit,3698.53,USD,Revenue recognized for sales order 1431
fc9c3e34-70de-5655-9520-dcbfa994344e,7e8959bb-b309-52e1-9019-817a37a7599f,2bddc8b0-a03c-582a-9698-a5947779cf85,2026-06-26,credit,13639.24,USD,Revenue recognized for sales order 1432
bc72eccc-46ab-54d8-b19c-bacefdf0d80d,7e8959bb-b309-52e1-9019-817a37a7599f,0adf4a41-8b66-5fc9-8053-43eb3415f8ee,2026-06-26,credit,7867.16,USD,Revenue recognized for sales order 1433
f24d091a-ccc3-5d18-aac4-d07c2cd56cfc,7e8959bb-b309-52e1-9019-817a37a7599f,f861200c-0297-5ae6-ac78-1a82aec23f58,2026-06-26,credit,22770.40,USD,Revenue recognized for sales order 1434
d4d630b1-848e-593b-9f94-0798cf660074,7e8959bb-b309-52e1-9019-817a37a7599f,119bc04d-502a-5553-ad26-3c562813b9e4,2026-06-26,credit,4725.57,USD,Revenue recognized for sales order 1435
a1dd1e62-6ba0-5cfc-8f95-dfc7a26acb4e,7e8959bb-b309-52e1-9019-817a37a7599f,51f7571e-ad00-5230-9cef-182f7b649db4,2026-06-27,credit,25077.51,USD,Revenue recognized for sales order 1436
0642716c-8046-5d20-85e3-76ef7e333058,7e8959bb-b309-52e1-9019-817a37a7599f,5d4825c7-068b-5931-a5af-4d661e7b46f1,2026-06-27,credit,18881.54,USD,Revenue recognized for sales order 1437
42c17f78-944f-5c7e-9b64-9dc0b015df8d,7e8959bb-b309-52e1-9019-817a37a7599f,684229bc-b4e2-5120-bac9-cd4525d5ec3d,2026-06-29,credit,13027.44,USD,Revenue recognized for sales order 1439
76d41032-91d9-5b8a-b8ad-57f9a11af993,7e8959bb-b309-52e1-9019-817a37a7599f,132350a6-9dfd-5f7b-9a5b-10d9b7893a62,2026-06-29,credit,13608.97,USD,Revenue recognized for sales order 1440
53f1414e-e99b-5b21-b2e4-4150cd1494dc,7e8959bb-b309-52e1-9019-817a37a7599f,065a294d-a108-5718-a9fb-4e705db6ee76,2026-06-29,credit,9779.28,USD,Revenue recognized for sales order 1441
6d704187-915f-5b1a-8c42-c6b313ff4c8d,7e8959bb-b309-52e1-9019-817a37a7599f,1b75a585-286a-5370-a1c1-4f13afe91d3e,2026-06-29,credit,28974.97,USD,Revenue recognized for sales order 1442
bcc423d0-d562-5b58-9a78-9e47db1c23a5,7e8959bb-b309-52e1-9019-817a37a7599f,4142bb80-0299-52ac-9335-da0b98cb2545,2026-06-29,credit,13673.74,USD,Revenue recognized for sales order 1443
28f0620c-aa1e-5ca7-b5ad-acabba496f45,7e8959bb-b309-52e1-9019-817a37a7599f,770ed0a9-c68f-5db8-8e00-36611f108738,2026-06-29,credit,27478.61,USD,Revenue recognized for sales order 1444
f869742b-caee-5d50-b854-b52185f02f8e,7e8959bb-b309-52e1-9019-817a37a7599f,137faec3-54ec-5b28-b427-d40c0f0f8075,2026-06-29,credit,5148.98,USD,Revenue recognized for sales order 1445
da428f91-9341-5eb6-87b4-8269066b83ed,7e8959bb-b309-52e1-9019-817a37a7599f,7657eed3-28cd-50a4-91a9-0fad05b7c2a7,2026-06-29,credit,27497.75,USD,Revenue recognized for sales order 1446
65a8d4e6-9ab6-5a5f-b671-d7164f7725b1,7e8959bb-b309-52e1-9019-817a37a7599f,cb28bce5-1388-5b2f-ad17-5ee9adca0992,2026-06-30,credit,8196.59,USD,Revenue recognized for sales order 1447
136230bc-711c-5246-bbd5-9e6fa09c6c2c,7e8959bb-b309-52e1-9019-817a37a7599f,dc3bf91e-ea0f-5af8-9744-f72d4f074364,2026-06-30,credit,10753.09,USD,Revenue recognized for sales order 1448
58f8ae99-4629-5bd4-87b0-42123d07ca76,7e8959bb-b309-52e1-9019-817a37a7599f,5c05281e-efba-5c9e-b7cf-700c372ad353,2026-06-30,credit,5032.05,USD,Revenue recognized for sales order 1449
067f8dad-8f70-58d9-b0e9-dc28b3aa96fc,7e8959bb-b309-52e1-9019-817a37a7599f,2433cd77-47ae-535d-8c61-0b8b44ccebde,2026-06-30,credit,35020.01,USD,Revenue recognized for sales order 1450
d74c8625-d827-5757-8eb6-0185a402dc34,7e8959bb-b309-52e1-9019-817a37a7599f,bd2e56af-8fc7-51fc-9068-3ba82e205e01,2026-07-01,credit,3414.48,USD,Revenue recognized for sales order 1452
ec9ba8ba-df90-57f6-8e86-d923efa0e8b4,7e8959bb-b309-52e1-9019-817a37a7599f,be2840b8-87f6-5f53-9b8e-7ff1b9ece8c7,2026-07-01,credit,9187.13,USD,Revenue recognized for sales order 1454
48f7fb89-10fe-5500-9c9c-925c90d82779,7e8959bb-b309-52e1-9019-817a37a7599f,4d49d279-c554-5672-b57a-5bfe3831d200,2026-07-01,credit,31337.73,USD,Revenue recognized for sales order 1455
0989bab1-0818-553a-9cb4-7438bbf3d11a,7e8959bb-b309-52e1-9019-817a37a7599f,a595c176-3488-55b2-bcc6-2694260769e3,2026-07-01,credit,4739.35,USD,Revenue recognized for sales order 1456
4708c032-1a8e-5a76-a34d-dd092edb4738,7e8959bb-b309-52e1-9019-817a37a7599f,95cbec38-4be0-5f65-9214-28a79127b047,2026-07-01,credit,3844.83,USD,Revenue recognized for sales order 1457
572a8c62-55de-54ef-8961-1775aa87c18e,7e8959bb-b309-52e1-9019-817a37a7599f,2767bbb5-be81-531e-9c8c-f172f10b82c0,2026-07-01,credit,15297.66,USD,Revenue recognized for sales order 1458
a82137a1-cbf4-52e6-89ba-64f281eb8c69,7e8959bb-b309-52e1-9019-817a37a7599f,2808a95e-1aab-55bb-b30b-a21acb836fcd,2026-07-02,credit,11493.69,USD,Revenue recognized for sales order 1459
7f46e678-bf3a-5298-bf15-068f2ddfe54b,7e8959bb-b309-52e1-9019-817a37a7599f,74ae216f-39b2-568d-93ae-d23fefebb878,2026-07-02,credit,20189.00,USD,Revenue recognized for sales order 1460
f63fdedf-2da6-5b5f-ae79-1fe6d6ddd793,7e8959bb-b309-52e1-9019-817a37a7599f,8dee1eb7-f1e2-5aa6-8de7-306144045f7b,2026-07-02,credit,10310.17,USD,Revenue recognized for sales order 1461
80476e69-3bae-5055-ba0e-6ff21d7f860d,7e8959bb-b309-52e1-9019-817a37a7599f,9c61c325-2054-50a5-b31f-e53ae4beba68,2026-07-02,credit,14365.03,USD,Revenue recognized for sales order 1462
065e88f9-bb81-52e5-b0bf-d0cc8db65e2e,7e8959bb-b309-52e1-9019-817a37a7599f,2f1986ba-3c90-5de8-a904-1c4723e94c9e,2026-07-02,credit,7834.86,USD,Revenue recognized for sales order 1463
ef1fdf39-7f70-5329-abd4-fe5d39fa6519,7e8959bb-b309-52e1-9019-817a37a7599f,4e05f386-e499-58d7-b931-d5cd99e4372a,2026-07-02,credit,16516.81,USD,Revenue recognized for sales order 1464
bbdb7d15-f5bd-5c4f-8a8d-c3eb6be7e780,7e8959bb-b309-52e1-9019-817a37a7599f,1ddc1e8e-8077-5efe-9ff2-e401122662a5,2026-07-02,credit,18568.99,USD,Revenue recognized for sales order 1465
cb898d5e-d287-58f4-89eb-19b0aa3f7340,7e8959bb-b309-52e1-9019-817a37a7599f,f42f1b78-2fd5-57f4-acee-a128e4ba889d,2026-07-03,credit,1013.63,USD,Revenue recognized for sales order 1466
ecc6ad93-6c5f-592a-b9d7-eefcbeca621d,7e8959bb-b309-52e1-9019-817a37a7599f,b19e1f9b-5aed-5696-8b1c-7f1ada98ba45,2026-07-03,credit,19972.62,USD,Revenue recognized for sales order 1467
eecedf8b-6011-56e0-b063-60a65e6cfaaa,7e8959bb-b309-52e1-9019-817a37a7599f,2f53dda3-680b-5d73-85b7-283cf2b84b02,2026-07-03,credit,9377.42,USD,Revenue recognized for sales order 1468
f7bad12c-8018-5565-9010-59af47396b81,7e8959bb-b309-52e1-9019-817a37a7599f,ff2988ac-ec2f-5baa-9c78-c41aea47b4e1,2026-07-04,credit,37537.42,USD,Revenue recognized for sales order 1469
7fb52338-a80e-5440-aced-da1e51b628c0,7e8959bb-b309-52e1-9019-817a37a7599f,052d4e86-d8b3-5426-a8d5-0a4f7672bb58,2026-07-04,credit,13465.75,USD,Revenue recognized for sales order 1470
9738f7b8-6c3d-546e-b4d3-65dcda3dbb36,7e8959bb-b309-52e1-9019-817a37a7599f,50ba662e-50fa-5498-bac3-b5cf20ac7496,2026-07-04,credit,32278.83,USD,Revenue recognized for sales order 1471
6965d1eb-f334-5e36-811b-6469481dab22,7e8959bb-b309-52e1-9019-817a37a7599f,1b354c4f-dee7-56cc-995d-591f17bd2b38,2026-07-05,credit,2980.06,USD,Revenue recognized for sales order 1472
0461c1ea-a10e-5f9f-93f8-76cd0518fbc1,7e8959bb-b309-52e1-9019-817a37a7599f,10335996-e2c3-5df9-9328-7093c01d9d4d,2026-07-06,credit,28052.49,USD,Revenue recognized for sales order 1473
99278a3d-07b1-57e2-8cb0-4d38fe2e905d,7e8959bb-b309-52e1-9019-817a37a7599f,4d80028f-da09-50a7-b3ab-9c8f8482005b,2026-07-06,credit,6538.56,USD,Revenue recognized for sales order 1474
70429e56-08a1-5828-bc60-97a3fd195476,7e8959bb-b309-52e1-9019-817a37a7599f,cd175684-8d7e-5d5a-ab0d-24481fb45ec0,2026-07-06,credit,15985.46,USD,Revenue recognized for sales order 1475
b7816624-b2cf-5ced-9437-a6509ac48156,7e8959bb-b309-52e1-9019-817a37a7599f,c9f43f4a-41f5-5f69-9d15-83dc6818db65,2026-07-06,credit,10142.98,USD,Revenue recognized for sales order 1476
35c76507-9afa-59ca-8904-ca6dba2c42d7,7e8959bb-b309-52e1-9019-817a37a7599f,68e66f04-8399-59f8-a02e-7d493e4afc78,2026-07-06,credit,17547.33,USD,Revenue recognized for sales order 1477
4eeaf0c0-7599-5993-a0df-0ff9936745f1,7e8959bb-b309-52e1-9019-817a37a7599f,a56b1a81-8824-5835-8630-34c6c9e659eb,2026-07-07,credit,29840.55,USD,Revenue recognized for sales order 1478
2edd99c7-ae25-5c8a-a0f5-9e460f9a9881,7e8959bb-b309-52e1-9019-817a37a7599f,a7d02e77-76ef-5747-94e3-d845179de42c,2026-07-07,credit,28660.68,USD,Revenue recognized for sales order 1479
dd0de46c-83bd-5e92-b8c0-0efec25f08a7,7e8959bb-b309-52e1-9019-817a37a7599f,be799022-86b9-5f3c-87ea-28983ca36301,2026-07-07,credit,4357.57,USD,Revenue recognized for sales order 1480
8b2aa35a-4cc9-5848-a302-2b31d212c884,7e8959bb-b309-52e1-9019-817a37a7599f,a2055aef-356b-51ef-9dd2-b629aa1c93a8,2026-07-07,credit,17135.94,USD,Revenue recognized for sales order 1481
3b4cd773-e603-563c-81f9-7749c1432565,7e8959bb-b309-52e1-9019-817a37a7599f,8199f83c-927b-50a4-a432-f83145eddf14,2026-07-08,credit,7713.95,USD,Revenue recognized for sales order 1482
ae27b701-709f-5424-87db-12402020df1d,7e8959bb-b309-52e1-9019-817a37a7599f,b0071339-dcd7-5589-a572-716395f69b4f,2026-07-08,credit,24977.42,USD,Revenue recognized for sales order 1483
04bfed9d-1a15-5106-acfd-e128ecffb92f,7e8959bb-b309-52e1-9019-817a37a7599f,ebbc087f-f300-5298-bbef-3f909ae8cb17,2026-07-08,credit,3614.26,USD,Revenue recognized for sales order 1484
ffb13386-02e8-5973-b81b-a4fc8d80e6e0,7e8959bb-b309-52e1-9019-817a37a7599f,7e6c4207-4ac6-599d-a1e8-5b651250c841,2026-07-08,credit,32726.04,USD,Revenue recognized for sales order 1485
a3557872-8f04-509e-9be5-0701c67f8a7c,7e8959bb-b309-52e1-9019-817a37a7599f,6ac25d1d-f9e9-5eb5-9b96-00f2d4023462,2026-07-08,credit,10973.47,USD,Revenue recognized for sales order 1486
438de335-c5c3-5894-af26-0b1dc34b53c4,7e8959bb-b309-52e1-9019-817a37a7599f,9c8bfa35-4115-5c1f-bf4b-be129d3dd413,2026-07-09,credit,10626.29,USD,Revenue recognized for sales order 1488
fc4870b9-5e8a-5d64-9331-d36db9945bb5,7e8959bb-b309-52e1-9019-817a37a7599f,c2805e7a-c50e-5248-a080-c4c60bc80d98,2026-07-09,credit,17007.76,USD,Revenue recognized for sales order 1489
f1402958-313f-5d78-97a2-673bf31451f8,7e8959bb-b309-52e1-9019-817a37a7599f,e38b3f27-1d54-5f00-bb06-06eda3eee90b,2026-07-09,credit,13704.28,USD,Revenue recognized for sales order 1490
14f6cd92-d594-5ae9-b438-561f601d7b57,7e8959bb-b309-52e1-9019-817a37a7599f,ee53e2a5-d07d-5e6e-a65a-3c03cac23228,2026-07-10,credit,7986.17,USD,Revenue recognized for sales order 1491
c662072e-dfb7-51fb-9fb6-e15f7350afc1,7e8959bb-b309-52e1-9019-817a37a7599f,5270cfbc-879b-5548-b773-fd5f455d13bc,2026-07-10,credit,28896.34,USD,Revenue recognized for sales order 1492
b0c503cd-e7e4-5be7-80fb-288e9faa2760,7e8959bb-b309-52e1-9019-817a37a7599f,200b23f9-67d1-5556-936a-7bea4a81fb0c,2026-07-10,credit,24320.75,USD,Revenue recognized for sales order 1493
ce789849-98b5-5a74-b24e-35eac7dd9fc9,7e8959bb-b309-52e1-9019-817a37a7599f,4f1d7023-b914-5d8b-99af-773dbf4b2cf5,2026-07-11,credit,15762.85,USD,Revenue recognized for sales order 1494
7b601803-f4c2-590c-ad87-ce6549e8011f,7e8959bb-b309-52e1-9019-817a37a7599f,30ff5a19-066c-53a6-b928-42331ddfffb9,2026-07-12,credit,13200.96,USD,Revenue recognized for sales order 1495
f30edfd9-7135-52e1-8f9f-76d13e7598e5,7e8959bb-b309-52e1-9019-817a37a7599f,e02266bc-4e2b-566f-86f2-691c3c19c09a,2026-07-13,credit,1029.23,USD,Revenue recognized for sales order 1496
6048afec-1429-58ad-b04e-c94f08fdeef3,7e8959bb-b309-52e1-9019-817a37a7599f,f4a8a90f-24cc-52bb-945c-b6be0c397816,2026-07-13,credit,28757.00,USD,Revenue recognized for sales order 1497
3996608d-7a8a-53bb-9104-6199c625d68a,7e8959bb-b309-52e1-9019-817a37a7599f,10bbb5d1-8477-5712-a051-74a097d72eae,2026-07-13,credit,14417.36,USD,Revenue recognized for sales order 1498
c9d42379-c988-5bb2-b86e-e251c11faffd,7e8959bb-b309-52e1-9019-817a37a7599f,d1c70901-bdfd-5fc3-97fa-44db1ce24fca,2026-07-14,credit,11417.60,USD,Revenue recognized for sales order 1500
01e0ceef-8208-55d7-a386-558ceee80f19,7e8959bb-b309-52e1-9019-817a37a7599f,36177adb-e7b4-5884-898b-15704fe5135c,2026-07-14,credit,17461.95,USD,Revenue recognized for sales order 1501
abbc9212-cee0-58a1-851c-a9647da99f50,7e8959bb-b309-52e1-9019-817a37a7599f,67f97ee3-5b20-5724-b32c-a7dbac3d8c85,2026-07-14,credit,27455.91,USD,Revenue recognized for sales order 1503
0d5b9ed1-bea6-5588-a481-16290346d5ef,7e8959bb-b309-52e1-9019-817a37a7599f,a824db74-22f7-568d-8d72-6a0993ddd6fe,2026-07-15,credit,17685.88,USD,Revenue recognized for sales order 1504
e63a2231-0ea5-551e-85f8-b963fd88caef,7e8959bb-b309-52e1-9019-817a37a7599f,d0b08668-e688-5f86-9e58-460d54b5004f,2026-07-15,credit,15480.02,USD,Revenue recognized for sales order 1505
cebeb004-a696-53f5-864d-7260eb8aea70,7e8959bb-b309-52e1-9019-817a37a7599f,1de64791-6d69-5ea6-a52a-5659ad023e19,2026-07-15,credit,20086.24,USD,Revenue recognized for sales order 1506
a80033b6-ab33-53b8-8c4f-1a926e000253,7e8959bb-b309-52e1-9019-817a37a7599f,7bb8aa5b-38a1-58b0-b529-e634c6a7bdf0,2026-07-15,credit,6871.83,USD,Revenue recognized for sales order 1507
a3f6589f-3003-5e85-9c14-040e33af6eda,7e8959bb-b309-52e1-9019-817a37a7599f,6a4ec012-a31b-54d1-8254-62cdb74d66ed,2026-07-15,credit,9891.08,USD,Revenue recognized for sales order 1508
59147a86-4406-5bd4-b27d-f78dee9bb888,7e8959bb-b309-52e1-9019-817a37a7599f,fa38a614-296b-5a0f-9ae7-9f74f9d6dc4b,2026-07-16,credit,40041.06,USD,Revenue recognized for sales order 1509
c0b489fb-3876-5dbb-bdb5-f6e619e9cbe4,7e8959bb-b309-52e1-9019-817a37a7599f,f9fc0562-e745-5d0d-984a-3d286f739118,2026-07-16,credit,7347.27,USD,Revenue recognized for sales order 1510
4253d8f9-4017-5529-9e17-081ba1cc6bff,7e8959bb-b309-52e1-9019-817a37a7599f,b7978c49-6e00-5d19-84ed-3964e65c1c53,2026-07-16,credit,10389.84,USD,Revenue recognized for sales order 1511
9dddeb27-4837-5a0d-a8e6-bb5981ee45c1,7e8959bb-b309-52e1-9019-817a37a7599f,ab132b56-9b67-556c-9d89-7544531ebe92,2026-07-16,credit,10048.12,USD,Revenue recognized for sales order 1512
8dea8d06-28c1-51ef-871f-80fc0ec7c206,7e8959bb-b309-52e1-9019-817a37a7599f,231c4b92-047a-5dd2-b551-27aa3d2f1f3e,2026-07-16,credit,8929.56,USD,Revenue recognized for sales order 1513
85e167f6-2157-55df-9308-d958797a6211,7e8959bb-b309-52e1-9019-817a37a7599f,f9794882-b5a9-569d-9d60-4be412e3e8d8,2026-07-16,credit,5435.76,USD,Revenue recognized for sales order 1514
fb50dba0-637d-56ab-b612-0127aa775f2a,7e8959bb-b309-52e1-9019-817a37a7599f,b7a1a062-9652-58ef-ad63-51bad8301a8d,2026-07-16,credit,7720.90,USD,Revenue recognized for sales order 1515
265152ce-4e47-5613-96b0-42f72837f519,7e8959bb-b309-52e1-9019-817a37a7599f,0c3d52fa-3b9d-5522-bda4-086a9aa5b6fa,2026-07-16,credit,71.00,USD,Revenue recognized for sales order 1516
ea7bc91f-a6f1-5eb4-be2d-ab3db43c230f,7e8959bb-b309-52e1-9019-817a37a7599f,f40655a1-4100-5586-8a38-3569941280c2,2026-07-17,credit,4568.64,USD,Revenue recognized for sales order 1517
b4cb9489-3c58-54d0-8c86-1373eff6eeae,7e8959bb-b309-52e1-9019-817a37a7599f,b6e0d8fa-e057-528f-a8bb-dab82583ee1b,2026-07-17,credit,19040.49,USD,Revenue recognized for sales order 1518
791c2c75-ea30-59de-8b99-1839a47c7d31,7e8959bb-b309-52e1-9019-817a37a7599f,6cef1ca4-0437-51ed-81ea-22110bfe9fb9,2026-07-17,credit,19998.68,USD,Revenue recognized for sales order 1520
a2e51136-c443-58b7-9853-7ca03c297cf2,7e8959bb-b309-52e1-9019-817a37a7599f,8ba20e66-6770-5939-810a-4799cde2026a,2026-07-17,credit,21557.41,USD,Revenue recognized for sales order 1521
835dcb88-5f08-53e7-a9ea-fad7cb8b4c63,7e8959bb-b309-52e1-9019-817a37a7599f,0b7ebfd5-bb34-5cc8-9966-15a1b5898745,2026-07-17,credit,31699.91,USD,Revenue recognized for sales order 1522
49f001e0-9ff8-5026-aa28-9e7face536ac,7e8959bb-b309-52e1-9019-817a37a7599f,7169714c-1965-5c6b-bbfc-bc1194b376c8,2026-07-17,credit,9617.63,USD,Revenue recognized for sales order 1523
00cb7b8e-61a1-59c7-99ae-a3cbe2455504,7e8959bb-b309-52e1-9019-817a37a7599f,332ba1b2-5280-5533-9462-75052905950b,2026-07-17,credit,11913.40,USD,Revenue recognized for sales order 1524
b0e71521-93ea-538e-bf78-03605431b277,7e8959bb-b309-52e1-9019-817a37a7599f,b319ae28-18df-5af7-9eac-5883b8951448,2026-07-18,credit,26911.67,USD,Revenue recognized for sales order 1525
544ba7d7-3102-586a-93ad-444483afe804,7e8959bb-b309-52e1-9019-817a37a7599f,d947c56b-efa8-56ed-8493-5ed1a0022dcf,2026-07-18,credit,10289.36,USD,Revenue recognized for sales order 1526
fa7e5f0a-32e1-5df9-ad8d-d5f56c646f22,7e8959bb-b309-52e1-9019-817a37a7599f,2e4dee6b-d350-5fac-a7b6-dc9949ae64bf,2026-07-18,credit,26652.12,USD,Revenue recognized for sales order 1527
7c85bdfc-5e26-5a5c-bb8e-5ec91065dad6,7e8959bb-b309-52e1-9019-817a37a7599f,a3f3707e-f04c-5b97-925e-6dd06c67d353,2026-07-19,credit,9159.29,USD,Revenue recognized for sales order 1528
b0768771-49ce-5bf4-8bbc-bd06ff9c5b32,7e8959bb-b309-52e1-9019-817a37a7599f,2df6976b-59be-5732-b34d-029554a62896,2026-07-19,credit,4944.68,USD,Revenue recognized for sales order 1529
d25a09bb-f099-54e0-ae03-172947900838,7e8959bb-b309-52e1-9019-817a37a7599f,01ffd59c-2f48-5ba1-a6e4-c642b2642303,2026-07-20,credit,34487.89,USD,Revenue recognized for sales order 1530
ef473398-e3e6-5b7f-9e4e-ede161633583,7e8959bb-b309-52e1-9019-817a37a7599f,c7647b69-c4d9-507c-bc0b-641470393a7e,2026-07-20,credit,10518.38,USD,Revenue recognized for sales order 1531
29909acf-19ac-5ff1-b679-ac9032e4a36b,7e8959bb-b309-52e1-9019-817a37a7599f,b2bbcd37-362a-531f-bd66-46488a05819a,2026-07-20,credit,18711.45,USD,Revenue recognized for sales order 1532
5db0a03c-44aa-5438-96f6-bc8b4cfad3f0,7e8959bb-b309-52e1-9019-817a37a7599f,31a72544-6067-57d6-b9b4-e291b3a38e95,2026-07-20,credit,14841.40,USD,Revenue recognized for sales order 1533
b8129239-eecf-580f-8e11-7c2b521132d2,7e8959bb-b309-52e1-9019-817a37a7599f,0291115f-ad49-5e77-a9a6-80adf75744d4,2026-07-20,credit,16529.74,USD,Revenue recognized for sales order 1534
05afb717-0acb-552c-9dee-3fc51aec0029,7e8959bb-b309-52e1-9019-817a37a7599f,a251b214-c7e6-517b-9b34-04f3bea9bdf0,2026-07-20,credit,12026.43,USD,Revenue recognized for sales order 1535
c63cea52-ac33-5b23-852a-9c2e5e512bfe,7e8959bb-b309-52e1-9019-817a37a7599f,a5651d43-eac3-5ac0-b633-5179c612d415,2026-07-21,credit,11639.56,USD,Revenue recognized for sales order 1536
46ec9b31-a00a-595c-b3be-d93986599e09,7e8959bb-b309-52e1-9019-817a37a7599f,95528616-ba35-5d23-98e7-64931e41a737,2026-07-21,credit,1653.30,USD,Revenue recognized for sales order 1537
25b837e9-1522-5bc0-9101-865939bf9f5d,7e8959bb-b309-52e1-9019-817a37a7599f,2d7e0670-5165-5119-b130-35181d4b4ccd,2026-07-21,credit,1898.48,USD,Revenue recognized for sales order 1538
8fa6f0b0-2c09-5f5b-a3ac-76348235ecc6,7e8959bb-b309-52e1-9019-817a37a7599f,b56611c0-03c1-5217-9a8c-49abaddf0581,2026-07-22,credit,16361.03,USD,Revenue recognized for sales order 1539
26c6d33f-7c0c-5cdc-a227-54a1942d0db6,7e8959bb-b309-52e1-9019-817a37a7599f,de69f34e-3c25-52a2-8492-2b3a3ac3f620,2026-07-22,credit,29598.62,USD,Revenue recognized for sales order 1540
1da4a9d8-9610-52c3-8222-67573c0913d0,7e8959bb-b309-52e1-9019-817a37a7599f,73547adf-b291-5de8-9af5-e3089d6ca36d,2026-07-22,credit,33386.65,USD,Revenue recognized for sales order 1541
57529840-53b9-5c9d-ac6f-a6fd9eb4e17b,7e8959bb-b309-52e1-9019-817a37a7599f,67147bd6-9491-5f5e-bf25-69217143c863,2026-07-23,credit,10009.50,USD,Revenue recognized for sales order 1542
d6f5f206-8954-5707-b721-5081e0762d65,7e8959bb-b309-52e1-9019-817a37a7599f,e74da8f0-1001-5a5f-a0ce-ea2f16f3e5fe,2026-07-23,credit,22055.67,USD,Revenue recognized for sales order 1543
84c82314-9ec9-5104-84e9-e2320670e855,7e8959bb-b309-52e1-9019-817a37a7599f,ff303f59-824e-56a2-91ef-70fc7315af81,2026-07-23,credit,27313.73,USD,Revenue recognized for sales order 1544
1d5128d1-e6b3-5122-90ee-15863741921b,7e8959bb-b309-52e1-9019-817a37a7599f,5dce901d-4281-5e06-a7c7-1da297faeb39,2026-07-23,credit,4314.33,USD,Revenue recognized for sales order 1545
bc95bedf-ed5a-5ad0-8817-ead1e4144484,7e8959bb-b309-52e1-9019-817a37a7599f,c8ce83be-649f-5572-b040-3f5cbd9b4ae6,2026-07-23,credit,3931.12,USD,Revenue recognized for sales order 1546
4c7b7bf4-965e-506d-8b0f-78f132690848,7e8959bb-b309-52e1-9019-817a37a7599f,610c0ffd-f50a-5837-9122-e82db1799baa,2026-07-23,credit,18082.61,USD,Revenue recognized for sales order 1547
4448e370-ddc7-5d03-b9fa-26735530c73d,7e8959bb-b309-52e1-9019-817a37a7599f,fdace8d3-cd4d-5024-b403-3ed7ce2ee8a3,2026-07-23,credit,27190.58,USD,Revenue recognized for sales order 1548
a96a47ad-ca7a-5451-a3c5-75d08c966373,7e8959bb-b309-52e1-9019-817a37a7599f,88c7dc14-0fda-58d0-a67b-11e84919c558,2026-07-24,credit,5446.63,USD,Revenue recognized for sales order 1549
b2806542-2f95-5421-a686-371b63e4ebaa,7e8959bb-b309-52e1-9019-817a37a7599f,14522cc2-0916-52a1-9a64-42bca180445d,2026-07-24,credit,25636.95,USD,Revenue recognized for sales order 1550
47ef03ce-b210-5cf6-85d6-fc5d7a51f1b6,7e8959bb-b309-52e1-9019-817a37a7599f,6b77e6fa-ee89-5369-80e3-007701cb3fb5,2026-07-24,credit,1838.58,USD,Revenue recognized for sales order 1551
33dfa5c5-6d2e-5345-921c-a99f67d47c95,7e8959bb-b309-52e1-9019-817a37a7599f,ecc859f8-4b72-546b-acdc-3e3435d93b73,2026-07-25,credit,20180.07,USD,Revenue recognized for sales order 1552
0fa198ea-c8cc-5252-b46b-ab8c5553f947,7e8959bb-b309-52e1-9019-817a37a7599f,0102ce60-ed0d-5fc8-9063-3e1a951221b3,2026-07-25,credit,14917.13,USD,Revenue recognized for sales order 1553
e6573013-2271-5547-86df-52ee9f6f0e45,7e8959bb-b309-52e1-9019-817a37a7599f,ffa6f8b6-8a7a-5579-a479-8f9810fb6ef2,2026-07-26,credit,14677.40,USD,Revenue recognized for sales order 1554
c9afd684-21c4-534c-8ed0-beacc49a2a25,7e8959bb-b309-52e1-9019-817a37a7599f,8823a377-39ea-5ebc-b70e-64dd0ddc18b9,2026-07-26,credit,17366.99,USD,Revenue recognized for sales order 1555
7ab21067-6d65-5f29-be16-4c23111dd50a,7e8959bb-b309-52e1-9019-817a37a7599f,9d0de916-c5d5-55a7-876e-717af808bfd2,2026-07-26,credit,4990.58,USD,Revenue recognized for sales order 1556
1422ed9b-8cdc-576c-8556-a084feeb6b69,7e8959bb-b309-52e1-9019-817a37a7599f,8eb2047c-8387-5be5-b170-bc2920d574cb,2026-07-27,credit,5083.56,USD,Revenue recognized for sales order 1557
25c05b4b-d8dc-516d-913d-ae4d7ccd2d4b,7e8959bb-b309-52e1-9019-817a37a7599f,61dc289c-5052-5f04-af9e-ccaaf79eeaed,2026-07-27,credit,3662.44,USD,Revenue recognized for sales order 1558
7f6d9de6-d374-528c-94d0-dc4d228587f9,7e8959bb-b309-52e1-9019-817a37a7599f,6aa691a6-77f3-51e2-b200-88c811d5dc02,2026-07-27,credit,4711.95,USD,Revenue recognized for sales order 1559
963c2aac-5008-5420-bd57-06b0ab84b041,7e8959bb-b309-52e1-9019-817a37a7599f,15f933e7-6232-5582-8f8f-ec2d65ea0d95,2026-07-27,credit,20746.06,USD,Revenue recognized for sales order 1560
245db3f5-1265-55f9-b3f6-7de5e06df81d,7e8959bb-b309-52e1-9019-817a37a7599f,0d291368-df01-50f9-8444-536ad537dbaa,2026-07-28,credit,31389.10,USD,Revenue recognized for sales order 1561
000ca58b-90a3-56ea-bd70-458a6f6dd22d,7e8959bb-b309-52e1-9019-817a37a7599f,24ac10e7-32e3-58c6-a046-dd29aa88b7af,2026-07-28,credit,4879.10,USD,Revenue recognized for sales order 1562
5f17b9ea-9bf3-5ca8-aa20-7a5312b02d1b,7e8959bb-b309-52e1-9019-817a37a7599f,d83140cc-55f8-5a60-b7a3-a44dca228400,2026-07-28,credit,26594.78,USD,Revenue recognized for sales order 1563
9489e140-9756-5550-87eb-328f12a70fa7,7e8959bb-b309-52e1-9019-817a37a7599f,71f749c4-eb4e-5908-9c1e-8263107e5885,2026-07-29,credit,26074.59,USD,Revenue recognized for sales order 1564
78356fa7-5fa5-5886-a9ec-9e1d4377f4e9,7e8959bb-b309-52e1-9019-817a37a7599f,758d4395-5026-58b5-bbff-d44edd5aee42,2026-07-29,credit,18853.45,USD,Revenue recognized for sales order 1565
7487f2d1-0129-5dd3-92cd-306a5b53d118,7e8959bb-b309-52e1-9019-817a37a7599f,a477b773-07f2-5667-a7f2-742c79db9e67,2026-07-29,credit,12750.12,USD,Revenue recognized for sales order 1566
03b3aba2-f647-5c00-83de-2f2a459092d6,7e8959bb-b309-52e1-9019-817a37a7599f,b55a070f-8fc3-5ea0-ab30-d1687f30dd5a,2026-07-29,credit,17952.79,USD,Revenue recognized for sales order 1567
21ea237f-1917-59ce-8d49-ee9208db0b7b,7e8959bb-b309-52e1-9019-817a37a7599f,14a6f234-1a27-5be8-89cd-6cd1082a0d01,2026-07-29,credit,3056.00,USD,Revenue recognized for sales order 1568
ac6344e0-7a9b-527b-a589-8a46d44e1032,7e8959bb-b309-52e1-9019-817a37a7599f,cf778779-2343-5a9e-a5f2-98cc3a595103,2026-07-29,credit,13086.26,USD,Revenue recognized for sales order 1569
20c85e8d-9f16-5e4a-9cca-4243ae08b11c,7e8959bb-b309-52e1-9019-817a37a7599f,b7eadb32-eb2e-5df6-915d-b5015c3271da,2026-07-29,credit,13785.72,USD,Revenue recognized for sales order 1570
c7fc4087-fd1f-546e-b3ef-00d11aaecdfa,7e8959bb-b309-52e1-9019-817a37a7599f,2b94bd5f-3e45-5008-af1e-259f6aeb05a2,2026-07-30,credit,7282.37,USD,Revenue recognized for sales order 1571
74c1ecf1-3725-5e46-abc1-d19d582f09d1,7e8959bb-b309-52e1-9019-817a37a7599f,3a58d010-47f2-53a3-b59a-0a7936ce7c40,2026-07-30,credit,7588.81,USD,Revenue recognized for sales order 1572
afbb53eb-7840-5b57-9734-2bab928b0443,7e8959bb-b309-52e1-9019-817a37a7599f,f41c8896-18c7-5fc1-a100-3587e8066ea8,2026-07-30,credit,32769.93,USD,Revenue recognized for sales order 1573
2d2f3fe2-e9ca-5071-a638-708c5f906533,7e8959bb-b309-52e1-9019-817a37a7599f,172069cc-e351-51f3-bfb4-c9c0c7672d7f,2026-07-31,credit,4903.59,USD,Revenue recognized for sales order 1574
9a624507-aabd-5605-aafc-8b85a09f6dc7,7e8959bb-b309-52e1-9019-817a37a7599f,d46541fe-2f13-5a52-b3e7-9377405c1562,2026-07-31,credit,7193.09,USD,Revenue recognized for sales order 1575
c72db0fb-3eb3-5b2c-8fb4-45730a9f6726,7e8959bb-b309-52e1-9019-817a37a7599f,ad8a3c98-7b56-56fa-88ad-52f21cd20f0a,2026-07-31,credit,34127.03,USD,Revenue recognized for sales order 1576
299ebc1f-4f29-5783-adf9-6cd90c674dc4,7e8959bb-b309-52e1-9019-817a37a7599f,9496f5bf-a5ff-5cd1-8f8f-b26e92c8dea7,2026-07-31,credit,22180.90,USD,Revenue recognized for sales order 1578
9672a8d9-14a5-581a-b395-265f750caaa5,7e8959bb-b309-52e1-9019-817a37a7599f,02cefc57-182b-5c24-a412-bc1d1fcd2ebc,2026-07-31,credit,39240.20,USD,Revenue recognized for sales order 1579
79eb9fc9-30a3-5cd2-915e-d236799210c1,7e8959bb-b309-52e1-9019-817a37a7599f,257348ef-45b0-5dcd-af58-f69366b3493d,2026-07-31,credit,7432.25,USD,Revenue recognized for sales order 1581
c671bc6f-54fa-5c8e-99ca-69407ca1286c,7e8959bb-b309-52e1-9019-817a37a7599f,e06fbd89-d4bf-5815-b3c5-ef190e72f9a0,2026-08-01,credit,6708.74,USD,Revenue recognized for sales order 1582
c3f8d8b9-68be-5aff-952f-98487c0aeca8,7e8959bb-b309-52e1-9019-817a37a7599f,4199cc09-f1de-581e-8bab-e5d321910465,2026-08-01,credit,18791.73,USD,Revenue recognized for sales order 1583
7c0c9484-2fa5-5274-9c5a-f9daf88411c0,7e8959bb-b309-52e1-9019-817a37a7599f,2909d17a-095d-509d-97df-44fdba68910e,2026-08-01,credit,17779.32,USD,Revenue recognized for sales order 1584
8e7bd246-5f1f-5160-8bb0-6d7b614bc6c1,7e8959bb-b309-52e1-9019-817a37a7599f,e6b55a13-b22c-5449-8d53-a61a98cdd6c8,2026-08-02,credit,16150.98,USD,Revenue recognized for sales order 1585
df5c020b-fccb-5b81-bfa0-708825bde088,7e8959bb-b309-52e1-9019-817a37a7599f,ed264d74-c516-5ae3-b8cd-bb2a418ce1ab,2026-08-03,credit,16267.65,USD,Revenue recognized for sales order 1586
d695948f-5d60-5789-9397-dd06f9451e65,7e8959bb-b309-52e1-9019-817a37a7599f,53766658-a8df-5965-bd07-228ab8fb0b76,2026-08-03,credit,29363.78,USD,Revenue recognized for sales order 1588
3c9ce063-f864-59f1-b6aa-77fbf190752a,7e8959bb-b309-52e1-9019-817a37a7599f,2f37f8e7-7e09-5f9d-b311-10d170f993ce,2026-08-04,credit,32930.56,USD,Revenue recognized for sales order 1590
fc808fa4-1bdc-5632-b113-87d20c0452e4,7e8959bb-b309-52e1-9019-817a37a7599f,df4324a9-03e8-591f-97c9-1d442a099951,2026-08-04,credit,19469.24,USD,Revenue recognized for sales order 1591
9dab9c4a-ab06-524c-bbca-c5268d9e84e7,7e8959bb-b309-52e1-9019-817a37a7599f,032493c6-62f8-567b-94c4-09501c182517,2026-08-04,credit,13583.67,USD,Revenue recognized for sales order 1592
c786f25c-a951-585f-b206-76713d591dc0,7e8959bb-b309-52e1-9019-817a37a7599f,1e22c4e7-d950-5a7e-89d1-7616d61c7208,2026-08-04,credit,7054.57,USD,Revenue recognized for sales order 1593
6cd6f1de-086f-5ba9-b74d-512607e01e72,7e8959bb-b309-52e1-9019-817a37a7599f,e8c8f7d6-ef36-5fc2-9dcc-3b872b254654,2026-08-04,credit,23307.72,USD,Revenue recognized for sales order 1595
b88a8c28-1d71-54e7-84c6-90bd9f753cee,7e8959bb-b309-52e1-9019-817a37a7599f,4187c386-aa2d-5081-8f7f-7599d68a4989,2026-08-05,credit,4518.72,USD,Revenue recognized for sales order 1597
628f9639-2eb0-5ef9-b045-d73b3fa8f2ba,7e8959bb-b309-52e1-9019-817a37a7599f,208d05a9-734d-5564-9da8-784fb255ec02,2026-08-05,credit,31510.99,USD,Revenue recognized for sales order 1598
3640c6da-6b31-5054-9e62-1ba0005c519f,7e8959bb-b309-52e1-9019-817a37a7599f,4f61ba31-d52c-531b-ab8a-98bb45608601,2026-08-05,credit,10854.10,USD,Revenue recognized for sales order 1599
318e1e9e-c914-58dd-bca5-6e247363dec5,7e8959bb-b309-52e1-9019-817a37a7599f,700f443c-101b-54db-97b2-6252aff6b390,2026-08-05,credit,28584.62,USD,Revenue recognized for sales order 1600
e4455e58-9bd8-519f-a3be-9e9ac6121141,7e8959bb-b309-52e1-9019-817a37a7599f,b86b8cd6-5021-5fe0-81e7-5d8bd3ccb235,2026-08-05,credit,42792.70,USD,Revenue recognized for sales order 1601
75175ee8-8131-58fd-983d-861ba113e7de,7e8959bb-b309-52e1-9019-817a37a7599f,9e6db734-d0fc-5484-a5cd-164113b1b667,2026-08-05,credit,3431.97,USD,Revenue recognized for sales order 1602
e6cc4c20-9347-59dd-8c20-c9fcf105130e,7e8959bb-b309-52e1-9019-817a37a7599f,a12d60c5-2bb3-527b-90ef-ed55261d05d3,2026-08-06,credit,5434.67,USD,Revenue recognized for sales order 1603
f645d2bd-e9de-5660-a192-9647cf20828e,7e8959bb-b309-52e1-9019-817a37a7599f,c12b2ef4-551d-53bc-b29e-d01ffeb349a1,2026-08-06,credit,15034.45,USD,Revenue recognized for sales order 1604
f430938c-76ef-50b5-8fdb-0259c75f09f1,7e8959bb-b309-52e1-9019-817a37a7599f,5f462e43-2312-5a3c-acde-0fa2bbda5c39,2026-08-06,credit,29754.48,USD,Revenue recognized for sales order 1605
a8d5ddd4-d497-5239-81a9-0905d7a53481,7e8959bb-b309-52e1-9019-817a37a7599f,8a7a18da-23b4-547b-ab14-62eafac4db2c,2026-08-06,credit,1281.61,USD,Revenue recognized for sales order 1606
68a841f7-4046-540a-ac8c-91404ce4053e,7e8959bb-b309-52e1-9019-817a37a7599f,d3536aab-b64e-5a69-8389-60efa95aac0f,2026-08-06,credit,19202.45,USD,Revenue recognized for sales order 1607
b5f24413-03a6-50c8-91b8-cdb3f05ca1b6,7e8959bb-b309-52e1-9019-817a37a7599f,9d9f61a8-dad3-5470-9639-c17d76b840c1,2026-08-06,credit,30289.03,USD,Revenue recognized for sales order 1608
9de516b8-5c4f-5c84-912e-44e96c1dfe6a,7e8959bb-b309-52e1-9019-817a37a7599f,a393cac7-7aa7-5afb-bc04-227b92933454,2026-08-06,credit,4681.18,USD,Revenue recognized for sales order 1609
