id,warehouse_id,product_id,quantity_on_hand,quantity_reserved
01ec3b65-571c-59b1-8131-47177ff126a4,d61bead2-0544-5c10-af89-1f294f977280,1fa2b768-1b9d-5b9c-befa-fac1ccb97563,158,19
fc5f3cf9-d34a-5550-acd5-b14fdfd8f3d0,d61bead2-0544-5c10-af89-1f294f977280,829935ce-9ec7-5afb-a542-873877c9ce31,95,23
91ce00a0-8a42-5915-98f3-6d282d9dc7f5,d61bead2-0544-5c10-af89-1f294f977280,0137b3c3-db39-5e56-abf7-8ae43bc349ad,173,3
8d53b3fa-1012-5d94-a309-2052ea2478f1,d61bead2-0544-5c10-af89-1f294f977280,9b6b9203-f582-59b6-b64c-309881607c86,96,18
5949f0fa-7a45-5ec1-80e9-bb94f0ab9ff3,d61bead2-0544-5c10-af89-1f294f977280,1657c1e2-1668-5957-a5e5-822140c08707,141,20
cdbb92db-6d31-5711-af23-2f19bfe2c3a9,d61bead2-0544-5c10-af89-1f294f977280,1760c2e4-563f-5bac-abcd-baf5317434c8,115,9
b0656b55-a018-56fb-aa21-d381c2d4c75a,d61bead2-0544-5c10-af89-1f294f977280,e691a6a3-7dd7-5d95-b97e-997e3af77227,151,14
e5b818c0-5aca-5740-912b-6e2c99b9c384,d61bead2-0544-5c10-af89-1f294f977280,f78fc905-81d2-5f52-8c77-1cff3a4b42b7,7,5
5d3b721a-9c69-5281-961b-b882cfb38d61,d61bead2-0544-5c10-af89-1f294f977280,6469a098-75a3-5b3b-839a-ad075a8e67ad,105,25
20bd3364-7def-5dfb-87ae-d5f0a5261d15,d61bead2-0544-5c10-af89-1f294f977280,86eda21c-1dbc-500a-9201-b7d6b0786cc8,145,20
0ebfdb5e-fedd-5282-8649-d9e5b494d730,d61bead2-0544-5c10-af89-1f294f977280,39cb20a1-5dca-5b11-90c4-3e96e441ed0c,109,1
4ac3887f-6d46-5452-b374-ec95bef9dde7,d61bead2-0544-5c10-af89-1f294f977280,2f2113cc-589a-55b5-846a-78fddce3a3c9,101,8
928af0b9-af9b-558b-8ddf-dff982c52d4d,d61bead2-0544-5c10-af89-1f294f977280,b6464168-fc86-5543-9805-0861ea9c66cc,105,20
9a59e4e4-e39c-5765-bf31-577db12ad2a3,d61bead2-0544-5c10-af89-1f294f977280,c2be7cd9-f7ee-544a-9ceb-7052826da8ce,78,8
1a5fd313-ceed-58a7-9ddf-b806153b666f,d61bead2-0544-5c10-af89-1f294f977280,4dbc0e6b-ab10-5b67-a928-f87e1ed2bb9a,122,6
bd7bcdb8-e76c-5f11-b6d2-ff52c2a022d8,d61bead2-0544-5c10-af89-1f294f977280,0caef625-914f-5fea-8e59-19b212bfbd46,93,9
20d374ed-0284-5414-b284-67bab07dc8bb,d61bead2-0544-5c10-af89-1f294f977280,d37c44df-541b-5bf4-b395-65b41bac88a8,59,6
f782a928-3b52-54d6-a507-899488877846,d61bead2-0544-5c10-af89-1f294f977280,88f79184-2cf9-5f72-8e4a-cedfa68d9d06,141,17
e6fa7212-918b-5b4e-9309-8821949d8979,d61bead2-0544-5c10-af89-1f294f977280,896e7662-34d0-5631-bb0f-b5ce6b0ad1ba,97,15
c9481506-fc12-5327-a01d-66c92677aee1,d61bead2-0544-5c10-af89-1f294f977280,5d79cff2-0e77-58a2-b1bf-c506ed3c98bd,151,3
a332b300-b0fa-5573-bad6-61127504545d,d61bead2-0544-5c10-af89-1f294f977280,1cc795b2-21b3-5c5e-84f0-8f1fa20a6dd4,71,17
216d9731-e513-5a8f-80c2-f4bfd3da1a71,d61bead2-0544-5c10-af89-1f294f977280,d520aef1-b021-5cf0-a1d3-9e7e6d31aab7,46,22
341e5094-d835-5fc5-9062-2d1b3e496b37,d61bead2-0544-5c10-af89-1f294f977280,db43f9b2-c956-5785-8950-8287c47db3ae,111,5
8d5c6181-21ef-559a-ae2c-48cc75d5287d,d61bead2-0544-5c10-af89-1f294f977280,599db343-a607-5259-8af1-adde7b1a86ce,37,18
843459b4-3324-5bca-8bba-2292ae1e086c,d61bead2-0544-5c10-af89-1f294f977280,3205bb8a-e766-5617-a3d4-78aaa9883bc8,122,21
83fe6a8b-75e7-55ea-a738-19686cae8123,d61bead2-0544-5c10-af89-1f294f977280,8a195dd5-491c-532c-9a61-886a24d451c0,9,7
ba786950-2af8-5a1b-8f83-92b55cf04d3c,d61bead2-0544-5c10-af89-1f294f977280,fb4140fc-b3c1-5a6a-8613-9b068fdd2b39,36,25
f2435b97-8406-5d3d-bb70-3135f077ad5f,d61bead2-0544-5c10-af89-1f294f977280,31a97c6b-10cf-54c1-b463-f81683a437cc,95,3
6a10e52c-206d-5416-9f16-8b9066802688,d61bead2-0544-5c10-af89-1f294f977280,1dd457fd-1d71-5eb5-b684-6f07d43e876c,156,14
59b46b54-3d29-561f-8220-ee5420a70f4f,d61bead2-0544-5c10-af89-1f294f977280,eff08d1d-eb3b-559a-8ca9-60c7b365af52,8,8
03205701-31fb-5458-903e-ab9d03748214,d61bead2-0544-5c10-af89-1f294f977280,d4214473-2bf7-5b77-bb1f-734e590c4014,68,1
5c45834c-21be-5f99-9d55-1150f65e301b,d61bead2-0544-5c10-af89-1f294f977280,0f2c8ffe-5a45-5cfc-afbf-417553294a54,55,12
af9766c7-166f-517d-bcaa-429dec5c1964,d61bead2-0544-5c10-af89-1f294f977280,b4065918-1c4b-50b6-b69a-d859f24bfe23,12,11
73e53f08-9890-5358-82b0-a470e79565d4,d61bead2-0544-5c10-af89-1f294f977280,f65edfe2-43ae-59f6-b37a-f98344e1a998,136,24
6758dd2c-3ecf-5ce8-9b63-3f0ede821731,d61bead2-0544-5c10-af89-1f294f977280,591abda9-fd16-5958-b0e9-586f0dfa6e54,54,25
bb2fa4c1-6d65-5608-a3f7-ff4578adddd5,d61bead2-0544-5c10-af89-1f294f977280,9f7bfd37-85ae-5a17-9b9f-5dafe3ec68ee,140,12
745e8e1e-2867-582c-abec-df9d75eca44f,d61bead2-0544-5c10-af89-1f294f977280,43d6da55-777b-55ef-8cf5-d4cc7bfa63ad,144,20
354c7f75-2075-5119-929a-5f9cb3aefd86,d61bead2-0544-5c10-af89-1f294f977280,cb09f248-037d-5a0d-9970-99cb102c05d8,164,10
c2e8a987-451f-5322-9368-7a4dc149bd6e,d61bead2-0544-5c10-af89-1f294f977280,db630ac7-839d-5331-93df-dc621d8357b6,128,20
0181e538-7dad-535f-a17f-e4e52b05de0f,d61bead2-0544-5c10-af89-1f294f977280,8b12c834-e054-5502-85aa-99d1eb81eee0,167,8
570101e9-955d-5537-af59-63c4ee73a7f1,d61bead2-0544-5c10-af89-1f294f977280,12003734-bab7-5410-8c89-f9a8c4967dea,150,20
738d2b61-c42c-5d0d-80e9-64ecc0c0607b,d61bead2-0544-5c10-af89-1f294f977280,2e263bcd-bacc-5f51-b35b-70d1674f4dc5,112,2
b5da9e6f-80cb-5935-b7cc-b9a99ffa0915,d61bead2-0544-5c10-af89-1f294f977280,b4b5a0e3-641b-562e-8386-bff3564cf295,101,11
9973527e-9f2a-5e8f-85c9-7028dffdb543,d61bead2-0544-5c10-af89-1f294f977280,cd410e43-ec3c-524b-84c6-84482a7b1204,173,22
a1691b33-a9ab-573e-af3c-062e1f744a47,d61bead2-0544-5c10-af89-1f294f977280,deaf9542-d65c-5f41-b22e-b1d033baea7a,12,10
7b07014b-48d7-5dbe-b488-3189adc86f16,d61bead2-0544-5c10-af89-1f294f977280,201fb8e4-2c24-5483-b44d-4063694486b2,131,14
2b9e7acf-937d-5a29-aecd-95938ef8551a,d61bead2-0544-5c10-af89-1f294f977280,13e04507-297b-56af-85d7-75b609d982a1,5,1
d1badab2-68fa-5168-b61a-07488be5ac6a,d61bead2-0544-5c10-af89-1f294f977280,f350d57a-8885-50f1-b76a-29f7a8057a35,98,6
c7297157-4781-5773-8615-c007c10654ae,d61bead2-0544-5c10-af89-1f294f977280,b6edaedb-a02c-5fbc-b05c-2b5d8deb20c4,101,10
cc2a025c-3bb3-5ce2-8cf2-17e47b38d1f7,d61bead2-0544-5c10-af89-1f294f977280,fd5d29e1-571f-589d-be31-aa00127c02aa,6,4
c9c27770-90f4-560b-ac9f-a15ce5bfaa81,d61bead2-0544-5c10-af89-1f294f977280,c3e9c7fb-d6ab-5171-a827-7aad6b6d2342,69,17
1f142fff-4e53-598d-bc24-27f2b7d20e85,d61bead2-0544-5c10-af89-1f294f977280,d3739878-986b-5b5f-a096-4452493d6cbb,103,17
48606964-a947-5269-8a0f-0913b84e2654,d61bead2-0544-5c10-af89-1f294f977280,91bd15e4-105e-5926-abe6-7ceaf8c07375,69,7
49d5ffe2-2c52-51fc-a4a6-c322c255f4fc,d61bead2-0544-5c10-af89-1f294f977280,b5386670-1687-5260-ad33-97e5d697c425,144,8
6a05f13c-a84d-5c72-8f62-88bcbbc52108,d61bead2-0544-5c10-af89-1f294f977280,1ac8de35-b264-5704-978e-ce8dc08dd02d,113,1
b7bee55e-e3e1-5461-b5d1-ec4589cccfd5,d61bead2-0544-5c10-af89-1f294f977280,d6b2e2d8-f41b-5418-ba12-fcffc0aa6508,41,15
a4387189-432c-5fd7-85fc-aaee464510d1,d61bead2-0544-5c10-af89-1f294f977280,8ac2c18a-5896-572a-9f44-f5d60109258d,106,0
e1a8fc16-2a08-5371-8214-1db19a778408,d61bead2-0544-5c10-af89-1f294f977280,e53c7da2-eb34-5499-8fd8-380dd673ea82,141,15
4dd58bf5-fd5f-56a7-b8e7-a09d6ae84e42,d61bead2-0544-5c10-af89-1f294f977280,9a2e8c5f-4d3e-5cb8-ba78-f2bd562ee61b,19,6
5120c6a4-c0fb-5568-893c-3a8250eb51af,d61bead2-0544-5c10-af89-1f294f977280,aa67b9d9-b4e2-53f3-9447-ca933b53344f,82,2
2d31c869-a680-598e-8959-1db1a7f7057e,d61bead2-0544-5c10-af89-1f294f977280,d96da70b-0cb5-58c8-928a-aafb2d90b154,84,21
12b03844-692e-584a-975a-fedcaab7914c,d61bead2-0544-5c10-af89-1f294f977280,8dfa6632-930f-5fdc-b7cd-8d5908a33d66,98,22
775a91be-6620-5af4-8d23-55718b060fa7,d61bead2-0544-5c10-af89-1f294f977280,0eb49bc4-406e-5d63-a28c-3e5b6ef668e4,167,8
96408e63-7b24-594e-ad68-07fd40c8eaea,d61bead2-0544-5c10-af89-1f294f977280,1c3b9a21-09fa-5c21-bdad-35f2eb8a273f,103,3
2780d4b5-2ae8-5f42-b15e-afa4d759d31c,d61bead2-0544-5c10-af89-1f294f977280,75679cf6-5497-5e69-b773-db773bc6a245,99,22
c68e2909-cf37-583f-8d2f-814c3057b291,d61bead2-0544-5c10-af89-1f294f977280,af3fc15f-c662-5a5e-9e9c-3b2d4e1b6029,157,19
9c8c1f23-91ad-5d0b-9e56-2865571681e4,d61bead2-0544-5c10-af89-1f294f977280,cdea42fb-ee49-5a22-a213-56a8f9fcb148,125,2
86309f6a-4282-5653-9c36-753ea862f783,d61bead2-0544-5c10-af89-1f294f977280,34baeb4c-81dc-5b29-bc76-0b8fd47cdbed,62,10
27eac209-0c78-5ea0-b528-26c45e544237,d61bead2-0544-5c10-af89-1f294f977280,c0bff87f-f764-5151-8aec-dda48ea91847,97,8
2daa9f11-1cdb-5a3e-88a5-4e4498a32cd0,d61bead2-0544-5c10-af89-1f294f977280,228ccd2f-642c-5fdf-abf0-129af98a3568,100,11
70b02af1-8025-531f-8189-9eb3208118d8,d61bead2-0544-5c10-af89-1f294f977280,5d462a8e-32e0-59ad-ae5c-9d66eda72663,84,13
bb2d68ac-0ec3-56b6-9513-7cda77c2283b,d61bead2-0544-5c10-af89-1f294f977280,851c23cd-3716-5170-b9ac-0c25ddc7c95c,19,14
b9d57849-a5d7-5511-b47a-34faec7662a8,d61bead2-0544-5c10-af89-1f294f977280,f9fe7a6c-9a44-59e2-a4cc-fef69cc2e48e,122,9
da222f53-22e4-55ce-8ee7-6e3d98cc5c01,d61bead2-0544-5c10-af89-1f294f977280,613ff8f3-9a2b-5f66-8d3e-3e05d5391002,56,2
e269e151-6fcf-558a-ba6f-33ae6e5ca996,d61bead2-0544-5c10-af89-1f294f977280,f218ba8f-81cf-5efd-ad55-5f4ef76110c2,162,9
79e9c906-d5ac-526f-a357-6d2c4e07f618,d61bead2-0544-5c10-af89-1f294f977280,a042ed60-9218-5159-876b-6c4dd0e5f934,128,17
84652e11-625d-5259-8224-ff2fe137a8a6,d61bead2-0544-5c10-af89-1f294f977280,952e981c-e5c2-53da-984a-78dc5e3b1ad4,116,25
8249154f-18bb-5bcb-ac67-d1b5c7d07618,d61bead2-0544-5c10-af89-1f294f977280,d68351a2-cf36-5984-a091-28a9f5b6bb7e,168,18
0b66fb6b-6ce5-5d74-8db4-d51250c32397,d61bead2-0544-5c10-af89-1f294f977280,e139b0f5-6ca3-5ccb-8610-5a52b4b0eb6c,74,8
cb9f3893-ea27-5afe-89d3-cef57c18f86b,d61bead2-0544-5c10-af89-1f294f977280,3d307d78-b10f-5539-a951-7bcc9fd17161,128,5
91e1b169-4bec-5ce6-a6e8-dae13ff7cb17,d61bead2-0544-5c10-af89-1f294f977280,45669348-c1a3-5956-bbf2-d29bd438fbdc,94,12
8194f589-38c2-535d-90d4-c15abf23094d,d61bead2-0544-5c10-af89-1f294f977280,673811d5-2f11-5108-8b80-c9dd0dc2adda,7,2
00523b35-288c-5fa1-b51b-25347aeefe19,d61bead2-0544-5c10-af89-1f294f977280,e3b2c918-6a66-5db3-87f9-e5c71515f2ab,96,5
ac7adfe2-2a6c-584f-9e0c-255e2d5a2e11,d61bead2-0544-5c10-af89-1f294f977280,241d3cd0-ef2c-56b8-bb75-b039a61b370a,42,22
ce407255-8e7e-58e0-82b7-3f06988cc048,d61bead2-0544-5c10-af89-1f294f977280,e69a7c0b-6875-5a37-a379-abbc430fb47b,165,24
5e9aec93-97df-586b-8a9b-6dd50e27a2a1,d61bead2-0544-5c10-af89-1f294f977280,7169fcc7-7527-510c-b88d-bdcd257ce105,118,2
0bfc03c9-9240-5745-b09c-7317b7681f54,d61bead2-0544-5c10-af89-1f294f977280,de536700-41fe-55c3-beb9-bfb9849c872b,136,16
0490dbbb-5b4e-550d-baa2-b698a3fe9b77,d61bead2-0544-5c10-af89-1f294f977280,8d892cdc-d358-5f2b-a85b-cbecc7e0a664,173,4
8cdf6888-8635-53e6-996d-d37267481425,d61bead2-0544-5c10-af89-1f294f977280,1dd10a82-5cdc-539f-af3f-d3f255171973,68,22
851bd826-e8a3-5252-b6e8-d3607e72045f,d61bead2-0544-5c10-af89-1f294f977280,9e165d6f-802f-5694-a25a-20885ba2aa7f,64,19
88a42154-88a9-5e79-9f98-58dca2dbe341,d61bead2-0544-5c10-af89-1f294f977280,bab29423-27f9-5732-bd8b-a403c95b1a96,137,1
fae17d7a-5128-526d-9da8-17ef820b723d,d61bead2-0544-5c10-af89-1f294f977280,13ea52a1-6b55-57c7-b84e-acf7fb92f106,87,16
ba056bc6-76b7-530f-a3b4-51c45056afef,d61bead2-0544-5c10-af89-1f294f977280,559ab41c-d860-5ab1-aaa1-483577af7b67,34,8
ca959d40-2533-5fc6-aa96-d3e305056dfb,d61bead2-0544-5c10-af89-1f294f977280,ac03c1f7-3948-530e-8de5-80756984ab20,50,23
10e3ac8a-9864-50ff-af49-9f3a220160bf,d61bead2-0544-5c10-af89-1f294f977280,01351cb5-bcf4-52ee-88a1-c6442df67004,20,16
25960397-f4fa-513b-a6b2-1141437722fd,d61bead2-0544-5c10-af89-1f294f977280,8d6058a9-d9fb-546e-b841-e6b4a0978311,24,11
82e736ef-f239-5e85-90c1-7af13707ccb6,d61bead2-0544-5c10-af89-1f294f977280,617fd070-2fb8-5ff6-8eaa-308844dc97ac,6,0
b2af5d87-2105-5091-89e9-5d816d81040b,d61bead2-0544-5c10-af89-1f294f977280,508dfc85-5bf2-5709-b1e3-06ff86d5acb8,124,2
8ed3292f-1767-5088-a9bb-c3eecc6167ad,d61bead2-0544-5c10-af89-1f294f977280,80450a39-8a90-55da-adf7-0b6a1b84aeeb,128,13
db784206-b1f1-5fa8-ab40-1b20e9fd9652,d61bead2-0544-5c10-af89-1f294f977280,dee51c26-0113-56c0-a9c6-edbcfc488df1,118,23
5efcac6c-9f94-585b-a1c2-f0bf23689c09,567ece63-3ecb-5062-b4d8-c97433823b3c,1fa2b768-1b9d-5b9c-befa-fac1ccb97563,100,2
a3c4c340-ecbf-5b4b-b084-d690df5972d3,567ece63-3ecb-5062-b4d8-c97433823b3c,829935ce-9ec7-5afb-a542-873877c9ce31,167,16
d29c6aa5-379e-51b5-b51f-82f3ec1feaca,567ece63-3ecb-5062-b4d8-c97433823b3c,0137b3c3-db39-5e56-abf7-8ae43bc349ad,134,12
3a42b610-032f-5b2f-accb-0c14555226bb,567ece63-3ecb-5062-b4d8-c97433823b3c,9b6b9203-f582-59b6-b64c-309881607c86,15,3
dd0e76fd-83fe-5bd0-97db-ecad4a7d001c,567ece63-3ecb-5062-b4d8-c97433823b3c,1657c1e2-1668-5957-a5e5-822140c08707,57,25
459894f8-cef3-5057-89f7-853c7085c4d6,567ece63-3ecb-5062-b4d8-c97433823b3c,1760c2e4-563f-5bac-abcd-baf5317434c8,87,3
b837f521-eae3-5e34-82ff-77c7dab71831,567ece63-3ecb-5062-b4d8-c97433823b3c,e691a6a3-7dd7-5d95-b97e-997e3af77227,77,7
69f7e8ff-cb6c-5948-9083-3c6a6522532e,567ece63-3ecb-5062-b4d8-c97433823b3c,f78fc905-81d2-5f52-8c77-1cff3a4b42b7,148,21
8f6383ef-626d-5d6f-83e1-3e35c88a2abd,567ece63-3ecb-5062-b4d8-c97433823b3c,6469a098-75a3-5b3b-839a-ad075a8e67ad,134,21
29ae1a0f-f679-5098-9767-d5dbe49b17e2,567ece63-3ecb-5062-b4d8-c97433823b3c,86eda21c-1dbc-500a-9201-b7d6b0786cc8,136,18
96ac5a36-218f-555e-8c68-c9ac82a674bb,567ece63-3ecb-5062-b4d8-c97433823b3c,39cb20a1-5dca-5b11-90c4-3e96e441ed0c,170,23
d5163a26-b05b-50af-94a7-b1e4feedcfc9,567ece63-3ecb-5062-b4d8-c97433823b3c,2f2113cc-589a-55b5-846a-78fddce3a3c9,13,6
6e5c6039-4050-5aee-9d63-42f87921ccd8,567ece63-3ecb-5062-b4d8-c97433823b3c,b6464168-fc86-5543-9805-0861ea9c66cc,175,16
8a7fa7e8-0109-5857-9b44-f6919f76e136,567ece63-3ecb-5062-b4d8-c97433823b3c,c2be7cd9-f7ee-544a-9ceb-7052826da8ce,101,9
c11247dd-2e98-5b87-988d-9479232b0a5c,567ece63-3ecb-5062-b4d8-c97433823b3c,4dbc0e6b-ab10-5b67-a928-f87e1ed2bb9a,105,24
0447d159-cd68-597a-a392-df103149f1c4,567ece63-3ecb-5062-b4d8-c97433823b3c,0caef625-914f-5fea-8e59-19b212bfbd46,94,7
1d515723-9871-5023-8ce1-071658c9417d,567ece63-3ecb-5062-b4d8-c97433823b3c,d37c44df-541b-5bf4-b395-65b41bac88a8,122,2
8753b1ce-7bfc-5adb-b37e-5a3aad0b820e,567ece63-3ecb-5062-b4d8-c97433823b3c,88f79184-2cf9-5f72-8e4a-cedfa68d9d06,87,16
c5cd9f3f-19b9-5aca-bf8d-126cdd129caf,567ece63-3ecb-5062-b4d8-c97433823b3c,896e7662-34d0-5631-bb0f-b5ce6b0ad1ba,53,21
b253b3e2-7232-5a28-adda-2695e5c0a611,567ece63-3ecb-5062-b4d8-c97433823b3c,5d79cff2-0e77-58a2-b1bf-c506ed3c98bd,150,8
4cd7e96a-b18c-52ee-875b-b2bab7ef67da,567ece63-3ecb-5062-b4d8-c97433823b3c,1cc795b2-21b3-5c5e-84f0-8f1fa20a6dd4,135,24
96df75b6-0cb7-5361-866e-d39fd75eec42,567ece63-3ecb-5062-b4d8-c97433823b3c,d520aef1-b021-5cf0-a1d3-9e7e6d31aab7,151,1
3e56f5df-1b38-5d54-9464-bfe7c50f9bb3,567ece63-3ecb-5062-b4d8-c97433823b3c,db43f9b2-c956-5785-8950-8287c47db3ae,79,15
57239363-d9a4-5c8a-b1a7-01414d37ec97,567ece63-3ecb-5062-b4d8-c97433823b3c,599db343-a607-5259-8af1-adde7b1a86ce,57,19
79e852b0-2706-5d6d-9998-a4ac1985439e,567ece63-3ecb-5062-b4d8-c97433823b3c,3205bb8a-e766-5617-a3d4-78aaa9883bc8,180,17
e1312ba6-8592-574f-80a3-cb494a3e639e,567ece63-3ecb-5062-b4d8-c97433823b3c,8a195dd5-491c-532c-9a61-886a24d451c0,124,6
83c265ba-05b9-5334-a646-b68f2eac4d1c,567ece63-3ecb-5062-b4d8-c97433823b3c,fb4140fc-b3c1-5a6a-8613-9b068fdd2b39,122,9
7a7c8eb2-3e5c-5519-8863-10559f9cab4b,567ece63-3ecb-5062-b4d8-c97433823b3c,31a97c6b-10cf-54c1-b463-f81683a437cc,162,0
bc6c8d74-d84d-5be8-a29d-699edb4a80ef,567ece63-3ecb-5062-b4d8-c97433823b3c,1dd457fd-1d71-5eb5-b684-6f07d43e876c,76,21
7916f73d-683f-5370-95bc-9a4a1f479b89,567ece63-3ecb-5062-b4d8-c97433823b3c,eff08d1d-eb3b-559a-8ca9-60c7b365af52,9,9
2ed3a0c5-90ff-5585-9640-7ebc99ff0733,567ece63-3ecb-5062-b4d8-c97433823b3c,d4214473-2bf7-5b77-bb1f-734e590c4014,15,5
26553949-390a-53e0-a7be-058b2e6a31cd,567ece63-3ecb-5062-b4d8-c97433823b3c,0f2c8ffe-5a45-5cfc-afbf-417553294a54,34,16
45a9106e-7507-5805-907f-55c7112490e4,567ece63-3ecb-5062-b4d8-c97433823b3c,b4065918-1c4b-50b6-b69a-d859f24bfe23,154,20
2ab49a73-c20b-5ee1-a1de-6f020b580cbc,567ece63-3ecb-5062-b4d8-c97433823b3c,f65edfe2-43ae-59f6-b37a-f98344e1a998,76,23
a0a86618-acab-5d7b-aef0-b0608177a54c,567ece63-3ecb-5062-b4d8-c97433823b3c,591abda9-fd16-5958-b0e9-586f0dfa6e54,96,17
33e73bea-f614-5704-8de0-c92376303dd6,567ece63-3ecb-5062-b4d8-c97433823b3c,9f7bfd37-85ae-5a17-9b9f-5dafe3ec68ee,145,9
9b6897f0-c754-5328-bf3a-dc94abc50c27,567ece63-3ecb-5062-b4d8-c97433823b3c,43d6da55-777b-55ef-8cf5-d4cc7bfa63ad,58,1
40f76aa4-a110-5c40-abb4-7a911af70ad3,567ece63-3ecb-5062-b4d8-c97433823b3c,cb09f248-037d-5a0d-9970-99cb102c05d8,137,6
cbd2f58e-686f-5097-ae83-4325e78e8d9c,567ece63-3ecb-5062-b4d8-c97433823b3c,db630ac7-839d-5331-93df-dc621d8357b6,89,16
4c58d6c3-cc24-5884-a837-0e3d9e0ba65d,567ece63-3ecb-5062-b4d8-c97433823b3c,8b12c834-e054-5502-85aa-99d1eb81eee0,151,22
af39d9da-d43d-59ca-99d4-377398e80b13,567ece63-3ecb-5062-b4d8-c97433823b3c,12003734-bab7-5410-8c89-f9a8c4967dea,119,7
bd7a3762-f779-5289-b2ce-aa306a0865f6,567ece63-3ecb-5062-b4d8-c97433823b3c,2e263bcd-bacc-5f51-b35b-70d1674f4dc5,14,0
7afe6ace-69f7-5670-9a97-6387cad6f240,567ece63-3ecb-5062-b4d8-c97433823b3c,b4b5a0e3-641b-562e-8386-bff3564cf295,93,20
261395a4-40c8-571a-b709-bda1e02c12ad,567ece63-3ecb-5062-b4d8-c97433823b3c,cd410e43-ec3c-524b-84c6-84482a7b1204,92,17
b587a5c4-6582-57e9-b306-52e1b8f1ced6,567ece63-3ecb-5062-b4d8-c97433823b3c,deaf9542-d65c-5f41-b22e-b1d033baea7a,121,10
e6332327-08fb-5802-93b4-47734d889c16,567ece63-3ecb-5062-b4d8-c97433823b3c,201fb8e4-2c24-5483-b44d-4063694486b2,17,6
57e946f2-8eba-569e-8988-6b77d572de48,567ece63-3ecb-5062-b4d8-c97433823b3c,13e04507-297b-56af-85d7-75b609d982a1,40,23
76291bf7-400a-5a44-bd0c-abee3d6e5b13,567ece63-3ecb-5062-b4d8-c97433823b3c,f350d57a-8885-50f1-b76a-29f7a8057a35,71,7
aa1d627c-2905-593e-8c4b-0acd2467d5a2,567ece63-3ecb-5062-b4d8-c97433823b3c,b6edaedb-a02c-5fbc-b05c-2b5d8deb20c4,21,7
5225d54a-ca79-5ec3-930d-70666465dda7,567ece63-3ecb-5062-b4d8-c97433823b3c,fd5d29e1-571f-589d-be31-aa00127c02aa,65,6
56eebcf0-3847-512c-b584-4704d098b597,567ece63-3ecb-5062-b4d8-c97433823b3c,c3e9c7fb-d6ab-5171-a827-7aad6b6d2342,111,14
4456b239-66da-5e97-9636-2a090908cd23,567ece63-3ecb-5062-b4d8-c97433823b3c,d3739878-986b-5b5f-a096-4452493d6cbb,150,1
5811e3cb-d62b-5eec-9e57-b3fa16d76167,567ece63-3ecb-5062-b4d8-c97433823b3c,91bd15e4-105e-5926-abe6-7ceaf8c07375,120,22
951a0723-cd25-5e82-9547-00b141648803,567ece63-3ecb-5062-b4d8-c97433823b3c,b5386670-1687-5260-ad33-97e5d697c425,50,12
2e17e2c4-e11b-53a7-a715-b4bc9926123b,567ece63-3ecb-5062-b4d8-c97433823b3c,1ac8de35-b264-5704-978e-ce8dc08dd02d,7,2
1517c5dc-af00-56cf-b6ce-526efaa31203,567ece63-3ecb-5062-b4d8-c97433823b3c,d6b2e2d8-f41b-5418-ba12-fcffc0aa6508,32,20
c927f57c-21b5-537b-beac-01ffad6bb0b7,567ece63-3ecb-5062-b4d8-c97433823b3c,8ac2c18a-5896-572a-9f44-f5d60109258d,65,0
19c27e99-446c-5e2f-b56c-0dcf88cad04d,567ece63-3ecb-5062-b4d8-c97433823b3c,e53c7da2-eb34-5499-8fd8-380dd673ea82,129,11
7796aa76-5fc4-52fa-9b1f-446d37bec6c0,567ece63-3ecb-5062-b4d8-c97433823b3c,9a2e8c5f-4d3e-5cb8-ba78-f2bd562ee61b,175,25
5bb3d2ee-2203-572a-9a65-67fa7aedcdcf,567ece63-3ecb-5062-b4d8-c97433823b3c,aa67b9d9-b4e2-53f3-9447-ca933b53344f,177,23
9ec78531-ff5b-5637-ab4d-82dc4ceffd3b,567ece63-3ecb-5062-b4d8-c97433823b3c,d96da70b-0cb5-58c8-928a-aafb2d90b154,40,12
19963396-a60b-5a64-a1c9-8e5019dc43ac,567ece63-3ecb-5062-b4d8-c97433823b3c,8dfa6632-930f-5fdc-b7cd-8d5908a33d66,122,17
a79aabcd-81b3-5a24-b8e5-670fdd863d67,567ece63-3ecb-5062-b4d8-c97433823b3c,0eb49bc4-406e-5d63-a28c-3e5b6ef668e4,8,8
651654c8-069c-53f0-86ee-5cc7e6504585,567ece63-3ecb-5062-b4d8-c97433823b3c,1c3b9a21-09fa-5c21-bdad-35f2eb8a273f,124,3
e23564be-70ac-5882-8da3-a22a7b9db7a0,567ece63-3ecb-5062-b4d8-c97433823b3c,75679cf6-5497-5e69-b773-db773bc6a245,91,12
3cf3db48-09da-53c3-81e1-7ec97753da65,567ece63-3ecb-5062-b4d8-c97433823b3c,af3fc15f-c662-5a5e-9e9c-3b2d4e1b6029,18,2
b6dc7d4d-4bef-538a-aff0-2fc3b034b2f0,567ece63-3ecb-5062-b4d8-c97433823b3c,cdea42fb-ee49-5a22-a213-56a8f9fcb148,148,12
8e252b7f-593c-5066-ab95-5677d866fc96,567ece63-3ecb-5062-b4d8-c97433823b3c,34baeb4c-81dc-5b29-bc76-0b8fd47cdbed,164,5
d0b520fd-a47d-5547-98e4-938db71c1083,567ece63-3ecb-5062-b4d8-c97433823b3c,c0bff87f-f764-5151-8aec-dda48ea91847,108,24
8fa24342-acd9-5f7e-bd8f-384f6fbe22c3,567ece63-3ecb-5062-b4d8-c97433823b3c,228ccd2f-642c-5fdf-abf0-129af98a3568,44,24
0161d495-0bb2-5f7c-81bb-0a3c7ec7b8c8,567ece63-3ecb-5062-b4d8-c97433823b3c,5d462a8e-32e0-59ad-ae5c-9d66eda72663,52,8
7aa4c716-0554-5546-949c-36045a93f539,567ece63-3ecb-5062-b4d8-c97433823b3c,851c23cd-3716-5170-b9ac-0c25ddc7c95c,49,16
95006464-da7c-5e5b-9b8b-d50b5efec85f,567ece63-3ecb-5062-b4d8-c97433823b3c,f9fe7a6c-9a44-59e2-a4cc-fef69cc2e48e,87,15
4cf3f569-b69e-51a6-bc22-718bd4705d01,567ece63-3ecb-5062-b4d8-c97433823b3c,613ff8f3-9a2b-5f66-8d3e-3e05d5391002,107,17
68868c65-65f5-5320-a4dd-a037102ce763,567ece63-3ecb-5062-b4d8-c97433823b3c,f218ba8f-81cf-5efd-ad55-5f4ef76110c2,167,23
bb5752e4-448e-5e3f-9179-5ee32f654a9a,567ece63-3ecb-5062-b4d8-c97433823b3c,a042ed60-9218-5159-876b-6c4dd0e5f934,10,6
335c7450-c605-50d3-8d7c-0821e1949ad8,567ece63-3ecb-5062-b4d8-c97433823b3c,952e981c-e5c2-53da-984a-78dc5e3b1ad4,102,19
90dc34e9-24e1-597f-b96b-b3a3e9e358b9,567ece63-3ecb-5062-b4d8-c97433823b3c,d68351a2-cf36-5984-a091-28a9f5b6bb7e,14,10
7e76c0a3-ddda-561a-9273-342531ba45bb,567ece63-3ecb-5062-b4d8-c97433823b3c,e139b0f5-6ca3-5ccb-8610-5a52b4b0eb6c,145,10
fed482fc-f4ea-554c-abfb-abf6b0a6d34a,567ece63-3ecb-5062-b4d8-c97433823b3c,3d307d78-b10f-5539-a951-7bcc9fd17161,118,3
5304f401-33a9-5a83-b0e9-9528a5c36452,567ece63-3ecb-5062-b4d8-c97433823b3c,45669348-c1a3-5956-bbf2-d29bd438fbdc,84,10
835dac6e-9601-5f9a-b4d1-c807d0971bfa,567ece63-3ecb-5062-b4d8-c97433823b3c,673811d5-2f11-5108-8b80-c9dd0dc2adda,180,5
4465907f-8e1b-5767-ae65-dea371f5680f,567ece63-3ecb-5062-b4d8-c97433823b3c,e3b2c918-6a66-5db3-87f9-e5c71515f2ab,151,24
1468b08d-8b92-5542-a0fb-46f20fc006bc,567ece63-3ecb-5062-b4d8-c97433823b3c,241d3cd0-ef2c-56b8-bb75-b039a61b370a,157,16
450df5ec-596a-502a-9eec-2b0ea7fa930f,567ece63-3ecb-5062-b4d8-c97433823b3c,e69a7c0b-6875-5a37-a379-abbc430fb47b,30,7
ba6bdae7-a293-5439-8240-9cecec836de4,567ece63-3ecb-5062-b4d8-c97433823b3c,7169fcc7-7527-510c-b88d-bdcd257ce105,80,13
f52a1759-89e1-5fd4-8c8c-08f74396221b,567ece63-3ecb-5062-b4d8-c97433823b3c,de536700-41fe-55c3-beb9-bfb9849c872b,118,9
ce85db65-8c9e-5b10-9005-29293b0c8e4d,567ece63-3ecb-5062-b4d8-c97433823b3c,8d892cdc-d358-5f2b-a85b-cbecc7e0a664,120,10
48348cd8-c096-56a2-ba4e-27792b55c48c,567ece63-3ecb-5062-b4d8-c97433823b3c,1dd10a82-5cdc-539f-af3f-d3f255171973,154,24
ee6dae63-d4c5-51ae-9758-7c61f48e2645,567ece63-3ecb-5062-b4d8-c97433823b3c,9e165d6f-802f-5694-a25a-20885ba2aa7f,156,21
7132eef4-deb2-5ef8-a8e6-ca4a88e146c6,567ece63-3ecb-5062-b4d8-c97433823b3c,bab29423-27f9-5732-bd8b-a403c95b1a96,13,2
03dc3fc8-7e28-5a63-bb21-847d2591d010,567ece63-3ecb-5062-b4d8-c97433823b3c,13ea52a1-6b55-57c7-b84e-acf7fb92f106,83,25
898bf1b9-313b-5bec-b035-585b8a4a69cc,567ece63-3ecb-5062-b4d8-c97433823b3c,559ab41c-d860-5ab1-aaa1-483577af7b67,155,10
6f039e7d-f681-5fcf-8735-47aa5a1c650d,567ece63-3ecb-5062-b4d8-c97433823b3c,ac03c1f7-3948-530e-8de5-80756984ab20,114,10
497df8cc-5124-5235-84c2-92fedb224ff7,567ece63-3ecb-5062-b4d8-c97433823b3c,01351cb5-bcf4-52ee-88a1-c6442df67004,89,25
b870ac05-f6c2-57c2-b89a-a90abacaadeb,567ece63-3ecb-5062-b4d8-c97433823b3c,8d6058a9-d9fb-546e-b841-e6b4a0978311,112,11
226949ee-3493-50d4-9703-6050318399b0,567ece63-3ecb-5062-b4d8-c97433823b3c,617fd070-2fb8-5ff6-8eaa-308844dc97ac,150,2
bda32936-00fe-5e53-bc7e-4f570f4495ee,567ece63-3ecb-5062-b4d8-c97433823b3c,508dfc85-5bf2-5709-b1e3-06ff86d5acb8,30,13
526c29db-af5c-5010-81ba-3d83caa6f5c4,567ece63-3ecb-5062-b4d8-c97433823b3c,80450a39-8a90-55da-adf7-0b6a1b84aeeb,108,10
5c8c3a54-03d2-5af0-ad8e-1cdc8513b506,567ece63-3ecb-5062-b4d8-c97433823b3c,dee51c26-0113-56c0-a9c6-edbcfc488df1,15,14
ab4d5f9e-85c2-5617-8271-c55c21be598c,be9e90f6-93bd-5906-b22d-cf69ae825bf6,1fa2b768-1b9d-5b9c-befa-fac1ccb97563,169,9
66d89cb8-ccaa-5a8d-903f-a7ac8c208c4a,be9e90f6-93bd-5906-b22d-cf69ae825bf6,829935ce-9ec7-5afb-a542-873877c9ce31,76,20
e1915041-a5b0-5ce4-8957-8a1fe1ff8229,be9e90f6-93bd-5906-b22d-cf69ae825bf6,0137b3c3-db39-5e56-abf7-8ae43bc349ad,179,5
4dd8e244-92de-53df-9a68-f32292137d55,be9e90f6-93bd-5906-b22d-cf69ae825bf6,9b6b9203-f582-59b6-b64c-309881607c86,161,7
bb78630d-7010-5812-988c-3e8f3a23e5cc,be9e90f6-93bd-5906-b22d-cf69ae825bf6,1657c1e2-1668-5957-a5e5-822140c08707,16,8
af99195b-f8b6-5fd9-bd16-d8710bae41f1,be9e90f6-93bd-5906-b22d-cf69ae825bf6,1760c2e4-563f-5bac-abcd-baf5317434c8,110,8
51139e20-5174-5823-9d60-70f36aee5e55,be9e90f6-93bd-5906-b22d-cf69ae825bf6,e691a6a3-7dd7-5d95-b97e-997e3af77227,137,5
83520bbb-dfd3-5111-b4c6-4ca6840d2625,be9e90f6-93bd-5906-b22d-cf69ae825bf6,f78fc905-81d2-5f52-8c77-1cff3a4b42b7,146,18
de84b415-373e-55fa-8f7a-2d54365cfe6a,be9e90f6-93bd-5906-b22d-cf69ae825bf6,6469a098-75a3-5b3b-839a-ad075a8e67ad,166,23
74de188d-c79a-5128-a501-1bf75d79f3a4,be9e90f6-93bd-5906-b22d-cf69ae825bf6,86eda21c-1dbc-500a-9201-b7d6b0786cc8,25,21
111397ca-b3e5-5657-a3fb-88a7d09d473e,be9e90f6-93bd-5906-b22d-cf69ae825bf6,39cb20a1-5dca-5b11-90c4-3e96e441ed0c,100,21
8678ea04-01cd-556f-aace-2e627206e08c,be9e90f6-93bd-5906-b22d-cf69ae825bf6,2f2113cc-589a-55b5-846a-78fddce3a3c9,36,8
135936f3-d904-531e-8c32-f6b43b67f4cb,be9e90f6-93bd-5906-b22d-cf69ae825bf6,b6464168-fc86-5543-9805-0861ea9c66cc,64,6
386ea750-f256-5ab3-9f63-796b15a5d6b1,be9e90f6-93bd-5906-b22d-cf69ae825bf6,c2be7cd9-f7ee-544a-9ceb-7052826da8ce,84,2
01b664c6-0cda-57b5-866b-184e626d2671,be9e90f6-93bd-5906-b22d-cf69ae825bf6,4dbc0e6b-ab10-5b67-a928-f87e1ed2bb9a,156,10
134fbc24-14df-5f9d-b5fa-8e20cc9cb125,be9e90f6-93bd-5906-b22d-cf69ae825bf6,0caef625-914f-5fea-8e59-19b212bfbd46,48,17
39a7d265-b7f9-511c-b2ba-a5223a028cd1,be9e90f6-93bd-5906-b22d-cf69ae825bf6,d37c44df-541b-5bf4-b395-65b41bac88a8,15,7
094158c8-ff7c-552f-bea5-bcb12091eb44,be9e90f6-93bd-5906-b22d-cf69ae825bf6,88f79184-2cf9-5f72-8e4a-cedfa68d9d06,102,3
9370b72a-14de-57f5-aedb-4cd60574228b,be9e90f6-93bd-5906-b22d-cf69ae825bf6,896e7662-34d0-5631-bb0f-b5ce6b0ad1ba,66,24
7186de3b-d3c9-56a6-b7eb-ec6575b0b954,be9e90f6-93bd-5906-b22d-cf69ae825bf6,5d79cff2-0e77-58a2-b1bf-c506ed3c98bd,93,25
920b362b-bec0-55eb-8726-61cc0441dca4,be9e90f6-93bd-5906-b22d-cf69ae825bf6,1cc795b2-21b3-5c5e-84f0-8f1fa20a6dd4,107,20
e6674b93-4477-526d-88a0-4a103c825053,be9e90f6-93bd-5906-b22d-cf69ae825bf6,d520aef1-b021-5cf0-a1d3-9e7e6d31aab7,98,7
d5327ef0-f78e-5cb2-9ff9-9276beb217d1,be9e90f6-93bd-5906-b22d-cf69ae825bf6,db43f9b2-c956-5785-8950-8287c47db3ae,130,0
f0b29e65-a523-5d20-bb0f-72f51abb86bf,be9e90f6-93bd-5906-b22d-cf69ae825bf6,599db343-a607-5259-8af1-adde7b1a86ce,23,9
16b44ee7-3293-51b7-aed8-951692760df2,be9e90f6-93bd-5906-b22d-cf69ae825bf6,3205bb8a-e766-5617-a3d4-78aaa9883bc8,81,25
cc8457a6-1972-50c0-bf18-8908b8bca385,be9e90f6-93bd-5906-b22d-cf69ae825bf6,8a195dd5-491c-532c-9a61-886a24d451c0,124,18
b971d09e-4a32-583b-8bab-63940cbef8cc,be9e90f6-93bd-5906-b22d-cf69ae825bf6,fb4140fc-b3c1-5a6a-8613-9b068fdd2b39,66,19
1b52013c-36ce-58b1-b119-ea107b23243f,be9e90f6-93bd-5906-b22d-cf69ae825bf6,31a97c6b-10cf-54c1-b463-f81683a437cc,20,18
95cf43c4-f959-55c2-b6bd-590a20accd28,be9e90f6-93bd-5906-b22d-cf69ae825bf6,1dd457fd-1d71-5eb5-b684-6f07d43e876c,133,8
87d499de-8be8-5be2-b70b-faf2ce74f151,be9e90f6-93bd-5906-b22d-cf69ae825bf6,eff08d1d-eb3b-559a-8ca9-60c7b365af52,42,14
63b6b0f9-c71d-5852-ad18-89a12949e4bf,be9e90f6-93bd-5906-b22d-cf69ae825bf6,d4214473-2bf7-5b77-bb1f-734e590c4014,76,6
d544c512-89d1-5fcb-992b-d1ff9076131e,be9e90f6-93bd-5906-b22d-cf69ae825bf6,0f2c8ffe-5a45-5cfc-afbf-417553294a54,123,5
d54814c3-7cd3-5557-816e-cc1df7541990,be9e90f6-93bd-5906-b22d-cf69ae825bf6,b4065918-1c4b-50b6-b69a-d859f24bfe23,161,17
0494a6e2-a772-51f4-93ff-08c9e7ff2f67,be9e90f6-93bd-5906-b22d-cf69ae825bf6,f65edfe2-43ae-59f6-b37a-f98344e1a998,166,1
12e04f89-15f9-5784-ab0b-9241d83374d3,be9e90f6-93bd-5906-b22d-cf69ae825bf6,591abda9-fd16-5958-b0e9-586f0dfa6e54,115,0
bc881279-b6db-5620-ab2f-f24a623c872a,be9e90f6-93bd-5906-b22d-cf69ae825bf6,9f7bfd37-85ae-5a17-9b9f-5dafe3ec68ee,68,13
59d28959-7a16-5557-8493-9e600d96a7b4,be9e90f6-93bd-5906-b22d-cf69ae825bf6,43d6da55-777b-55ef-8cf5-d4cc7bfa63ad,99,22
53a3a98a-379e-5387-bb4e-0b3222e778ad,be9e90f6-93bd-5906-b22d-cf69ae825bf6,cb09f248-037d-5a0d-9970-99cb102c05d8,124,2
de580989-3336-53d3-955a-d3a4805d318d,be9e90f6-93bd-5906-b22d-cf69ae825bf6,db630ac7-839d-5331-93df-dc621d8357b6,160,23
8f1410a6-923a-519f-9183-0499e575eca5,be9e90f6-93bd-5906-b22d-cf69ae825bf6,8b12c834-e054-5502-85aa-99d1eb81eee0,76,11
e2e9255d-b87c-52e8-9429-0e46bf7c6d37,be9e90f6-93bd-5906-b22d-cf69ae825bf6,12003734-bab7-5410-8c89-f9a8c4967dea,69,16
ef9e9274-e849-5afd-b2ea-95534b4cf7dd,be9e90f6-93bd-5906-b22d-cf69ae825bf6,2e263bcd-bacc-5f51-b35b-70d1674f4dc5,28,15
ef4c14ac-a393-5502-91de-5977d0c64cb1,be9e90f6-93bd-5906-b22d-cf69ae825bf6,b4b5a0e3-641b-562e-8386-bff3564cf295,145,10
624d2502-8120-540a-b88d-7403d33fd37f,be9e90f6-93bd-5906-b22d-cf69ae825bf6,cd410e43-ec3c-524b-84c6-84482a7b1204,26,8
bd7a9ae5-736a-5c11-9c99-a3827515ef3d,be9e90f6-93bd-5906-b22d-cf69ae825bf6,deaf9542-d65c-5f41-b22e-b1d033baea7a,85,19
ff4a342e-309d-5f75-b884-aacf36154275,be9e90f6-93bd-5906-b22d-cf69ae825bf6,201fb8e4-2c24-5483-b44d-4063694486b2,63,17
23652eb4-7814-5032-a440-086843c7dfc7,be9e90f6-93bd-5906-b22d-cf69ae825bf6,13e04507-297b-56af-85d7-75b609d982a1,117,6
8a89710c-6711-54bb-bdf9-6f00a49a2c9d,be9e90f6-93bd-5906-b22d-cf69ae825bf6,f350d57a-8885-50f1-b76a-29f7a8057a35,112,12
59e8fbd7-385e-53e2-9a3e-a6c6c196ced7,be9e90f6-93bd-5906-b22d-cf69ae825bf6,b6edaedb-a02c-5fbc-b05c-2b5d8deb20c4,159,14
1ea68cea-b7aa-5930-baab-8ce3f25c4571,be9e90f6-93bd-5906-b22d-cf69ae825bf6,fd5d29e1-571f-589d-be31-aa00127c02aa,128,0
994157a2-d533-5f62-bd79-ebd7a24548a9,be9e90f6-93bd-5906-b22d-cf69ae825bf6,c3e9c7fb-d6ab-5171-a827-7aad6b6d2342,145,21
2c965d8c-4480-5f49-9bdd-ca60580cc719,be9e90f6-93bd-5906-b22d-cf69ae825bf6,d3739878-986b-5b5f-a096-4452493d6cbb,110,18
0aec0f0a-a81b-567a-a883-062b3031fb5c,be9e90f6-93bd-5906-b22d-cf69ae825bf6,91bd15e4-105e-5926-abe6-7ceaf8c07375,85,11
3cf5ee0c-35d3-5390-ad31-4608c376e41e,be9e90f6-93bd-5906-b22d-cf69ae825bf6,b5386670-1687-5260-ad33-97e5d697c425,103,19
f8db55f7-98ba-5d6a-a98f-8ade623e4c06,be9e90f6-93bd-5906-b22d-cf69ae825bf6,1ac8de35-b264-5704-978e-ce8dc08dd02d,141,13
0d6917a2-3c0b-53c2-92da-b4fa08ca5278,be9e90f6-93bd-5906-b22d-cf69ae825bf6,d6b2e2d8-f41b-5418-ba12-fcffc0aa6508,23,22
6c97fad0-12d0-5009-acbd-903263366580,be9e90f6-93bd-5906-b22d-cf69ae825bf6,8ac2c18a-5896-572a-9f44-f5d60109258d,98,13
9aa0cdf7-9bae-56e8-add7-262a2b118020,be9e90f6-93bd-5906-b22d-cf69ae825bf6,e53c7da2-eb34-5499-8fd8-380dd673ea82,102,5
e68e0c2f-d6e5-5189-9faa-cfc8859dc79d,be9e90f6-93bd-5906-b22d-cf69ae825bf6,9a2e8c5f-4d3e-5cb8-ba78-f2bd562ee61b,5,5
3b001360-2fd2-5268-a433-436ac7dd8bf5,be9e90f6-93bd-5906-b22d-cf69ae825bf6,aa67b9d9-b4e2-53f3-9447-ca933b53344f,173,22
2a412e75-2601-51d6-a6ba-e03aad3db88d,be9e90f6-93bd-5906-b22d-cf69ae825bf6,d96da70b-0cb5-58c8-928a-aafb2d90b154,86,22
8b9eb83c-785a-560d-ac5b-1201f976f2ec,be9e90f6-93bd-5906-b22d-cf69ae825bf6,8dfa6632-930f-5fdc-b7cd-8d5908a33d66,27,9
eae6eed1-c0c2-5272-bcc8-21f518e13dd2,be9e90f6-93bd-5906-b22d-cf69ae825bf6,0eb49bc4-406e-5d63-a28c-3e5b6ef668e4,90,16
aede14ad-8fa4-5f07-a0a3-4e56401bd6b6,be9e90f6-93bd-5906-b22d-cf69ae825bf6,1c3b9a21-09fa-5c21-bdad-35f2eb8a273f,53,0
cd2afc37-f39f-578f-bf53-071d77d61d31,be9e90f6-93bd-5906-b22d-cf69ae825bf6,75679cf6-5497-5e69-b773-db773bc6a245,105,13
eee4bebc-c811-53b2-8301-5179ec814e56,be9e90f6-93bd-5906-b22d-cf69ae825bf6,af3fc15f-c662-5a5e-9e9c-3b2d4e1b6029,128,23
e42c9816-ff4a-5605-863a-8efab5717d87,be9e90f6-93bd-5906-b22d-cf69ae825bf6,cdea42fb-ee49-5a22-a213-56a8f9fcb148,148,9
02ccc2e9-4847-5727-bf29-56cf9d0206dc,be9e90f6-93bd-5906-b22d-cf69ae825bf6,34baeb4c-81dc-5b29-bc76-0b8fd47cdbed,43,3
9f3576bc-75b0-5d3b-b8d1-147698832066,be9e90f6-93bd-5906-b22d-cf69ae825bf6,c0bff87f-f764-5151-8aec-dda48ea91847,156,20
35264d22-382e-5115-b252-63ba3216a96f,be9e90f6-93bd-5906-b22d-cf69ae825bf6,228ccd2f-642c-5fdf-abf0-129af98a3568,143,9
a1bdc43a-dfa4-5bbb-8725-c00310a8a4bd,be9e90f6-93bd-5906-b22d-cf69ae825bf6,5d462a8e-32e0-59ad-ae5c-9d66eda72663,53,25
19f6df47-21ce-59c1-9e4d-40edf077f589,be9e90f6-93bd-5906-b22d-cf69ae825bf6,851c23cd-3716-5170-b9ac-0c25ddc7c95c,10,7
a30321cc-9413-55ad-bdac-7237638b951b,be9e90f6-93bd-5906-b22d-cf69ae825bf6,f9fe7a6c-9a44-59e2-a4cc-fef69cc2e48e,176,3
07ebb60e-f008-5e14-905d-77319ba02ee2,be9e90f6-93bd-5906-b22d-cf69ae825bf6,613ff8f3-9a2b-5f66-8d3e-3e05d5391002,118,0
1ff9302f-aac0-539d-9d21-f00bfbf01e0d,be9e90f6-93bd-5906-b22d-cf69ae825bf6,f218ba8f-81cf-5efd-ad55-5f4ef76110c2,169,23
446511a7-08cb-5a6b-a6d5-5aef1746fa13,be9e90f6-93bd-5906-b22d-cf69ae825bf6,a042ed60-9218-5159-876b-6c4dd0e5f934,64,4
16df2a59-3487-58cb-9ca1-6585592c8582,be9e90f6-93bd-5906-b22d-cf69ae825bf6,952e981c-e5c2-53da-984a-78dc5e3b1ad4,118,0
ee8a1ccb-0e5f-5638-8265-a83dd47ce5e0,be9e90f6-93bd-5906-b22d-cf69ae825bf6,d68351a2-cf36-5984-a091-28a9f5b6bb7e,52,18
7c09d9bb-c4cd-5e5b-b802-663ebdbbe11c,be9e90f6-93bd-5906-b22d-cf69ae825bf6,e139b0f5-6ca3-5ccb-8610-5a52b4b0eb6c,38,17
e8b56df3-8788-535a-94bb-395199b7f422,be9e90f6-93bd-5906-b22d-cf69ae825bf6,3d307d78-b10f-5539-a951-7bcc9fd17161,109,1
ae6f9d84-51d7-51ad-830e-1b7dba1f1fb2,be9e90f6-93bd-5906-b22d-cf69ae825bf6,45669348-c1a3-5956-bbf2-d29bd438fbdc,169,1
6852834f-e677-5cca-9c9f-1a6ea90bab07,be9e90f6-93bd-5906-b22d-cf69ae825bf6,673811d5-2f11-5108-8b80-c9dd0dc2adda,58,20
1f766e4b-21c5-5225-a125-953591fed335,be9e90f6-93bd-5906-b22d-cf69ae825bf6,e3b2c918-6a66-5db3-87f9-e5c71515f2ab,25,7
71e8716c-3c9d-526e-8ed3-b10ab30dbc4b,be9e90f6-93bd-5906-b22d-cf69ae825bf6,241d3cd0-ef2c-56b8-bb75-b039a61b370a,81,6
d7321f11-106a-5bc3-8aca-f27e5d3e055d,be9e90f6-93bd-5906-b22d-cf69ae825bf6,e69a7c0b-6875-5a37-a379-abbc430fb47b,38,17
3c5344e4-f2f9-5442-beeb-2f24d6f47922,be9e90f6-93bd-5906-b22d-cf69ae825bf6,7169fcc7-7527-510c-b88d-bdcd257ce105,42,12
665375b3-c90d-5966-809d-173e3795032c,be9e90f6-93bd-5906-b22d-cf69ae825bf6,de536700-41fe-55c3-beb9-bfb9849c872b,156,22
15c4a984-3b7d-5020-8562-739c5e764b7b,be9e90f6-93bd-5906-b22d-cf69ae825bf6,8d892cdc-d358-5f2b-a85b-cbecc7e0a664,36,8
be58484d-5768-5aea-b65d-62c88cff6670,be9e90f6-93bd-5906-b22d-cf69ae825bf6,1dd10a82-5cdc-539f-af3f-d3f255171973,142,25
3d0562a3-0de9-56a3-bf56-b7f1a5adad00,be9e90f6-93bd-5906-b22d-cf69ae825bf6,9e165d6f-802f-5694-a25a-20885ba2aa7f,58,17
ef5785e0-21c4-511a-b2b4-dd23ee6fc454,be9e90f6-93bd-5906-b22d-cf69ae825bf6,bab29423-27f9-5732-bd8b-a403c95b1a96,93,2
979dc4ac-a289-5165-abbc-3c194f0ccfcf,be9e90f6-93bd-5906-b22d-cf69ae825bf6,13ea52a1-6b55-57c7-b84e-acf7fb92f106,85,9
995f3b14-b9f7-558b-af63-2a706295fce5,be9e90f6-93bd-5906-b22d-cf69ae825bf6,559ab41c-d860-5ab1-aaa1-483577af7b67,24,22
1aa48fd6-c339-567d-87c4-acc7810159be,be9e90f6-93bd-5906-b22d-cf69ae825bf6,ac03c1f7-3948-530e-8de5-80756984ab20,113,10
74f6786f-1885-59cb-989d-9da35329cd9b,be9e90f6-93bd-5906-b22d-cf69ae825bf6,01351cb5-bcf4-52ee-88a1-c6442df67004,73,2
1c19eabf-1d1e-50be-8017-62dafcfee92f,be9e90f6-93bd-5906-b22d-cf69ae825bf6,8d6058a9-d9fb-546e-b841-e6b4a0978311,58,15
af2d0819-1411-5f31-a443-53d25c7fee32,be9e90f6-93bd-5906-b22d-cf69ae825bf6,617fd070-2fb8-5ff6-8eaa-308844dc97ac,46,5
d8a36a44-e87c-586b-a06a-d27816da827d,be9e90f6-93bd-5906-b22d-cf69ae825bf6,508dfc85-5bf2-5709-b1e3-06ff86d5acb8,143,2
cc4258f5-a238-5ef3-a5f8-d0f6da7eea9d,be9e90f6-93bd-5906-b22d-cf69ae825bf6,80450a39-8a90-55da-adf7-0b6a1b84aeeb,25,23
b3f99b79-9dcc-5728-b279-009af3be5c27,be9e90f6-93bd-5906-b22d-cf69ae825bf6,dee51c26-0113-56c0-a9c6-edbcfc488df1,46,23
ba0f7646-ae6c-520d-af66-0293a071e389,ea34d2f0-9fc8-5823-a8a8-93e650e8d79c,1fa2b768-1b9d-5b9c-befa-fac1ccb97563,118,1
1b51c439-a0e9-5066-83cb-41b2614d5746,ea34d2f0-9fc8-5823-a8a8-93e650e8d79c,829935ce-9ec7-5afb-a542-873877c9ce31,163,18
7d3d144b-1efa-5882-b0c4-2e0bfb81c464,ea34d2f0-9fc8-5823-a8a8-93e650e8d79c,0137b3c3-db39-5e56-abf7-8ae43bc349ad,16,12
fe9eac8e-4d56-5681-85f2-48ff872f4244,ea34d2f0-9fc8-5823-a8a8-93e650e8d79c,9b6b9203-f582-59b6-b64c-309881607c86,39,22
fbcf3bfb-fd24-52c8-8b01-f332721e51c8,ea34d2f0-9fc8-5823-a8a8-93e650e8d79c,1657c1e2-1668-5957-a5e5-822140c08707,38,0
f96c1e4f-45d8-590e-92ce-f720622d9e64,ea34d2f0-9fc8-5823-a8a8-93e650e8d79c,1760c2e4-563f-5bac-abcd-baf5317434c8,169,18
5dbe51fb-382f-5384-80e8-4876cd44f84c,ea34d2f0-9fc8-5823-a8a8-93e650e8d79c,e691a6a3-7dd7-5d95-b97e-997e3af77227,136,11
f15e3e92-b1ea-527c-bbf0-bac58f3d46e7,ea34d2f0-9fc8-5823-a8a8-93e650e8d79c,f78fc905-81d2-5f52-8c77-1cff3a4b42b7,76,17
0a88c383-2d4d-502a-a474-8e39b787bb02,ea34d2f0-9fc8-5823-a8a8-93e650e8d79c,6469a098-75a3-5b3b-839a-ad075a8e67ad,107,15
30bf7f94-e9ff-5a27-aa0e-1def125217cc,ea34d2f0-9fc8-5823-a8a8-93e650e8d79c,86eda21c-1dbc-500a-9201-b7d6b0786cc8,145,13
41a9e79f-dcdb-5348-824d-0caf1e13856b,ea34d2f0-9fc8-5823-a8a8-93e650e8d79c,39cb20a1-5dca-5b11-90c4-3e96e441ed0c,160,9
6f5add42-470f-5eca-88e2-76e83fa55325,ea34d2f0-9fc8-5823-a8a8-93e650e8d79c,2f2113cc-589a-55b5-846a-78fddce3a3c9,160,22
cad6b1e4-df0d-58f6-b64d-2d1feac5408a,ea34d2f0-9fc8-5823-a8a8-93e650e8d79c,b6464168-fc86-5543-9805-0861ea9c66cc,15,5
140c2c6e-b721-5fde-809e-5c6bd44e6988,ea34d2f0-9fc8-5823-a8a8-93e650e8d79c,c2be7cd9-f7ee-544a-9ceb-7052826da8ce,141,18
6fccd13e-1251-52ac-a5a3-e847808a3bbe,ea34d2f0-9fc8-5823-a8a8-93e650e8d79c,4dbc0e6b-ab10-5b67-a928-f87e1ed2bb9a,60,14
73283314-b6a0-51c2-a484-40d8bc34f58d,ea34d2f0-9fc8-5823-a8a8-93e650e8d79c,0caef625-914f-5fea-8e59-19b212bfbd46,91,21
6a919425-e5ca-5704-b105-f0a4d41bcf92,ea34d2f0-9fc8-5823-a8a8-93e650e8d79c,d37c44df-541b-5bf4-b395-65b41bac88a8,87,15
20814cca-795d-5f93-8815-3f95ac6b424a,ea34d2f0-9fc8-5823-a8a8-93e650e8d79c,88f79184-2cf9-5f72-8e4a-cedfa68d9d06,77,12
eaec9730-5d8a-5eba-b5ee-e50fd372d0ad,ea34d2f0-9fc8-5823-a8a8-93e650e8d79c,896e7662-34d0-5631-bb0f-b5ce6b0ad1ba,109,4
3b58a8cc-7614-5df7-8599-d207e414912e,ea34d2f0-9fc8-5823-a8a8-93e650e8d79c,5d79cff2-0e77-58a2-b1bf-c506ed3c98bd,137,7
d10fabc7-50e3-552c-a22f-e9f28490d5ed,ea34d2f0-9fc8-5823-a8a8-93e650e8d79c,1cc795b2-21b3-5c5e-84f0-8f1fa20a6dd4,83,9
709dc5d0-3047-5c16-bd37-13617eb8a7c8,ea34d2f0-9fc8-5823-a8a8-93e650e8d79c,d520aef1-b021-5cf0-a1d3-9e7e6d31aab7,135,5
fab698b4-fc13-5ebc-a439-2b89563b760b,ea34d2f0-9fc8-5823-a8a8-93e650e8d79c,db43f9b2-c956-5785-8950-8287c47db3ae,153,9
ac2381f8-4ce6-58a4-a495-c2696e1ed7fc,ea34d2f0-9fc8-5823-a8a8-93e650e8d79c,599db343-a607-5259-8af1-adde7b1a86ce,54,23
eea91494-54fc-56f0-af4d-249b9c43a151,ea34d2f0-9fc8-5823-a8a8-93e650e8d79c,3205bb8a-e766-5617-a3d4-78aaa9883bc8,49,16
2fde270b-ac53-5de2-9990-2fa40242ae24,ea34d2f0-9fc8-5823-a8a8-93e650e8d79c,8a195dd5-491c-532c-9a61-886a24d451c0,103,5
166a89ee-91ad-57de-8d41-a882c41bc955,ea34d2f0-9fc8-5823-a8a8-93e650e8d79c,fb4140fc-b3c1-5a6a-8613-9b068fdd2b39,40,19
69e05fe5-9761-56a8-927f-0d30ed89f4c3,ea34d2f0-9fc8-5823-a8a8-93e650e8d79c,31a97c6b-10cf-54c1-b463-f81683a437cc,97,17
9bc7d9c6-8caa-585f-9b2b-60a249a1a296,ea34d2f0-9fc8-5823-a8a8-93e650e8d79c,1dd457fd-1d71-5eb5-b684-6f07d43e876c,97,12
e9986fb5-7e20-530e-8017-6e3c15758459,ea34d2f0-9fc8-5823-a8a8-93e650e8d79c,eff08d1d-eb3b-559a-8ca9-60c7b365af52,52,22
cfbe1f75-458e-5e4a-9c4e-aae3526413bb,ea34d2f0-9fc8-5823-a8a8-93e650e8d79c,d4214473-2bf7-5b77-bb1f-734e590c4014,89,9
cbdba793-9594-54ed-9139-c90d706c5b7d,ea34d2f0-9fc8-5823-a8a8-93e650e8d79c,0f2c8ffe-5a45-5cfc-afbf-417553294a54,163,9
d75733c1-685d-5c8e-b0f2-c64a6b775b88,ea34d2f0-9fc8-5823-a8a8-93e650e8d79c,b4065918-1c4b-50b6-b69a-d859f24bfe23,24,1
4f4b43ba-80e1-5e06-a59a-ed5b96f1fbaa,ea34d2f0-9fc8-5823-a8a8-93e650e8d79c,f65edfe2-43ae-59f6-b37a-f98344e1a998,15,0
05d9ea1b-d30e-545e-a505-29ee1889ef6c,ea34d2f0-9fc8-5823-a8a8-93e650e8d79c,591abda9-fd16-5958-b0e9-586f0dfa6e54,93,21
d85b472d-535e-578a-9fe1-dced76a7d9c8,ea34d2f0-9fc8-5823-a8a8-93e650e8d79c,9f7bfd37-85ae-5a17-9b9f-5dafe3ec68ee,51,24
92331a21-e203-544f-b1e7-e2e065de1f0f,ea34d2f0-9fc8-5823-a8a8-93e650e8d79c,43d6da55-777b-55ef-8cf5-d4cc7bfa63ad,104,20
cf93da6f-5559-5477-84f6-4e63dcba5579,ea34d2f0-9fc8-5823-a8a8-93e650e8d79c,cb09f248-037d-5a0d-9970-99cb102c05d8,136,9
3bd66dfa-3ee3-59ad-9071-6e41716e626a,ea34d2f0-9fc8-5823-a8a8-93e650e8d79c,db630ac7-839d-5331-93df-dc621d8357b6,142,20
5dc17396-36e4-5660-8618-003a10a293e4,ea34d2f0-9fc8-5823-a8a8-93e650e8d79c,8b12c834-e054-5502-85aa-99d1eb81eee0,85,6
9955e773-9ffc-5f99-8bde-2787dcdecdf8,ea34d2f0-9fc8-5823-a8a8-93e650e8d79c,12003734-bab7-5410-8c89-f9a8c4967dea,54,22
e74459c5-fac6-5614-bb7e-c2799a58ef0f,ea34d2f0-9fc8-5823-a8a8-93e650e8d79c,2e263bcd-bacc-5f51-b35b-70d1674f4dc5,50,25
6ec759b1-86eb-5b2e-9146-973518d0e921,ea34d2f0-9fc8-5823-a8a8-93e650e8d79c,b4b5a0e3-641b-562e-8386-bff3564cf295,163,18
09ee96e9-b438-50a0-b073-c275b4dba086,ea34d2f0-9fc8-5823-a8a8-93e650e8d79c,cd410e43-ec3c-524b-84c6-84482a7b1204,124,9
8c3fe597-8a60-53b7-9293-2fcb2a8189ee,ea34d2f0-9fc8-5823-a8a8-93e650e8d79c,deaf9542-d65c-5f41-b22e-b1d033baea7a,115,22
699bd57f-8186-5d0a-b55a-601e332d36f1,ea34d2f0-9fc8-5823-a8a8-93e650e8d79c,201fb8e4-2c24-5483-b44d-4063694486b2,158,19
adecb719-f1ab-55a9-a7a5-01fe3619e250,ea34d2f0-9fc8-5823-a8a8-93e650e8d79c,13e04507-297b-56af-85d7-75b609d982a1,87,11
4be04255-e788-5cf3-ae23-6c7169965f8c,ea34d2f0-9fc8-5823-a8a8-93e650e8d79c,f350d57a-8885-50f1-b76a-29f7a8057a35,114,22
ce68091c-a825-5a24-b09b-9ca6ecd96873,ea34d2f0-9fc8-5823-a8a8-93e650e8d79c,b6edaedb-a02c-5fbc-b05c-2b5d8deb20c4,55,13
7743b4a7-f3e5-5488-9773-e15ee2a141a6,ea34d2f0-9fc8-5823-a8a8-93e650e8d79c,fd5d29e1-571f-589d-be31-aa00127c02aa,55,7
5364a49c-08d8-597f-a6c7-26fd12a556e0,ea34d2f0-9fc8-5823-a8a8-93e650e8d79c,c3e9c7fb-d6ab-5171-a827-7aad6b6d2342,6,0
31b22e25-29c9-53b3-84fd-a33c95f782a4,ea34d2f0-9fc8-5823-a8a8-93e650e8d79c,d3739878-986b-5b5f-a096-4452493d6cbb,14,5
daecc339-1a40-57af-8b3c-a882a0be6384,ea34d2f0-9fc8-5823-a8a8-93e650e8d79c,91bd15e4-105e-5926-abe6-7ceaf8c07375,28,18
c393dd4c-5d0b-5685-aa9d-8fd75da72cc8,ea34d2f0-9fc8-5823-a8a8-93e650e8d79c,b5386670-1687-5260-ad33-97e5d697c425,6,2
6b80c98c-fcbf-5a12-a077-e6b69ea72220,ea34d2f0-9fc8-5823-a8a8-93e650e8d79c,1ac8de35-b264-5704-978e-ce8dc08dd02d,154,24
d8aac385-dae0-5ee1-9856-db28e01e960f,ea34d2f0-9fc8-5823-a8a8-93e650e8d79c,d6b2e2d8-f41b-5418-ba12-fcffc0aa6508,46,1
17bc5251-620d-5e44-bef0-23b28c8cb198,ea34d2f0-9fc8-5823-a8a8-93e650e8d79c,8ac2c18a-5896-572a-9f44-f5d60109258d,172,5
b1a6231b-8780-5f04-95ed-0662e2139973,ea34d2f0-9fc8-5823-a8a8-93e650e8d79c,e53c7da2-eb34-5499-8fd8-380dd673ea82,83,19
683eb59c-7231-5713-80f5-18693fb3f091,ea34d2f0-9fc8-5823-a8a8-93e650e8d79c,9a2e8c5f-4d3e-5cb8-ba78-f2bd562ee61b,172,14
4fe4a4c7-7c56-5b44-a578-9a8a38e0d2fc,ea34d2f0-9fc8-5823-a8a8-93e650e8d79c,aa67b9d9-b4e2-53f3-9447-ca933b53344f,152,3
1632b8ce-d39c-5eff-8e83-382dc8e52bdd,ea34d2f0-9fc8-5823-a8a8-93e650e8d79c,d96da70b-0cb5-58c8-928a-aafb2d90b154,19,15
96cde2fe-59a1-5056-8fc4-7d6f70a50482,ea34d2f0-9fc8-5823-a8a8-93e650e8d79c,8dfa6632-930f-5fdc-b7cd-8d5908a33d66,161,10
1c095f9f-2281-5e1f-82da-4236197ac308,ea34d2f0-9fc8-5823-a8a8-93e650e8d79c,0eb49bc4-406e-5d63-a28c-3e5b6ef668e4,127,17
67006c4a-9ee7-576d-946b-8046a7da8d31,ea34d2f0-9fc8-5823-a8a8-93e650e8d79c,1c3b9a21-09fa-5c21-bdad-35f2eb8a273f,99,4
9ca9e660-780f-5629-8bfd-94bae8cd6139,ea34d2f0-9fc8-5823-a8a8-93e650e8d79c,75679cf6-5497-5e69-b773-db773bc6a245,163,20
884860a5-a28d-5f20-8b0f-6af4ea990657,ea34d2f0-9fc8-5823-a8a8-93e650e8d79c,af3fc15f-c662-5a5e-9e9c-3b2d4e1b6029,92,19
6c9c1178-dd6c-55ea-84ce-e688b9dfd409,ea34d2f0-9fc8-5823-a8a8-93e650e8d79c,cdea42fb-ee49-5a22-a213-56a8f9fcb148,65,14
9479242c-f006-5285-b579-e635f9f10d10,ea34d2f0-9fc8-5823-a8a8-93e650e8d79c,34baeb4c-81dc-5b29-bc76-0b8fd47cdbed,44,7
ec50d368-0877-596a-80d6-a837b8fc0040,ea34d2f0-9fc8-5823-a8a8-93e650e8d79c,c0bff87f-f764-5151-8aec-dda48ea91847,8,2
c7439ce5-5c9e-579d-aa8d-6614ac6373f7,ea34d2f0-9fc8-5823-a8a8-93e650e8d79c,228ccd2f-642c-5fdf-abf0-129af98a3568,11,3
dbbd7f4a-2bd8-5516-aafe-4545eeb38a87,ea34d2f0-9fc8-5823-a8a8-93e650e8d79c,5d462a8e-32e0-59ad-ae5c-9d66eda72663,13,13
73d801db-14b0-50a3-a10f-2c3cddfd7047,ea34d2f0-9fc8-5823-a8a8-93e650e8d79c,851c23cd-3716-5170-b9ac-0c25ddc7c95c,56,14
5022c503-16a1-5f29-8626-f6eb1b97e00e,ea34d2f0-9fc8-5823-a8a8-93e650e8d79c,f9fe7a6c-9a44-59e2-a4cc-fef69cc2e48e,104,25
d5d1f257-994b-578d-86d5-0d0e6d54b96f,ea34d2f0-9fc8-5823-a8a8-93e650e8d79c,613ff8f3-9a2b-5f66-8d3e-3e05d5391002,24,17
a43d3226-e53e-5319-941b-1972c81bffee,ea34d2f0-9fc8-5823-a8a8-93e650e8d79c,f218ba8f-81cf-5efd-ad55-5f4ef76110c2,8,4
8b0051b8-f6dd-5639-9336-60ece4f58513,ea34d2f0-9fc8-5823-a8a8-93e650e8d79c,a042ed60-9218-5159-876b-6c4dd0e5f934,158,20
e5b3bbd1-f023-5a17-8fd2-cbbc8eca96b3,ea34d2f0-9fc8-5823-a8a8-93e650e8d79c,952e981c-e5c2-53da-984a-78dc5e3b1ad4,175,23
57d0bdf3-aa4a-5a34-bada-38ec7dacc738,ea34d2f0-9fc8-5823-a8a8-93e650e8d79c,d68351a2-cf36-5984-a091-28a9f5b6bb7e,85,15
27a8b747-24fb-5f1e-be6e-e43024f5fb67,ea34d2f0-9fc8-5823-a8a8-93e650e8d79c,e139b0f5-6ca3-5ccb-8610-5a52b4b0eb6c,102,16
e4d88828-ec6e-5fa5-a332-333a29d93dab,ea34d2f0-9fc8-5823-a8a8-93e650e8d79c,3d307d78-b10f-5539-a951-7bcc9fd17161,150,2
e8a6f31f-ac8f-57fe-a0fa-0243d2db0ebe,ea34d2f0-9fc8-5823-a8a8-93e650e8d79c,45669348-c1a3-5956-bbf2-d29bd438fbdc,172,20
587bb8aa-7afb-50fb-9c7a-0fe0da8786cd,ea34d2f0-9fc8-5823-a8a8-93e650e8d79c,673811d5-2f11-5108-8b80-c9dd0dc2adda,63,20
3934880c-f544-58d6-a76d-b791fcdedf05,ea34d2f0-9fc8-5823-a8a8-93e650e8d79c,e3b2c918-6a66-5db3-87f9-e5c71515f2ab,73,14
585fb92e-2fd1-57ee-b3de-a92378796e41,ea34d2f0-9fc8-5823-a8a8-93e650e8d79c,241d3cd0-ef2c-56b8-bb75-b039a61b370a,63,0
165888cd-344e-5d3f-8d1e-1fea27f97611,ea34d2f0-9fc8-5823-a8a8-93e650e8d79c,e69a7c0b-6875-5a37-a379-abbc430fb47b,118,13
f0173dca-5ae0-573f-b6cc-867ac7f23f5e,ea34d2f0-9fc8-5823-a8a8-93e650e8d79c,7169fcc7-7527-510c-b88d-bdcd257ce105,55,18
c4cd5cd3-1107-5e42-951b-16cd99be7780,ea34d2f0-9fc8-5823-a8a8-93e650e8d79c,de536700-41fe-55c3-beb9-bfb9849c872b,76,11
0988c93b-3168-5a02-b598-0cdae429882a,ea34d2f0-9fc8-5823-a8a8-93e650e8d79c,8d892cdc-d358-5f2b-a85b-cbecc7e0a664,59,15
14967c83-9ef4-5736-bd0e-dbf802927363,ea34d2f0-9fc8-5823-a8a8-93e650e8d79c,1dd10a82-5cdc-539f-af3f-d3f255171973,104,15
85e300df-3209-547f-bfb3-fa7dc241535f,ea34d2f0-9fc8-5823-a8a8-93e650e8d79c,9e165d6f-802f-5694-a25a-20885ba2aa7f,21,5
695ce8ef-9180-57e8-b14f-8cc165ff7061,ea34d2f0-9fc8-5823-a8a8-93e650e8d79c,bab29423-27f9-5732-bd8b-a403c95b1a96,35,10
b7b0db4c-69fd-515e-9e43-ef9aa106f53d,ea34d2f0-9fc8-5823-a8a8-93e650e8d79c,13ea52a1-6b55-57c7-b84e-acf7fb92f106,153,6
9b8e9d60-b493-5945-8ace-ed395c28ca48,ea34d2f0-9fc8-5823-a8a8-93e650e8d79c,559ab41c-d860-5ab1-aaa1-483577af7b67,66,16
42aaab78-c86c-5656-8c6d-59df5aca35c0,ea34d2f0-9fc8-5823-a8a8-93e650e8d79c,ac03c1f7-3948-530e-8de5-80756984ab20,169,13
72b0acf2-3d27-5497-952f-65f9539ff4cc,ea34d2f0-9fc8-5823-a8a8-93e650e8d79c,01351cb5-bcf4-52ee-88a1-c6442df67004,8,8
e83d3719-d9e2-5e0a-b5cf-8d9bb2139028,ea34d2f0-9fc8-5823-a8a8-93e650e8d79c,8d6058a9-d9fb-546e-b841-e6b4a0978311,66,9
64fe9ae4-eae5-5857-b38b-acee19b554e7,ea34d2f0-9fc8-5823-a8a8-93e650e8d79c,617fd070-2fb8-5ff6-8eaa-308844dc97ac,52,6
9cce65f3-02e6-5632-a8ff-e7ac067afbb2,ea34d2f0-9fc8-5823-a8a8-93e650e8d79c,508dfc85-5bf2-5709-b1e3-06ff86d5acb8,58,18
03ad57aa-5c4a-5108-a270-08852b0b7f0e,ea34d2f0-9fc8-5823-a8a8-93e650e8d79c,80450a39-8a90-55da-adf7-0b6a1b84aeeb,153,25
e1b12753-e377-5e92-abb6-d5580bbc00bb,ea34d2f0-9fc8-5823-a8a8-93e650e8d79c,dee51c26-0113-56c0-a9c6-edbcfc488df1,49,13
acec82f9-35d3-5b83-b554-eb9b7a4aeadd,20fecf33-ed69-5e83-9868-8fbd7ac874f2,1fa2b768-1b9d-5b9c-befa-fac1ccb97563,113,11
8262b501-e578-5b29-9be6-2d0d695a1295,20fecf33-ed69-5e83-9868-8fbd7ac874f2,829935ce-9ec7-5afb-a542-873877c9ce31,147,23
7a103769-e861-57b0-a53e-077fb4676a64,20fecf33-ed69-5e83-9868-8fbd7ac874f2,0137b3c3-db39-5e56-abf7-8ae43bc349ad,14,6
fef882fd-33ad-56bf-b2d2-9d61a0ec5650,20fecf33-ed69-5e83-9868-8fbd7ac874f2,9b6b9203-f582-59b6-b64c-309881607c86,77,4
0ee5af80-03f0-5910-8df1-1fb6c0054d74,20fecf33-ed69-5e83-9868-8fbd7ac874f2,1657c1e2-1668-5957-a5e5-822140c08707,168,21
4462cd85-3779-5d2b-ad7c-eb35e58df8e0,20fecf33-ed69-5e83-9868-8fbd7ac874f2,1760c2e4-563f-5bac-abcd-baf5317434c8,70,13
75c63bd2-2a1d-5bdf-b90d-fc55be88390f,20fecf33-ed69-5e83-9868-8fbd7ac874f2,e691a6a3-7dd7-5d95-b97e-997e3af77227,136,9
82968b0d-eb49-5810-a853-feee1771c017,20fecf33-ed69-5e83-9868-8fbd7ac874f2,f78fc905-81d2-5f52-8c77-1cff3a4b42b7,14,1
66976d42-0727-5c17-81e0-48ecd8d28768,20fecf33-ed69-5e83-9868-8fbd7ac874f2,6469a098-75a3-5b3b-839a-ad075a8e67ad,132,0
d598c56d-700d-5ae1-b2b1-98c10fcf99a4,20fecf33-ed69-5e83-9868-8fbd7ac874f2,86eda21c-1dbc-500a-9201-b7d6b0786cc8,159,19
e6e34e2c-1fab-55ba-bff4-ea759cc9bca1,20fecf33-ed69-5e83-9868-8fbd7ac874f2,39cb20a1-5dca-5b11-90c4-3e96e441ed0c,143,6
dab10e63-fb60-5765-a624-b00ce50d2654,20fecf33-ed69-5e83-9868-8fbd7ac874f2,2f2113cc-589a-55b5-846a-78fddce3a3c9,84,11
ebd2369c-a6a7-55cd-b09f-92b90c26b183,20fecf33-ed69-5e83-9868-8fbd7ac874f2,b6464168-fc86-5543-9805-0861ea9c66cc,138,18
25ee9ec6-03e4-5a2f-b94e-15c2d69ec02b,20fecf33-ed69-5e83-9868-8fbd7ac874f2,c2be7cd9-f7ee-544a-9ceb-7052826da8ce,52,25
98825a5a-c850-5c52-ac54-cf0ce123fced,20fecf33-ed69-5e83-9868-8fbd7ac874f2,4dbc0e6b-ab10-5b67-a928-f87e1ed2bb9a,153,3
28bf5d83-d4aa-5e9f-8d48-f4aa68f98b01,20fecf33-ed69-5e83-9868-8fbd7ac874f2,0caef625-914f-5fea-8e59-19b212bfbd46,23,7
075a9c0e-ca88-5e50-b362-e491af239ee9,20fecf33-ed69-5e83-9868-8fbd7ac874f2,d37c44df-541b-5bf4-b395-65b41bac88a8,177,22
16726cdb-5b2e-5599-8be5-24d475a32c0d,20fecf33-ed69-5e83-9868-8fbd7ac874f2,88f79184-2cf9-5f72-8e4a-cedfa68d9d06,155,4
a9a0f68a-46e2-5464-a011-af27ca2274de,20fecf33-ed69-5e83-9868-8fbd7ac874f2,896e7662-34d0-5631-bb0f-b5ce6b0ad1ba,78,24
d9b92c79-d475-599e-8cde-ba71d0f4d864,20fecf33-ed69-5e83-9868-8fbd7ac874f2,5d79cff2-0e77-58a2-b1bf-c506ed3c98bd,42,17
f6f2641f-e4d5-50fc-bd6f-dcf4080b7ace,20fecf33-ed69-5e83-9868-8fbd7ac874f2,1cc795b2-21b3-5c5e-84f0-8f1fa20a6dd4,40,4
2b1b0893-9af1-501a-8168-3c9d0233f1f1,20fecf33-ed69-5e83-9868-8fbd7ac874f2,d520aef1-b021-5cf0-a1d3-9e7e6d31aab7,11,10
94e685c4-b684-5e79-aa77-493585179af6,20fecf33-ed69-5e83-9868-8fbd7ac874f2,db43f9b2-c956-5785-8950-8287c47db3ae,28,8
bac830ed-2eac-5420-a303-1806cf0d0fb0,20fecf33-ed69-5e83-9868-8fbd7ac874f2,599db343-a607-5259-8af1-adde7b1a86ce,13,13
ed83482b-d250-51ce-acdf-b60995e9118c,20fecf33-ed69-5e83-9868-8fbd7ac874f2,3205bb8a-e766-5617-a3d4-78aaa9883bc8,19,16
6e4a8449-7585-57b0-b99e-29460174f000,20fecf33-ed69-5e83-9868-8fbd7ac874f2,8a195dd5-491c-532c-9a61-886a24d451c0,167,12
51b6d18f-5ac0-55a3-8c2e-4b796248e77c,20fecf33-ed69-5e83-9868-8fbd7ac874f2,fb4140fc-b3c1-5a6a-8613-9b068fdd2b39,79,19
eda7a914-0e05-54e9-be6f-27f87ce84961,20fecf33-ed69-5e83-9868-8fbd7ac874f2,31a97c6b-10cf-54c1-b463-f81683a437cc,6,1
a69d9817-74cd-5751-888e-8d2b66e51301,20fecf33-ed69-5e83-9868-8fbd7ac874f2,1dd457fd-1d71-5eb5-b684-6f07d43e876c,74,25
a270c4ac-da4e-5dad-b2f9-f674f7c60d0b,20fecf33-ed69-5e83-9868-8fbd7ac874f2,eff08d1d-eb3b-559a-8ca9-60c7b365af52,24,15
f2d2f4fb-0fd7-52c9-90a6-5ddd2838c199,20fecf33-ed69-5e83-9868-8fbd7ac874f2,d4214473-2bf7-5b77-bb1f-734e590c4014,83,16
cc295cef-25ab-5040-82d4-fa19d9d5e40a,20fecf33-ed69-5e83-9868-8fbd7ac874f2,0f2c8ffe-5a45-5cfc-afbf-417553294a54,16,9
3856e51d-cfca-544a-b70a-29cfbf1f027f,20fecf33-ed69-5e83-9868-8fbd7ac874f2,b4065918-1c4b-50b6-b69a-d859f24bfe23,56,25
1163db10-6922-5fc8-9673-7a829ae865e8,20fecf33-ed69-5e83-9868-8fbd7ac874f2,f65edfe2-43ae-59f6-b37a-f98344e1a998,169,7
c8a62cd1-3ab2-51c9-a28b-949a790df27a,20fecf33-ed69-5e83-9868-8fbd7ac874f2,591abda9-fd16-5958-b0e9-586f0dfa6e54,25,14
608811e9-83cf-552c-8bf7-0abf1ac482e1,20fecf33-ed69-5e83-9868-8fbd7ac874f2,9f7bfd37-85ae-5a17-9b9f-5dafe3ec68ee,40,18
90cc4819-b864-50c8-8eca-ab41f27420a5,20fecf33-ed69-5e83-9868-8fbd7ac874f2,43d6da55-777b-55ef-8cf5-d4cc7bfa63ad,168,19
5d538a7f-da39-5125-9b0e-c7da26533949,20fecf33-ed69-5e83-9868-8fbd7ac874f2,cb09f248-037d-5a0d-9970-99cb102c05d8,32,3
0ef5e9e8-eb7e-5986-a5f9-b155457b11e4,20fecf33-ed69-5e83-9868-8fbd7ac874f2,db630ac7-839d-5331-93df-dc621d8357b6,92,15
8900c74f-55f4-506c-a678-4b9739fcfc83,20fecf33-ed69-5e83-9868-8fbd7ac874f2,8b12c834-e054-5502-85aa-99d1eb81eee0,140,24
382e745c-5c04-50b0-b259-bcde33ffe088,20fecf33-ed69-5e83-9868-8fbd7ac874f2,12003734-bab7-5410-8c89-f9a8c4967dea,21,10
b53164c8-5c43-5c1b-84f3-f3da41ba520c,20fecf33-ed69-5e83-9868-8fbd7ac874f2,2e263bcd-bacc-5f51-b35b-70d1674f4dc5,165,25
5fd7fc76-70c4-567f-b693-26abf8535570,20fecf33-ed69-5e83-9868-8fbd7ac874f2,b4b5a0e3-641b-562e-8386-bff3564cf295,149,20
c4c986a5-d162-54f5-a743-e912a0d58210,20fecf33-ed69-5e83-9868-8fbd7ac874f2,cd410e43-ec3c-524b-84c6-84482a7b1204,62,23
3fe26489-00aa-500e-9b55-b5fd8421383b,20fecf33-ed69-5e83-9868-8fbd7ac874f2,deaf9542-d65c-5f41-b22e-b1d033baea7a,117,2
a686c11d-26af-51f9-b17c-1853e4f42c63,20fecf33-ed69-5e83-9868-8fbd7ac874f2,201fb8e4-2c24-5483-b44d-4063694486b2,159,25
fb47b46d-ee7e-5d1b-bc1a-482502449e3c,20fecf33-ed69-5e83-9868-8fbd7ac874f2,13e04507-297b-56af-85d7-75b609d982a1,39,1
cb252d48-77e5-59a6-b356-f55c58c7b3af,20fecf33-ed69-5e83-9868-8fbd7ac874f2,f350d57a-8885-50f1-b76a-29f7a8057a35,158,1
65caae1e-9052-5bbd-b3d1-bf1a073339e1,20fecf33-ed69-5e83-9868-8fbd7ac874f2,b6edaedb-a02c-5fbc-b05c-2b5d8deb20c4,45,14
89ba17cb-b327-504d-bfd3-66865388646a,20fecf33-ed69-5e83-9868-8fbd7ac874f2,fd5d29e1-571f-589d-be31-aa00127c02aa,10,1
8b196587-76a5-57e1-8d9f-02e37d816ae9,20fecf33-ed69-5e83-9868-8fbd7ac874f2,c3e9c7fb-d6ab-5171-a827-7aad6b6d2342,10,3
67b76c19-c388-5a26-a3be-e0251003f93c,20fecf33-ed69-5e83-9868-8fbd7ac874f2,d3739878-986b-5b5f-a096-4452493d6cbb,163,18
aa689cfb-0b00-5db5-91a5-c99c34b2b539,20fecf33-ed69-5e83-9868-8fbd7ac874f2,91bd15e4-105e-5926-abe6-7ceaf8c07375,104,14
4d4e604a-ff75-5333-a7bf-dd2cca55acf9,20fecf33-ed69-5e83-9868-8fbd7ac874f2,b5386670-1687-5260-ad33-97e5d697c425,93,6
6a1d20ae-46d1-5253-989e-7f2ded9daf26,20fecf33-ed69-5e83-9868-8fbd7ac874f2,1ac8de35-b264-5704-978e-ce8dc08dd02d,81,10
8f7c978b-adf4-50a5-b71f-0004d9579e57,20fecf33-ed69-5e83-9868-8fbd7ac874f2,d6b2e2d8-f41b-5418-ba12-fcffc0aa6508,172,21
8703760a-d699-5ae5-b822-d6dc74950513,20fecf33-ed69-5e83-9868-8fbd7ac874f2,8ac2c18a-5896-572a-9f44-f5d60109258d,88,12
4e30f28b-9317-5d54-a6ae-84994a5e7682,20fecf33-ed69-5e83-9868-8fbd7ac874f2,e53c7da2-eb34-5499-8fd8-380dd673ea82,160,21
64d34c18-0862-5676-9554-d147259a6304,20fecf33-ed69-5e83-9868-8fbd7ac874f2,9a2e8c5f-4d3e-5cb8-ba78-f2bd562ee61b,59,18
4619490f-30d2-5d52-9a79-9748b87f9bc7,20fecf33-ed69-5e83-9868-8fbd7ac874f2,aa67b9d9-b4e2-53f3-9447-ca933b53344f,141,23
18893749-683b-527b-afe6-086e3ac17583,20fecf33-ed69-5e83-9868-8fbd7ac874f2,d96da70b-0cb5-58c8-928a-aafb2d90b154,167,20
83924b47-7e18-5a63-808a-1ef8e20f922b,20fecf33-ed69-5e83-9868-8fbd7ac874f2,8dfa6632-930f-5fdc-b7cd-8d5908a33d66,91,25
075fa5c5-5aa1-52b2-a9b6-ab0e928de723,20fecf33-ed69-5e83-9868-8fbd7ac874f2,0eb49bc4-406e-5d63-a28c-3e5b6ef668e4,69,23
d2a5a76a-d788-572f-94b1-8222160cff36,20fecf33-ed69-5e83-9868-8fbd7ac874f2,1c3b9a21-09fa-5c21-bdad-35f2eb8a273f,159,12
c475d654-b2bc-5135-90d3-def304e27e3f,20fecf33-ed69-5e83-9868-8fbd7ac874f2,75679cf6-5497-5e69-b773-db773bc6a245,113,2
027d99a6-12f7-5b43-9681-08bc6abbe552,20fecf33-ed69-5e83-9868-8fbd7ac874f2,af3fc15f-c662-5a5e-9e9c-3b2d4e1b6029,90,1
d8cf4fc9-b9d8-5761-8d0f-734b8299ca4d,20fecf33-ed69-5e83-9868-8fbd7ac874f2,cdea42fb-ee49-5a22-a213-56a8f9fcb148,128,13
4236ef27-6591-55c4-a3f3-f3089e484d9f,20fecf33-ed69-5e83-9868-8fbd7ac874f2,34baeb4c-81dc-5b29-bc76-0b8fd47cdbed,16,15
b47dfac5-cf9d-51f8-9eb3-6311ae6df571,20fecf33-ed69-5e83-9868-8fbd7ac874f2,c0bff87f-f764-5151-8aec-dda48ea91847,146,8
e5b26f96-381a-59f9-992f-95752d3145a8,20fecf33-ed69-5e83-9868-8fbd7ac874f2,228ccd2f-642c-5fdf-abf0-129af98a3568,17,11
6ea9b61e-359b-570c-82f8-bb36ff0f279e,20fecf33-ed69-5e83-9868-8fbd7ac874f2,5d462a8e-32e0-59ad-ae5c-9d66eda72663,118,17
e0d0a85c-f2dc-5c3d-989b-a268380925e5,20fecf33-ed69-5e83-9868-8fbd7ac874f2,851c23cd-3716-5170-b9ac-0c25ddc7c95c,109,15
8e292d21-62e7-55a7-bd04-cbc32fba7f3e,20fecf33-ed69-5e83-9868-8fbd7ac874f2,f9fe7a6c-9a44-59e2-a4cc-fef69cc2e48e,123,18
a67296c0-99f7-5637-8d3c-0c7c0a104b22,20fecf33-ed69-5e83-9868-8fbd7ac874f2,613ff8f3-9a2b-5f66-8d3e-3e05d5391002,150,4
6c8d4022-3453-57f2-b550-3afcb7c0f61b,20fecf33-ed69-5e83-9868-8fbd7ac874f2,f218ba8f-81cf-5efd-ad55-5f4ef76110c2,29,21
04663d3e-8d6a-5bee-95d9-f52578726cc2,20fecf33-ed69-5e83-9868-8fbd7ac874f2,a042ed60-9218-5159-876b-6c4dd0e5f934,45,4
eb519661-de74-5a1b-afab-482557bb84a7,20fecf33-ed69-5e83-9868-8fbd7ac874f2,952e981c-e5c2-53da-984a-78dc5e3b1ad4,178,19
5562886e-2efb-5df5-873d-67ddd60451d3,20fecf33-ed69-5e83-9868-8fbd7ac874f2,d68351a2-cf36-5984-a091-28a9f5b6bb7e,131,8
fc0cc438-ee88-505f-bebb-0073644c4cae,20fecf33-ed69-5e83-9868-8fbd7ac874f2,e139b0f5-6ca3-5ccb-8610-5a52b4b0eb6c,79,23
aca21c8d-3f32-571b-ad32-d8f9ec464e9a,20fecf33-ed69-5e83-9868-8fbd7ac874f2,3d307d78-b10f-5539-a951-7bcc9fd17161,107,7
5aa4af91-52b3-5dee-a84e-3325e09d033a,20fecf33-ed69-5e83-9868-8fbd7ac874f2,45669348-c1a3-5956-bbf2-d29bd438fbdc,60,1
5e3a2eb7-f0da-528c-bc95-6e9bced353c9,20fecf33-ed69-5e83-9868-8fbd7ac874f2,673811d5-2f11-5108-8b80-c9dd0dc2adda,55,11
dba46528-9a01-5b4d-adb6-ddf95a719655,20fecf33-ed69-5e83-9868-8fbd7ac874f2,e3b2c918-6a66-5db3-87f9-e5c71515f2ab,36,20
865aa628-367c-527a-80df-0470151219fc,20fecf33-ed69-5e83-9868-8fbd7ac874f2,241d3cd0-ef2c-56b8-bb75-b039a61b370a,115,13
cd1cdf0b-9f70-5196-8d2d-2b1827c24eaa,20fecf33-ed69-5e83-9868-8fbd7ac874f2,e69a7c0b-6875-5a37-a379-abbc430fb47b,7,3
edf31ddb-8588-5969-93df-d7db6c6c585d,20fecf33-ed69-5e83-9868-8fbd7ac874f2,7169fcc7-7527-510c-b88d-bdcd257ce105,51,4
cefef8a5-ddfe-51de-9d76-dfb52484ffc0,20fecf33-ed69-5e83-9868-8fbd7ac874f2,de536700-41fe-55c3-beb9-bfb9849c872b,18,2
6f5ab804-a474-5eff-bd7d-90b74e1ce43f,20fecf33-ed69-5e83-9868-8fbd7ac874f2,8d892cdc-d358-5f2b-a85b-cbecc7e0a664,161,25
256e8d20-825d-55f5-b8dc-1fc171b4ab7e,20fecf33-ed69-5e83-9868-8fbd7ac874f2,1dd10a82-5cdc-539f-af3f-d3f255171973,98,2
1fbcffe1-523f-5349-80aa-39cca8a377e1,20fecf33-ed69-5e83-9868-8fbd7ac874f2,9e165d6f-802f-5694-a25a-20885ba2aa7f,165,7
bb115eb4-f135-5227-8442-fdf2dcdc0ff3,20fecf33-ed69-5e83-9868-8fbd7ac874f2,bab29423-27f9-5732-bd8b-a403c95b1a96,14,10
818dfec0-c040-59d1-9283-cfaeb1d17d7e,20fecf33-ed69-5e83-9868-8fbd7ac874f2,13ea52a1-6b55-57c7-b84e-acf7fb92f106,177,5
329462b1-7742-559d-b98c-3bc5643dca03,20fecf33-ed69-5e83-9868-8fbd7ac874f2,559ab41c-d860-5ab1-aaa1-483577af7b67,137,23
7becf03e-d324-5984-b625-e4a8fc4e951a,20fecf33-ed69-5e83-9868-8fbd7ac874f2,ac03c1f7-3948-530e-8de5-80756984ab20,165,6
9f7615e3-4eec-5717-96e0-6cb2f8eaae33,20fecf33-ed69-5e83-9868-8fbd7ac874f2,01351cb5-bcf4-52ee-88a1-c6442df67004,39,17
533bbdef-8b70-5758-9164-e41d1fe87ef4,20fecf33-ed69-5e83-9868-8fbd7ac874f2,8d6058a9-d9fb-546e-b841-e6b4a0978311,80,16
ed4a7922-8781-5e89-8d92-ed31e56f0555,20fecf33-ed69-5e83-9868-8fbd7ac874f2,617fd070-2fb8-5ff6-8eaa-308844dc97ac,117,5
74191fde-699f-5c9c-84a3-4e8ec3f0afde,20fecf33-ed69-5e83-9868-8fbd7ac874f2,508dfc85-5bf2-5709-b1e3-06ff86d5acb8,49,4
b8a0cf88-d715-5c77-bdf3-e544737b8cb2,20fecf33-ed69-5e83-9868-8fbd7ac874f2,80450a39-8a90-55da-adf7-0b6a1b84aeeb,14,11
fa13030a-dc5a-54ba-9f5e-7813db510720,20fecf33-ed69-5e83-9868-8fbd7ac874f2,dee51c26-0113-56c0-a9c6-edbcfc488df1,60,4
0b31852e-cbc9-55f5-97e9-85fff67016f9,76665f8f-f1fd-52b9-acfd-56394df014ee,1fa2b768-1b9d-5b9c-befa-fac1ccb97563,49,0
ad6db544-24b0-5060-b655-f4702c65dc51,76665f8f-f1fd-52b9-acfd-56394df014ee,829935ce-9ec7-5afb-a542-873877c9ce31,50,18
88a60d19-2ba6-55b8-95c5-59d738cd698d,76665f8f-f1fd-52b9-acfd-56394df014ee,0137b3c3-db39-5e56-abf7-8ae43bc349ad,171,22
b903dfd7-9987-556c-8169-3569b65d5491,76665f8f-f1fd-52b9-acfd-56394df014ee,9b6b9203-f582-59b6-b64c-309881607c86,50,15
2ecdc2ea-6b21-50c1-9343-241b010537f4,76665f8f-f1fd-52b9-acfd-56394df014ee,1657c1e2-1668-5957-a5e5-822140c08707,40,13
6aff01a2-37c6-5d12-9ff6-adaf5ec431a1,76665f8f-f1fd-52b9-acfd-56394df014ee,1760c2e4-563f-5bac-abcd-baf5317434c8,20,0
88d76bb7-e77d-573b-90b0-2064fe17144e,76665f8f-f1fd-52b9-acfd-56394df014ee,e691a6a3-7dd7-5d95-b97e-997e3af77227,94,11
54eaec9a-1e38-5b44-aafe-6992058fd1bb,76665f8f-f1fd-52b9-acfd-56394df014ee,f78fc905-81d2-5f52-8c77-1cff3a4b42b7,77,13
a9e40663-94f8-59ef-a3a7-40ff5cace99f,76665f8f-f1fd-52b9-acfd-56394df014ee,6469a098-75a3-5b3b-839a-ad075a8e67ad,88,21
fe3ba846-4211-5bd1-9a7a-a4b8d72a9c9a,76665f8f-f1fd-52b9-acfd-56394df014ee,86eda21c-1dbc-500a-9201-b7d6b0786cc8,41,25
aeeccd6d-5187-5a53-a8d9-3ef8726cc154,76665f8f-f1fd-52b9-acfd-56394df014ee,39cb20a1-5dca-5b11-90c4-3e96e441ed0c,104,20
92dd45d9-00c9-58f7-ba32-5936e5ddd750,76665f8f-f1fd-52b9-acfd-56394df014ee,2f2113cc-589a-55b5-846a-78fddce3a3c9,148,23
33eb748a-2312-5a50-b250-421b36b808d8,76665f8f-f1fd-52b9-acfd-56394df014ee,b6464168-fc86-5543-9805-0861ea9c66cc,75,25
68dc29f5-b755-5cf3-ae31-86f454a28ef5,76665f8f-f1fd-52b9-acfd-56394df014ee,c2be7cd9-f7ee-544a-9ceb-7052826da8ce,172,1
a3041019-7830-5e3b-9899-a8e7b664cb09,76665f8f-f1fd-52b9-acfd-56394df014ee,4dbc0e6b-ab10-5b67-a928-f87e1ed2bb9a,166,11
968e7b72-560a-5d75-816b-70c39d50eed9,76665f8f-f1fd-52b9-acfd-56394df014ee,0caef625-914f-5fea-8e59-19b212bfbd46,92,5
2cbfa88d-d9ea-534f-8320-ee873958525a,76665f8f-f1fd-52b9-acfd-56394df014ee,d37c44df-541b-5bf4-b395-65b41bac88a8,82,8
6f054ab7-651f-567f-9915-518c6647bb61,76665f8f-f1fd-52b9-acfd-56394df014ee,88f79184-2cf9-5f72-8e4a-cedfa68d9d06,34,2
33f5a37f-4a2b-5a74-b96a-325512357f38,76665f8f-f1fd-52b9-acfd-56394df014ee,896e7662-34d0-5631-bb0f-b5ce6b0ad1ba,123,17
b1604476-ff80-5fad-832f-5522ad61d765,76665f8f-f1fd-52b9-acfd-56394df014ee,5d79cff2-0e77-58a2-b1bf-c506ed3c98bd,151,16
68590f4c-69e8-517d-8a38-ef09b18b05e7,76665f8f-f1fd-52b9-acfd-56394df014ee,1cc795b2-21b3-5c5e-84f0-8f1fa20a6dd4,6,2
d1b6ae52-3af9-5588-b453-a527b673a83a,76665f8f-f1fd-52b9-acfd-56394df014ee,d520aef1-b021-5cf0-a1d3-9e7e6d31aab7,154,18
6b631190-6db1-55dc-ac8b-038d2052ea14,76665f8f-f1fd-52b9-acfd-56394df014ee,db43f9b2-c956-5785-8950-8287c47db3ae,131,16
354a86d0-4677-526d-ad06-8d6845c86aff,76665f8f-f1fd-52b9-acfd-56394df014ee,599db343-a607-5259-8af1-adde7b1a86ce,38,13
b9db9f36-1bc9-57fa-b86c-f22da7bf5385,76665f8f-f1fd-52b9-acfd-56394df014ee,3205bb8a-e766-5617-a3d4-78aaa9883bc8,47,11
f042a729-cdae-5689-b733-08c1170c11a7,76665f8f-f1fd-52b9-acfd-56394df014ee,8a195dd5-491c-532c-9a61-886a24d451c0,111,15
4a3df482-172b-59bd-993c-e8802c6cda79,76665f8f-f1fd-52b9-acfd-56394df014ee,fb4140fc-b3c1-5a6a-8613-9b068fdd2b39,48,5
df2b623a-50f8-50f7-b2b5-2b0ee92c5af3,76665f8f-f1fd-52b9-acfd-56394df014ee,31a97c6b-10cf-54c1-b463-f81683a437cc,22,12
ce14c82d-e7b3-5644-ad61-2331adb39215,76665f8f-f1fd-52b9-acfd-56394df014ee,1dd457fd-1d71-5eb5-b684-6f07d43e876c,20,8
4be6d190-04a6-5ee3-893a-95279037a22c,76665f8f-f1fd-52b9-acfd-56394df014ee,eff08d1d-eb3b-559a-8ca9-60c7b365af52,113,20
b69d9f3a-0c2f-5c63-906c-9dfed5062a1a,76665f8f-f1fd-52b9-acfd-56394df014ee,d4214473-2bf7-5b77-bb1f-734e590c4014,134,1
db05fe86-989a-5828-95df-038debebbad2,76665f8f-f1fd-52b9-acfd-56394df014ee,0f2c8ffe-5a45-5cfc-afbf-417553294a54,143,0
92260768-889c-5e2a-90f3-b6018f991f15,76665f8f-f1fd-52b9-acfd-56394df014ee,b4065918-1c4b-50b6-b69a-d859f24bfe23,161,23
bccab1b3-f4b1-5cd5-ba8d-e51e59ffca34,76665f8f-f1fd-52b9-acfd-56394df014ee,f65edfe2-43ae-59f6-b37a-f98344e1a998,37,21
9c2f5bed-5738-529e-ab5a-1c5c0547c096,76665f8f-f1fd-52b9-acfd-56394df014ee,591abda9-fd16-5958-b0e9-586f0dfa6e54,92,5
1584c74a-e556-53f0-93e4-9386a4f0e5cf,76665f8f-f1fd-52b9-acfd-56394df014ee,9f7bfd37-85ae-5a17-9b9f-5dafe3ec68ee,18,10
913e6875-7257-5f0f-a7a6-6d4ac7545bcc,76665f8f-f1fd-52b9-acfd-56394df014ee,43d6da55-777b-55ef-8cf5-d4cc7bfa63ad,43,19
bf102a5f-cb98-557d-9a35-8e7b657be8b9,76665f8f-f1fd-52b9-acfd-56394df014ee,cb09f248-037d-5a0d-9970-99cb102c05d8,177,15
cd82ffc0-95a1-5c2c-ae3e-4eea41811673,76665f8f-f1fd-52b9-acfd-56394df014ee,db630ac7-839d-5331-93df-dc621d8357b6,87,16
553b8ade-274f-574a-93bb-74abcdd9c83a,76665f8f-f1fd-52b9-acfd-56394df014ee,8b12c834-e054-5502-85aa-99d1eb81eee0,93,18
fa67ed0f-bad2-53c9-978f-4b4e94be1926,76665f8f-f1fd-52b9-acfd-56394df014ee,12003734-bab7-5410-8c89-f9a8c4967dea,82,7
60f00848-238c-5823-8bef-5fcd27f9ebb9,76665f8f-f1fd-52b9-acfd-56394df014ee,2e263bcd-bacc-5f51-b35b-70d1674f4dc5,79,10
eddfd7d2-426c-5a85-93b4-86a3fc4d3b7a,76665f8f-f1fd-52b9-acfd-56394df014ee,b4b5a0e3-641b-562e-8386-bff3564cf295,37,13
109cbde7-8793-5b73-8322-9d89a3e64c1b,76665f8f-f1fd-52b9-acfd-56394df014ee,cd410e43-ec3c-524b-84c6-84482a7b1204,104,6
c1018d15-3574-547e-a033-6722f8629db6,76665f8f-f1fd-52b9-acfd-56394df014ee,deaf9542-d65c-5f41-b22e-b1d033baea7a,149,7
5860ed98-912d-5f11-99c1-f7df0185f916,76665f8f-f1fd-52b9-acfd-56394df014ee,201fb8e4-2c24-5483-b44d-4063694486b2,42,10
c73a41c9-9c09-558e-ba84-ce0fd1b94515,76665f8f-f1fd-52b9-acfd-56394df014ee,13e04507-297b-56af-85d7-75b609d982a1,141,3
913e06c9-976f-5b0c-b6fc-3f4f3a222983,76665f8f-f1fd-52b9-acfd-56394df014ee,f350d57a-8885-50f1-b76a-29f7a8057a35,115,5
0775704d-3e0a-5d4f-afe5-455c85175489,76665f8f-f1fd-52b9-acfd-56394df014ee,b6edaedb-a02c-5fbc-b05c-2b5d8deb20c4,26,6
e6bb250f-7e32-5eb0-9816-5b2431a4ec3c,76665f8f-f1fd-52b9-acfd-56394df014ee,fd5d29e1-571f-589d-be31-aa00127c02aa,152,0
13fb72bc-c141-5d0b-b671-e6c907c0e6fb,76665f8f-f1fd-52b9-acfd-56394df014ee,c3e9c7fb-d6ab-5171-a827-7aad6b6d2342,146,14
685bac5b-aa02-53fc-a813-7b7d64c7cfa7,76665f8f-f1fd-52b9-acfd-56394df014ee,d3739878-986b-5b5f-a096-4452493d6cbb,15,6
7fd2249e-c79e-5e3b-bdc4-30b43ba900ae,76665f8f-f1fd-52b9-acfd-56394df014ee,91bd15e4-105e-5926-abe6-7ceaf8c07375,58,12
b17c135a-6a05-5058-8bae-a4de39d8cbcc,76665f8f-f1fd-52b9-acfd-56394df014ee,b5386670-1687-5260-ad33-97e5d697c425,86,22
ddddccae-20a3-5a13-9b02-61fcd098a8be,76665f8f-f1fd-52b9-acfd-56394df014ee,1ac8de35-b264-5704-978e-ce8dc08dd02d,77,7
846f4587-7bee-5933-8c74-223e8c3a17e8,76665f8f-f1fd-52b9-acfd-56394df014ee,d6b2e2d8-f41b-5418-ba12-fcffc0aa6508,73,1
7ab838f1-75ca-51b2-a971-98d8d43f7337,76665f8f-f1fd-52b9-acfd-56394df014ee,8ac2c18a-5896-572a-9f44-f5d60109258d,94,7
8f695ad0-7149-57d9-813d-a11f82e3c6e5,76665f8f-f1fd-52b9-acfd-56394df014ee,e53c7da2-eb34-5499-8fd8-380dd673ea82,107,11
407d0dea-1b1f-5f87-ad24-d28a1f405401,76665f8f-f1fd-52b9-acfd-56394df014ee,9a2e8c5f-4d3e-5cb8-ba78-f2bd562ee61b,104,21
10538e27-2ec2-5212-83a1-14aebede0537,76665f8f-f1fd-52b9-acfd-56394df014ee,aa67b9d9-b4e2-53f3-9447-ca933b53344f,31,7
76c31a4b-b71c-5e66-a8d6-711b8c0c6187,76665f8f-f1fd-52b9-acfd-56394df014ee,d96da70b-0cb5-58c8-928a-aafb2d90b154,102,0
23a7e7d8-f77d-5402-a8ec-de58ebb69ff7,76665f8f-f1fd-52b9-acfd-56394df014ee,8dfa6632-930f-5fdc-b7cd-8d5908a33d66,23,21
54ea4a23-e5ab-5bb3-bca5-021598c25227,76665f8f-f1fd-52b9-acfd-56394df014ee,0eb49bc4-406e-5d63-a28c-3e5b6ef668e4,38,24
abc2dbfd-8465-5a0a-84ba-113fe5d1d248,76665f8f-f1fd-52b9-acfd-56394df014ee,1c3b9a21-09fa-5c21-bdad-35f2eb8a273f,138,19
8666602e-25a3-5914-a3f7-5e476ed66bc7,76665f8f-f1fd-52b9-acfd-56394df014ee,75679cf6-5497-5e69-b773-db773bc6a245,145,10
7b40495d-2650-52d0-8fb6-ae7f98dee15c,76665f8f-f1fd-52b9-acfd-56394df014ee,af3fc15f-c662-5a5e-9e9c-3b2d4e1b6029,46,10
55a74373-3408-5a21-8f35-ed06fae64e4b,76665f8f-f1fd-52b9-acfd-56394df014ee,cdea42fb-ee49-5a22-a213-56a8f9fcb148,108,2
c477c1d6-86fa-58e6-b7f6-a5029b1bfec8,76665f8f-f1fd-52b9-acfd-56394df014ee,34baeb4c-81dc-5b29-bc76-0b8fd47cdbed,134,18
5aa92f4c-676e-51d2-94c5-6e4ed3709b24,76665f8f-f1fd-52b9-acfd-56394df014ee,c0bff87f-f764-5151-8aec-dda48ea91847,155,12
9c0a6423-f0e9-5aed-9509-4f799ec5f52d,76665f8f-f1fd-52b9-acfd-56394df014ee,228ccd2f-642c-5fdf-abf0-129af98a3568,94,25
a5562257-3654-550e-bc92-95ef2b49e960,76665f8f-f1fd-52b9-acfd-56394df014ee,5d462a8e-32e0-59ad-ae5c-9d66eda72663,111,24
58b2d561-2b7b-56e8-8de3-6054b5538cf4,76665f8f-f1fd-52b9-acfd-56394df014ee,851c23cd-3716-5170-b9ac-0c25ddc7c95c,63,24
59888c43-fa33-5e77-988d-ef47f47882cd,76665f8f-f1fd-52b9-acfd-56394df014ee,f9fe7a6c-9a44-59e2-a4cc-fef69cc2e48e,12,0
cb472bcf-a644-5853-971a-2cdd1ab9a645,76665f8f-f1fd-52b9-acfd-56394df014ee,613ff8f3-9a2b-5f66-8d3e-3e05d5391002,120,0
508ba09c-f520-59b8-b0ab-4be402ff2dc6,76665f8f-f1fd-52b9-acfd-56394df014ee,f218ba8f-81cf-5efd-ad55-5f4ef76110c2,177,20
3560e955-5c01-5999-81d7-1831a2488aff,76665f8f-f1fd-52b9-acfd-56394df014ee,a042ed60-9218-5159-876b-6c4dd0e5f934,121,9
68207ef1-4373-5f99-97f2-02dc852c544e,76665f8f-f1fd-52b9-acfd-56394df014ee,952e981c-e5c2-53da-984a-78dc5e3b1ad4,77,10
2e0d85f7-eceb-5158-ae89-3264dce339cd,76665f8f-f1fd-52b9-acfd-56394df014ee,d68351a2-cf36-5984-a091-28a9f5b6bb7e,178,19
0290a0c4-215b-589c-a6c2-76444a04e1b1,76665f8f-f1fd-52b9-acfd-56394df014ee,e139b0f5-6ca3-5ccb-8610-5a52b4b0eb6c,148,11
ee2f5a36-ddaf-5c96-a728-a0c026a8f6e5,76665f8f-f1fd-52b9-acfd-56394df014ee,3d307d78-b10f-5539-a951-7bcc9fd17161,115,24
1d77161b-aa2d-5733-ab68-ab1eb27fcbf0,76665f8f-f1fd-52b9-acfd-56394df014ee,45669348-c1a3-5956-bbf2-d29bd438fbdc,126,16
dd565992-3714-5ebc-b44f-3721dd98fec7,76665f8f-f1fd-52b9-acfd-56394df014ee,673811d5-2f11-5108-8b80-c9dd0dc2adda,19,14
9ca52d97-6e91-5134-978b-961ad76448d4,76665f8f-f1fd-52b9-acfd-56394df014ee,e3b2c918-6a66-5db3-87f9-e5c71515f2ab,107,10
4a53affe-8622-54fe-872c-328175023831,76665f8f-f1fd-52b9-acfd-56394df014ee,241d3cd0-ef2c-56b8-bb75-b039a61b370a,115,22
f0082257-5f2e-5a86-bfaa-c22ce2868a2d,76665f8f-f1fd-52b9-acfd-56394df014ee,e69a7c0b-6875-5a37-a379-abbc430fb47b,114,10
5d882a47-8982-53c8-bf9f-f3bbf1df0842,76665f8f-f1fd-52b9-acfd-56394df014ee,7169fcc7-7527-510c-b88d-bdcd257ce105,91,18
8d9ea525-0db4-59ff-a35a-596e7580a080,76665f8f-f1fd-52b9-acfd-56394df014ee,de536700-41fe-55c3-beb9-bfb9849c872b,148,14
d5712d19-8e90-5be3-9a18-f522e7cccc25,76665f8f-f1fd-52b9-acfd-56394df014ee,8d892cdc-d358-5f2b-a85b-cbecc7e0a664,69,21
eb879fb1-0b82-5342-9f12-684b3f408ff8,76665f8f-f1fd-52b9-acfd-56394df014ee,1dd10a82-5cdc-539f-af3f-d3f255171973,129,14
722aef53-40ab-5828-b4ae-b9a49ceae4b0,76665f8f-f1fd-52b9-acfd-56394df014ee,9e165d6f-802f-5694-a25a-20885ba2aa7f,157,7
5fe581d1-987f-5521-b98b-856122c842a2,76665f8f-f1fd-52b9-acfd-56394df014ee,bab29423-27f9-5732-bd8b-a403c95b1a96,115,4
0d97c961-7c69-545a-8cb3-1b26ce0ccdf4,76665f8f-f1fd-52b9-acfd-56394df014ee,13ea52a1-6b55-57c7-b84e-acf7fb92f106,85,13
028be190-ee43-5b21-ab84-dc266ddab955,76665f8f-f1fd-52b9-acfd-56394df014ee,559ab41c-d860-5ab1-aaa1-483577af7b67,26,19
69a7999a-843d-54eb-9121-f074746258ed,76665f8f-f1fd-52b9-acfd-56394df014ee,ac03c1f7-3948-530e-8de5-80756984ab20,154,4
eb543896-644e-5131-a9af-c093d673afeb,76665f8f-f1fd-52b9-acfd-56394df014ee,01351cb5-bcf4-52ee-88a1-c6442df67004,74,2
351b4991-5253-59b5-956b-84fcb0d4458f,76665f8f-f1fd-52b9-acfd-56394df014ee,8d6058a9-d9fb-546e-b841-e6b4a0978311,177,5
c21c7ee6-ce07-5cbd-8e59-c638869ff016,76665f8f-f1fd-52b9-acfd-56394df014ee,617fd070-2fb8-5ff6-8eaa-308844dc97ac,27,22
044eb8cd-3791-57c7-ba06-9da4fc27ae90,76665f8f-f1fd-52b9-acfd-56394df014ee,508dfc85-5bf2-5709-b1e3-06ff86d5acb8,142,18
f6af1333-fb0e-50fb-b9b1-48170daad17b,76665f8f-f1fd-52b9-acfd-56394df014ee,80450a39-8a90-55da-adf7-0b6a1b84aeeb,89,16
8321cf15-564f-5e94-9b64-586bd2d116be,76665f8f-f1fd-52b9-acfd-56394df014ee,dee51c26-0113-56c0-a9c6-edbcfc488df1,91,5
6b5bfea9-1280-510b-bbbb-055fa16cde5b,da60ffad-f4d8-5b60-9b77-de38fe932483,1fa2b768-1b9d-5b9c-befa-fac1ccb97563,112,2
de537116-13a7-5344-9280-6e865d20d5d5,da60ffad-f4d8-5b60-9b77-de38fe932483,829935ce-9ec7-5afb-a542-873877c9ce31,118,19
b72d8874-a538-5769-9787-d563e9867c35,da60ffad-f4d8-5b60-9b77-de38fe932483,0137b3c3-db39-5e56-abf7-8ae43bc349ad,106,1
37fe58db-dc1c-5e36-a779-9984fa74b3ca,da60ffad-f4d8-5b60-9b77-de38fe932483,9b6b9203-f582-59b6-b64c-309881607c86,162,14
a724e791-a931-58f6-84f8-a54644892244,da60ffad-f4d8-5b60-9b77-de38fe932483,1657c1e2-1668-5957-a5e5-822140c08707,95,5
95bdb1d7-6d41-5c58-b825-cd014260e925,da60ffad-f4d8-5b60-9b77-de38fe932483,1760c2e4-563f-5bac-abcd-baf5317434c8,179,10
cde4c485-58da-5913-a24a-e01f89f1cb1a,da60ffad-f4d8-5b60-9b77-de38fe932483,e691a6a3-7dd7-5d95-b97e-997e3af77227,168,13
4cd9d3e6-1ae4-59a1-bcd9-7ad080e1d596,da60ffad-f4d8-5b60-9b77-de38fe932483,f78fc905-81d2-5f52-8c77-1cff3a4b42b7,69,16
f68d1a13-e123-5ad3-8ff0-0275be952088,da60ffad-f4d8-5b60-9b77-de38fe932483,6469a098-75a3-5b3b-839a-ad075a8e67ad,164,18
104ef409-f6e3-540e-9f19-a65888a1ec73,da60ffad-f4d8-5b60-9b77-de38fe932483,86eda21c-1dbc-500a-9201-b7d6b0786cc8,180,25
d61301ff-6606-56a6-8d38-73f16b20a7df,da60ffad-f4d8-5b60-9b77-de38fe932483,39cb20a1-5dca-5b11-90c4-3e96e441ed0c,36,22
49d1b4c9-06ec-55c1-b93a-7ea93f05a583,da60ffad-f4d8-5b60-9b77-de38fe932483,2f2113cc-589a-55b5-846a-78fddce3a3c9,84,23
62fc0cc4-a0bb-52b2-bb3c-d645ce7b5942,da60ffad-f4d8-5b60-9b77-de38fe932483,b6464168-fc86-5543-9805-0861ea9c66cc,7,1
875645e5-1b97-5155-9411-ff1ad2952398,da60ffad-f4d8-5b60-9b77-de38fe932483,c2be7cd9-f7ee-544a-9ceb-7052826da8ce,93,20
114e1b54-c42e-5d16-9524-f8563ccb180b,da60ffad-f4d8-5b60-9b77-de38fe932483,4dbc0e6b-ab10-5b67-a928-f87e1ed2bb9a,114,17
08cc4d54-99f0-52da-9cdf-705aec769c28,da60ffad-f4d8-5b60-9b77-de38fe932483,0caef625-914f-5fea-8e59-19b212bfbd46,26,7
f325d2a7-6036-5538-aef8-3dc25bc25da1,da60ffad-f4d8-5b60-9b77-de38fe932483,d37c44df-541b-5bf4-b395-65b41bac88a8,163,8
0b6d4ff3-f66a-5585-bd43-1f77c66c8aed,da60ffad-f4d8-5b60-9b77-de38fe932483,88f79184-2cf9-5f72-8e4a-cedfa68d9d06,71,5
c21d6c24-c0c1-5eda-b3c9-cea99db4b30c,da60ffad-f4d8-5b60-9b77-de38fe932483,896e7662-34d0-5631-bb0f-b5ce6b0ad1ba,127,13
5119552a-1111-5a14-8eb5-dfb191e2c374,da60ffad-f4d8-5b60-9b77-de38fe932483,5d79cff2-0e77-58a2-b1bf-c506ed3c98bd,118,20
a7656151-a02d-5853-8569-71941e8139d4,da60ffad-f4d8-5b60-9b77-de38fe932483,1cc795b2-21b3-5c5e-84f0-8f1fa20a6dd4,108,1
71b6f4a5-8c45-5cd8-92bc-264417319a86,da60ffad-f4d8-5b60-9b77-de38fe932483,d520aef1-b021-5cf0-a1d3-9e7e6d31aab7,83,7
bcd83f0e-105d-54d4-8bc5-eb1e3b2bf64a,da60ffad-f4d8-5b60-9b77-de38fe932483,db43f9b2-c956-5785-8950-8287c47db3ae,114,18
2c092f09-1c97-57a8-ba7a-6aff84bbb0e2,da60ffad-f4d8-5b60-9b77-de38fe932483,599db343-a607-5259-8af1-adde7b1a86ce,16,10
24123059-502c-5ad6-a342-05f210d08809,da60ffad-f4d8-5b60-9b77-de38fe932483,3205bb8a-e766-5617-a3d4-78aaa9883bc8,105,12
2517ac11-ba0d-5d04-a23a-dda2778a396c,da60ffad-f4d8-5b60-9b77-de38fe932483,8a195dd5-491c-532c-9a61-886a24d451c0,163,19
f96b2e75-24f9-59c0-9ac1-9d69f2f6d0e0,da60ffad-f4d8-5b60-9b77-de38fe932483,fb4140fc-b3c1-5a6a-8613-9b068fdd2b39,123,24
019237e9-2493-501f-890a-e3c3951e46a2,da60ffad-f4d8-5b60-9b77-de38fe932483,31a97c6b-10cf-54c1-b463-f81683a437cc,125,16
4a61303a-4e28-5437-95c2-69d6e7b62487,da60ffad-f4d8-5b60-9b77-de38fe932483,1dd457fd-1d71-5eb5-b684-6f07d43e876c,178,6
3d7fc625-8f7d-5f30-a47d-6455970a164f,da60ffad-f4d8-5b60-9b77-de38fe932483,eff08d1d-eb3b-559a-8ca9-60c7b365af52,55,9
56103c68-4e52-58ea-8676-0f311a5b86f2,da60ffad-f4d8-5b60-9b77-de38fe932483,d4214473-2bf7-5b77-bb1f-734e590c4014,167,19
df27d41f-8e0b-5a4d-839d-1218b8cdaf52,da60ffad-f4d8-5b60-9b77-de38fe932483,0f2c8ffe-5a45-5cfc-afbf-417553294a54,41,14
5c9c35d2-d4d7-5604-ba9e-7058e9e9abdf,da60ffad-f4d8-5b60-9b77-de38fe932483,b4065918-1c4b-50b6-b69a-d859f24bfe23,151,23
2f1206b5-d6b3-506f-9a55-0cafbbb15f4b,da60ffad-f4d8-5b60-9b77-de38fe932483,f65edfe2-43ae-59f6-b37a-f98344e1a998,63,13
c0b86968-ea2c-52ea-bc8b-55c76ab08f02,da60ffad-f4d8-5b60-9b77-de38fe932483,591abda9-fd16-5958-b0e9-586f0dfa6e54,101,15
86c542a6-fcce-51bf-8f38-18653fb16589,da60ffad-f4d8-5b60-9b77-de38fe932483,9f7bfd37-85ae-5a17-9b9f-5dafe3ec68ee,90,7
4242f3cc-f82c-522a-b97a-c3f9849f3b0f,da60ffad-f4d8-5b60-9b77-de38fe932483,43d6da55-777b-55ef-8cf5-d4cc7bfa63ad,152,4
eb8948d4-424f-5fd1-bd08-c11f11c31ac6,da60ffad-f4d8-5b60-9b77-de38fe932483,cb09f248-037d-5a0d-9970-99cb102c05d8,139,21
60a31811-d724-5124-95cc-958404c179ef,da60ffad-f4d8-5b60-9b77-de38fe932483,db630ac7-839d-5331-93df-dc621d8357b6,43,22
abda424c-ad6e-5430-b954-3dfce578af3d,da60ffad-f4d8-5b60-9b77-de38fe932483,8b12c834-e054-5502-85aa-99d1eb81eee0,98,22
9649c80d-5bcd-515f-8d0a-9c16428f2dd2,da60ffad-f4d8-5b60-9b77-de38fe932483,12003734-bab7-5410-8c89-f9a8c4967dea,139,12
24990872-a9bb-59e2-b61b-96dce44f64c9,da60ffad-f4d8-5b60-9b77-de38fe932483,2e263bcd-bacc-5f51-b35b-70d1674f4dc5,175,8
3f4a1e36-2b0e-5cc3-96fd-01c6cb1633fe,da60ffad-f4d8-5b60-9b77-de38fe932483,b4b5a0e3-641b-562e-8386-bff3564cf295,73,19
7c600eb1-be82-59ee-b67b-10892d03fd3d,da60ffad-f4d8-5b60-9b77-de38fe932483,cd410e43-ec3c-524b-84c6-84482a7b1204,127,13
1c665626-5e58-5818-b73a-88354c90e897,da60ffad-f4d8-5b60-9b77-de38fe932483,deaf9542-d65c-5f41-b22e-b1d033baea7a,33,23
5af37fa0-6bd2-5407-abd3-bd31dce3ec5d,da60ffad-f4d8-5b60-9b77-de38fe932483,201fb8e4-2c24-5483-b44d-4063694486b2,123,8
80ea58bb-9175-5a85-a01a-171a2b649922,da60ffad-f4d8-5b60-9b77-de38fe932483,13e04507-297b-56af-85d7-75b609d982a1,146,12
3a8f459a-96d5-5bee-9e3b-9c2ba9db04b0,da60ffad-f4d8-5b60-9b77-de38fe932483,f350d57a-8885-50f1-b76a-29f7a8057a35,144,19
59e433be-58cc-5483-a881-060d3ea24153,da60ffad-f4d8-5b60-9b77-de38fe932483,b6edaedb-a02c-5fbc-b05c-2b5d8deb20c4,81,23
a4b23315-fa97-543f-9710-48c87be9b0a7,da60ffad-f4d8-5b60-9b77-de38fe932483,fd5d29e1-571f-589d-be31-aa00127c02aa,141,1
5f868894-d8c2-5b45-8d8e-2a1d6d271822,da60ffad-f4d8-5b60-9b77-de38fe932483,c3e9c7fb-d6ab-5171-a827-7aad6b6d2342,145,21
5bc09a3a-b03f-54b2-bb4f-799833b22b89,da60ffad-f4d8-5b60-9b77-de38fe932483,d3739878-986b-5b5f-a096-4452493d6cbb,158,13
cccfca24-7a3b-5b40-8ee2-9d52bc21c216,da60ffad-f4d8-5b60-9b77-de38fe932483,91bd15e4-105e-5926-abe6-7ceaf8c07375,153,19
4fb518ee-771c-5bbc-aff6-783ea3f03756,da60ffad-f4d8-5b60-9b77-de38fe932483,b5386670-1687-5260-ad33-97e5d697c425,156,14
a9569166-3331-50dd-b256-1ff5e50e4b8b,da60ffad-f4d8-5b60-9b77-de38fe932483,1ac8de35-b264-5704-978e-ce8dc08dd02d,145,21
3b14f77f-df94-52ad-8c73-679114339c5d,da60ffad-f4d8-5b60-9b77-de38fe932483,d6b2e2d8-f41b-5418-ba12-fcffc0aa6508,75,25
8ed53991-3a3d-5fda-9826-01fa091ac664,da60ffad-f4d8-5b60-9b77-de38fe932483,8ac2c18a-5896-572a-9f44-f5d60109258d,114,16
b8992052-7aec-51b0-956f-edf1002a22de,da60ffad-f4d8-5b60-9b77-de38fe932483,e53c7da2-eb34-5499-8fd8-380dd673ea82,28,24
5ff3e1c9-c653-52e1-97d0-03b60ffe3ac9,da60ffad-f4d8-5b60-9b77-de38fe932483,9a2e8c5f-4d3e-5cb8-ba78-f2bd562ee61b,19,10
2d8f8e28-4d2d-52c2-bf97-0e8c54b91a3d,da60ffad-f4d8-5b60-9b77-de38fe932483,aa67b9d9-b4e2-53f3-9447-ca933b53344f,75,22
a3f1f4fe-29c5-5d56-a77b-dd4a189ac2b0,da60ffad-f4d8-5b60-9b77-de38fe932483,d96da70b-0cb5-58c8-928a-aafb2d90b154,104,21
74fe27fc-2d1a-58ee-846e-5497c8eed959,da60ffad-f4d8-5b60-9b77-de38fe932483,8dfa6632-930f-5fdc-b7cd-8d5908a33d66,136,13
d44ed31f-3c51-53a5-abbb-c4fa788b4f80,da60ffad-f4d8-5b60-9b77-de38fe932483,0eb49bc4-406e-5d63-a28c-3e5b6ef668e4,93,0
47425bf3-95fa-5dec-bbbd-8130565119d5,da60ffad-f4d8-5b60-9b77-de38fe932483,1c3b9a21-09fa-5c21-bdad-35f2eb8a273f,56,12
de9a6f9b-34d1-5e2e-9530-a6d5ceb2e0ea,da60ffad-f4d8-5b60-9b77-de38fe932483,75679cf6-5497-5e69-b773-db773bc6a245,179,24
de1cf52b-9c3e-54a6-9c2d-6ed09034cd6c,da60ffad-f4d8-5b60-9b77-de38fe932483,af3fc15f-c662-5a5e-9e9c-3b2d4e1b6029,135,25
c4ad9aa3-adc7-5eca-85b8-bf83e199a455,da60ffad-f4d8-5b60-9b77-de38fe932483,cdea42fb-ee49-5a22-a213-56a8f9fcb148,124,7
ea24f2f5-5ccb-5b67-9425-ace274cfbdb2,da60ffad-f4d8-5b60-9b77-de38fe932483,34baeb4c-81dc-5b29-bc76-0b8fd47cdbed,34,23
fd0789b6-450c-5696-b175-e95104654694,da60ffad-f4d8-5b60-9b77-de38fe932483,c0bff87f-f764-5151-8aec-dda48ea91847,82,7
de95fbef-d401-57ab-bbfb-d7c4d031d623,da60ffad-f4d8-5b60-9b77-de38fe932483,228ccd2f-642c-5fdf-abf0-129af98a3568,87,8
7796b36b-36be-5c88-8182-3fffbeb97c50,da60ffad-f4d8-5b60-9b77-de38fe932483,5d462a8e-32e0-59ad-ae5c-9d66eda72663,76,7
010565c0-82e1-5834-af3d-f07ae3ec1fc4,da60ffad-f4d8-5b60-9b77-de38fe932483,851c23cd-3716-5170-b9ac-0c25ddc7c95c,65,21
7c6598a0-86ea-5c78-a5a7-d69a065942b3,da60ffad-f4d8-5b60-9b77-de38fe932483,f9fe7a6c-9a44-59e2-a4cc-fef69cc2e48e,60,5
6420795d-8ea1-5982-90cb-e594875828e8,da60ffad-f4d8-5b60-9b77-de38fe932483,613ff8f3-9a2b-5f66-8d3e-3e05d5391002,73,11
ee1ec025-417b-5c3d-bcc0-7c7fd949bcfe,da60ffad-f4d8-5b60-9b77-de38fe932483,f218ba8f-81cf-5efd-ad55-5f4ef76110c2,127,25
87cdf5c5-5d2f-54b2-8f0e-d6b8c8023686,da60ffad-f4d8-5b60-9b77-de38fe932483,a042ed60-9218-5159-876b-6c4dd0e5f934,131,6
51c5e454-87c6-557e-a6bc-8fbe53e61ecb,da60ffad-f4d8-5b60-9b77-de38fe932483,952e981c-e5c2-53da-984a-78dc5e3b1ad4,106,24
75e96e78-79ed-5eba-8cb0-9c1e7ce41e89,da60ffad-f4d8-5b60-9b77-de38fe932483,d68351a2-cf36-5984-a091-28a9f5b6bb7e,160,20
87e2312f-91fb-53aa-8ff7-318c1e370ee6,da60ffad-f4d8-5b60-9b77-de38fe932483,e139b0f5-6ca3-5ccb-8610-5a52b4b0eb6c,81,9
3a3dd3e5-c69c-5f11-84b8-102567322646,da60ffad-f4d8-5b60-9b77-de38fe932483,3d307d78-b10f-5539-a951-7bcc9fd17161,27,18
b64edd0c-68a4-5b13-a8fd-f154c336bf45,da60ffad-f4d8-5b60-9b77-de38fe932483,45669348-c1a3-5956-bbf2-d29bd438fbdc,86,17
06fb85bc-6d77-5d3e-bce0-5c09717d26e2,da60ffad-f4d8-5b60-9b77-de38fe932483,673811d5-2f11-5108-8b80-c9dd0dc2adda,114,17
1f49d6b5-5ed3-58a9-a466-37b3b973d0cf,da60ffad-f4d8-5b60-9b77-de38fe932483,e3b2c918-6a66-5db3-87f9-e5c71515f2ab,146,17
f3b46a65-67da-5ede-add3-eb5a2271ef5b,da60ffad-f4d8-5b60-9b77-de38fe932483,241d3cd0-ef2c-56b8-bb75-b039a61b370a,38,23
f9cb092b-869e-5925-8fa2-e7934a734bb0,da60ffad-f4d8-5b60-9b77-de38fe932483,e69a7c0b-6875-5a37-a379-abbc430fb47b,66,20
8f081869-1882-500a-afb5-e15c1857904c,da60ffad-f4d8-5b60-9b77-de38fe932483,7169fcc7-7527-510c-b88d-bdcd257ce105,78,8
267d2c24-d0c5-5a19-add9-b172564fa7cd,da60ffad-f4d8-5b60-9b77-de38fe932483,de536700-41fe-55c3-beb9-bfb9849c872b,121,11
3abf2b67-5905-5dae-aa07-4289783edadc,da60ffad-f4d8-5b60-9b77-de38fe932483,8d892cdc-d358-5f2b-a85b-cbecc7e0a664,130,5
5a1a08cf-da67-555e-be32-78fe1bee6f6c,da60ffad-f4d8-5b60-9b77-de38fe932483,1dd10a82-5cdc-539f-af3f-d3f255171973,162,5
16592e09-8421-58d4-8497-6f90c4a0096f,da60ffad-f4d8-5b60-9b77-de38fe932483,9e165d6f-802f-5694-a25a-20885ba2aa7f,113,14
81026efa-02d4-5b6d-aac2-c2802f2a639d,da60ffad-f4d8-5b60-9b77-de38fe932483,bab29423-27f9-5732-bd8b-a403c95b1a96,152,9
85d6a786-e2a6-566f-91d4-374bf1847aab,da60ffad-f4d8-5b60-9b77-de38fe932483,13ea52a1-6b55-57c7-b84e-acf7fb92f106,49,25
0af25568-86bc-5f0b-9f6a-827ff99460cf,da60ffad-f4d8-5b60-9b77-de38fe932483,559ab41c-d860-5ab1-aaa1-483577af7b67,56,14
a88d163f-990b-5ba9-94d0-ea46c09d40ad,da60ffad-f4d8-5b60-9b77-de38fe932483,ac03c1f7-3948-530e-8de5-80756984ab20,178,23
1af4b9f5-0dac-5157-83f8-473fb7c92798,da60ffad-f4d8-5b60-9b77-de38fe932483,01351cb5-bcf4-52ee-88a1-c6442df67004,139,15
d212a26e-f0d0-5258-8c07-15b80a3fdfc8,da60ffad-f4d8-5b60-9b77-de38fe932483,8d6058a9-d9fb-546e-b841-e6b4a0978311,130,2
e43cc501-b9b9-55e2-a7f5-0c74e0085872,da60ffad-f4d8-5b60-9b77-de38fe932483,617fd070-2fb8-5ff6-8eaa-308844dc97ac,9,0
5caca2d2-893b-58e1-b4e4-4fc9e6892c3a,da60ffad-f4d8-5b60-9b77-de38fe932483,508dfc85-5bf2-5709-b1e3-06ff86d5acb8,71,17
5f05b82c-44e2-578c-b59e-8c1418f116d4,da60ffad-f4d8-5b60-9b77-de38fe932483,80450a39-8a90-55da-adf7-0b6a1b84aeeb,90,4
556f9006-c434-5ea9-bf1c-fbd25c7d8415,da60ffad-f4d8-5b60-9b77-de38fe932483,dee51c26-0113-56c0-a9c6-edbcfc488df1,123,20
e09d5ed0-6417-547a-96b4-fa8e5df19762,6e039cec-5ab4-53d3-adb8-e74b029d685b,1fa2b768-1b9d-5b9c-befa-fac1ccb97563,178,25
07636dc1-9118-5b3c-a1f3-02d0ae8ad3e2,6e039cec-5ab4-53d3-adb8-e74b029d685b,829935ce-9ec7-5afb-a542-873877c9ce31,11,3
49a2d61b-2cfe-5bef-b53b-d1244a040350,6e039cec-5ab4-53d3-adb8-e74b029d685b,0137b3c3-db39-5e56-abf7-8ae43bc349ad,70,12
12d7e63a-7eee-5cc0-9552-9c90067c36ee,6e039cec-5ab4-53d3-adb8-e74b029d685b,9b6b9203-f582-59b6-b64c-309881607c86,33,9
ea201cbc-2eca-52f7-8f3a-3e4dc985cb1d,6e039cec-5ab4-53d3-adb8-e74b029d685b,1657c1e2-1668-5957-a5e5-822140c08707,143,22
415ec0f2-331d-5914-b32e-1010b10fa1a3,6e039cec-5ab4-53d3-adb8-e74b029d685b,1760c2e4-563f-5bac-abcd-baf5317434c8,130,9
ee49c1d7-a8ea-5fc9-a2aa-85eb7d35eebc,6e039cec-5ab4-53d3-adb8-e74b029d685b,e691a6a3-7dd7-5d95-b97e-997e3af77227,33,14
45075809-bbb4-574c-9dff-e083c8149764,6e039cec-5ab4-53d3-adb8-e74b029d685b,f78fc905-81d2-5f52-8c77-1cff3a4b42b7,95,14
7975e3a1-eaef-5063-9d77-30ebfab08653,6e039cec-5ab4-53d3-adb8-e74b029d685b,6469a098-75a3-5b3b-839a-ad075a8e67ad,133,12
484595bf-215f-5291-8568-fbebfc9ef587,6e039cec-5ab4-53d3-adb8-e74b029d685b,86eda21c-1dbc-500a-9201-b7d6b0786cc8,9,3
b15b7d67-1f30-5cd1-99f6-c8324651d59f,6e039cec-5ab4-53d3-adb8-e74b029d685b,39cb20a1-5dca-5b11-90c4-3e96e441ed0c,149,10
f28823d8-ab8e-540c-9e2f-e114570f4aa3,6e039cec-5ab4-53d3-adb8-e74b029d685b,2f2113cc-589a-55b5-846a-78fddce3a3c9,173,12
c9139f11-6fd7-5039-b899-4222eafd20f5,6e039cec-5ab4-53d3-adb8-e74b029d685b,b6464168-fc86-5543-9805-0861ea9c66cc,109,6
4904929c-0cd0-51e0-8583-783d8dd57b6f,6e039cec-5ab4-53d3-adb8-e74b029d685b,c2be7cd9-f7ee-544a-9ceb-7052826da8ce,68,13
ab37efe5-372b-57a3-87a4-bdec3249e4b9,6e039cec-5ab4-53d3-adb8-e74b029d685b,4dbc0e6b-ab10-5b67-a928-f87e1ed2bb9a,80,2
863af97c-5ef1-5e11-bcd1-c82835f7927e,6e039cec-5ab4-53d3-adb8-e74b029d685b,0caef625-914f-5fea-8e59-19b212bfbd46,98,16
6582d97e-0b8a-5118-826c-a66bbf6e9746,6e039cec-5ab4-53d3-adb8-e74b029d685b,d37c44df-541b-5bf4-b395-65b41bac88a8,82,1
08b08e23-249c-5f49-8cd7-42bf219e66ae,6e039cec-5ab4-53d3-adb8-e74b029d685b,88f79184-2cf9-5f72-8e4a-cedfa68d9d06,171,5
fe6f9205-a5c2-57a9-9899-15f8ca7cff32,6e039cec-5ab4-53d3-adb8-e74b029d685b,896e7662-34d0-5631-bb0f-b5ce6b0ad1ba,82,8
43ec05f5-840e-539a-ad64-1b1fff1994f8,6e039cec-5ab4-53d3-adb8-e74b029d685b,5d79cff2-0e77-58a2-b1bf-c506ed3c98bd,117,17
55a282ee-dfed-5f7d-a986-f8cc30df7d08,6e039cec-5ab4-53d3-adb8-e74b029d685b,1cc795b2-21b3-5c5e-84f0-8f1fa20a6dd4,55,22
5bddca00-afa5-53bb-a47a-7895375cc891,6e039cec-5ab4-53d3-adb8-e74b029d685b,d520aef1-b021-5cf0-a1d3-9e7e6d31aab7,173,5
560cbd17-da83-5604-8d5c-0e28cdccc693,6e039cec-5ab4-53d3-adb8-e74b029d685b,db43f9b2-c956-5785-8950-8287c47db3ae,149,14
5a81926a-c9c4-5d52-80ae-24dd9f8a7653,6e039cec-5ab4-53d3-adb8-e74b029d685b,599db343-a607-5259-8af1-adde7b1a86ce,36,11
f1e34a78-8382-5322-913f-c870fee76e2b,6e039cec-5ab4-53d3-adb8-e74b029d685b,3205bb8a-e766-5617-a3d4-78aaa9883bc8,147,0
f78f92ee-0d66-5469-8f3d-6b99e50bbb8c,6e039cec-5ab4-53d3-adb8-e74b029d685b,8a195dd5-491c-532c-9a61-886a24d451c0,133,8
f9d1a8c7-86e3-5564-b5a5-cdd1dce3b968,6e039cec-5ab4-53d3-adb8-e74b029d685b,fb4140fc-b3c1-5a6a-8613-9b068fdd2b39,37,15
9117b6eb-9f8e-586c-b26c-b1e4e9a105b1,6e039cec-5ab4-53d3-adb8-e74b029d685b,31a97c6b-10cf-54c1-b463-f81683a437cc,106,8
d56c4d8f-a096-5032-b6c2-5c7d7838f940,6e039cec-5ab4-53d3-adb8-e74b029d685b,1dd457fd-1d71-5eb5-b684-6f07d43e876c,126,1
464eb965-2755-5324-9342-0d35b059d8a2,6e039cec-5ab4-53d3-adb8-e74b029d685b,eff08d1d-eb3b-559a-8ca9-60c7b365af52,84,24
24d93931-dbea-5298-99b0-6a1f40ba3679,6e039cec-5ab4-53d3-adb8-e74b029d685b,d4214473-2bf7-5b77-bb1f-734e590c4014,132,6
0e91a8fd-5aa1-5907-9777-c8bc58b37422,6e039cec-5ab4-53d3-adb8-e74b029d685b,0f2c8ffe-5a45-5cfc-afbf-417553294a54,108,24
27fd7adf-7b97-5aef-8ba0-6f7661c984ec,6e039cec-5ab4-53d3-adb8-e74b029d685b,b4065918-1c4b-50b6-b69a-d859f24bfe23,98,13
bb4e9885-2a73-5898-9d76-7bc79d1eb316,6e039cec-5ab4-53d3-adb8-e74b029d685b,f65edfe2-43ae-59f6-b37a-f98344e1a998,87,14
97941e0c-c1ce-5fec-9307-7983caa414fe,6e039cec-5ab4-53d3-adb8-e74b029d685b,591abda9-fd16-5958-b0e9-586f0dfa6e54,17,17
41117234-d7d1-5ec3-99e5-ef349af19c9a,6e039cec-5ab4-53d3-adb8-e74b029d685b,9f7bfd37-85ae-5a17-9b9f-5dafe3ec68ee,173,21
3689d7f8-bbcf-5243-a24d-f387c2389a98,6e039cec-5ab4-53d3-adb8-e74b029d685b,43d6da55-777b-55ef-8cf5-d4cc7bfa63ad,90,0
8e192000-a9bf-5286-a452-3afc4feb5f69,6e039cec-5ab4-53d3-adb8-e74b029d685b,cb09f248-037d-5a0d-9970-99cb102c05d8,58,19
f4f54744-27bc-5453-8643-54d31a682efc,6e039cec-5ab4-53d3-adb8-e74b029d685b,db630ac7-839d-5331-93df-dc621d8357b6,56,0
8b5a7f5c-8ef6-5fb2-9509-80f81684c6b3,6e039cec-5ab4-53d3-adb8-e74b029d685b,8b12c834-e054-5502-85aa-99d1eb81eee0,141,4
8ee91748-60cf-5de6-b412-62908ed14d60,6e039cec-5ab4-53d3-adb8-e74b029d685b,12003734-bab7-5410-8c89-f9a8c4967dea,135,1
fbc2df7e-d721-5c59-a410-ea7143483e20,6e039cec-5ab4-53d3-adb8-e74b029d685b,2e263bcd-bacc-5f51-b35b-70d1674f4dc5,147,0
50b279c0-dead-5a6d-850f-071053fa873b,6e039cec-5ab4-53d3-adb8-e74b029d685b,b4b5a0e3-641b-562e-8386-bff3564cf295,97,13
130b127b-162b-511a-9ac1-047036d66692,6e039cec-5ab4-53d3-adb8-e74b029d685b,cd410e43-ec3c-524b-84c6-84482a7b1204,114,19
21eb4b0e-5170-5495-abd7-b17ef3d66928,6e039cec-5ab4-53d3-adb8-e74b029d685b,deaf9542-d65c-5f41-b22e-b1d033baea7a,36,7
d5d6d7ce-23ec-5a7c-b09f-d6abffaf19ac,6e039cec-5ab4-53d3-adb8-e74b029d685b,201fb8e4-2c24-5483-b44d-4063694486b2,32,24
c8348023-d04a-508b-9a12-d2b53951b416,6e039cec-5ab4-53d3-adb8-e74b029d685b,13e04507-297b-56af-85d7-75b609d982a1,66,14
dc74dba8-0463-5531-aabf-1523d8add864,6e039cec-5ab4-53d3-adb8-e74b029d685b,f350d57a-8885-50f1-b76a-29f7a8057a35,60,3
739412a9-2e47-5914-abf4-2ad848420202,6e039cec-5ab4-53d3-adb8-e74b029d685b,b6edaedb-a02c-5fbc-b05c-2b5d8deb20c4,110,5
2d720c0f-1d56-5b88-a5ff-0ac86a580718,6e039cec-5ab4-53d3-adb8-e74b029d685b,fd5d29e1-571f-589d-be31-aa00127c02aa,178,10
64b88ae4-1960-5d6c-bb86-685819a908b2,6e039cec-5ab4-53d3-adb8-e74b029d685b,c3e9c7fb-d6ab-5171-a827-7aad6b6d2342,52,8
3cbcfdf6-d0ed-52b6-a206-ecf99a1a9802,6e039cec-5ab4-53d3-adb8-e74b029d685b,d3739878-986b-5b5f-a096-4452493d6cbb,124,22
eaa39057-c3f7-5c77-8856-cf86bfbd413a,6e039cec-5ab4-53d3-adb8-e74b029d685b,91bd15e4-105e-5926-abe6-7ceaf8c07375,91,7
98869d89-2e67-51aa-a297-aee9d42b607d,6e039cec-5ab4-53d3-adb8-e74b029d685b,b5386670-1687-5260-ad33-97e5d697c425,22,12
418a5fc1-f1b9-5b1c-8a60-68bb059b5887,6e039cec-5ab4-53d3-adb8-e74b029d685b,1ac8de35-b264-5704-978e-ce8dc08dd02d,34,1
dcae00fd-9a45-5c06-99c9-739b032af3bc,6e039cec-5ab4-53d3-adb8-e74b029d685b,d6b2e2d8-f41b-5418-ba12-fcffc0aa6508,134,6
77395183-7c1e-5a42-97e5-42a430574c35,6e039cec-5ab4-53d3-adb8-e74b029d685b,8ac2c18a-5896-572a-9f44-f5d60109258d,159,17
7cbde8e0-39bb-5b23-8c38-b29d6c1a429f,6e039cec-5ab4-53d3-adb8-e74b029d685b,e53c7da2-eb34-5499-8fd8-380dd673ea82,114,18
c9091738-e24a-5315-befb-cac60bea8f82,6e039cec-5ab4-53d3-adb8-e74b029d685b,9a2e8c5f-4d3e-5cb8-ba78-f2bd562ee61b,57,16
542c1506-737f-53c1-8aa7-a4764b53a603,6e039cec-5ab4-53d3-adb8-e74b029d685b,aa67b9d9-b4e2-53f3-9447-ca933b53344f,8,3
ba05acbd-4aac-58da-8b10-18de822cbbb6,6e039cec-5ab4-53d3-adb8-e74b029d685b,d96da70b-0cb5-58c8-928a-aafb2d90b154,50,10
2ac0960d-2c05-56ea-a0b7-89a2467808b2,6e039cec-5ab4-53d3-adb8-e74b029d685b,8dfa6632-930f-5fdc-b7cd-8d5908a33d66,95,6
ac9f94e7-67be-5612-8e23-4308cd2e5076,6e039cec-5ab4-53d3-adb8-e74b029d685b,0eb49bc4-406e-5d63-a28c-3e5b6ef668e4,161,25
3700df02-0fdf-5690-9ee4-a8607d27b205,6e039cec-5ab4-53d3-adb8-e74b029d685b,1c3b9a21-09fa-5c21-bdad-35f2eb8a273f,160,11
86c7c700-6e52-509f-b31a-6dbd478111ca,6e039cec-5ab4-53d3-adb8-e74b029d685b,75679cf6-5497-5e69-b773-db773bc6a245,162,10
0a33c54f-92f1-51ca-81f8-4fd2cfdfcdde,6e039cec-5ab4-53d3-adb8-e74b029d685b,af3fc15f-c662-5a5e-9e9c-3b2d4e1b6029,92,17
5125e508-53f4-51ac-ab88-46b85ce84c05,6e039cec-5ab4-53d3-adb8-e74b029d685b,cdea42fb-ee49-5a22-a213-56a8f9fcb148,63,5
7b49f58c-b152-5862-846e-43d52ec01610,6e039cec-5ab4-53d3-adb8-e74b029d685b,34baeb4c-81dc-5b29-bc76-0b8fd47cdbed,40,22
6eba180a-b3e5-51e4-a5d6-db6c70f318d5,6e039cec-5ab4-53d3-adb8-e74b029d685b,c0bff87f-f764-5151-8aec-dda48ea91847,180,10
2b4d069c-e45a-575d-88f5-c18a80e03bec,6e039cec-5ab4-53d3-adb8-e74b029d685b,228ccd2f-642c-5fdf-abf0-129af98a3568,44,16
0eaacc4a-0128-5b0c-8875-037507e9bded,6e039cec-5ab4-53d3-adb8-e74b029d685b,5d462a8e-32e0-59ad-ae5c-9d66eda72663,175,8
3c1633c2-63cf-5433-b77d-e4c76b7d988d,6e039cec-5ab4-53d3-adb8-e74b029d685b,851c23cd-3716-5170-b9ac-0c25ddc7c95c,162,15
f2f8716b-e0b4-55d6-8424-611f98da0aed,6e039cec-5ab4-53d3-adb8-e74b029d685b,f9fe7a6c-9a44-59e2-a4cc-fef69cc2e48e,117,22
f29204bf-442e-5c1b-b2c0-448c0e43e9a2,6e039cec-5ab4-53d3-adb8-e74b029d685b,613ff8f3-9a2b-5f66-8d3e-3e05d5391002,99,5
609e2aee-fc63-5fb9-b295-3a7223a8e7f4,6e039cec-5ab4-53d3-adb8-e74b029d685b,f218ba8f-81cf-5efd-ad55-5f4ef76110c2,180,5
51de4962-d823-5e58-9194-f2a5eb3ad16a,6e039cec-5ab4-53d3-adb8-e74b029d685b,a042ed60-9218-5159-876b-6c4dd0e5f934,29,20
019bef6a-dc67-514e-9a0d-54b076e98bb5,6e039cec-5ab4-53d3-adb8-e74b029d685b,952e981c-e5c2-53da-984a-78dc5e3b1ad4,30,21
64854cfe-a985-5c43-b5dc-00efd028e075,6e039cec-5ab4-53d3-adb8-e74b029d685b,d68351a2-cf36-5984-a091-28a9f5b6bb7e,39,24
1a9b3a4b-8975-5a33-8502-4599cff1c7a8,6e039cec-5ab4-53d3-adb8-e74b029d685b,e139b0f5-6ca3-5ccb-8610-5a52b4b0eb6c,33,25
506cec22-7af9-5172-ae78-cb5ea0f22b72,6e039cec-5ab4-53d3-adb8-e74b029d685b,3d307d78-b10f-5539-a951-7bcc9fd17161,99,21
2046f9f2-67b3-55cb-ad35-8f858476a925,6e039cec-5ab4-53d3-adb8-e74b029d685b,45669348-c1a3-5956-bbf2-d29bd438fbdc,147,24
8dd04dbd-bad6-5378-bfa8-041ae9c066bc,6e039cec-5ab4-53d3-adb8-e74b029d685b,673811d5-2f11-5108-8b80-c9dd0dc2adda,112,9
559f98f2-53c0-5172-851b-4429ee600932,6e039cec-5ab4-53d3-adb8-e74b029d685b,e3b2c918-6a66-5db3-87f9-e5c71515f2ab,93,12
94be8f23-4053-52df-8e29-d3fe395c4f7e,6e039cec-5ab4-53d3-adb8-e74b029d685b,241d3cd0-ef2c-56b8-bb75-b039a61b370a,76,24
d385d361-dc6a-5faf-8d0e-da2800bce65a,6e039cec-5ab4-53d3-adb8-e74b029d685b,e69a7c0b-6875-5a37-a379-abbc430fb47b,125,3
d4577f09-85a9-5463-ae09-783db6f48f2d,6e039cec-5ab4-53d3-adb8-e74b029d685b,7169fcc7-7527-510c-b88d-bdcd257ce105,150,1
258d3ef2-aeab-59b8-94a5-f0e843ceda62,6e039cec-5ab4-53d3-adb8-e74b029d685b,de536700-41fe-55c3-beb9-bfb9849c872b,14,2
32145904-e333-515b-bafa-3dbf167bcb91,6e039cec-5ab4-53d3-adb8-e74b029d685b,8d892cdc-d358-5f2b-a85b-cbecc7e0a664,108,15
8bcab5ae-5fb1-513d-b25d-66c4a1eaca1b,6e039cec-5ab4-53d3-adb8-e74b029d685b,1dd10a82-5cdc-539f-af3f-d3f255171973,5,2
f92955fe-3b59-5b3c-a674-36fb6b8188ff,6e039cec-5ab4-53d3-adb8-e74b029d685b,9e165d6f-802f-5694-a25a-20885ba2aa7f,124,16
fa47c97e-9e6f-59dc-a959-f24fa45f38c2,6e039cec-5ab4-53d3-adb8-e74b029d685b,bab29423-27f9-5732-bd8b-a403c95b1a96,180,25
83d27f41-6d0a-5190-8e44-d8fc67bc6112,6e039cec-5ab4-53d3-adb8-e74b029d685b,13ea52a1-6b55-57c7-b84e-acf7fb92f106,115,6
5f8c4107-d5c4-5a4b-aa00-565509699394,6e039cec-5ab4-53d3-adb8-e74b029d685b,559ab41c-d860-5ab1-aaa1-483577af7b67,17,17
85a3fb21-2e8c-564b-8e37-e96f5b94e406,6e039cec-5ab4-53d3-adb8-e74b029d685b,ac03c1f7-3948-530e-8de5-80756984ab20,144,0
5bb706c0-64d9-5b27-a66f-1a9ee7cced48,6e039cec-5ab4-53d3-adb8-e74b029d685b,01351cb5-bcf4-52ee-88a1-c6442df67004,149,5
1a38820e-0b08-5bc0-91ed-c36cb181edd8,6e039cec-5ab4-53d3-adb8-e74b029d685b,8d6058a9-d9fb-546e-b841-e6b4a0978311,23,9
3abe628c-910a-5ef7-b3fa-8433340bf960,6e039cec-5ab4-53d3-adb8-e74b029d685b,617fd070-2fb8-5ff6-8eaa-308844dc97ac,104,20
d9ba47bc-5dd8-5344-8ae9-6dbad2fa3e07,6e039cec-5ab4-53d3-adb8-e74b029d685b,508dfc85-5bf2-5709-b1e3-06ff86d5acb8,149,21
7a66f3c7-e1a1-5386-aeb0-78c0bfe77385,6e039cec-5ab4-53d3-adb8-e74b029d685b,80450a39-8a90-55da-adf7-0b6a1b84aeeb,113,17
9e19cab4-fd07-57c4-a2f8-8ca67f36bfc5,6e039cec-5ab4-53d3-adb8-e74b029d685b,dee51c26-0113-56c0-a9c6-edbcfc488df1,151,0
f93ffaff-bdf4-56a4-802c-ab86e198ea61,23f8bdd0-20c2-5f8c-89b8-7599eeca3670,1fa2b768-1b9d-5b9c-befa-fac1ccb97563,104,16
dccae80e-31cb-5a3c-8529-d958f3320654,23f8bdd0-20c2-5f8c-89b8-7599eeca3670,829935ce-9ec7-5afb-a542-873877c9ce31,41,7
46425343-9e37-5989-b590-74aca886f47e,23f8bdd0-20c2-5f8c-89b8-7599eeca3670,0137b3c3-db39-5e56-abf7-8ae43bc349ad,19,2
e848c549-9e0c-5ed2-a11d-e69b771e364a,23f8bdd0-20c2-5f8c-89b8-7599eeca3670,9b6b9203-f582-59b6-b64c-309881607c86,152,1
32e97d30-6fcb-5f12-bdb4-c030e60c0c47,23f8bdd0-20c2-5f8c-89b8-7599eeca3670,1657c1e2-1668-5957-a5e5-822140c08707,148,2
fb57e4ec-6289-5092-a3c1-cec140f6e15a,23f8bdd0-20c2-5f8c-89b8-7599eeca3670,1760c2e4-563f-5bac-abcd-baf5317434c8,114,13
7bf1b1c5-037c-5b6c-8ede-6fff1ebe1b42,23f8bdd0-20c2-5f8c-89b8-7599eeca3670,e691a6a3-7dd7-5d95-b97e-997e3af77227,110,16
37b00db5-9c53-59ce-b126-83ae7c63d378,23f8bdd0-20c2-5f8c-89b8-7599eeca3670,f78fc905-81d2-5f52-8c77-1cff3a4b42b7,155,15
04a8e937-0a5e-54e6-8343-6049c4f9204a,23f8bdd0-20c2-5f8c-89b8-7599eeca3670,6469a098-75a3-5b3b-839a-ad075a8e67ad,113,6
9c8714e8-a992-5720-a030-21464bc5f2ad,23f8bdd0-20c2-5f8c-89b8-7599eeca3670,86eda21c-1dbc-500a-9201-b7d6b0786cc8,53,8
151d77ac-bffe-5e15-94fc-43f7ba91c11c,23f8bdd0-20c2-5f8c-89b8-7599eeca3670,39cb20a1-5dca-5b11-90c4-3e96e441ed0c,88,4
6d3e1f8d-57a4-5314-9c74-a26ce94833ba,23f8bdd0-20c2-5f8c-89b8-7599eeca3670,2f2113cc-589a-55b5-846a-78fddce3a3c9,154,23
3c8fb8b4-e7ca-565c-9cda-ff1af8eb870f,23f8bdd0-20c2-5f8c-89b8-7599eeca3670,b6464168-fc86-5543-9805-0861ea9c66cc,156,0
4aaf4d8d-dbef-58d1-ad6e-e2b88169cedb,23f8bdd0-20c2-5f8c-89b8-7599eeca3670,c2be7cd9-f7ee-544a-9ceb-7052826da8ce,164,7
9e98ab82-7996-593a-aed8-f20b266caf07,23f8bdd0-20c2-5f8c-89b8-7599eeca3670,4dbc0e6b-ab10-5b67-a928-f87e1ed2bb9a,161,11
f7ba815e-1d5d-537c-9ee6-4df968f4be57,23f8bdd0-20c2-5f8c-89b8-7599eeca3670,0caef625-914f-5fea-8e59-19b212bfbd46,136,10
37f5c269-83f3-5149-ad4e-3237cf9f190b,23f8bdd0-20c2-5f8c-89b8-7599eeca3670,d37c44df-541b-5bf4-b395-65b41bac88a8,115,20
e0903817-760a-5bb5-8e79-1e02e9a2a80c,23f8bdd0-20c2-5f8c-89b8-7599eeca3670,88f79184-2cf9-5f72-8e4a-cedfa68d9d06,46,5
32a51a62-b62e-5d0a-a51a-1ce72b011be1,23f8bdd0-20c2-5f8c-89b8-7599eeca3670,896e7662-34d0-5631-bb0f-b5ce6b0ad1ba,33,3
a72b9775-c503-58e3-8df9-d0a4e3d443d8,23f8bdd0-20c2-5f8c-89b8-7599eeca3670,5d79cff2-0e77-58a2-b1bf-c506ed3c98bd,48,5
154b77e4-668a-5fae-a64e-235ba812e39c,23f8bdd0-20c2-5f8c-89b8-7599eeca3670,1cc795b2-21b3-5c5e-84f0-8f1fa20a6dd4,121,17
fe156bdb-57be-5356-853e-a0429d423117,23f8bdd0-20c2-5f8c-89b8-7599eeca3670,d520aef1-b021-5cf0-a1d3-9e7e6d31aab7,152,17
1f5e4d00-f2dc-5a5d-a37a-b710c09afdec,23f8bdd0-20c2-5f8c-89b8-7599eeca3670,db43f9b2-c956-5785-8950-8287c47db3ae,33,23
aba03bce-3b51-5897-9852-ad8f9d69676f,23f8bdd0-20c2-5f8c-89b8-7599eeca3670,599db343-a607-5259-8af1-adde7b1a86ce,68,4
7fe03a5d-f4c1-5b03-8b25-b96388e3f52c,23f8bdd0-20c2-5f8c-89b8-7599eeca3670,3205bb8a-e766-5617-a3d4-78aaa9883bc8,122,1
217d1bab-209e-5d80-b1d8-b68f8d43bb3b,23f8bdd0-20c2-5f8c-89b8-7599eeca3670,8a195dd5-491c-532c-9a61-886a24d451c0,177,17
d3823de5-36c0-5fac-a2ec-32f47aca1338,23f8bdd0-20c2-5f8c-89b8-7599eeca3670,fb4140fc-b3c1-5a6a-8613-9b068fdd2b39,120,2
1d501eb4-0fa5-558a-aef2-ba7f6ce69030,23f8bdd0-20c2-5f8c-89b8-7599eeca3670,31a97c6b-10cf-54c1-b463-f81683a437cc,21,7
88e49fcb-f91c-55b4-bdee-6e442fa6cb77,23f8bdd0-20c2-5f8c-89b8-7599eeca3670,1dd457fd-1d71-5eb5-b684-6f07d43e876c,92,17
ef7fadf5-124d-5f43-a070-b7339222c8dc,23f8bdd0-20c2-5f8c-89b8-7599eeca3670,eff08d1d-eb3b-559a-8ca9-60c7b365af52,143,4
1d0f4599-753f-528e-91bd-9e9d214c8e70,23f8bdd0-20c2-5f8c-89b8-7599eeca3670,d4214473-2bf7-5b77-bb1f-734e590c4014,60,21
6a82d914-d2e1-595f-8396-b7d8b35e1f26,23f8bdd0-20c2-5f8c-89b8-7599eeca3670,0f2c8ffe-5a45-5cfc-afbf-417553294a54,77,3
93da8b5d-50cd-5ea0-9c47-5f95da872ec5,23f8bdd0-20c2-5f8c-89b8-7599eeca3670,b4065918-1c4b-50b6-b69a-d859f24bfe23,79,0
1e762bcf-1035-5cb1-957d-62f382d09013,23f8bdd0-20c2-5f8c-89b8-7599eeca3670,f65edfe2-43ae-59f6-b37a-f98344e1a998,35,6
af0e4bd9-d277-5343-aa45-0c3e26638447,23f8bdd0-20c2-5f8c-89b8-7599eeca3670,591abda9-fd16-5958-b0e9-586f0dfa6e54,121,22
c17e5c13-1aa2-5360-8d9d-5621cba77d97,23f8bdd0-20c2-5f8c-89b8-7599eeca3670,9f7bfd37-85ae-5a17-9b9f-5dafe3ec68ee,46,5
44227c33-a738-58d4-810e-a16c0cc87326,23f8bdd0-20c2-5f8c-89b8-7599eeca3670,43d6da55-777b-55ef-8cf5-d4cc7bfa63ad,17,13
900a6bc9-59df-5931-a90c-67a852f395c7,23f8bdd0-20c2-5f8c-89b8-7599eeca3670,cb09f248-037d-5a0d-9970-99cb102c05d8,75,15
ef1a07b5-30e9-5947-870d-bf974f0191a4,23f8bdd0-20c2-5f8c-89b8-7599eeca3670,db630ac7-839d-5331-93df-dc621d8357b6,6,4
2fb0def9-98cf-5de3-9947-275332aaf5f9,23f8bdd0-20c2-5f8c-89b8-7599eeca3670,8b12c834-e054-5502-85aa-99d1eb81eee0,86,19
93123a48-661d-5843-be57-6499e8b07273,23f8bdd0-20c2-5f8c-89b8-7599eeca3670,12003734-bab7-5410-8c89-f9a8c4967dea,32,21
3a49f2db-a16a-5b77-a5b8-2737f30696e3,23f8bdd0-20c2-5f8c-89b8-7599eeca3670,2e263bcd-bacc-5f51-b35b-70d1674f4dc5,93,23
c93a7644-5d34-5272-b201-e48276109b05,23f8bdd0-20c2-5f8c-89b8-7599eeca3670,b4b5a0e3-641b-562e-8386-bff3564cf295,136,4
631b755e-730a-5154-a8e3-d8f61d82eccc,23f8bdd0-20c2-5f8c-89b8-7599eeca3670,cd410e43-ec3c-524b-84c6-84482a7b1204,121,25
98eb6413-7ac5-53d8-ac36-a8bd7fd9a300,23f8bdd0-20c2-5f8c-89b8-7599eeca3670,deaf9542-d65c-5f41-b22e-b1d033baea7a,53,11
5a28d4ed-0ff6-5d2e-8a5f-53a7a7d7ebcd,23f8bdd0-20c2-5f8c-89b8-7599eeca3670,201fb8e4-2c24-5483-b44d-4063694486b2,105,17
dbffc45b-b2e9-5f34-bfcf-0cac7f97716e,23f8bdd0-20c2-5f8c-89b8-7599eeca3670,13e04507-297b-56af-85d7-75b609d982a1,58,1
4d6094f2-a0e1-5688-8134-ee02460be15b,23f8bdd0-20c2-5f8c-89b8-7599eeca3670,f350d57a-8885-50f1-b76a-29f7a8057a35,53,15
2a14fbd3-07ac-545e-9976-cc23f4495ad2,23f8bdd0-20c2-5f8c-89b8-7599eeca3670,b6edaedb-a02c-5fbc-b05c-2b5d8deb20c4,165,16
d5dee090-b12d-55b5-ae4d-35aa44705a94,23f8bdd0-20c2-5f8c-89b8-7599eeca3670,fd5d29e1-571f-589d-be31-aa00127c02aa,148,25
4f8ba341-26f8-5bd9-a084-1695ec290da9,23f8bdd0-20c2-5f8c-89b8-7599eeca3670,c3e9c7fb-d6ab-5171-a827-7aad6b6d2342,121,17
60af49c4-a626-56d1-9dd3-72ef77850efd,23f8bdd0-20c2-5f8c-89b8-7599eeca3670,d3739878-986b-5b5f-a096-4452493d6cbb,46,23
71413eea-613a-5eca-b172-5068d48422a0,23f8bdd0-20c2-5f8c-89b8-7599eeca3670,91bd15e4-105e-5926-abe6-7ceaf8c07375,146,8
65d5cf92-9cbb-5877-9995-cd81b1f8e8be,23f8bdd0-20c2-5f8c-89b8-7599eeca3670,b5386670-1687-5260-ad33-97e5d697c425,110,22
b51ddbc9-f4ef-54b0-987a-029c8e74f047,23f8bdd0-20c2-5f8c-89b8-7599eeca3670,1ac8de35-b264-5704-978e-ce8dc08dd02d,88,18
83c0f85c-4491-563a-881d-3c2d5a3d05e9,23f8bdd0-20c2-5f8c-89b8-7599eeca3670,d6b2e2d8-f41b-5418-ba12-fcffc0aa6508,148,13
db617c24-afc4-55c7-91e6-fedb699f8aa4,23f8bdd0-20c2-5f8c-89b8-7599eeca3670,8ac2c18a-5896-572a-9f44-f5d60109258d,174,12
49282f82-3a7e-52ab-bf66-4cb8f1eb57bc,23f8bdd0-20c2-5f8c-89b8-7599eeca3670,e53c7da2-eb34-5499-8fd8-380dd673ea82,7,0
4c31d6d3-73bd-5628-92d0-e3df18703f47,23f8bdd0-20c2-5f8c-89b8-7599eeca3670,9a2e8c5f-4d3e-5cb8-ba78-f2bd562ee61b,98,9
480260be-dbb4-51e0-b8a7-02ed0c27ce42,23f8bdd0-20c2-5f8c-89b8-7599eeca3670,aa67b9d9-b4e2-53f3-9447-ca933b53344f,47,1
b3a7ad0b-ce71-58b3-b848-f64be763f1a8,23f8bdd0-20c2-5f8c-89b8-7599eeca3670,d96da70b-0cb5-58c8-928a-aafb2d90b154,118,8
e660987e-da9b-5a3e-8f9c-9891376a7777,23f8bdd0-20c2-5f8c-89b8-7599eeca3670,8dfa6632-930f-5fdc-b7cd-8d5908a33d66,95,10
1c2d45a0-001c-5cdf-a1a6-8aca5b2ce297,23f8bdd0-20c2-5f8c-89b8-7599eeca3670,0eb49bc4-406e-5d63-a28c-3e5b6ef668e4,134,9
ee4c362f-2aed-56f2-910a-129a2c57671e,23f8bdd0-20c2-5f8c-89b8-7599eeca3670,1c3b9a21-09fa-5c21-bdad-35f2eb8a273f,63,11
35b1cbe4-89f1-5fd0-a5f1-6ac76e6b15a9,23f8bdd0-20c2-5f8c-89b8-7599eeca3670,75679cf6-5497-5e69-b773-db773bc6a245,37,23
d33f70e5-1c06-5e53-9343-5d9792e76dbf,23f8bdd0-20c2-5f8c-89b8-7599eeca3670,af3fc15f-c662-5a5e-9e9c-3b2d4e1b6029,7,4
22404495-58e8-5f13-9fa6-5f33e2ab363a,23f8bdd0-20c2-5f8c-89b8-7599eeca3670,cdea42fb-ee49-5a22-a213-56a8f9fcb148,23,16
cdc242ba-fb04-594e-906a-969c1778ae49,23f8bdd0-20c2-5f8c-89b8-7599eeca3670,34baeb4c-81dc-5b29-bc76-0b8fd47cdbed,27,5
de817b7f-1cbf-5a81-8f13-ff0abbf164bb,23f8bdd0-20c2-5f8c-89b8-7599eeca3670,c0bff87f-f764-5151-8aec-dda48ea91847,98,25
3ba1cbe9-4b24-52d7-8f39-c9ed3ea0ab08,23f8bdd0-20c2-5f8c-89b8-7599eeca3670,228ccd2f-642c-5fdf-abf0-129af98a3568,46,4
56a33856-8453-5084-96e0-3c2ebddaaadf,23f8bdd0-20c2-5f8c-89b8-7599eeca3670,5d462a8e-32e0-59ad-ae5c-9d66eda72663,106,20
58e61bee-d23c-5dab-8c5f-b86add549d15,23f8bdd0-20c2-5f8c-89b8-7599eeca3670,851c23cd-3716-5170-b9ac-0c25ddc7c95c,158,5
07b10bea-35e5-54ec-b624-5d8395caf3ec,23f8bdd0-20c2-5f8c-89b8-7599eeca3670,f9fe7a6c-9a44-59e2-a4cc-fef69cc2e48e,111,15
f38bc384-909b-5f56-950a-5ae9a898d718,23f8bdd0-20c2-5f8c-89b8-7599eeca3670,613ff8f3-9a2b-5f66-8d3e-3e05d5391002,66,1
8d3f4bba-a53c-5ab4-aa00-3134e79c8a1d,23f8bdd0-20c2-5f8c-89b8-7599eeca3670,f218ba8f-81cf-5efd-ad55-5f4ef76110c2,105,15
b1efe62b-19f8-5a6f-a821-0b308aeee097,23f8bdd0-20c2-5f8c-89b8-7599eeca3670,a042ed60-9218-5159-876b-6c4dd0e5f934,109,10
57ae3ddb-69fa-5ec2-b052-e3d3e30fe76b,23f8bdd0-20c2-5f8c-89b8-7599eeca3670,952e981c-e5c2-53da-984a-78dc5e3b1ad4,82,17
1a531905-bd77-56b3-80a7-c37e98f51616,23f8bdd0-20c2-5f8c-89b8-7599eeca3670,d68351a2-cf36-5984-a091-28a9f5b6bb7e,61,19
d3cdb785-ed53-5f9b-bd86-ca0023bb50b1,23f8bdd0-20c2-5f8c-89b8-7599eeca3670,e139b0f5-6ca3-5ccb-8610-5a52b4b0eb6c,37,5
dce3bc01-b597-5486-b1b6-d7168bd0622c,23f8bdd0-20c2-5f8c-89b8-7599eeca3670,3d307d78-b10f-5539-a951-7bcc9fd17161,132,0
53a1abd4-072a-5b1c-a321-968c9a2b442c,23f8bdd0-20c2-5f8c-89b8-7599eeca3670,45669348-c1a3-5956-bbf2-d29bd438fbdc,36,11
89b49d10-c2f7-5a82-aee2-74ad27bb5cdf,23f8bdd0-20c2-5f8c-89b8-7599eeca3670,673811d5-2f11-5108-8b80-c9dd0dc2adda,65,16
cbd9a618-9efa-57bc-833c-7e289056f882,23f8bdd0-20c2-5f8c-89b8-7599eeca3670,e3b2c918-6a66-5db3-87f9-e5c71515f2ab,60,8
de9bed6d-64da-5e0f-b77a-4f6bfc6203a9,23f8bdd0-20c2-5f8c-89b8-7599eeca3670,241d3cd0-ef2c-56b8-bb75-b039a61b370a,131,21
0cb7db1c-fe30-5403-ac74-afc1ac3c6c12,23f8bdd0-20c2-5f8c-89b8-7599eeca3670,e69a7c0b-6875-5a37-a379-abbc430fb47b,129,6
8baf457a-fb29-540c-a305-875ec9aaa347,23f8bdd0-20c2-5f8c-89b8-7599eeca3670,7169fcc7-7527-510c-b88d-bdcd257ce105,69,4
af60632a-6c52-565b-9fbc-0179e2c50d93,23f8bdd0-20c2-5f8c-89b8-7599eeca3670,de536700-41fe-55c3-beb9-bfb9849c872b,20,11
c6773940-7ee1-52e8-b337-df850d6a8d68,23f8bdd0-20c2-5f8c-89b8-7599eeca3670,8d892cdc-d358-5f2b-a85b-cbecc7e0a664,155,17
dc159726-3cf8-5ebe-9ac3-ea082276df20,23f8bdd0-20c2-5f8c-89b8-7599eeca3670,1dd10a82-5cdc-539f-af3f-d3f255171973,96,21
d458bde7-687d-5baa-8bb4-41a64249b4a0,23f8bdd0-20c2-5f8c-89b8-7599eeca3670,9e165d6f-802f-5694-a25a-20885ba2aa7f,48,7
5c898426-2016-5bd1-ab6b-1a9463fb2e56,23f8bdd0-20c2-5f8c-89b8-7599eeca3670,bab29423-27f9-5732-bd8b-a403c95b1a96,34,10
354723a8-1992-5ff8-bef7-451fccbb6ecc,23f8bdd0-20c2-5f8c-89b8-7599eeca3670,13ea52a1-6b55-57c7-b84e-acf7fb92f106,107,25
fa363afa-05ab-5cd6-b677-7d1301e91e2b,23f8bdd0-20c2-5f8c-89b8-7599eeca3670,559ab41c-d860-5ab1-aaa1-483577af7b67,85,7
e5c7ba84-2b2b-5e48-88d3-5c133dcc8c86,23f8bdd0-20c2-5f8c-89b8-7599eeca3670,ac03c1f7-3948-530e-8de5-80756984ab20,94,5
15ce5656-aa69-5ec1-b064-ef4beaa835a4,23f8bdd0-20c2-5f8c-89b8-7599eeca3670,01351cb5-bcf4-52ee-88a1-c6442df67004,66,5
29a76de7-1cd4-50b7-a1db-b05f7aa42215,23f8bdd0-20c2-5f8c-89b8-7599eeca3670,8d6058a9-d9fb-546e-b841-e6b4a0978311,70,1
ab2cbe2e-318e-5deb-86f8-38774b5a9a7a,23f8bdd0-20c2-5f8c-89b8-7599eeca3670,617fd070-2fb8-5ff6-8eaa-308844dc97ac,24,22
5625f9c1-6eca-5eca-81dc-a13f0fd2a930,23f8bdd0-20c2-5f8c-89b8-7599eeca3670,508dfc85-5bf2-5709-b1e3-06ff86d5acb8,95,10
d2c65c17-5e88-55e6-9f5d-14b9604c8a9c,23f8bdd0-20c2-5f8c-89b8-7599eeca3670,80450a39-8a90-55da-adf7-0b6a1b84aeeb,167,10
2f9ca5ad-9498-58f3-9c9f-0607ead49217,23f8bdd0-20c2-5f8c-89b8-7599eeca3670,dee51c26-0113-56c0-a9c6-edbcfc488df1,73,4
a52abcce-c4f8-52cf-b627-aec04d2e1120,33b1b47f-62eb-570c-b668-56135b416569,1fa2b768-1b9d-5b9c-befa-fac1ccb97563,165,23
ea865983-4c08-505c-95d8-dc1ef9f9faf6,33b1b47f-62eb-570c-b668-56135b416569,829935ce-9ec7-5afb-a542-873877c9ce31,143,16
9eeb03c7-6067-5074-b21f-2beab709ca8c,33b1b47f-62eb-570c-b668-56135b416569,0137b3c3-db39-5e56-abf7-8ae43bc349ad,104,10
487e39a2-c96d-5a96-a257-afec4395000a,33b1b47f-62eb-570c-b668-56135b416569,9b6b9203-f582-59b6-b64c-309881607c86,25,0
4e7456ca-f3a6-5e87-aca4-10fe6f41e827,33b1b47f-62eb-570c-b668-56135b416569,1657c1e2-1668-5957-a5e5-822140c08707,117,17
7dfbc930-ab6d-55f8-a726-84815b31f4b7,33b1b47f-62eb-570c-b668-56135b416569,1760c2e4-563f-5bac-abcd-baf5317434c8,163,1
1c594da3-44f4-5198-a62c-878c457143c3,33b1b47f-62eb-570c-b668-56135b416569,e691a6a3-7dd7-5d95-b97e-997e3af77227,11,8
7d552e1f-f417-581c-82fe-ea86dfefe37c,33b1b47f-62eb-570c-b668-56135b416569,f78fc905-81d2-5f52-8c77-1cff3a4b42b7,70,24
2393e146-97b0-5cb3-9b35-f4a286d795fc,33b1b47f-62eb-570c-b668-56135b416569,6469a098-75a3-5b3b-839a-ad075a8e67ad,172,23
f019104b-77d1-5bbb-918a-b5a9e1de40d9,33b1b47f-62eb-570c-b668-56135b416569,86eda21c-1dbc-500a-9201-b7d6b0786cc8,143,19
49ba37cd-7b93-5d8a-8d7f-2371b8b7a8ef,33b1b47f-62eb-570c-b668-56135b416569,39cb20a1-5dca-5b11-90c4-3e96e441ed0c,155,14
f929e238-ef5d-5dd5-b923-5184452fdbaf,33b1b47f-62eb-570c-b668-56135b416569,2f2113cc-589a-55b5-846a-78fddce3a3c9,72,3
5064e898-af61-52aa-95ff-d42cd86b19e5,33b1b47f-62eb-570c-b668-56135b416569,b6464168-fc86-5543-9805-0861ea9c66cc,93,21
cf283fc9-96ed-5106-801c-084cadebe411,33b1b47f-62eb-570c-b668-56135b416569,c2be7cd9-f7ee-544a-9ceb-7052826da8ce,26,14
359fc498-083f-5abd-b86c-0d2bc686af6c,33b1b47f-62eb-570c-b668-56135b416569,4dbc0e6b-ab10-5b67-a928-f87e1ed2bb9a,68,13
cd9e4484-1a5b-5715-8f31-42198493a977,33b1b47f-62eb-570c-b668-56135b416569,0caef625-914f-5fea-8e59-19b212bfbd46,175,18
2b789ce3-80ef-5359-ab30-b2f89b0c821d,33b1b47f-62eb-570c-b668-56135b416569,d37c44df-541b-5bf4-b395-65b41bac88a8,154,25
ac272cf7-8921-51c0-80a8-44b7daf756c7,33b1b47f-62eb-570c-b668-56135b416569,88f79184-2cf9-5f72-8e4a-cedfa68d9d06,39,7
0a0bbff5-d2fd-56ba-ab78-bf2009d6d0ae,33b1b47f-62eb-570c-b668-56135b416569,896e7662-34d0-5631-bb0f-b5ce6b0ad1ba,58,12
afba50cb-13d8-562b-ba46-839faf61e4d3,33b1b47f-62eb-570c-b668-56135b416569,5d79cff2-0e77-58a2-b1bf-c506ed3c98bd,9,7
90757c91-c0b5-53bd-8c83-3813e114ea46,33b1b47f-62eb-570c-b668-56135b416569,1cc795b2-21b3-5c5e-84f0-8f1fa20a6dd4,128,23
4bc96db5-3263-5294-bbc5-c11e2a80a875,33b1b47f-62eb-570c-b668-56135b416569,d520aef1-b021-5cf0-a1d3-9e7e6d31aab7,44,0
e9872053-707d-5746-bade-64e434940afb,33b1b47f-62eb-570c-b668-56135b416569,db43f9b2-c956-5785-8950-8287c47db3ae,111,2
7dc4edc1-4c7e-5a07-8e2b-b14d1a3d7c2d,33b1b47f-62eb-570c-b668-56135b416569,599db343-a607-5259-8af1-adde7b1a86ce,44,24
a95dae88-2154-5348-b12b-4131a16e6c6d,33b1b47f-62eb-570c-b668-56135b416569,3205bb8a-e766-5617-a3d4-78aaa9883bc8,24,20
a6d52f3e-9005-5bf4-a999-41cacb481937,33b1b47f-62eb-570c-b668-56135b416569,8a195dd5-491c-532c-9a61-886a24d451c0,78,24
c27b6128-bfbb-5f14-b26a-3a8c56bb45a3,33b1b47f-62eb-570c-b668-56135b416569,fb4140fc-b3c1-5a6a-8613-9b068fdd2b39,167,17
8ba6d05b-5efb-53f3-b250-4b6c745e7c8c,33b1b47f-62eb-570c-b668-56135b416569,31a97c6b-10cf-54c1-b463-f81683a437cc,89,13
be24827c-9b4a-5aed-84e7-cef620cb10d4,33b1b47f-62eb-570c-b668-56135b416569,1dd457fd-1d71-5eb5-b684-6f07d43e876c,115,19
d048c285-5907-56c9-99b4-c4d2bb638db8,33b1b47f-62eb-570c-b668-56135b416569,eff08d1d-eb3b-559a-8ca9-60c7b365af52,6,6
2dc8ae94-259f-52b9-82b7-ba607c3001dc,33b1b47f-62eb-570c-b668-56135b416569,d4214473-2bf7-5b77-bb1f-734e590c4014,121,22
7d922e05-ed5e-55bc-8bab-76745b73974f,33b1b47f-62eb-570c-b668-56135b416569,0f2c8ffe-5a45-5cfc-afbf-417553294a54,36,0
cdbf20c6-f033-51ed-9e08-9f9a05132762,33b1b47f-62eb-570c-b668-56135b416569,b4065918-1c4b-50b6-b69a-d859f24bfe23,126,2
d34a0686-395d-5bbd-9a06-a6c35ba2354d,33b1b47f-62eb-570c-b668-56135b416569,f65edfe2-43ae-59f6-b37a-f98344e1a998,160,24
a07c8342-8e99-5f3f-a003-46457b6e8bcc,33b1b47f-62eb-570c-b668-56135b416569,591abda9-fd16-5958-b0e9-586f0dfa6e54,118,7
b86d8ce4-0b3c-521f-9023-93d2a2d304ce,33b1b47f-62eb-570c-b668-56135b416569,9f7bfd37-85ae-5a17-9b9f-5dafe3ec68ee,104,18
38892aa6-9706-5a6d-96e3-14e7d53b5fd6,33b1b47f-62eb-570c-b668-56135b416569,43d6da55-777b-55ef-8cf5-d4cc7bfa63ad,98,7
7c870995-8906-55d6-b563-304bdd8e5b65,33b1b47f-62eb-570c-b668-56135b416569,cb09f248-037d-5a0d-9970-99cb102c05d8,20,3
4ae1a616-07e9-5a1e-93f0-7568e1dba129,33b1b47f-62eb-570c-b668-56135b416569,db630ac7-839d-5331-93df-dc621d8357b6,103,7
e18f8129-9db7-5d44-b7fe-4a9c037a36d1,33b1b47f-62eb-570c-b668-56135b416569,8b12c834-e054-5502-85aa-99d1eb81eee0,126,11
46eb8b70-7030-5178-a86a-acacaa0ef855,33b1b47f-62eb-570c-b668-56135b416569,12003734-bab7-5410-8c89-f9a8c4967dea,22,6
820977d9-8af3-542e-8e81-46b7e4eccdb5,33b1b47f-62eb-570c-b668-56135b416569,2e263bcd-bacc-5f51-b35b-70d1674f4dc5,87,0
8689b317-bbc6-5e0f-ba54-013baacfa6dd,33b1b47f-62eb-570c-b668-56135b416569,b4b5a0e3-641b-562e-8386-bff3564cf295,58,5
f1b94461-e5a7-5f6c-b7e3-c7c274fdbd90,33b1b47f-62eb-570c-b668-56135b416569,cd410e43-ec3c-524b-84c6-84482a7b1204,149,22
68fcaa46-f66a-5ab4-9024-d7ca283ee48b,33b1b47f-62eb-570c-b668-56135b416569,deaf9542-d65c-5f41-b22e-b1d033baea7a,148,8
111f766c-1cd9-5704-b3c4-4432ef97bf77,33b1b47f-62eb-570c-b668-56135b416569,201fb8e4-2c24-5483-b44d-4063694486b2,170,4
bb07f4b1-aee2-599b-8f45-ef2f1041fe0f,33b1b47f-62eb-570c-b668-56135b416569,13e04507-297b-56af-85d7-75b609d982a1,73,7
2e6cc2ef-3676-5e9d-ab68-da5719e9aeb3,33b1b47f-62eb-570c-b668-56135b416569,f350d57a-8885-50f1-b76a-29f7a8057a35,171,21
aa75a68c-7c72-5556-88cd-eaca5ef65a14,33b1b47f-62eb-570c-b668-56135b416569,b6edaedb-a02c-5fbc-b05c-2b5d8deb20c4,89,3
326720d9-e265-526d-9119-5b6b6867c8d6,33b1b47f-62eb-570c-b668-56135b416569,fd5d29e1-571f-589d-be31-aa00127c02aa,143,9
929c9a35-346a-5ef5-992c-9a874fc2e98e,33b1b47f-62eb-570c-b668-56135b416569,c3e9c7fb-d6ab-5171-a827-7aad6b6d2342,104,16
0cff4706-daf0-5b52-9dd3-0b16d4c89046,33b1b47f-62eb-570c-b668-56135b416569,d3739878-986b-5b5f-a096-4452493d6cbb,50,2
5f7eddbc-e88e-53ad-9404-01e22a715af9,33b1b47f-62eb-570c-b668-56135b416569,91bd15e4-105e-5926-abe6-7ceaf8c07375,6,5
3f4336d2-89bd-5677-97bb-b46b3b45145d,33b1b47f-62eb-570c-b668-56135b416569,b5386670-1687-5260-ad33-97e5d697c425,173,6
b1deaf68-4dee-57a3-a303-694bfc128ea9,33b1b47f-62eb-570c-b668-56135b416569,1ac8de35-b264-5704-978e-ce8dc08dd02d,65,1
5503ba66-d221-5fd1-9f48-6edd49ae3593,33b1b47f-62eb-570c-b668-56135b416569,d6b2e2d8-f41b-5418-ba12-fcffc0aa6508,44,6
9b40e2f8-d6df-5954-9dd3-b9aed923608c,33b1b47f-62eb-570c-b668-56135b416569,8ac2c18a-5896-572a-9f44-f5d60109258d,154,4
e64ab05c-991d-5cae-973f-8542c952adeb,33b1b47f-62eb-570c-b668-56135b416569,e53c7da2-eb34-5499-8fd8-380dd673ea82,53,14
b337c2fd-40b5-5295-b555-181b59970ccb,33b1b47f-62eb-570c-b668-56135b416569,9a2e8c5f-4d3e-5cb8-ba78-f2bd562ee61b,16,11
a4ab3dcc-5546-52e4-9d58-98e3e55bdf52,33b1b47f-62eb-570c-b668-56135b416569,aa67b9d9-b4e2-53f3-9447-ca933b53344f,52,23
ee96be25-b15b-5d80-8ff2-ccfe5bb2d1a9,33b1b47f-62eb-570c-b668-56135b416569,d96da70b-0cb5-58c8-928a-aafb2d90b154,91,9
3757b83a-bc98-5dd6-8be1-44dada885c73,33b1b47f-62eb-570c-b668-56135b416569,8dfa6632-930f-5fdc-b7cd-8d5908a33d66,103,9
f888a025-1d96-55b2-ae04-9cd732089359,33b1b47f-62eb-570c-b668-56135b416569,0eb49bc4-406e-5d63-a28c-3e5b6ef668e4,131,24
2a1f52e7-17d6-5c4f-8dd0-7611d44616e3,33b1b47f-62eb-570c-b668-56135b416569,1c3b9a21-09fa-5c21-bdad-35f2eb8a273f,32,6
9f8f2594-d26d-5a42-b13d-eefee0313a55,33b1b47f-62eb-570c-b668-56135b416569,75679cf6-5497-5e69-b773-db773bc6a245,26,8
ebf0e320-a3ab-5683-a900-7d0c1a987b8c,33b1b47f-62eb-570c-b668-56135b416569,af3fc15f-c662-5a5e-9e9c-3b2d4e1b6029,103,11
773eeaeb-66d4-5013-b9a6-2f4419295c00,33b1b47f-62eb-570c-b668-56135b416569,cdea42fb-ee49-5a22-a213-56a8f9fcb148,122,23
aaa923d4-1bf3-5e1d-a9ff-fc888e4dca23,33b1b47f-62eb-570c-b668-56135b416569,34baeb4c-81dc-5b29-bc76-0b8fd47cdbed,126,24
e2b1cd14-ffeb-586d-ad36-e78bb388e053,33b1b47f-62eb-570c-b668-56135b416569,c0bff87f-f764-5151-8aec-dda48ea91847,126,1
31873206-0341-540b-9895-0fd3bf7178d5,33b1b47f-62eb-570c-b668-56135b416569,228ccd2f-642c-5fdf-abf0-129af98a3568,65,17
71f58689-ee34-5339-841a-1936dc4f7b00,33b1b47f-62eb-570c-b668-56135b416569,5d462a8e-32e0-59ad-ae5c-9d66eda72663,34,18
5ba818d9-b320-5f8e-84cf-974cf62a1382,33b1b47f-62eb-570c-b668-56135b416569,851c23cd-3716-5170-b9ac-0c25ddc7c95c,150,10
42baf8aa-2930-5dcf-a68d-4c505911674f,33b1b47f-62eb-570c-b668-56135b416569,f9fe7a6c-9a44-59e2-a4cc-fef69cc2e48e,93,14
ef6a128d-0577-561f-81d4-4cc2a2fd28e3,33b1b47f-62eb-570c-b668-56135b416569,613ff8f3-9a2b-5f66-8d3e-3e05d5391002,116,18
98d7cc96-20fe-5d50-a7df-004e53879021,33b1b47f-62eb-570c-b668-56135b416569,f218ba8f-81cf-5efd-ad55-5f4ef76110c2,61,8
260327d6-09c8-50c6-b4b5-a0d6b11e58a3,33b1b47f-62eb-570c-b668-56135b416569,a042ed60-9218-5159-876b-6c4dd0e5f934,123,25
5d76b5a2-08c0-53a3-89fc-3edb62a63a5c,33b1b47f-62eb-570c-b668-56135b416569,952e981c-e5c2-53da-984a-78dc5e3b1ad4,48,11
e3d0f225-8511-5e75-a928-dbe3937a51be,33b1b47f-62eb-570c-b668-56135b416569,d68351a2-cf36-5984-a091-28a9f5b6bb7e,30,10
6f0d547c-d19d-5f42-b2b6-390c1d347ceb,33b1b47f-62eb-570c-b668-56135b416569,e139b0f5-6ca3-5ccb-8610-5a52b4b0eb6c,168,15
884c2db1-25ab-5d32-b5f3-cfdcc8466a93,33b1b47f-62eb-570c-b668-56135b416569,3d307d78-b10f-5539-a951-7bcc9fd17161,5,1
01fee82d-2eb8-55d6-8d1e-0f6c3adbe89a,33b1b47f-62eb-570c-b668-56135b416569,45669348-c1a3-5956-bbf2-d29bd438fbdc,107,0
c11f7861-2551-551c-b05e-736844981775,33b1b47f-62eb-570c-b668-56135b416569,673811d5-2f11-5108-8b80-c9dd0dc2adda,149,8
22a37854-8b2f-58d1-9a9d-585470bfc0aa,33b1b47f-62eb-570c-b668-56135b416569,e3b2c918-6a66-5db3-87f9-e5c71515f2ab,109,20
ccc62a0f-f888-50af-8152-3de4a4b52045,33b1b47f-62eb-570c-b668-56135b416569,241d3cd0-ef2c-56b8-bb75-b039a61b370a,108,12
4e7aceac-b3d4-5976-b943-fbb620f00d57,33b1b47f-62eb-570c-b668-56135b416569,e69a7c0b-6875-5a37-a379-abbc430fb47b,72,2
89d91062-1181-57e4-b539-8ca9e603cb27,33b1b47f-62eb-570c-b668-56135b416569,7169fcc7-7527-510c-b88d-bdcd257ce105,107,15
7dd06836-4cb9-5d10-bc4c-ba7f62b3fe1b,33b1b47f-62eb-570c-b668-56135b416569,de536700-41fe-55c3-beb9-bfb9849c872b,51,22
281f93f6-3f10-512e-81b6-78ce27d7dbdd,33b1b47f-62eb-570c-b668-56135b416569,8d892cdc-d358-5f2b-a85b-cbecc7e0a664,77,13
e4ca638b-fbde-5940-a935-a484a4dafdc8,33b1b47f-62eb-570c-b668-56135b416569,1dd10a82-5cdc-539f-af3f-d3f255171973,78,10
536d6c8d-ad2b-509a-be84-63fe4180692e,33b1b47f-62eb-570c-b668-56135b416569,9e165d6f-802f-5694-a25a-20885ba2aa7f,81,15
f363e841-3f24-5afa-a356-08523084f158,33b1b47f-62eb-570c-b668-56135b416569,bab29423-27f9-5732-bd8b-a403c95b1a96,146,14
8f9da57a-161c-50c3-9c0f-7f4ea7408bcc,33b1b47f-62eb-570c-b668-56135b416569,13ea52a1-6b55-57c7-b84e-acf7fb92f106,52,11
0cc749f7-61d5-507f-aaaf-c07af8d9bc80,33b1b47f-62eb-570c-b668-56135b416569,559ab41c-d860-5ab1-aaa1-483577af7b67,146,23
ef6d4081-e9ce-5428-b2d7-bbbfc2fa9b63,33b1b47f-62eb-570c-b668-56135b416569,ac03c1f7-3948-530e-8de5-80756984ab20,151,15
62995c25-863d-58a4-825f-e0dbb0f9b9ff,33b1b47f-62eb-570c-b668-56135b416569,01351cb5-bcf4-52ee-88a1-c6442df67004,116,10
dbba1a1b-5e61-5ab6-9e9c-1a2f7337e800,33b1b47f-62eb-570c-b668-56135b416569,8d6058a9-d9fb-546e-b841-e6b4a0978311,54,7
98d1ebe1-3b2a-5c6f-8f93-b41c2ef46208,33b1b47f-62eb-570c-b668-56135b416569,617fd070-2fb8-5ff6-8eaa-308844dc97ac,96,5
de710c42-e5c0-5e6a-a3cf-3e6b6c52e421,33b1b47f-62eb-570c-b668-56135b416569,508dfc85-5bf2-5709-b1e3-06ff86d5acb8,64,12
ec29928e-9146-598f-88ec-cd261bc96429,33b1b47f-62eb-570c-b668-56135b416569,80450a39-8a90-55da-adf7-0b6a1b84aeeb,28,22
e13b9d5f-5d55-5f17-b178-a428d3ad6229,33b1b47f-62eb-570c-b668-56135b416569,dee51c26-0113-56c0-a9c6-edbcfc488df1,74,23
