id,order_number,customer_id,sales_rep_id,order_date,status,currency
6cc139ed-2f56-526c-b071-e773430852d0,SO-20250807-00001,8baf19c7-db64-5221-93e0-52e621bdd5a6,e8de5e72-dfef-5439-a069-3da83d10c24b,2025-08-07,completed,USD
20b760f7-eaa9-55b7-baa1-21e50701940b,SO-20250807-00002,f1dea065-29d1-559a-8ab4-891657df2249,e95eb441-8390-5f2a-8300-5c0129b7d7a2,2025-08-07,completed,USD
a05611cb-72e4-5a7a-9bcc-e3f90fa64b24,SO-20250807-00003,1472294e-a186-5245-9afc-ccaad7893a3e,5935a2ab-e820-55bf-a36c-ef0ae035c00e,2025-08-07,completed,USD
38ba5f81-50e4-5d09-94fd-78a622e26f57,SO-20250808-00004,f2604e64-ceef-58d5-8f2a-17a0c5d81c44,ea94a58b-c854-5627-b53a-80296dac8550,2025-08-08,completed,USD
06f34f38-83ba-58f0-9801-5f33b6ae4e0c,SO-20250808-00005,7a7a6781-a43d-5a44-b8c3-ed9a9393e01d,720c7389-880e-5928-a765-7ad18e1dd3c3,2025-08-08,completed,USD
b3255965-6408-50e6-832f-356db88d64b4,SO-20250808-00006,b703766e-29da-5a0c-ab16-d0b8918643f5,8b8ac295-ff38-552a-a208-339acee0cbf8,2025-08-08,completed,USD
058d3d09-8eeb-5de5-b60d-bb21fead5bf0,SO-20250808-00007,3d33b250-ec74-5d47-92d7-57a58e7093aa,86d3dca2-5152-5ad7-ae43-709e43ab3982,2025-08-08,completed,USD
0f53093f-1c1a-54ff-bdc4-baed2160cbfa,SO-20250808-00008,a76466ab-21e2-5a4b-adb9-b0697c29e49b,d01beb24-6f80-5c71-a71d-d3854411ab72,2025-08-08,completed,USD
d43fb360-7033-5ab1-8a2e-5505cac4b7d8,SO-20250808-00009,aa9cc48e-5859-5893-a5cd-6087a97d33a6,118ee768-2257-5fc9-80c7-fc0361eca54b,2025-08-08,completed,USD
c2747a68-2a11-55a7-8d46-a008d4725df6,SO-20250809-00010,2cbc0a20-b6e1-5bfa-aacc-ddf987a5613a,d1d43115-96f8-53a1-bad2-7d9446d8e118,2025-08-09,completed,USD
411528e3-1cbc-56d8-babe-41588197b7e6,SO-20250810-00011,8baf19c7-db64-5221-93e0-52e621bdd5a6,008aa683-c142-586d-8cba-7423f86323a7,2025-08-10,completed,USD
facd015b-577a-5fb9-8c81-6c047a55a60f,SO-20250811-00012,a76466ab-21e2-5a4b-adb9-b0697c29e49b,1db4a92b-a015-5bef-b875-c0931951c17a,2025-08-11,shipped,USD
f54ac4da-c527-5ebb-98d4-a8347fe7d31e,SO-20250811-00013,81af2ab0-055e-50df-83a2-49b78ffd7097,5935a2ab-e820-55bf-a36c-ef0ae035c00e,2025-08-11,completed,USD
0ec37c07-5e83-51d7-8d2c-cb86794957ed,SO-20250811-00014,a0f41799-d018-5980-95cb-9d8f5c11ead0,00b1eaa3-aff6-52f5-8539-ac4cb785322a,2025-08-11,completed,USD
4b93bc4c-1342-579b-b857-3e84676d9a11,SO-20250811-00015,983d05f9-03e8-5e36-b2ac-6f84e0fad364,113cd4ad-991e-5b3e-884a-1e169847c916,2025-08-11,completed,USD
033d3c9e-b880-5cb9-b7ca-abe7958e5bd6,SO-20250811-00016,1594960b-82de-5ed2-b182-c91999a8afac,00b1eaa3-aff6-52f5-8539-ac4cb785322a,2025-08-11,completed,USD
76d7da21-a33b-54da-8f9c-6ffe8b0ff87a,SO-20250811-00017,72e2b61c-b634-5e79-8565-069a598af025,113cd4ad-991e-5b3e-884a-1e169847c916,2025-08-11,completed,USD
2276dde0-2b54-5bdd-b8d6-812f31a9c918,SO-20250811-00018,52d6db95-2df5-508d-a394-02136262050d,37859317-2dbb-5c62-97d3-49217bdf045c,2025-08-11,completed,USD
37b99369-7955-5f5b-b7f2-c06883adf57e,SO-20250812-00019,1976b3dd-ea06-5684-a4c4-396fd7a0acae,37859317-2dbb-5c62-97d3-49217bdf045c,2025-08-12,completed,USD
f524e97e-93ab-57fd-9348-f744dfa07b47,SO-20250812-00020,71759505-eb52-563b-968f-e39ae3da4478,f1511ed8-40f6-544e-a21d-9ab52d3f1a34,2025-08-12,processing,USD
29a34a65-19d3-5eac-8d69-a20643c55de0,SO-20250812-00021,24fa888d-84ed-513a-9ee9-a92f4f6ade86,e5a340fe-9b66-5cfe-809c-fab320a511e2,2025-08-12,shipped,USD
4a25cfd6-35e8-5b47-ac05-a6bd62de33d5,SO-20250812-00022,4bd863dc-24bc-586d-aca7-7ca6c200c922,0122cfd5-2a20-5508-ad03-779342281d57,2025-08-12,completed,USD
8af93781-20cc-59e4-97d5-eb33077e0900,SO-20250812-00023,37abbf5e-03da-5827-a286-803358b02c78,d01beb24-6f80-5c71-a71d-d3854411ab72,2025-08-12,completed,USD
48ab66ba-14bd-57df-a1a2-8c981dbf55c0,SO-20250812-00024,dc28ddad-a1b2-5fb6-8f6b-159e35a70ab1,05970209-0410-562d-a0ac-22a01e4f9690,2025-08-12,completed,USD
c917e900-9271-584c-bc7d-95f11f94de17,SO-20250812-00025,01ff9cad-dfbc-5aa4-b0cb-9146d48f095b,d6c5842b-b70d-5897-8b57-947e5ff2f3a3,2025-08-12,completed,USD
23782f0c-17e2-5d1d-9046-b770e1818e1e,SO-20250812-00026,c871b9d2-5aba-572d-af22-8b861bacda77,d6c5842b-b70d-5897-8b57-947e5ff2f3a3,2025-08-12,shipped,USD
f72b6248-aa9d-507c-9921-bc02429bc0b2,SO-20250813-00027,9c5ba231-ce4c-5e72-9ae8-025ae5a06908,1e61b996-144a-5c9f-9271-3bcf378e3ae1,2025-08-13,completed,USD
2c1397fa-e7af-53e6-a8b9-1cc006b6f82f,SO-20250813-00028,2fcb06ab-8744-5be2-97af-1d16fe182b02,b43c8f02-1dcb-5f9d-af05-30c6c2153bd3,2025-08-13,completed,USD
795e01a0-2435-53b2-a54e-2cb9afc226ec,SO-20250813-00029,47b2113d-3249-5ba8-83c1-9c45202481e7,e8de5e72-dfef-5439-a069-3da83d10c24b,2025-08-13,completed,USD
8c883a44-74ba-5605-b6fd-fdedee79f93c,SO-20250814-00030,ba75f812-6df0-51cd-974c-2c3e45c78227,f7b726d6-d8b2-53bd-977c-4a572be5deb2,2025-08-14,processing,USD
24493de8-fb78-5efa-968d-01b5f8237843,SO-20250814-00031,21ff8f4b-f607-5666-b239-f86c0ef4a0a9,f7b726d6-d8b2-53bd-977c-4a572be5deb2,2025-08-14,completed,USD
5cc13774-28ae-5ee8-bcba-6f9558bc00c4,SO-20250814-00032,d9db03df-2d6b-54b9-a7f4-723fe446ffa4,651eacb8-633a-519f-84a8-bdc47df160f3,2025-08-14,shipped,USD
b49188eb-3e15-54f3-b763-ced8d08a8e69,SO-20250814-00033,299dee56-6ce6-5e19-82f2-22a504a2ef83,d6c5842b-b70d-5897-8b57-947e5ff2f3a3,2025-08-14,shipped,USD
3327880e-9527-5262-88a9-5eb62c7ee982,SO-20250814-00034,e483cfea-9d2d-52b7-92b3-54c40b036175,1a8cb147-1585-587f-932d-d9ea83a26048,2025-08-14,completed,USD
b1ba2623-c224-54d4-9f7e-d3621645c0d8,SO-20250815-00035,f8c7eff7-a4df-5068-a000-f19c3841a85b,dcf4314c-e3bf-59be-b647-4c36396750b1,2025-08-15,completed,USD
b0328090-67b6-5443-a2ac-7c2d35151cb6,SO-20250815-00036,3477d02c-6fdf-5d7c-8357-b54812dd8855,49ea2856-023c-5ffd-b3bf-82960190c959,2025-08-15,completed,USD
2c7762cf-b7cc-5a43-8761-12632994660e,SO-20250815-00037,fdd1bf33-4026-5da5-8c98-a828d9ec7319,d01beb24-6f80-5c71-a71d-d3854411ab72,2025-08-15,completed,USD
0ee06f0e-7d3c-56d8-9b90-905aec1f78d7,SO-20250815-00038,a85bd626-8a28-5fe3-8033-401cc6ee790e,49ea2856-023c-5ffd-b3bf-82960190c959,2025-08-15,completed,USD
b2d05d73-125d-57b2-964e-04e99d3ab174,SO-20250815-00039,da6b5bde-41d2-57db-9bb6-3906939e5897,91ded739-a072-5e06-95f0-c2fec8339a2a,2025-08-15,processing,USD
c3049a67-df02-5aab-9904-7a324055ad80,SO-20250816-00040,ef09a97a-4bba-5f6b-96ff-4ebf88d8d5d2,dcf4314c-e3bf-59be-b647-4c36396750b1,2025-08-16,completed,USD
4cbd2e29-a5cd-5c7c-81d9-176a46e57c0a,SO-20250816-00041,a89d640d-e9fc-5076-a3d2-383e3593fefc,008aa683-c142-586d-8cba-7423f86323a7,2025-08-16,completed,USD
a417ecd5-d1a4-556f-9c15-d5a8fa746bc6,SO-20250817-00042,f35c94b5-66ed-5ba9-9a85-f01472c4c269,dc883f2f-eb02-53a1-90cb-467dbf6ff455,2025-08-17,completed,USD
756613d1-edf5-5f40-a30c-2d4eed0bd90f,SO-20250817-00043,0f77fa23-6a98-5f4c-a249-8a889a41687d,1a8cb147-1585-587f-932d-d9ea83a26048,2025-08-17,completed,USD
548c4f18-b4a3-5270-9ee6-8550989e3585,SO-20250818-00044,51172e6f-d077-58a4-8184-b9b56e540b8c,45c84ee9-d61c-56ff-858b-dd3a68c51c93,2025-08-18,completed,USD
122be80b-c1ba-52a9-a3b8-d3eb52768f19,SO-20250818-00045,e483cfea-9d2d-52b7-92b3-54c40b036175,0122cfd5-2a20-5508-ad03-779342281d57,2025-08-18,completed,USD
634a1bb7-cc66-5a51-85bd-8302cdaa5a17,SO-20250818-00046,7e4272d4-f864-5687-b0cf-72e011a55fc2,e3c6ee5c-58a8-51f8-af29-bd2c65cb59c7,2025-08-18,completed,USD
25c97d57-ef59-5bb8-ac04-e2e0d08539ef,SO-20250818-00047,5f078f90-2d6f-5cd4-baf1-e221a1ccd6b0,f7b726d6-d8b2-53bd-977c-4a572be5deb2,2025-08-18,shipped,USD
bcd20b45-28c5-5066-877a-892d34876f4d,SO-20250818-00048,7130589f-8f9f-5b9b-bdd0-ddfc15e09956,e3c6ee5c-58a8-51f8-af29-bd2c65cb59c7,2025-08-18,completed,USD
0baf2914-d64d-5b04-946b-f21640ff83e9,SO-20250818-00049,4edd4353-ea41-5f28-a532-c57780412c41,8b8ac295-ff38-552a-a208-339acee0cbf8,2025-08-18,processing,USD
e228ac06-7ddc-5ed1-83f8-5b77f08c845c,SO-20250818-00050,1191f25c-c545-5e25-8e7a-b2817afc5cf0,d6c5842b-b70d-5897-8b57-947e5ff2f3a3,2025-08-18,completed,USD
da5764d2-979c-5a4f-90d6-7157b7d27c04,SO-20250818-00051,781869ae-9d51-528d-8d7b-21897d2236d8,dcf4314c-e3bf-59be-b647-4c36396750b1,2025-08-18,completed,USD
7827c302-1418-53e4-81ec-e1828b177ec1,SO-20250819-00052,62a26102-6613-5975-b5a6-f361a51ef984,29f89627-9934-5916-acef-ed156172909d,2025-08-19,completed,USD
7c6d084a-2ed9-5298-ab1a-74dcaab85c12,SO-20250819-00053,387db0fb-71df-5889-b6b4-cc6802693cba,3a4f62a5-f7a0-56c0-bb79-7d8de38aa58f,2025-08-19,shipped,USD
d7e064ea-cfdc-56a6-a7cc-b4a5402d0922,SO-20250819-00054,6aea5a07-6ece-51ab-b807-9b678bb5b1d1,86d3dca2-5152-5ad7-ae43-709e43ab3982,2025-08-19,completed,USD
e33970db-fbdc-579f-bfd1-73f0b0e51c79,SO-20250819-00055,5edca693-c9ea-5312-9c2a-a4730fbe5c81,e8de5e72-dfef-5439-a069-3da83d10c24b,2025-08-19,completed,USD
b96aefbb-14da-5b40-bd79-4110cc48e0fa,SO-20250819-00056,9de31ba8-d50d-5ca8-be6f-99ca504274bd,651eacb8-633a-519f-84a8-bdc47df160f3,2025-08-19,completed,USD
73648bba-3441-5550-b5d3-988fa494f107,SO-20250819-00057,0c8950ed-4171-5694-8ff0-3a4425ff5fa6,e3c6ee5c-58a8-51f8-af29-bd2c65cb59c7,2025-08-19,completed,USD
a71f370c-e4f9-544a-b2df-afa77c4fa337,SO-20250819-00058,1afc74f0-729e-53a4-89fa-30228c710657,05970209-0410-562d-a0ac-22a01e4f9690,2025-08-19,shipped,USD
00eb48b2-58ff-5f70-8757-aa6f6792a151,SO-20250820-00059,7e50da50-b5fb-52e0-832e-32137912d98f,3f24970e-8ea4-57ed-8660-e26444c13e5d,2025-08-20,completed,USD
8c83f202-bbfa-5bc7-9ebb-f47181364dde,SO-20250820-00060,cc917d1b-2ad4-5f02-a1bb-f34d02c724d8,080af047-634c-5a70-8a42-a7a196cc9cce,2025-08-20,completed,USD
7a223668-ede9-5a08-addc-dea3b2781737,SO-20250820-00061,dd8ace5e-df6a-5b8f-9041-eaea07c89500,60616d64-bde6-5323-8231-8cacb3eaa96d,2025-08-20,completed,USD
22a32a25-6a1e-5172-8ad6-4af7c80398c7,SO-20250820-00062,82bdf2c6-fb02-526a-b9f4-ce7bbbbfc3d1,f07cf853-c39a-5a4a-ba49-9c85935326bc,2025-08-20,completed,USD
c515461f-6211-5454-940a-8f7294bd5d35,SO-20250820-00063,b82dd2d7-8bb8-539a-9e55-e96f4385a6d1,49ea2856-023c-5ffd-b3bf-82960190c959,2025-08-20,completed,USD
e930853d-5acb-5725-a0a7-fa0ca9b820b9,SO-20250820-00064,2748db13-6911-5fba-bff3-ee3fc2feb585,c33f2117-7695-5b57-b98a-567287832ce1,2025-08-20,completed,USD
4b9caa8d-40a2-55ae-9415-551cb632c9c6,SO-20250820-00065,030d6a9b-4f25-5c78-aaee-abe5875bec1f,d6c5842b-b70d-5897-8b57-947e5ff2f3a3,2025-08-20,completed,USD
4f3617d3-1ae7-5155-abb2-078ba7d66cd3,SO-20250821-00066,15d106c1-93f3-5d77-97d8-5bcc9e3ca025,d6c5842b-b70d-5897-8b57-947e5ff2f3a3,2025-08-21,shipped,USD
6c8c674c-ed9b-525b-9ded-3fcd20a2ff11,SO-20250821-00067,fdd1bf33-4026-5da5-8c98-a828d9ec7319,e5a340fe-9b66-5cfe-809c-fab320a511e2,2025-08-21,completed,USD
c611a6fa-68f5-5044-8a74-4d04ad09d76c,SO-20250821-00068,aa8c63c8-d686-52ed-9d78-13d55844bf50,c33f2117-7695-5b57-b98a-567287832ce1,2025-08-21,completed,USD
25e5ca41-591f-5584-ac0d-d06fad62a5fa,SO-20250821-00069,330fc81d-4b93-5eee-a4c6-c7a662017c96,118ee768-2257-5fc9-80c7-fc0361eca54b,2025-08-21,processing,USD
681194c3-7595-5dc4-8778-ea725ccf1f39,SO-20250821-00070,553c1b99-7077-5bc3-b1fe-ff6ea738e56c,1db4a92b-a015-5bef-b875-c0931951c17a,2025-08-21,completed,USD
2371b467-606e-5796-9bb0-dbbf4547d725,SO-20250821-00071,8edd1228-3a2b-545d-a363-a0240edd721e,080af047-634c-5a70-8a42-a7a196cc9cce,2025-08-21,cancelled,USD
3668d87a-6011-5902-8dbc-5a017b08bb22,SO-20250822-00072,b33caefb-e0d0-53cf-bfee-efb8c0f6f5a8,45c84ee9-d61c-56ff-858b-dd3a68c51c93,2025-08-22,completed,USD
fe65b97f-8df9-58ee-9fba-1af243d45c79,SO-20250822-00073,14f6fed9-a5d8-5823-b536-a8a8bba662bf,00b1eaa3-aff6-52f5-8539-ac4cb785322a,2025-08-22,completed,USD
4bf4e6b5-c40f-58e0-b463-99144e7025e5,SO-20250822-00074,069ee107-ef39-5b56-8a25-9bd98963b8c1,e95eb441-8390-5f2a-8300-5c0129b7d7a2,2025-08-22,completed,USD
b369700d-a490-5789-b2c1-606dcda13da5,SO-20250822-00075,3923c549-808a-5dc6-8250-8df33e5e339d,e35ba822-27e1-5a54-9b0a-89a1cde4c322,2025-08-22,shipped,USD
aab3b844-3ad9-5149-be19-290810f59593,SO-20250823-00076,e366214c-6aa6-5aee-8dc2-20932cc4fea2,c99464d9-22c8-5917-b9c1-871ca488eabc,2025-08-23,cancelled,USD
e2a064e0-5053-5ffe-942a-a3adba0e9f56,SO-20250824-00077,f01eb0d3-1237-5eb2-9493-3a08abd1d822,f07cf853-c39a-5a4a-ba49-9c85935326bc,2025-08-24,completed,USD
f9c8f5a8-4c4e-5f40-8505-053a8c6b2d00,SO-20250824-00078,270a3d7f-e92d-57ce-ad4d-911a873f0506,118ee768-2257-5fc9-80c7-fc0361eca54b,2025-08-24,completed,USD
26e9264e-64d0-5cf4-817f-e7053ce852d8,SO-20250825-00079,a6f70166-edcc-569f-adb2-32e1010cdc1e,0122cfd5-2a20-5508-ad03-779342281d57,2025-08-25,completed,USD
20947a2c-1062-5b0a-80e5-1ca68768f937,SO-20250825-00080,7cd8f59a-b1f3-5d2e-8caf-bf094111530c,c99464d9-22c8-5917-b9c1-871ca488eabc,2025-08-25,completed,USD
b8fb8ccc-36de-5d37-a535-4d508d986fc4,SO-20250825-00081,7a7a6781-a43d-5a44-b8c3-ed9a9393e01d,49ea2856-023c-5ffd-b3bf-82960190c959,2025-08-25,completed,USD
2b3bcb60-6f22-5322-8806-d8e5e284f62b,SO-20250825-00082,9a47fbec-2eb1-5aa9-978a-b7ecfe7e3013,00b1eaa3-aff6-52f5-8539-ac4cb785322a,2025-08-25,completed,USD
3ac743a8-4117-5187-b854-62c05ae3ecc3,SO-20250825-00083,82d3547e-402b-58f3-8568-daab678823eb,1db4a92b-a015-5bef-b875-c0931951c17a,2025-08-25,processing,USD
0d9d5e49-4b79-513a-8761-ef94a5936efc,SO-20250825-00084,e34220b6-615a-5201-8434-eddf14b32a02,86d3dca2-5152-5ad7-ae43-709e43ab3982,2025-08-25,processing,USD
96092c6b-0225-5a00-a4c8-185cffbc4c20,SO-20250825-00085,62bdc722-1c50-5dca-97ba-fb435dd7015a,5935a2ab-e820-55bf-a36c-ef0ae035c00e,2025-08-25,completed,USD
eb945b0b-7610-57e1-8bba-6bf226c8ffe6,SO-20250825-00086,69343164-0d9f-5c31-a832-2a81958753bf,720c7389-880e-5928-a765-7ad18e1dd3c3,2025-08-25,completed,USD
bf11c47e-2a6b-5cd7-b72c-1884c9ef5c35,SO-20250826-00087,aa8c63c8-d686-52ed-9d78-13d55844bf50,1a8cb147-1585-587f-932d-d9ea83a26048,2025-08-26,completed,USD
4ccc322f-5b01-537b-bfba-c466a64f676e,SO-20250826-00088,4b7ba232-e074-5665-806c-2804861df655,dc883f2f-eb02-53a1-90cb-467dbf6ff455,2025-08-26,completed,USD
dbc3a279-26ec-5e3c-b833-313f3b31812a,SO-20250826-00089,b33caefb-e0d0-53cf-bfee-efb8c0f6f5a8,3a4f62a5-f7a0-56c0-bb79-7d8de38aa58f,2025-08-26,shipped,USD
9c4283ec-f90f-599d-bbd6-bbc776bbe765,SO-20250827-00090,a76466ab-21e2-5a4b-adb9-b0697c29e49b,00b1eaa3-aff6-52f5-8539-ac4cb785322a,2025-08-27,completed,USD
61883c76-46e3-5dc4-9d59-0576e15764f1,SO-20250827-00091,75614514-deb7-5fb4-bad4-a46fffb0f790,45c84ee9-d61c-56ff-858b-dd3a68c51c93,2025-08-27,processing,USD
5463d129-33a5-5e07-a02a-cbdda990c07b,SO-20250827-00092,c4156948-f677-5af4-a0de-d5141492c2fc,1a8cb147-1585-587f-932d-d9ea83a26048,2025-08-27,completed,USD
9be34c72-5972-50ab-a04b-cf48e0a1d708,SO-20250827-00093,e8dd6aa3-8bd7-58ac-8da3-1d1981dcb4d8,37859317-2dbb-5c62-97d3-49217bdf045c,2025-08-27,completed,USD
ebef3c99-3b47-5759-831a-2f51a5da2376,SO-20250827-00094,3d06ad06-e9ad-572c-a150-f2a59ab9e5a7,c99464d9-22c8-5917-b9c1-871ca488eabc,2025-08-27,completed,USD
72deda71-1409-5859-a4f3-ab560d751cf9,SO-20250828-00095,4b6bb816-82b5-57b3-bd02-982228d1149a,0122cfd5-2a20-5508-ad03-779342281d57,2025-08-28,processing,USD
25ee9c7c-7452-57a5-8911-74b8dc54d917,SO-20250828-00096,88e5084f-966c-54ad-ac34-25c62330bc2f,1e61b996-144a-5c9f-9271-3bcf378e3ae1,2025-08-28,completed,USD
be7933f5-aa4d-577e-86e0-f0ac0f3277cc,SO-20250828-00097,1976b3dd-ea06-5684-a4c4-396fd7a0acae,ea94a58b-c854-5627-b53a-80296dac8550,2025-08-28,completed,USD
c79b6578-664e-5491-951e-159e195150e0,SO-20250828-00098,911d2ac5-b705-55b1-b535-20defd046120,37859317-2dbb-5c62-97d3-49217bdf045c,2025-08-28,completed,USD
f69603f7-f627-52e2-8c9a-2050a6cf5ae7,SO-20250828-00099,0b2f3f22-e79e-5501-a57c-833467001154,008aa683-c142-586d-8cba-7423f86323a7,2025-08-28,cancelled,USD
8d518cee-eb36-5698-9d0d-e6e8d9617290,SO-20250829-00100,5534c501-8b7e-5366-b01c-0f6fb114cf12,c99464d9-22c8-5917-b9c1-871ca488eabc,2025-08-29,cancelled,USD
6bc35713-78e8-57f4-a1c7-d8773ae133a5,SO-20250829-00101,78e4723d-ded1-5a57-88c3-ec9efe2efc1e,29f89627-9934-5916-acef-ed156172909d,2025-08-29,completed,USD
0f7c05b9-4ec6-53f3-af0d-0808649f6b28,SO-20250829-00102,6c7e2291-c37b-5221-adf7-b99f74c62056,f07cf853-c39a-5a4a-ba49-9c85935326bc,2025-08-29,completed,USD
e03e1fb1-08f8-53b4-9884-c91f9cd472df,SO-20250829-00103,219adb0d-08f2-5951-a5c0-5fda355c7032,118ee768-2257-5fc9-80c7-fc0361eca54b,2025-08-29,completed,USD
f13e18d0-2fc9-53a8-8396-e7214e4b7691,SO-20250830-00104,1528185b-cf40-5ae0-bf34-08cf9ed4d3d3,f7b726d6-d8b2-53bd-977c-4a572be5deb2,2025-08-30,completed,USD
ea6b56bc-5851-5cbc-9cd9-15f3c9e40b0d,SO-20250830-00105,226ca4b8-3720-5062-a88c-86445c07ea66,d1d43115-96f8-53a1-bad2-7d9446d8e118,2025-08-30,completed,USD
2af744c4-6fe3-5f4a-a8e7-7c18a1f9e221,SO-20250830-00106,e483cfea-9d2d-52b7-92b3-54c40b036175,d6c5842b-b70d-5897-8b57-947e5ff2f3a3,2025-08-30,completed,USD
998a26d1-1b90-5865-ac39-f240b69f9055,SO-20250831-00107,41ac330f-ba74-5e82-a265-9bd30e071559,d6c5842b-b70d-5897-8b57-947e5ff2f3a3,2025-08-31,completed,USD
0f9af9c7-38ac-5806-a4b9-9311aa4d21d6,SO-20250831-00108,165390f8-63ad-5d58-a264-328d0da126cd,f7b726d6-d8b2-53bd-977c-4a572be5deb2,2025-08-31,shipped,USD
491530bd-1d3c-55e5-a9d1-5431747873c9,SO-20250831-00109,4b4ddf72-a9a0-5739-b72a-501b484a6f70,dc883f2f-eb02-53a1-90cb-467dbf6ff455,2025-08-31,completed,USD
93109f48-563d-550f-94d8-4a59db86e391,SO-20250901-00110,bf320b53-233b-52d0-9acb-443e2fd61e84,c99464d9-22c8-5917-b9c1-871ca488eabc,2025-09-01,completed,USD
05b8a3e8-c160-54f0-b13d-7eac1e9243fc,SO-20250901-00111,d9533595-0144-5a73-940a-e2b49fda4bcb,1a8cb147-1585-587f-932d-d9ea83a26048,2025-09-01,completed,USD
545c5897-43cd-5fbd-9ac6-62993049ec4f,SO-20250901-00112,dc28ddad-a1b2-5fb6-8f6b-159e35a70ab1,1a8cb147-1585-587f-932d-d9ea83a26048,2025-09-01,completed,USD
2e44d74f-8dd5-5e91-be99-5269a6b181f6,SO-20250901-00113,87eaed28-29f4-55cd-9771-91e40da15720,d01beb24-6f80-5c71-a71d-d3854411ab72,2025-09-01,completed,USD
5f7acccd-15bb-51a1-99f1-9fc5192b5ed3,SO-20250901-00114,8a7e172c-2406-570d-bb2c-f395c8b100cb,e3c6ee5c-58a8-51f8-af29-bd2c65cb59c7,2025-09-01,cancelled,USD
b1c725c3-7e23-5a1a-89c8-b51d0d1cc529,SO-20250901-00115,66f2f002-1fe4-5b41-bc51-cb7ea54fa270,e95eb441-8390-5f2a-8300-5c0129b7d7a2,2025-09-01,completed,USD
c6c32ea6-489b-52a6-b7d8-731fa6c595cb,SO-20250901-00116,b3398a43-50be-54d0-b982-9c62184be451,dc883f2f-eb02-53a1-90cb-467dbf6ff455,2025-09-01,completed,USD
55f03a6c-2015-5e15-9667-5faff14b0d05,SO-20250901-00117,d7d581f1-c2da-5bd4-84fa-32ad01cc255b,651eacb8-633a-519f-84a8-bdc47df160f3,2025-09-01,completed,USD
a91f0967-db75-5148-9f0f-b58663f61f1c,SO-20250902-00118,f01fb266-be0e-529e-8004-92cdf4cc9317,0122cfd5-2a20-5508-ad03-779342281d57,2025-09-02,completed,USD
8372625f-2fe0-5dd8-a0f3-cd758f23068d,SO-20250902-00119,dfb31383-dd0a-51d3-8936-ebd04fadd595,f7b726d6-d8b2-53bd-977c-4a572be5deb2,2025-09-02,completed,USD
a44dd44d-b7b8-5907-befa-b2f2c10b7fd1,SO-20250902-00120,022518fc-c9ab-5ab7-89f9-7077b5801b6f,f07cf853-c39a-5a4a-ba49-9c85935326bc,2025-09-02,completed,USD
58112d41-7b2a-56bd-bb33-80c37b882aed,SO-20250902-00121,139d23d0-0ca8-556c-a57f-46e9850e725d,3a4f62a5-f7a0-56c0-bb79-7d8de38aa58f,2025-09-02,processing,USD
31f71970-fc49-5273-b7c0-ba6d2cd22a8b,SO-20250902-00122,1319795d-ef0b-5067-93ce-2bd5fa4fc6cf,e35ba822-27e1-5a54-9b0a-89a1cde4c322,2025-09-02,processing,USD
73e04a07-377e-5a6d-a64c-66948c512123,SO-20250902-00123,f0b39e46-c4d5-54bb-a075-5a9a7c87f516,29f89627-9934-5916-acef-ed156172909d,2025-09-02,completed,USD
cffd18a3-0012-5cb2-bb8f-7a58c401aa42,SO-20250902-00124,01e5eb13-be9c-50d0-90dd-28a9cce2c901,651eacb8-633a-519f-84a8-bdc47df160f3,2025-09-02,shipped,USD
c3467c20-4cbd-5156-9251-05942c3da061,SO-20250902-00125,492571cd-6c54-530b-8ecd-49c381ce4c96,1db4a92b-a015-5bef-b875-c0931951c17a,2025-09-02,completed,USD
bc77da61-ff8e-5ec5-93d0-687a90b9e95c,SO-20250903-00126,0723f889-4315-5df1-b33d-408167c715c2,f1511ed8-40f6-544e-a21d-9ab52d3f1a34,2025-09-03,completed,USD
1559e55e-8ba3-5b80-b08e-ee385116030a,SO-20250903-00127,fefa5234-83d9-575b-a0d1-d013bef7d309,c33f2117-7695-5b57-b98a-567287832ce1,2025-09-03,completed,USD
30714baa-bac3-5d97-b9ee-272650b16862,SO-20250903-00128,36b5bc99-770b-564c-9cc1-4822b00d0ba5,f7b726d6-d8b2-53bd-977c-4a572be5deb2,2025-09-03,cancelled,USD
6a01d2e1-5acf-524d-ba6b-aeb53a197dd7,SO-20250904-00129,30a44f7a-d5a3-5e4b-9a31-9eaf120064ca,45c84ee9-d61c-56ff-858b-dd3a68c51c93,2025-09-04,completed,USD
68b45f8c-327f-5d8c-8584-79649ad4af63,SO-20250904-00130,5b8abb09-4a9c-53c0-af7e-2b86d19dd652,008aa683-c142-586d-8cba-7423f86323a7,2025-09-04,completed,USD
57b84fba-e8c8-52ee-af54-76e286a69886,SO-20250904-00131,1055b7e8-8538-5966-86ca-9f9cce8f490b,b43c8f02-1dcb-5f9d-af05-30c6c2153bd3,2025-09-04,completed,USD
d061c8dd-0d99-5ed7-9fcd-f1271b10156a,SO-20250904-00132,87c644ab-4a08-59ae-8d46-46413cec7d15,f1511ed8-40f6-544e-a21d-9ab52d3f1a34,2025-09-04,shipped,USD
522362a9-5063-50f0-b46d-d38c85ce249d,SO-20250904-00133,822e8833-9e3e-5270-82dc-32821fc71b54,00b1eaa3-aff6-52f5-8539-ac4cb785322a,2025-09-04,shipped,USD
f4ace144-ac0d-5fde-8137-3778fb95edce,SO-20250904-00134,1a1d90d7-5a47-5c68-b402-61d616464e17,651eacb8-633a-519f-84a8-bdc47df160f3,2025-09-04,completed,USD
f811ed1b-361d-5b4a-9262-ac2822975635,SO-20250904-00135,4a6aa6c3-8918-55e9-8cf5-39e8142be9c1,f7b726d6-d8b2-53bd-977c-4a572be5deb2,2025-09-04,completed,USD
44d4b4a6-b3ad-55a4-8ea4-64db2882204b,SO-20250905-00136,62bdc722-1c50-5dca-97ba-fb435dd7015a,0122cfd5-2a20-5508-ad03-779342281d57,2025-09-05,completed,USD
f357d957-e854-5a39-9c61-9a1bb7db1997,SO-20250905-00137,01e5eb13-be9c-50d0-90dd-28a9cce2c901,37859317-2dbb-5c62-97d3-49217bdf045c,2025-09-05,completed,USD
d637c96c-f2d7-5795-8398-4ac10b02858c,SO-20250905-00138,5f66cc88-02bc-5518-a0dd-c2d1c09b1585,1db4a92b-a015-5bef-b875-c0931951c17a,2025-09-05,completed,USD
1930c110-cffe-5046-97cd-b00fa4d3cad0,SO-20250905-00139,c45e7545-e687-59bc-bfcb-8aa1781a915a,d1d43115-96f8-53a1-bad2-7d9446d8e118,2025-09-05,completed,USD
02fd67ba-19da-5287-b5fb-a2dedc99f9e3,SO-20250906-00140,2cbc0a20-b6e1-5bfa-aacc-ddf987a5613a,91ded739-a072-5e06-95f0-c2fec8339a2a,2025-09-06,shipped,USD
4ea27b95-67ba-543c-aad8-13d5b13c5c94,SO-20250907-00141,5edca693-c9ea-5312-9c2a-a4730fbe5c81,49ea2856-023c-5ffd-b3bf-82960190c959,2025-09-07,completed,USD
d2853e9f-e634-5918-98df-321aae750ca6,SO-20250907-00142,abdc1779-4100-596b-8d77-e8c9b1c5ba82,dcf4314c-e3bf-59be-b647-4c36396750b1,2025-09-07,completed,USD
218af52f-fad5-52df-bc8c-49316c45ae5e,SO-20250907-00143,b2abf452-14bc-53db-999b-1f4ea0829d09,3f24970e-8ea4-57ed-8660-e26444c13e5d,2025-09-07,cancelled,USD
f03a8104-0cf8-5e34-a988-b6ba429d4f26,SO-20250908-00144,b73c7bc3-14d4-53cf-a7a9-a9002d7bf9ab,3f24970e-8ea4-57ed-8660-e26444c13e5d,2025-09-08,completed,USD
52c9f35b-918f-530c-ba0b-22864cd74b82,SO-20250908-00145,3326515d-41a7-58a9-907c-e06089fa01c5,c33f2117-7695-5b57-b98a-567287832ce1,2025-09-08,completed,USD
6e278aaf-0488-520d-8d55-b92dccd41785,SO-20250908-00146,306f57ff-40e0-510d-a6d4-f7d03b736925,8b8ac295-ff38-552a-a208-339acee0cbf8,2025-09-08,completed,USD
4f562b87-6fd2-57e9-ae37-8481d0d953c3,SO-20250908-00147,5799dc89-848a-5029-a596-a8c578777134,e35ba822-27e1-5a54-9b0a-89a1cde4c322,2025-09-08,completed,USD
b750b8b9-1915-5b9e-bfda-69cc126eac2c,SO-20250908-00148,72b1e8bc-0905-5b54-9feb-da127b614396,86d3dca2-5152-5ad7-ae43-709e43ab3982,2025-09-08,completed,USD
139bcfde-cded-51f6-8008-1fcffe37a056,SO-20250908-00149,619e7c22-b0d6-5bc9-a6a0-ceb9e0a340e3,05970209-0410-562d-a0ac-22a01e4f9690,2025-09-08,completed,USD
87b7c43b-67bb-5398-af39-3a9c88e4a450,SO-20250908-00150,170e259d-c209-5ec6-8c12-ce5433ab4e22,1a8cb147-1585-587f-932d-d9ea83a26048,2025-09-08,processing,USD
74e0704a-3989-53fd-817c-d8a2e452a6ff,SO-20250908-00151,1319795d-ef0b-5067-93ce-2bd5fa4fc6cf,3a4f62a5-f7a0-56c0-bb79-7d8de38aa58f,2025-09-08,completed,USD
7c80a217-34b4-5d0c-bd76-b4ee16cc4c6f,SO-20250909-00152,9d0f2869-bc81-5ddc-ac5b-0afe4a393c00,113cd4ad-991e-5b3e-884a-1e169847c916,2025-09-09,shipped,USD
2658b57e-62e2-5543-9418-1932879b6413,SO-20250909-00153,e34220b6-615a-5201-8434-eddf14b32a02,5935a2ab-e820-55bf-a36c-ef0ae035c00e,2025-09-09,shipped,USD
92ce60df-d98e-589c-877d-3c1aabee102e,SO-20250909-00154,ea454c85-b607-5c71-a84f-ec84919fb709,f07cf853-c39a-5a4a-ba49-9c85935326bc,2025-09-09,completed,USD
5d0bb71e-21aa-52c7-839b-a2149609d446,SO-20250909-00155,d37938b7-749c-5fa6-8182-e9f88d561a06,e35ba822-27e1-5a54-9b0a-89a1cde4c322,2025-09-09,cancelled,USD
d187951b-a818-5799-806f-dec20933f207,SO-20250909-00156,5ad01617-30cc-5924-9145-9331df0736c8,ea94a58b-c854-5627-b53a-80296dac8550,2025-09-09,processing,USD
e1111981-9d1f-51e2-b62f-40299068084e,SO-20250909-00157,b3a45022-1f53-54d9-b834-97360e5477b5,1e61b996-144a-5c9f-9271-3bcf378e3ae1,2025-09-09,completed,USD
e0a7e0e4-f261-5725-9880-b9b1cd238001,SO-20250909-00158,bf320b53-233b-52d0-9acb-443e2fd61e84,ea94a58b-c854-5627-b53a-80296dac8550,2025-09-09,completed,USD
290004e3-d981-5956-b23a-9f27d284edd3,SO-20250910-00159,d5688502-59d2-59ea-9155-1859535acf44,45c84ee9-d61c-56ff-858b-dd3a68c51c93,2025-09-10,processing,USD
e1ee90c5-9251-5dd4-81fa-a1a6fdd66513,SO-20250910-00160,0495ddd2-4276-5189-9c75-2cb81e46b7e1,00b1eaa3-aff6-52f5-8539-ac4cb785322a,2025-09-10,completed,USD
bf15fc14-d40e-5725-9125-c36a8100f109,SO-20250910-00161,f35c94b5-66ed-5ba9-9a85-f01472c4c269,e5a340fe-9b66-5cfe-809c-fab320a511e2,2025-09-10,completed,USD
5f2e6bc0-b766-5527-89b7-de6aec8d9349,SO-20250910-00162,0229bf32-83e3-5e7c-8306-8db796b70f33,e3c6ee5c-58a8-51f8-af29-bd2c65cb59c7,2025-09-10,shipped,USD
e566ef49-3049-57b0-81df-69242d134517,SO-20250910-00163,b0d9dc71-db6b-54ca-83de-6f0bb41b90d3,05970209-0410-562d-a0ac-22a01e4f9690,2025-09-10,completed,USD
9bd7750d-c2f0-5326-ab70-17bd46198057,SO-20250910-00164,9de31ba8-d50d-5ca8-be6f-99ca504274bd,8b8ac295-ff38-552a-a208-339acee0cbf8,2025-09-10,completed,USD
15b5470d-6988-585f-9250-c67a2a5d1ad8,SO-20250911-00165,98040fa4-e3e2-5e47-ba22-98dddec004f3,8b8ac295-ff38-552a-a208-339acee0cbf8,2025-09-11,completed,USD
67ec7478-de48-516f-b843-a804e6fb8962,SO-20250911-00166,dbca9ad4-77ae-5d51-b3ca-657cf0356913,b43c8f02-1dcb-5f9d-af05-30c6c2153bd3,2025-09-11,completed,USD
077aa2af-62f9-5f24-94d5-20094c1c9add,SO-20250911-00167,211e9348-4f39-5391-99e3-c207abb6aa3d,113cd4ad-991e-5b3e-884a-1e169847c916,2025-09-11,completed,USD
af230458-6e1e-5baf-bfc0-2af131eb565e,SO-20250911-00168,14ed1888-e5c8-56b2-987f-eaadbbd628a8,45c84ee9-d61c-56ff-858b-dd3a68c51c93,2025-09-11,processing,USD
52b60236-7644-5ec1-92ee-75b6a2b007f6,SO-20250911-00169,87eaed28-29f4-55cd-9771-91e40da15720,c33f2117-7695-5b57-b98a-567287832ce1,2025-09-11,completed,USD
43465b6c-9f7a-564d-93d2-d81d161df076,SO-20250912-00170,50d5ba2e-b0c3-524c-b66d-2e436641c796,720c7389-880e-5928-a765-7ad18e1dd3c3,2025-09-12,completed,USD
98de493e-c48f-54c7-a8ea-b7e0e1119510,SO-20250912-00171,e92ebbd6-5163-5470-8264-b84780f6f521,49ea2856-023c-5ffd-b3bf-82960190c959,2025-09-12,shipped,USD
91e05df5-f324-5e70-96dd-7b09553fcde6,SO-20250912-00172,ed94c90f-0279-5414-bdbf-8f0c432575cd,3a4f62a5-f7a0-56c0-bb79-7d8de38aa58f,2025-09-12,shipped,USD
16149a3c-cfe2-5500-a2d9-207e73881e83,SO-20250912-00173,700e5794-56b9-584e-aa85-d8674fda964c,0122cfd5-2a20-5508-ad03-779342281d57,2025-09-12,completed,USD
70884f09-ac20-57d6-a347-295aaae95f99,SO-20250912-00174,553c1b99-7077-5bc3-b1fe-ff6ea738e56c,c99464d9-22c8-5917-b9c1-871ca488eabc,2025-09-12,completed,USD
d65bd83d-c29f-5445-b594-97251447a05b,SO-20250913-00175,ce0413ce-813a-5b58-badb-103775b6d962,118ee768-2257-5fc9-80c7-fc0361eca54b,2025-09-13,completed,USD
07d92488-ab89-5af6-a513-950433ec18f0,SO-20250913-00176,033ffeb0-b055-5c7e-88aa-85ce598880bd,dcf4314c-e3bf-59be-b647-4c36396750b1,2025-09-13,completed,USD
f55f3529-d2f6-5b8e-8308-46e6af74c0e4,SO-20250913-00177,0d8c7000-8d7b-5c36-86a5-0d82acadddc2,dc883f2f-eb02-53a1-90cb-467dbf6ff455,2025-09-13,completed,USD
55b63c9b-d145-55e2-8561-882b6a11f306,SO-20250914-00178,19320701-b239-5638-97f2-e5e7ef202f73,080af047-634c-5a70-8a42-a7a196cc9cce,2025-09-14,completed,USD
e15321b0-be9a-5c54-84de-c597b5d9a950,SO-20250915-00179,fc886c33-609e-58ba-9c2b-27308ba7b1a5,dcf4314c-e3bf-59be-b647-4c36396750b1,2025-09-15,completed,USD
7b8e34ad-21cc-5622-8c4f-b922ac54be98,SO-20250915-00180,86682e2f-ff0a-52dc-81ef-2af7bd616176,29f89627-9934-5916-acef-ed156172909d,2025-09-15,completed,USD
3c94bc72-5945-5146-8611-35023428c143,SO-20250915-00181,23d58a1d-7f26-55e7-a59d-b1b41e692582,d01beb24-6f80-5c71-a71d-d3854411ab72,2025-09-15,completed,USD
926f78b8-2c88-5c22-9275-dc9c594e3d64,SO-20250915-00182,abcf2b63-66d8-582c-a587-08010c4be1d4,f7b726d6-d8b2-53bd-977c-4a572be5deb2,2025-09-15,completed,USD
f6844a7f-9219-5fba-9ef7-b53286217025,SO-20250916-00183,e50f9cce-0ecf-5ff6-a0b0-15205794aa06,05970209-0410-562d-a0ac-22a01e4f9690,2025-09-16,cancelled,USD
2dfa4983-2542-5abb-98a1-ec3dee984540,SO-20250916-00184,8cf031cc-9566-509a-9d4e-0589cdb07af0,ea94a58b-c854-5627-b53a-80296dac8550,2025-09-16,processing,USD
02176726-1ac1-5d34-b134-dc583584d8d4,SO-20250916-00185,0c869bee-b1b5-5f47-9bd4-287fb4f684a7,e3c6ee5c-58a8-51f8-af29-bd2c65cb59c7,2025-09-16,completed,USD
daf0131e-04ce-58e1-b633-a2b71778aed6,SO-20250916-00186,e6d92daf-dcd2-58ca-90d7-636261dd7bbc,c33f2117-7695-5b57-b98a-567287832ce1,2025-09-16,completed,USD
ad133858-e5b7-5c4e-a67a-6f5d359460e2,SO-20250916-00187,fa45f60a-2206-5593-a37e-29358f9539e6,e35ba822-27e1-5a54-9b0a-89a1cde4c322,2025-09-16,completed,USD
e2edc8de-f396-53f8-bb8a-4d35eccf2186,SO-20250917-00188,e8a1b9ba-35c1-529a-943b-1259db57e727,f7b726d6-d8b2-53bd-977c-4a572be5deb2,2025-09-17,completed,USD
ba6c01d9-d764-5bd8-bfaa-163c6de76421,SO-20250917-00189,8baf19c7-db64-5221-93e0-52e621bdd5a6,00b1eaa3-aff6-52f5-8539-ac4cb785322a,2025-09-17,completed,USD
82073c01-9bac-5e3b-beee-15601c2ce0a2,SO-20250917-00190,238c4b69-138e-5f45-ac27-13ef8d5a4207,e3c6ee5c-58a8-51f8-af29-bd2c65cb59c7,2025-09-17,shipped,USD
631cca8a-e547-5a51-aaba-a9ad3088d0b0,SO-20250917-00191,cf2226a8-1b7f-5eb6-8a4c-6bd84e7f34df,651eacb8-633a-519f-84a8-bdc47df160f3,2025-09-17,completed,USD
cc261e59-d549-5aaf-b75e-4f4997b59746,SO-20250917-00192,3d06ad06-e9ad-572c-a150-f2a59ab9e5a7,d6c5842b-b70d-5897-8b57-947e5ff2f3a3,2025-09-17,shipped,USD
c8adaafd-75dc-5e11-9d8f-ca821faa785f,SO-20250918-00193,8de18351-1e5e-544d-a3fe-2e406340c7bc,118ee768-2257-5fc9-80c7-fc0361eca54b,2025-09-18,completed,USD
55edbacf-4eac-5adb-be6b-6a97bd399c10,SO-20250918-00194,1191f25c-c545-5e25-8e7a-b2817afc5cf0,1db4a92b-a015-5bef-b875-c0931951c17a,2025-09-18,completed,USD
09eb0418-499b-54b0-81fe-93d891118375,SO-20250918-00195,ea454c85-b607-5c71-a84f-ec84919fb709,b43c8f02-1dcb-5f9d-af05-30c6c2153bd3,2025-09-18,completed,USD
df95f5ef-70df-5701-88d4-87edd8556dd5,SO-20250918-00196,c871b9d2-5aba-572d-af22-8b861bacda77,dc883f2f-eb02-53a1-90cb-467dbf6ff455,2025-09-18,completed,USD
c4d9ccf2-092d-5b0b-8ca9-3d9c021bdd04,SO-20250918-00197,58fc2c64-d99b-59ae-a357-f14e3c9a8658,29f89627-9934-5916-acef-ed156172909d,2025-09-18,completed,USD
cbf69fca-dfa9-54b5-8f6e-bacdd293ca9a,SO-20250918-00198,75acbee6-d99a-5ec5-a2ac-5e5eae838250,91ded739-a072-5e06-95f0-c2fec8339a2a,2025-09-18,completed,USD
dec5ee7c-19d3-5f8c-b992-9119f7a440f9,SO-20250919-00199,0f77fa23-6a98-5f4c-a249-8a889a41687d,3f24970e-8ea4-57ed-8660-e26444c13e5d,2025-09-19,completed,USD
6fe4bd14-c75b-55d5-add5-6c162a953be3,SO-20250919-00200,8ea16eb1-2214-5eae-a29f-7d92773c437b,86d3dca2-5152-5ad7-ae43-709e43ab3982,2025-09-19,completed,USD
910689a4-f893-531f-a9cc-e699d0153513,SO-20250919-00201,74443b9c-c37e-521d-9d96-fbf0604f7124,00b1eaa3-aff6-52f5-8539-ac4cb785322a,2025-09-19,completed,USD
cd535228-2bcd-59f8-8940-61d6eff8cf1e,SO-20250919-00202,ad50ff8a-1dec-5f15-9b85-48bef28b785c,dcf4314c-e3bf-59be-b647-4c36396750b1,2025-09-19,completed,USD
1e8134f6-8dae-5227-a7c7-6b9b238ccded,SO-20250919-00203,0495ddd2-4276-5189-9c75-2cb81e46b7e1,3a4f62a5-f7a0-56c0-bb79-7d8de38aa58f,2025-09-19,completed,USD
f2ca05b1-7581-5d40-af58-320e77609962,SO-20250919-00204,f68b1bf8-566b-599a-816f-a2d153d02af8,008aa683-c142-586d-8cba-7423f86323a7,2025-09-19,completed,USD
230f6b9a-c47a-5b52-a609-c0d784b0cc5e,SO-20250919-00205,067c5d3a-d876-5d21-8d03-2f032f2b6f4c,3f24970e-8ea4-57ed-8660-e26444c13e5d,2025-09-19,shipped,USD
a2364813-f45f-5e1b-a740-9c414e322077,SO-20250919-00206,d0912a42-5e15-50d0-bbe2-7065c5632e55,86d3dca2-5152-5ad7-ae43-709e43ab3982,2025-09-19,shipped,USD
c7102141-c7f9-54aa-abaa-94e10db60c43,SO-20250920-00207,ab14f6e6-87ff-58e4-ac00-46e50d96fddc,720c7389-880e-5928-a765-7ad18e1dd3c3,2025-09-20,processing,USD
3bd51e82-4880-503c-90c4-07a143b9b89c,SO-20250921-00208,ba75f812-6df0-51cd-974c-2c3e45c78227,e5a340fe-9b66-5cfe-809c-fab320a511e2,2025-09-21,completed,USD
d9f4bb69-b22e-5051-97fb-8fe7d4f3d5f8,SO-20250922-00209,0ef49f4d-7bf6-5984-b7c6-1597a2c4f2d4,1a8cb147-1585-587f-932d-d9ea83a26048,2025-09-22,processing,USD
b4bee31b-789a-5dc4-a626-33a049854b15,SO-20250922-00210,0f325fb4-920f-51aa-92ca-6894b2ef8c37,f1511ed8-40f6-544e-a21d-9ab52d3f1a34,2025-09-22,shipped,USD
9964d069-4afd-537a-acfd-f22ec7167fef,SO-20250922-00211,f35c94b5-66ed-5ba9-9a85-f01472c4c269,d1d43115-96f8-53a1-bad2-7d9446d8e118,2025-09-22,shipped,USD
2e75cf55-dbb3-5b01-9fec-ff74a89f3b66,SO-20250922-00212,30a44f7a-d5a3-5e4b-9a31-9eaf120064ca,e35ba822-27e1-5a54-9b0a-89a1cde4c322,2025-09-22,completed,USD
4a328853-595d-5015-b359-6b93dfe2c15a,SO-20250922-00213,71759505-eb52-563b-968f-e39ae3da4478,720c7389-880e-5928-a765-7ad18e1dd3c3,2025-09-22,completed,USD
77389c50-2afc-5192-be3c-9c5a7e263e2e,SO-20250923-00214,51172e6f-d077-58a4-8184-b9b56e540b8c,8b8ac295-ff38-552a-a208-339acee0cbf8,2025-09-23,completed,USD
5b27976c-b13b-5f27-9b03-2e885b2dd970,SO-20250923-00215,5923c801-8fac-5b52-af62-bd95546ab309,0122cfd5-2a20-5508-ad03-779342281d57,2025-09-23,shipped,USD
eb96bf5a-cc92-5a4f-9a93-10a6159b1671,SO-20250923-00216,a76466ab-21e2-5a4b-adb9-b0697c29e49b,f07cf853-c39a-5a4a-ba49-9c85935326bc,2025-09-23,completed,USD
eda9845d-2afd-50f2-a5b5-161d97ab325d,SO-20250923-00217,2467f2db-4a4a-5856-9a40-f2a6fb9df68b,dcf4314c-e3bf-59be-b647-4c36396750b1,2025-09-23,completed,USD
529dd379-5918-5c99-90ce-1831d9b44649,SO-20250924-00218,46b1ec4a-7b12-5360-b5d7-4cd067e6e191,37859317-2dbb-5c62-97d3-49217bdf045c,2025-09-24,completed,USD
10e06b47-6c75-5fbb-a63c-a48a43e27913,SO-20250924-00219,490bbac0-ac53-5625-b604-7bd1ede4dddb,c99464d9-22c8-5917-b9c1-871ca488eabc,2025-09-24,completed,USD
d3430b04-0a81-5141-a083-a96ea1b9ad75,SO-20250924-00220,e34220b6-615a-5201-8434-eddf14b32a02,3f24970e-8ea4-57ed-8660-e26444c13e5d,2025-09-24,completed,USD
db9e1301-9b40-5e57-8a43-fe43c3a4a7bc,SO-20250924-00221,75c72440-ddbf-5bff-8e8c-8488b4c35b35,f07cf853-c39a-5a4a-ba49-9c85935326bc,2025-09-24,shipped,USD
2dfe5b4a-4c39-5fa3-a630-96b4b7e48581,SO-20250924-00222,6b62e287-4f45-5a76-9fda-ac07b8a4a484,e95eb441-8390-5f2a-8300-5c0129b7d7a2,2025-09-24,processing,USD
777be094-8e75-529a-8b84-26893a0d6044,SO-20250924-00223,14f6fed9-a5d8-5823-b536-a8a8bba662bf,c33f2117-7695-5b57-b98a-567287832ce1,2025-09-24,completed,USD
212f2191-9e37-57de-b816-c9252b29e5cf,SO-20250924-00224,bffe2a6e-3224-59cf-a78a-767da38789d8,e8de5e72-dfef-5439-a069-3da83d10c24b,2025-09-24,completed,USD
18c91728-b1a2-5043-b9ab-1f533f1be550,SO-20250925-00225,c4156948-f677-5af4-a0de-d5141492c2fc,e5a340fe-9b66-5cfe-809c-fab320a511e2,2025-09-25,completed,USD
7bdc5e3b-48ff-571a-adb5-dcfa751182a6,SO-20250925-00226,dd7b440f-a0fd-5667-ab77-bdedf999de61,29f89627-9934-5916-acef-ed156172909d,2025-09-25,processing,USD
10791f46-84e2-558d-8765-70c1d2a7b837,SO-20250925-00227,b3398a43-50be-54d0-b982-9c62184be451,00b1eaa3-aff6-52f5-8539-ac4cb785322a,2025-09-25,completed,USD
c4f532a4-bbf3-59b4-894e-17171e06b072,SO-20250926-00228,aa3eabe4-24b7-5773-b850-3f1255577ef8,008aa683-c142-586d-8cba-7423f86323a7,2025-09-26,shipped,USD
465f3779-7a06-587e-a0dd-56a9436fb5a5,SO-20250926-00229,14a7eb68-5af3-5176-b3ce-4fd95f98966a,49ea2856-023c-5ffd-b3bf-82960190c959,2025-09-26,completed,USD
6d70e427-5fdf-59f2-b4df-e9e731c6afca,SO-20250926-00230,f3ca3a6f-cfe7-5169-b9ad-383c2c7a2cc8,45c84ee9-d61c-56ff-858b-dd3a68c51c93,2025-09-26,completed,USD
62d8feaf-7be5-5145-b479-ba78a07d0db7,SO-20250926-00231,36b5bc99-770b-564c-9cc1-4822b00d0ba5,651eacb8-633a-519f-84a8-bdc47df160f3,2025-09-26,cancelled,USD
ed3b080a-9e81-5efe-98c6-d150eaed4d31,SO-20250926-00232,4e710c59-f3b8-5937-827e-4e7682f006f8,008aa683-c142-586d-8cba-7423f86323a7,2025-09-26,completed,USD
bbe4ae5a-8bdc-5537-8761-7bc70a6a67d5,SO-20250926-00233,95bfaafb-a1fc-5609-ad7a-0f6ec343b951,60616d64-bde6-5323-8231-8cacb3eaa96d,2025-09-26,completed,USD
7ed6783f-2403-5256-9d2f-3a6fb749119a,SO-20250926-00234,e67cb05f-774e-56d3-92c5-d1c5b33ddb46,118ee768-2257-5fc9-80c7-fc0361eca54b,2025-09-26,shipped,USD
2ebd8b99-68a0-5d02-8204-f6238661e432,SO-20250926-00235,44f662d2-5cf7-5f6a-ba8a-b043ec347536,3a4f62a5-f7a0-56c0-bb79-7d8de38aa58f,2025-09-26,completed,USD
18a5e858-9a9e-5f2e-97e7-b13e5f2eadcf,SO-20250927-00236,2748db13-6911-5fba-bff3-ee3fc2feb585,3f24970e-8ea4-57ed-8660-e26444c13e5d,2025-09-27,completed,USD
6add44bd-82ab-5153-b829-b37aa6bc4c54,SO-20250927-00237,e8a1b9ba-35c1-529a-943b-1259db57e727,f7b726d6-d8b2-53bd-977c-4a572be5deb2,2025-09-27,processing,USD
06cc796b-d3ac-5ead-878e-c2b336b1e851,SO-20250927-00238,5b8abb09-4a9c-53c0-af7e-2b86d19dd652,080af047-634c-5a70-8a42-a7a196cc9cce,2025-09-27,completed,USD
e1f6361b-f826-5866-af14-a74207082ee7,SO-20250928-00239,25a987bf-d43f-5c6b-950a-3fd2f1513969,05970209-0410-562d-a0ac-22a01e4f9690,2025-09-28,shipped,USD
b53a29f3-cc89-5802-95c6-f60a7079f073,SO-20250929-00240,5a50cdc9-fb0b-58f7-9924-c34148c6997d,05970209-0410-562d-a0ac-22a01e4f9690,2025-09-29,completed,USD
53f74e32-58bd-5e49-a79a-fbb45c107546,SO-20250929-00241,165390f8-63ad-5d58-a264-328d0da126cd,05970209-0410-562d-a0ac-22a01e4f9690,2025-09-29,completed,USD
981e5491-ad29-5d45-94df-4a6af8fd4a2f,SO-20250929-00242,72e2b61c-b634-5e79-8565-069a598af025,008aa683-c142-586d-8cba-7423f86323a7,2025-09-29,completed,USD
0b9c8534-0f19-5fa6-ba1a-9390e23d81d5,SO-20250929-00243,b24f3844-d851-58bf-96a0-1484395ce08c,d1d43115-96f8-53a1-bad2-7d9446d8e118,2025-09-29,completed,USD
6d27453e-da7f-5f02-8b50-6ee40c7f99d0,SO-20250930-00244,1472294e-a186-5245-9afc-ccaad7893a3e,080af047-634c-5a70-8a42-a7a196cc9cce,2025-09-30,completed,USD
a056ee3e-2e85-5641-a366-35e651e10ec4,SO-20250930-00245,a7c30ac5-1aef-5d3b-9f64-e3c97ba4e5b0,008aa683-c142-586d-8cba-7423f86323a7,2025-09-30,completed,USD
6d45b21e-6dfa-5641-84c7-0183cdd6caa7,SO-20250930-00246,b2abf452-14bc-53db-999b-1f4ea0829d09,e5a340fe-9b66-5cfe-809c-fab320a511e2,2025-09-30,completed,USD
6912d005-7c94-527a-8e6a-525a12c69b64,SO-20250930-00247,3fda2c6c-c926-56d4-a25f-f2e7e2f4bc34,1db4a92b-a015-5bef-b875-c0931951c17a,2025-09-30,completed,USD
28c696c8-c256-535a-83b1-66f9ec3a4bac,SO-20251001-00248,9bcd00fc-0f4b-54d1-992f-efd5492c5d04,d1d43115-96f8-53a1-bad2-7d9446d8e118,2025-10-01,completed,USD
9568db32-5602-5462-a5cd-481a811f7a5c,SO-20251001-00249,98040fa4-e3e2-5e47-ba22-98dddec004f3,49ea2856-023c-5ffd-b3bf-82960190c959,2025-10-01,completed,USD
182647fd-95b8-5d37-a74d-b1d0a15641f6,SO-20251001-00250,441412c9-4946-5136-b1dc-b971c3175c8f,1db4a92b-a015-5bef-b875-c0931951c17a,2025-10-01,completed,USD
e81ddea1-f4b9-5845-b04c-534a80f735ca,SO-20251002-00251,5cad41fc-a2d2-509b-93eb-b3342281c57c,118ee768-2257-5fc9-80c7-fc0361eca54b,2025-10-02,completed,USD
eefe58f8-ef10-5ddb-ba85-28cc3ab23d73,SO-20251002-00252,633d183a-2766-5cdc-8457-7eaf84de177f,e35ba822-27e1-5a54-9b0a-89a1cde4c322,2025-10-02,completed,USD
6994a347-004a-5082-84ce-cc66c314d931,SO-20251002-00253,cf2226a8-1b7f-5eb6-8a4c-6bd84e7f34df,00b1eaa3-aff6-52f5-8539-ac4cb785322a,2025-10-02,completed,USD
c10373d7-006a-55d3-9759-b19800fba1be,SO-20251003-00254,2fcd5fdd-2d0c-5819-a291-64fefad299fd,008aa683-c142-586d-8cba-7423f86323a7,2025-10-03,processing,USD
9125adb8-8de6-5d85-a678-af3cc588de45,SO-20251003-00255,3fda2c6c-c926-56d4-a25f-f2e7e2f4bc34,b43c8f02-1dcb-5f9d-af05-30c6c2153bd3,2025-10-03,completed,USD
da07bf32-1b13-5e8c-a91d-92110226540e,SO-20251003-00256,00d1bcd5-ebf3-50a2-a791-067e9cd2a147,29f89627-9934-5916-acef-ed156172909d,2025-10-03,completed,USD
f519ef5e-248b-5123-995d-93525d1eedcc,SO-20251003-00257,c89828a6-9f17-55e0-be6e-63697f108439,dc883f2f-eb02-53a1-90cb-467dbf6ff455,2025-10-03,completed,USD
bf651372-264f-59f0-9dd3-c9757babdb0e,SO-20251003-00258,c3d964c3-64c5-5f24-bdaf-3aceb8ad6485,8b8ac295-ff38-552a-a208-339acee0cbf8,2025-10-03,completed,USD
064424bf-f08d-50dc-a9e4-6a10ef0f460e,SO-20251003-00259,eb3f4c86-c3ca-5995-a9ae-dc2ad1743144,29f89627-9934-5916-acef-ed156172909d,2025-10-03,completed,USD
c78b6fdb-1a1f-5827-ad00-ac93be2f73c1,SO-20251003-00260,692b1e81-f08c-5c9d-b5c5-bfb5e52305cc,dcf4314c-e3bf-59be-b647-4c36396750b1,2025-10-03,completed,USD
bc2b7ad6-7e82-5c70-b91e-84f82ee3415b,SO-20251004-00261,165390f8-63ad-5d58-a264-328d0da126cd,720c7389-880e-5928-a765-7ad18e1dd3c3,2025-10-04,completed,USD
4b1f3b9d-32d8-5762-bac9-7955d1694c3e,SO-20251004-00262,2a8cbd56-0a98-594a-a572-aa5c527c3a0c,118ee768-2257-5fc9-80c7-fc0361eca54b,2025-10-04,completed,USD
3723c3b2-eef6-543b-94d8-a4d87bde06ce,SO-20251005-00263,35393ba6-62ef-5245-a602-5a808930ddae,0122cfd5-2a20-5508-ad03-779342281d57,2025-10-05,completed,USD
45c21508-22c3-5128-ad82-fe53531b99fd,SO-20251005-00264,405f7bae-779e-5a02-bcd6-7f8bcb6c819a,ea94a58b-c854-5627-b53a-80296dac8550,2025-10-05,cancelled,USD
3120a7f2-126b-50d1-9b7b-6fdf0670fead,SO-20251006-00265,2cf463c0-2759-59c5-8362-c3b877fa5132,f7b726d6-d8b2-53bd-977c-4a572be5deb2,2025-10-06,shipped,USD
9336d4f9-90bf-541e-bad2-c88dba37422e,SO-20251006-00266,2dc3a094-7673-5a36-8eda-09ce2921d716,080af047-634c-5a70-8a42-a7a196cc9cce,2025-10-06,completed,USD
bcdf65b3-6241-5989-a8f3-5ee148d839b9,SO-20251006-00267,700e5794-56b9-584e-aa85-d8674fda964c,113cd4ad-991e-5b3e-884a-1e169847c916,2025-10-06,completed,USD
e7492f75-6a5b-57fb-bd03-bfa0edb93904,SO-20251006-00268,66f2f002-1fe4-5b41-bc51-cb7ea54fa270,d6c5842b-b70d-5897-8b57-947e5ff2f3a3,2025-10-06,cancelled,USD
037052af-311b-5b1b-81c0-0d862d0afc0c,SO-20251007-00269,2d768cb8-e8f9-5822-8a73-8e550ffaef36,05970209-0410-562d-a0ac-22a01e4f9690,2025-10-07,completed,USD
e4c15c69-5dfb-5f74-901d-3d1cf1af8c51,SO-20251007-00270,40514aaa-f2d7-54e1-925b-f96e2ce00054,49ea2856-023c-5ffd-b3bf-82960190c959,2025-10-07,completed,USD
6b71e224-b481-5045-9fed-44786c954b3c,SO-20251007-00271,0723f889-4315-5df1-b33d-408167c715c2,720c7389-880e-5928-a765-7ad18e1dd3c3,2025-10-07,completed,USD
eb366407-c576-549d-a81d-d7a26dd853a2,SO-20251007-00272,c8975e3f-60e7-51e3-a745-336d247dea17,720c7389-880e-5928-a765-7ad18e1dd3c3,2025-10-07,shipped,USD
c24149d8-66f1-572d-903e-ebf9152f8339,SO-20251007-00273,6858fae9-7ed7-5f04-8ab6-e5ee88ba4b38,720c7389-880e-5928-a765-7ad18e1dd3c3,2025-10-07,shipped,USD
f5041a52-bd19-5aae-b8e1-48dddf2a48d1,SO-20251007-00274,a8c99066-2209-5a24-8615-1a40a59c8b1b,c33f2117-7695-5b57-b98a-567287832ce1,2025-10-07,cancelled,USD
cac9bba1-434b-5851-9560-ccb284a6f624,SO-20251008-00275,330fc81d-4b93-5eee-a4c6-c7a662017c96,c99464d9-22c8-5917-b9c1-871ca488eabc,2025-10-08,completed,USD
7cedf5b0-135a-5144-91d2-7486427d70ff,SO-20251008-00276,58c7b809-804a-5bc8-b115-97e73d805552,f7b726d6-d8b2-53bd-977c-4a572be5deb2,2025-10-08,processing,USD
746159f6-91ae-5b36-972d-58e15a728034,SO-20251008-00277,f3ca3a6f-cfe7-5169-b9ad-383c2c7a2cc8,ea94a58b-c854-5627-b53a-80296dac8550,2025-10-08,completed,USD
4917f7bb-a00c-5083-b094-1f5f3c68b9ab,SO-20251008-00278,c977064b-11eb-59d5-973f-5594f41a3651,dcf4314c-e3bf-59be-b647-4c36396750b1,2025-10-08,completed,USD
496cc8bd-67ba-5304-8cdb-5ddc28a4bedc,SO-20251008-00279,638b00ed-91cb-531d-b799-3b67878ac7b3,008aa683-c142-586d-8cba-7423f86323a7,2025-10-08,shipped,USD
855a9255-c752-50f5-9b82-18b28789bec7,SO-20251009-00280,da57bf8f-6000-5f3b-92db-f6c8f58424db,8b8ac295-ff38-552a-a208-339acee0cbf8,2025-10-09,completed,USD
0b251a4d-ff8b-5575-9bdb-0822cd3cfd65,SO-20251009-00281,14f6fed9-a5d8-5823-b536-a8a8bba662bf,dcf4314c-e3bf-59be-b647-4c36396750b1,2025-10-09,processing,USD
7ab4f359-ef81-5dbc-9358-c23b8710f631,SO-20251009-00282,54a27e6d-c7bf-5812-880e-1ed91c4da5a7,d6c5842b-b70d-5897-8b57-947e5ff2f3a3,2025-10-09,completed,USD
1bac26b4-5a88-5c17-a61e-cf4b65f26a3c,SO-20251009-00283,5eec2e12-42ee-500b-9664-ed7cef2230f3,c99464d9-22c8-5917-b9c1-871ca488eabc,2025-10-09,shipped,USD
445f2139-d69a-5c68-8885-7a56314a33cf,SO-20251009-00284,700e5794-56b9-584e-aa85-d8674fda964c,118ee768-2257-5fc9-80c7-fc0361eca54b,2025-10-09,completed,USD
e89720cc-81c3-5b52-bb76-414aa1c0c906,SO-20251010-00285,0229bf32-83e3-5e7c-8306-8db796b70f33,e3c6ee5c-58a8-51f8-af29-bd2c65cb59c7,2025-10-10,completed,USD
77eec61e-7199-5954-9a2d-15d6b6cef654,SO-20251010-00286,d982a404-da9e-5464-ab0b-632124ce3852,1e61b996-144a-5c9f-9271-3bcf378e3ae1,2025-10-10,completed,USD
13eb966f-9453-5694-8890-be4c4fb88274,SO-20251010-00287,5b77eb0f-fbc0-5382-865a-db5941867a32,3f24970e-8ea4-57ed-8660-e26444c13e5d,2025-10-10,completed,USD
427e80fa-f7a9-53b5-9811-def06a645431,SO-20251010-00288,ea1db81d-517d-59e1-9029-bf062d02a015,3f24970e-8ea4-57ed-8660-e26444c13e5d,2025-10-10,processing,USD
169f5c42-4583-58bd-bad5-1c78afcc05e6,SO-20251010-00289,4bd863dc-24bc-586d-aca7-7ca6c200c922,05970209-0410-562d-a0ac-22a01e4f9690,2025-10-10,completed,USD
0e2f9992-e5ce-5d0d-af8b-fb617dadce50,SO-20251010-00290,da57bf8f-6000-5f3b-92db-f6c8f58424db,86d3dca2-5152-5ad7-ae43-709e43ab3982,2025-10-10,completed,USD
adc43a73-bc50-570e-b066-f209da95a962,SO-20251010-00291,50d5ba2e-b0c3-524c-b66d-2e436641c796,e5a340fe-9b66-5cfe-809c-fab320a511e2,2025-10-10,completed,USD
5475a82a-cdcc-5751-a022-87af1722e8a5,SO-20251010-00292,441412c9-4946-5136-b1dc-b971c3175c8f,c99464d9-22c8-5917-b9c1-871ca488eabc,2025-10-10,cancelled,USD
9b3bb1d3-85aa-57cd-bad1-6bd66f336257,SO-20251011-00293,2d768cb8-e8f9-5822-8a73-8e550ffaef36,dc883f2f-eb02-53a1-90cb-467dbf6ff455,2025-10-11,cancelled,USD
91aaf689-b8ba-5cc4-9a83-f9f005c1ec9d,SO-20251011-00294,87c644ab-4a08-59ae-8d46-46413cec7d15,91ded739-a072-5e06-95f0-c2fec8339a2a,2025-10-11,completed,USD
20817e4d-9c15-5311-8ff0-a93cc1ebfd5d,SO-20251012-00295,ef09a97a-4bba-5f6b-96ff-4ebf88d8d5d2,8b8ac295-ff38-552a-a208-339acee0cbf8,2025-10-12,completed,USD
5cb9f69c-7431-5347-979f-555a064df4a0,SO-20251012-00296,f602a6a2-3a5a-50db-8935-3d2a6f4c76e3,118ee768-2257-5fc9-80c7-fc0361eca54b,2025-10-12,processing,USD
a88aff4b-9e61-5528-8e25-7a49faeba1fe,SO-20251012-00297,0f56079a-c587-5919-a93b-3c4cf99003e0,8b8ac295-ff38-552a-a208-339acee0cbf8,2025-10-12,completed,USD
955b3bd3-c770-5712-92cc-1f4ffec9e204,SO-20251013-00298,e45ca602-8e8b-569b-a3d0-0ca587abad08,d01beb24-6f80-5c71-a71d-d3854411ab72,2025-10-13,completed,USD
5cca9938-0ab7-5dc2-a040-09fcdf8c8f81,SO-20251013-00299,fcf1f8c9-ccaf-5878-a594-7eabc3d39110,91ded739-a072-5e06-95f0-c2fec8339a2a,2025-10-13,completed,USD
8d4bc68a-d691-598b-80cd-249ae1a2f12a,SO-20251013-00300,2467f2db-4a4a-5856-9a40-f2a6fb9df68b,8b8ac295-ff38-552a-a208-339acee0cbf8,2025-10-13,completed,USD
fc5a4098-d5c3-5f1d-9c24-9764f157fb30,SO-20251013-00301,c871b9d2-5aba-572d-af22-8b861bacda77,080af047-634c-5a70-8a42-a7a196cc9cce,2025-10-13,completed,USD
7e35801a-c07a-57f4-9c35-94b9f4852d9e,SO-20251013-00302,7a7a6781-a43d-5a44-b8c3-ed9a9393e01d,e8de5e72-dfef-5439-a069-3da83d10c24b,2025-10-13,completed,USD
6c7dd54e-1cdf-5134-bf68-62a68c815bb3,SO-20251013-00303,9d0f2869-bc81-5ddc-ac5b-0afe4a393c00,45c84ee9-d61c-56ff-858b-dd3a68c51c93,2025-10-13,completed,USD
c7bdc93d-e38d-5170-a432-59e980e95b48,SO-20251013-00304,9f769551-bb60-5df1-a479-16f53ffee812,651eacb8-633a-519f-84a8-bdc47df160f3,2025-10-13,completed,USD
0b94bb27-20e4-52d3-81fd-60caad35e29b,SO-20251013-00305,f86387ed-fd14-52ca-a24d-736799edf380,c99464d9-22c8-5917-b9c1-871ca488eabc,2025-10-13,completed,USD
87fcf0bd-2480-5d9e-94c4-5fefea72c5db,SO-20251014-00306,00d1bcd5-ebf3-50a2-a791-067e9cd2a147,f07cf853-c39a-5a4a-ba49-9c85935326bc,2025-10-14,shipped,USD
9f4d2c58-0a83-503a-8042-402bd53bcdf7,SO-20251014-00307,5923c801-8fac-5b52-af62-bd95546ab309,e95eb441-8390-5f2a-8300-5c0129b7d7a2,2025-10-14,completed,USD
333850f3-bc8f-5230-bda8-1d37d6b05612,SO-20251014-00308,4045a68b-1241-5c21-8e3a-549371864bb8,f1511ed8-40f6-544e-a21d-9ab52d3f1a34,2025-10-14,completed,USD
6e1715b1-9494-584d-bc62-bc14e2b81c72,SO-20251014-00309,bf320b53-233b-52d0-9acb-443e2fd61e84,c99464d9-22c8-5917-b9c1-871ca488eabc,2025-10-14,processing,USD
89e75d34-ffed-52b0-83bb-6f5aa12c6d2f,SO-20251014-00310,47384714-e1b7-5e0f-92ca-9cc7b429d98f,720c7389-880e-5928-a765-7ad18e1dd3c3,2025-10-14,completed,USD
0f8c7146-4f45-5938-a676-e8dfaf59b155,SO-20251014-00311,1f48efe8-c8e7-59af-8890-40a5c5019e42,29f89627-9934-5916-acef-ed156172909d,2025-10-14,completed,USD
97433148-8c0d-57f1-9266-9d2fd1963c54,SO-20251015-00312,225ac19b-ce5f-585c-b5e4-1f431f510a79,c33f2117-7695-5b57-b98a-567287832ce1,2025-10-15,shipped,USD
9df20fcc-4734-52de-ac06-2c6d09209555,SO-20251015-00313,51813e7b-b521-5ada-8c7e-13ea9b551a15,00b1eaa3-aff6-52f5-8539-ac4cb785322a,2025-10-15,completed,USD
9bd77eee-2c67-5c4d-a651-f7a1adf58c9d,SO-20251015-00314,78e4723d-ded1-5a57-88c3-ec9efe2efc1e,86d3dca2-5152-5ad7-ae43-709e43ab3982,2025-10-15,processing,USD
fa35a974-b60f-53f8-9c5f-4d2d8707cfdb,SO-20251016-00315,aa8c63c8-d686-52ed-9d78-13d55844bf50,f07cf853-c39a-5a4a-ba49-9c85935326bc,2025-10-16,processing,USD
94a8efae-7b81-5367-8bdb-b9f313997442,SO-20251016-00316,7e4272d4-f864-5687-b0cf-72e011a55fc2,118ee768-2257-5fc9-80c7-fc0361eca54b,2025-10-16,completed,USD
67128f04-ca9c-5c8e-9239-75e0be4096e6,SO-20251016-00317,d35b7450-b912-5394-a06e-ce5de144ba54,3a4f62a5-f7a0-56c0-bb79-7d8de38aa58f,2025-10-16,completed,USD
9973d567-97ca-543f-9ca1-2436c30c8782,SO-20251017-00318,0723f889-4315-5df1-b33d-408167c715c2,c99464d9-22c8-5917-b9c1-871ca488eabc,2025-10-17,completed,USD
09feeea7-b720-5110-af0f-a7f01a33ce56,SO-20251017-00319,4045a68b-1241-5c21-8e3a-549371864bb8,651eacb8-633a-519f-84a8-bdc47df160f3,2025-10-17,completed,USD
38f8b452-0aa6-528f-9590-427568198af0,SO-20251017-00320,8fed6c9d-c734-5d42-9849-c4483092e717,e8de5e72-dfef-5439-a069-3da83d10c24b,2025-10-17,completed,USD
09b27e2d-c8a8-5fe6-bcba-61962ffdb6a3,SO-20251017-00321,d982a404-da9e-5464-ab0b-632124ce3852,60616d64-bde6-5323-8231-8cacb3eaa96d,2025-10-17,shipped,USD
10434de7-6360-5c07-a439-f1956f5e71e2,SO-20251017-00322,1e63369d-411f-5853-8c02-849cf4e8764f,080af047-634c-5a70-8a42-a7a196cc9cce,2025-10-17,completed,USD
f6f0c348-a31f-5a80-80c0-db8083c06c45,SO-20251018-00323,a7995a27-133e-513f-ad52-42c967bf1a74,3a4f62a5-f7a0-56c0-bb79-7d8de38aa58f,2025-10-18,completed,USD
a5a105ba-1f12-5f07-a8a9-6b3b4a9ee47e,SO-20251018-00324,306f57ff-40e0-510d-a6d4-f7d03b736925,d1d43115-96f8-53a1-bad2-7d9446d8e118,2025-10-18,processing,USD
81fcf601-fa03-5060-acd0-102e09a92f47,SO-20251018-00325,dc63379c-e5c5-5b57-983a-6f7fa7d15bdf,651eacb8-633a-519f-84a8-bdc47df160f3,2025-10-18,completed,USD
f6aeeebf-714f-5b63-b9c3-601f6a5f84ea,SO-20251019-00326,030d6a9b-4f25-5c78-aaee-abe5875bec1f,f07cf853-c39a-5a4a-ba49-9c85935326bc,2025-10-19,completed,USD
95d7d819-5907-54c5-8fe1-2478a3ca4e65,SO-20251020-00327,66f2f002-1fe4-5b41-bc51-cb7ea54fa270,f7b726d6-d8b2-53bd-977c-4a572be5deb2,2025-10-20,shipped,USD
36315361-36ca-5d01-bbda-3e35c40dc469,SO-20251020-00328,74cf633d-26d0-5c3c-9200-656f0fe1bab7,080af047-634c-5a70-8a42-a7a196cc9cce,2025-10-20,completed,USD
a3a67ef0-f2e9-513e-b9e2-721b0dbd0955,SO-20251020-00329,79c0aefc-5401-5768-acf7-3d92461e78f8,49ea2856-023c-5ffd-b3bf-82960190c959,2025-10-20,completed,USD
9ccaf56b-c585-59fd-88bb-d35deae97b99,SO-20251020-00330,f0b39e46-c4d5-54bb-a075-5a9a7c87f516,91ded739-a072-5e06-95f0-c2fec8339a2a,2025-10-20,completed,USD
6c7439fd-2a9c-57da-ac7c-31b43af7109b,SO-20251021-00331,c4156948-f677-5af4-a0de-d5141492c2fc,f07cf853-c39a-5a4a-ba49-9c85935326bc,2025-10-21,completed,USD
f43e3eab-69ec-599f-9dc1-3bb7e984f395,SO-20251021-00332,c3abef48-e783-5505-b88d-e552561c30a1,d01beb24-6f80-5c71-a71d-d3854411ab72,2025-10-21,completed,USD
91287822-e717-5a7c-98a7-fc52aaba6b20,SO-20251021-00333,d9654a4c-376a-5bc2-92ca-51f4276b990a,3a4f62a5-f7a0-56c0-bb79-7d8de38aa58f,2025-10-21,completed,USD
3246401b-4df3-5afa-9be7-558d0440c4ea,SO-20251021-00334,a0f41799-d018-5980-95cb-9d8f5c11ead0,720c7389-880e-5928-a765-7ad18e1dd3c3,2025-10-21,completed,USD
2ab9f438-8785-5350-a182-07795edd1ad4,SO-20251022-00335,5ff31b67-f47a-592a-9a3a-341942e30c8e,29f89627-9934-5916-acef-ed156172909d,2025-10-22,completed,USD
f215dc82-b7fb-5ec9-8f12-0293c3a53893,SO-20251022-00336,e8a1b9ba-35c1-529a-943b-1259db57e727,49ea2856-023c-5ffd-b3bf-82960190c959,2025-10-22,completed,USD
31a8e2ef-6b3c-5d90-98a7-1350afdfca1b,SO-20251022-00337,411e90c0-155c-596b-aaa6-0c0619bc80e1,86d3dca2-5152-5ad7-ae43-709e43ab3982,2025-10-22,completed,USD
0a7016ac-ec0d-5db2-b2e2-7dbe296473de,SO-20251022-00338,62a26102-6613-5975-b5a6-f361a51ef984,118ee768-2257-5fc9-80c7-fc0361eca54b,2025-10-22,completed,USD
1c8b217d-501f-5c1a-bfa6-29066d3d782a,SO-20251022-00339,0d34bfa4-fcc6-59f8-9652-5e0affb1d4f4,5935a2ab-e820-55bf-a36c-ef0ae035c00e,2025-10-22,completed,USD
8ffac69f-dd21-58da-914d-36608869292b,SO-20251022-00340,cc917d1b-2ad4-5f02-a1bb-f34d02c724d8,ea94a58b-c854-5627-b53a-80296dac8550,2025-10-22,completed,USD
fa925611-948b-51c5-9943-ee292e91026a,SO-20251022-00341,219adb0d-08f2-5951-a5c0-5fda355c7032,720c7389-880e-5928-a765-7ad18e1dd3c3,2025-10-22,completed,USD
45687c22-01cb-5669-9dab-b7bde1a17247,SO-20251023-00342,73db0a1c-1e07-5f7a-b389-9bb44e19c3aa,d1d43115-96f8-53a1-bad2-7d9446d8e118,2025-10-23,completed,USD
f8c0e15e-d8a3-5f29-afa9-4e52b1b6664d,SO-20251023-00343,0ef49f4d-7bf6-5984-b7c6-1597a2c4f2d4,0122cfd5-2a20-5508-ad03-779342281d57,2025-10-23,completed,USD
125efd54-4144-56d7-8bd3-81c5522f3762,SO-20251023-00344,22f217fd-923a-58e0-87e4-7840e9984351,f1511ed8-40f6-544e-a21d-9ab52d3f1a34,2025-10-23,completed,USD
adb03def-69e3-5eb8-812c-5e1878bb7ea4,SO-20251024-00345,537c53b7-a6d7-5e3b-bf4c-d9d10b7d265d,60616d64-bde6-5323-8231-8cacb3eaa96d,2025-10-24,completed,USD
7c0ea418-b214-5b27-9a62-3969ea7ec0ad,SO-20251024-00346,a301724f-db9c-53d1-8e7a-a1f8196a2859,45c84ee9-d61c-56ff-858b-dd3a68c51c93,2025-10-24,completed,USD
ce8ad349-0cf6-5bb9-87a0-8688d6b0236c,SO-20251024-00347,d0912a42-5e15-50d0-bbe2-7065c5632e55,c33f2117-7695-5b57-b98a-567287832ce1,2025-10-24,shipped,USD
23afbaab-2eb0-576f-88aa-5db8139f448f,SO-20251025-00348,0c869bee-b1b5-5f47-9bd4-287fb4f684a7,86d3dca2-5152-5ad7-ae43-709e43ab3982,2025-10-25,completed,USD
949aae4e-df55-597b-a8a0-b8f06f6b9c05,SO-20251025-00349,f8c7eff7-a4df-5068-a000-f19c3841a85b,080af047-634c-5a70-8a42-a7a196cc9cce,2025-10-25,completed,USD
76671162-26a3-59a5-9e6b-977de204bdc5,SO-20251025-00350,a19efc6f-37e7-5457-9301-3409697b7ceb,00b1eaa3-aff6-52f5-8539-ac4cb785322a,2025-10-25,completed,USD
b8f2c6be-3639-51e9-a766-d244add0043e,SO-20251026-00351,95bfaafb-a1fc-5609-ad7a-0f6ec343b951,1a8cb147-1585-587f-932d-d9ea83a26048,2025-10-26,completed,USD
8976b69a-2cb1-576c-ad11-8dbf51b86c27,SO-20251026-00352,ab14f6e6-87ff-58e4-ac00-46e50d96fddc,e95eb441-8390-5f2a-8300-5c0129b7d7a2,2025-10-26,completed,USD
fb25e17c-e4b2-5aa1-8dae-0a1b7b544f69,SO-20251026-00353,0d34bfa4-fcc6-59f8-9652-5e0affb1d4f4,e3c6ee5c-58a8-51f8-af29-bd2c65cb59c7,2025-10-26,completed,USD
2ece58b7-b344-51c5-8076-af8cda85b9ab,SO-20251027-00354,78e4723d-ded1-5a57-88c3-ec9efe2efc1e,0122cfd5-2a20-5508-ad03-779342281d57,2025-10-27,completed,USD
4d727fa9-4b56-5070-b20c-c81e5beba644,SO-20251027-00355,a0f41799-d018-5980-95cb-9d8f5c11ead0,60616d64-bde6-5323-8231-8cacb3eaa96d,2025-10-27,processing,USD
3ac90eda-1159-5b02-a529-b5730a40b5f8,SO-20251027-00356,87eaed28-29f4-55cd-9771-91e40da15720,5935a2ab-e820-55bf-a36c-ef0ae035c00e,2025-10-27,completed,USD
fd68e111-bb02-5380-a18f-f26b81ca22f7,SO-20251027-00357,74cf633d-26d0-5c3c-9200-656f0fe1bab7,d1d43115-96f8-53a1-bad2-7d9446d8e118,2025-10-27,shipped,USD
eddc830e-bfae-569d-9a15-ea240fd7df33,SO-20251027-00358,1a1d90d7-5a47-5c68-b402-61d616464e17,00b1eaa3-aff6-52f5-8539-ac4cb785322a,2025-10-27,completed,USD
937ff4e9-900a-56ba-a85d-18303a215145,SO-20251027-00359,d2f6b061-ebf1-58ea-80d0-8bba279f21c4,e95eb441-8390-5f2a-8300-5c0129b7d7a2,2025-10-27,completed,USD
b692afb1-4713-50c8-bcf1-5c5032792670,SO-20251027-00360,a0f41799-d018-5980-95cb-9d8f5c11ead0,d6c5842b-b70d-5897-8b57-947e5ff2f3a3,2025-10-27,processing,USD
0cf1c473-f31b-5906-aeb2-f4e24ec9313f,SO-20251028-00361,aa3eabe4-24b7-5773-b850-3f1255577ef8,00b1eaa3-aff6-52f5-8539-ac4cb785322a,2025-10-28,completed,USD
e85258ae-5c65-594d-9c6a-75a7a8289710,SO-20251028-00362,f01eb0d3-1237-5eb2-9493-3a08abd1d822,b43c8f02-1dcb-5f9d-af05-30c6c2153bd3,2025-10-28,completed,USD
a249cad6-d13e-5c10-9f0f-8cf4eb5f432d,SO-20251028-00363,bc9907a8-c576-5f86-9d61-076200e309c0,3a4f62a5-f7a0-56c0-bb79-7d8de38aa58f,2025-10-28,completed,USD
3a62cadc-b1c1-5617-9792-5d72fa92fd4b,SO-20251028-00364,5b77eb0f-fbc0-5382-865a-db5941867a32,3f24970e-8ea4-57ed-8660-e26444c13e5d,2025-10-28,completed,USD
84c36654-1231-55b1-9fa7-0398745a7c06,SO-20251028-00365,8ebcae03-2625-57f2-82ee-a29c3784ddea,c99464d9-22c8-5917-b9c1-871ca488eabc,2025-10-28,completed,USD
0b6bd353-9d6c-5b20-bbd5-5fdec0db822a,SO-20251028-00366,332f3a64-ba26-5dc9-88bf-4b722a6dee9d,f1511ed8-40f6-544e-a21d-9ab52d3f1a34,2025-10-28,completed,USD
a7a8c16f-1456-54e1-bf35-986496dd0827,SO-20251029-00367,4edd4353-ea41-5f28-a532-c57780412c41,dcf4314c-e3bf-59be-b647-4c36396750b1,2025-10-29,completed,USD
f06e3472-c8b0-5a5c-a6c9-441d66c6d2d7,SO-20251029-00368,65020f95-50fa-5b24-a17f-70eb235d9ae1,118ee768-2257-5fc9-80c7-fc0361eca54b,2025-10-29,shipped,USD
f8fec519-fbce-5fa6-b41a-02cd406d70ee,SO-20251029-00369,0f56079a-c587-5919-a93b-3c4cf99003e0,91ded739-a072-5e06-95f0-c2fec8339a2a,2025-10-29,completed,USD
8f40c661-0099-5e02-b928-26e789e23b32,SO-20251029-00370,55d9e34f-0219-5915-bc14-28a0ba915bd3,651eacb8-633a-519f-84a8-bdc47df160f3,2025-10-29,completed,USD
d76561a7-689b-5805-9299-7da5a4dd3bad,SO-20251029-00371,96ad2989-0a2f-5ef5-9d00-0accbe5bf499,b43c8f02-1dcb-5f9d-af05-30c6c2153bd3,2025-10-29,completed,USD
35854c6c-5f4f-554c-ab57-9f302f2f46f1,SO-20251029-00372,3dbd17c9-c1a7-5150-9f9c-032157d5e21c,1e61b996-144a-5c9f-9271-3bcf378e3ae1,2025-10-29,completed,USD
2d2dfd16-8200-5622-b569-1a506bf62e47,SO-20251029-00373,f3ca3a6f-cfe7-5169-b9ad-383c2c7a2cc8,e5a340fe-9b66-5cfe-809c-fab320a511e2,2025-10-29,completed,USD
fd9b4f43-717e-5609-a553-84ac87e7918b,SO-20251029-00374,62bdc722-1c50-5dca-97ba-fb435dd7015a,37859317-2dbb-5c62-97d3-49217bdf045c,2025-10-29,completed,USD
edb7390c-55bb-5570-a62c-d788edc9a532,SO-20251030-00375,12ebb61a-7a75-5376-aab2-7ceb1eeaaa74,1e61b996-144a-5c9f-9271-3bcf378e3ae1,2025-10-30,completed,USD
2e41c526-7525-5a2d-a9bd-11aa177a3581,SO-20251030-00376,820f14e9-3ca8-5809-ad98-f704954f8e55,f7b726d6-d8b2-53bd-977c-4a572be5deb2,2025-10-30,completed,USD
c7178e86-b4a4-54e4-a141-d2b22fa10428,SO-20251030-00377,e366214c-6aa6-5aee-8dc2-20932cc4fea2,1e61b996-144a-5c9f-9271-3bcf378e3ae1,2025-10-30,completed,USD
3643a8e5-d3a1-5780-ae1d-9a0ed02db1eb,SO-20251030-00378,3326515d-41a7-58a9-907c-e06089fa01c5,d6c5842b-b70d-5897-8b57-947e5ff2f3a3,2025-10-30,completed,USD
c1b06c34-7630-508b-970e-c20b4fdf2e2c,SO-20251030-00379,dbca9ad4-77ae-5d51-b3ca-657cf0356913,0122cfd5-2a20-5508-ad03-779342281d57,2025-10-30,cancelled,USD
9f909205-9b8d-5a51-a0c7-ec7d78834acf,SO-20251030-00380,14197d23-e062-50bc-baa6-3a2c3694a28c,49ea2856-023c-5ffd-b3bf-82960190c959,2025-10-30,cancelled,USD
3177ccbd-65af-57af-b053-f8e1f66874a0,SO-20251031-00381,6ad6d4cf-225a-5827-8d44-2584bc83022a,05970209-0410-562d-a0ac-22a01e4f9690,2025-10-31,completed,USD
cb028ea5-9c1b-52a5-9901-e980080ccba9,SO-20251031-00382,98720647-5e5b-52f7-b8a1-84433d1df38e,1a8cb147-1585-587f-932d-d9ea83a26048,2025-10-31,completed,USD
51732202-96df-51db-9486-8b4d003a49cf,SO-20251031-00383,a834bea2-ce91-50c8-9038-7c4a38933628,651eacb8-633a-519f-84a8-bdc47df160f3,2025-10-31,completed,USD
a010dd51-45fe-5aec-92b9-074eb0c14a8c,SO-20251031-00384,328c00d1-8d31-56fc-b118-f14451e8e83e,29f89627-9934-5916-acef-ed156172909d,2025-10-31,completed,USD
be257cb8-9849-56c3-b512-4538b3410936,SO-20251031-00385,8fed6c9d-c734-5d42-9849-c4483092e717,d1d43115-96f8-53a1-bad2-7d9446d8e118,2025-10-31,processing,USD
46464f76-d7ae-5399-8758-745da8a03bea,SO-20251031-00386,1888901a-2aa8-5cf0-afb6-d48a0822f2c1,ea94a58b-c854-5627-b53a-80296dac8550,2025-10-31,completed,USD
3a87c1c1-1b1b-56c9-ada1-2b305ea3bb6d,SO-20251101-00387,1191f25c-c545-5e25-8e7a-b2817afc5cf0,c99464d9-22c8-5917-b9c1-871ca488eabc,2025-11-01,completed,USD
6ab035bf-3076-501d-aac6-820e43d8ee26,SO-20251101-00388,fdd1bf33-4026-5da5-8c98-a828d9ec7319,e3c6ee5c-58a8-51f8-af29-bd2c65cb59c7,2025-11-01,completed,USD
d7d4cceb-1af5-522b-b8dd-156f8f635ceb,SO-20251102-00389,aa3eabe4-24b7-5773-b850-3f1255577ef8,c99464d9-22c8-5917-b9c1-871ca488eabc,2025-11-02,processing,USD
4bc3e7d0-55f1-5eb3-a278-6dbfa0a9cc19,SO-20251102-00390,1888901a-2aa8-5cf0-afb6-d48a0822f2c1,c99464d9-22c8-5917-b9c1-871ca488eabc,2025-11-02,completed,USD
65ce7313-6f61-53c8-8e94-f5860e27d5b5,SO-20251102-00391,820f14e9-3ca8-5809-ad98-f704954f8e55,1a8cb147-1585-587f-932d-d9ea83a26048,2025-11-02,completed,USD
86c6f0ed-8a98-5100-a9db-fb6f0c6e342f,SO-20251103-00392,bfe531f3-7881-5f16-b241-20f069111509,5935a2ab-e820-55bf-a36c-ef0ae035c00e,2025-11-03,cancelled,USD
cbe77a79-9c01-531b-b2f6-7062b3a75e3a,SO-20251103-00393,54a27e6d-c7bf-5812-880e-1ed91c4da5a7,e8de5e72-dfef-5439-a069-3da83d10c24b,2025-11-03,completed,USD
373755bb-e742-5fc7-9d69-daad0427b10a,SO-20251103-00394,411954a7-3aa4-5061-a453-0ceb1c8258f7,e5a340fe-9b66-5cfe-809c-fab320a511e2,2025-11-03,completed,USD
59a652c4-c1d6-518d-87b7-f34b8ec10e40,SO-20251103-00395,ba75f812-6df0-51cd-974c-2c3e45c78227,86d3dca2-5152-5ad7-ae43-709e43ab3982,2025-11-03,completed,USD
82f27ca9-30eb-5196-9063-05ed9cdd4a1a,SO-20251104-00396,326b78f7-ab16-5357-b19e-c4fe014ff6e4,5935a2ab-e820-55bf-a36c-ef0ae035c00e,2025-11-04,completed,USD
eb440f8c-9383-5683-a2fc-8ae86d22a462,SO-20251104-00397,a0f41799-d018-5980-95cb-9d8f5c11ead0,00b1eaa3-aff6-52f5-8539-ac4cb785322a,2025-11-04,completed,USD
58c29ef3-0904-541f-8e05-ae893353f9ea,SO-20251104-00398,af5889bd-793d-5c81-8fd4-248376e371a9,86d3dca2-5152-5ad7-ae43-709e43ab3982,2025-11-04,completed,USD
f1d1d983-e97c-53c5-8b88-f4e56b620a27,SO-20251104-00399,5ad01617-30cc-5924-9145-9331df0736c8,8b8ac295-ff38-552a-a208-339acee0cbf8,2025-11-04,completed,USD
f74c4d0f-ba59-5dc4-a924-5f11fb3659bf,SO-20251104-00400,2c1841c7-6bab-59e0-aef7-bcda2f80dd86,86d3dca2-5152-5ad7-ae43-709e43ab3982,2025-11-04,completed,USD
b5b6186a-bb3a-52e4-824f-1e869af44f77,SO-20251105-00401,0b2f3f22-e79e-5501-a57c-833467001154,008aa683-c142-586d-8cba-7423f86323a7,2025-11-05,completed,USD
a2bbeb48-3f75-58ee-b500-a59ef3476071,SO-20251105-00402,5eec2e12-42ee-500b-9664-ed7cef2230f3,d01beb24-6f80-5c71-a71d-d3854411ab72,2025-11-05,completed,USD
0098f1bb-eb44-5dd5-a9c0-48273411d503,SO-20251105-00403,71bffb0b-1248-57ce-bee3-6f5ef54b1bfc,5935a2ab-e820-55bf-a36c-ef0ae035c00e,2025-11-05,completed,USD
76861214-d418-50ab-b4c4-bc1ece726a3c,SO-20251105-00404,da6b5bde-41d2-57db-9bb6-3906939e5897,1db4a92b-a015-5bef-b875-c0931951c17a,2025-11-05,completed,USD
112f10e4-fc49-56b3-bfc0-4b9551327c18,SO-20251105-00405,299dee56-6ce6-5e19-82f2-22a504a2ef83,05970209-0410-562d-a0ac-22a01e4f9690,2025-11-05,completed,USD
6c3a398b-af38-513e-bd8b-d9e345916cad,SO-20251105-00406,14ed1888-e5c8-56b2-987f-eaadbbd628a8,b43c8f02-1dcb-5f9d-af05-30c6c2153bd3,2025-11-05,completed,USD
d4408b56-066d-53fb-94c6-db39e8c1c78c,SO-20251106-00407,d9654a4c-376a-5bc2-92ca-51f4276b990a,3f24970e-8ea4-57ed-8660-e26444c13e5d,2025-11-06,completed,USD
6b33b011-c16d-52ec-87e5-e88a10cdc0ac,SO-20251106-00408,30a44f7a-d5a3-5e4b-9a31-9eaf120064ca,0122cfd5-2a20-5508-ad03-779342281d57,2025-11-06,completed,USD
c5315263-dabd-567f-8f14-8898baa946f9,SO-20251106-00409,f0b39e46-c4d5-54bb-a075-5a9a7c87f516,dc883f2f-eb02-53a1-90cb-467dbf6ff455,2025-11-06,shipped,USD
774d3c79-18a4-5e9f-b18a-e6991e41188e,SO-20251106-00410,811abe48-1457-5c11-8bad-e4667903f9c3,f07cf853-c39a-5a4a-ba49-9c85935326bc,2025-11-06,completed,USD
8120460f-78b6-558a-b291-e684c2f34dd7,SO-20251107-00411,4045a68b-1241-5c21-8e3a-549371864bb8,e95eb441-8390-5f2a-8300-5c0129b7d7a2,2025-11-07,completed,USD
5f6afc98-bf40-54b3-8b15-57b90652f4f7,SO-20251107-00412,ebbe7ebd-6675-5967-8807-1e99ebe9f4d5,d01beb24-6f80-5c71-a71d-d3854411ab72,2025-11-07,shipped,USD
009b206e-474d-55e6-a1d7-03c5ae2e9b58,SO-20251107-00413,36c082a8-15a4-56eb-8b03-66465706414f,1a8cb147-1585-587f-932d-d9ea83a26048,2025-11-07,completed,USD
ba02ada2-52c3-553a-ba32-1da7181e06d8,SO-20251107-00414,9c5ba231-ce4c-5e72-9ae8-025ae5a06908,e35ba822-27e1-5a54-9b0a-89a1cde4c322,2025-11-07,completed,USD
9f1afd28-98cd-525c-9449-f60eb84b6852,SO-20251107-00415,0f77fa23-6a98-5f4c-a249-8a889a41687d,3a4f62a5-f7a0-56c0-bb79-7d8de38aa58f,2025-11-07,completed,USD
703c6d90-d8c7-504d-8a50-b903da76d7c3,SO-20251107-00416,4a6aa6c3-8918-55e9-8cf5-39e8142be9c1,91ded739-a072-5e06-95f0-c2fec8339a2a,2025-11-07,shipped,USD
dbbcf264-589b-5bd4-965f-cb02088141d4,SO-20251108-00417,0f56079a-c587-5919-a93b-3c4cf99003e0,651eacb8-633a-519f-84a8-bdc47df160f3,2025-11-08,completed,USD
f3b3f1cf-e229-5955-806e-e2ad784fc173,SO-20251108-00418,86682e2f-ff0a-52dc-81ef-2af7bd616176,29f89627-9934-5916-acef-ed156172909d,2025-11-08,completed,USD
ecf85981-10c6-5e24-9265-c69986d02266,SO-20251109-00419,320fdc16-d569-5a9b-9ab3-f605ebdf7411,3a4f62a5-f7a0-56c0-bb79-7d8de38aa58f,2025-11-09,completed,USD
273c101a-9975-523e-a3e9-f35e733d814d,SO-20251109-00420,41ac330f-ba74-5e82-a265-9bd30e071559,c99464d9-22c8-5917-b9c1-871ca488eabc,2025-11-09,completed,USD
87bc2c66-3fd1-5163-b91d-23945569d248,SO-20251109-00421,d8ec780d-d529-5e46-9ba8-c938ad38acc1,dc883f2f-eb02-53a1-90cb-467dbf6ff455,2025-11-09,cancelled,USD
a6c680f7-7d8f-5fcc-a634-175dee7a7e6c,SO-20251110-00422,8f1ae530-27a9-5f1b-a497-89b9e2010b99,118ee768-2257-5fc9-80c7-fc0361eca54b,2025-11-10,completed,USD
47c39db9-1460-5ce9-b5a8-8a72354cd9fd,SO-20251110-00423,35b16062-11a6-5c7b-bb2c-1728ff821eb0,f07cf853-c39a-5a4a-ba49-9c85935326bc,2025-11-10,completed,USD
e67e0a2c-f59c-59d0-a4a1-49a1d9daa2ca,SO-20251110-00424,022518fc-c9ab-5ab7-89f9-7077b5801b6f,080af047-634c-5a70-8a42-a7a196cc9cce,2025-11-10,completed,USD
f976447e-9b39-544c-913a-172bfd02743a,SO-20251110-00425,c83368bd-2297-5133-898c-f2e1d3e97285,b43c8f02-1dcb-5f9d-af05-30c6c2153bd3,2025-11-10,completed,USD
452c473e-9e14-5210-bf7f-ca6f86d48c7a,SO-20251110-00426,f602a6a2-3a5a-50db-8935-3d2a6f4c76e3,0122cfd5-2a20-5508-ad03-779342281d57,2025-11-10,completed,USD
7386355a-733e-5870-91c6-c998bdb5bcd5,SO-20251110-00427,98040fa4-e3e2-5e47-ba22-98dddec004f3,c33f2117-7695-5b57-b98a-567287832ce1,2025-11-10,completed,USD
7db33673-81c6-5cce-a443-c341da65c7ee,SO-20251110-00428,d6aa22ab-3615-5c51-bbf3-9de40c1c9fab,e5a340fe-9b66-5cfe-809c-fab320a511e2,2025-11-10,shipped,USD
535ded8c-704c-58f7-9434-52442f9915c9,SO-20251110-00429,4bdf7145-d5e2-5aca-a2cf-ead963af7d49,d1d43115-96f8-53a1-bad2-7d9446d8e118,2025-11-10,completed,USD
23cc8650-7513-5e3d-8547-1495f635812b,SO-20251111-00430,54d84529-df9a-5737-ad18-6954910821d6,45c84ee9-d61c-56ff-858b-dd3a68c51c93,2025-11-11,completed,USD
5e1f8e41-9477-5247-94b4-1ed0a831d5e6,SO-20251111-00431,40514aaa-f2d7-54e1-925b-f96e2ce00054,29f89627-9934-5916-acef-ed156172909d,2025-11-11,completed,USD
b81bdba3-ac68-566a-ad9b-e14542e35c5a,SO-20251111-00432,306f57ff-40e0-510d-a6d4-f7d03b736925,b43c8f02-1dcb-5f9d-af05-30c6c2153bd3,2025-11-11,completed,USD
9a7570ab-f433-5960-b6c3-3e080a89c78b,SO-20251111-00433,038b44e4-f191-5366-b99c-2c5aeddbb13b,05970209-0410-562d-a0ac-22a01e4f9690,2025-11-11,shipped,USD
1ded50e2-e45a-5123-8a2d-f9792ed4403b,SO-20251111-00434,492571cd-6c54-530b-8ecd-49c381ce4c96,080af047-634c-5a70-8a42-a7a196cc9cce,2025-11-11,completed,USD
688be6da-5bcf-54a4-8b9c-b32611743e60,SO-20251112-00435,a7b7d28d-8038-5a31-9253-199e0498df20,0122cfd5-2a20-5508-ad03-779342281d57,2025-11-12,completed,USD
4e22f648-0bf0-5cf0-8460-9d7b440fccea,SO-20251112-00436,c4156948-f677-5af4-a0de-d5141492c2fc,f07cf853-c39a-5a4a-ba49-9c85935326bc,2025-11-12,processing,USD
d0203e83-373f-58ba-85c1-433124b2d291,SO-20251112-00437,0501d962-3f43-51c1-b425-2ddc365d5054,37859317-2dbb-5c62-97d3-49217bdf045c,2025-11-12,cancelled,USD
27da650b-ea95-5f43-8bab-cd831b70226b,SO-20251112-00438,aa3eabe4-24b7-5773-b850-3f1255577ef8,080af047-634c-5a70-8a42-a7a196cc9cce,2025-11-12,processing,USD
e4280843-9dec-50fb-9ec1-57b57b6dc655,SO-20251112-00439,2a8cbd56-0a98-594a-a572-aa5c527c3a0c,e35ba822-27e1-5a54-9b0a-89a1cde4c322,2025-11-12,completed,USD
3ee96387-9669-5eb2-8357-c53178387f7b,SO-20251112-00440,692b1e81-f08c-5c9d-b5c5-bfb5e52305cc,113cd4ad-991e-5b3e-884a-1e169847c916,2025-11-12,completed,USD
b1252361-91b9-562d-aafd-15e1cad88d38,SO-20251113-00441,98c4b38d-c8fd-5043-ac5f-38ada8b0589c,1e61b996-144a-5c9f-9271-3bcf378e3ae1,2025-11-13,completed,USD
8a58e6eb-b44c-5350-a427-c72456b32d98,SO-20251113-00442,0d8c7000-8d7b-5c36-86a5-0d82acadddc2,118ee768-2257-5fc9-80c7-fc0361eca54b,2025-11-13,completed,USD
24079828-c68d-59e6-83a6-22b171ccc71c,SO-20251113-00443,56f4c86f-4e04-5b9c-8202-c386fedc6c3d,c33f2117-7695-5b57-b98a-567287832ce1,2025-11-13,cancelled,USD
5da4d7ea-a736-51f7-9145-884a5030c54f,SO-20251114-00444,b636ccbb-5496-5fc0-a0e8-01a14ef0aea5,651eacb8-633a-519f-84a8-bdc47df160f3,2025-11-14,completed,USD
20d9b7b5-ce72-522d-8d72-cc46e7fb44bc,SO-20251114-00445,38dedefe-ab38-5ff1-b6cc-24a5f4e95f8c,3f24970e-8ea4-57ed-8660-e26444c13e5d,2025-11-14,completed,USD
eb86d94e-2661-5214-a1d8-fb65d2167a87,SO-20251114-00446,e45ca602-8e8b-569b-a3d0-0ca587abad08,91ded739-a072-5e06-95f0-c2fec8339a2a,2025-11-14,completed,USD
8858cfea-0706-597f-836b-1a68b26c45d8,SO-20251114-00447,2467f2db-4a4a-5856-9a40-f2a6fb9df68b,f7b726d6-d8b2-53bd-977c-4a572be5deb2,2025-11-14,completed,USD
6782b742-d00c-56e4-8495-a3a08d59d436,SO-20251114-00448,e67cb05f-774e-56d3-92c5-d1c5b33ddb46,c99464d9-22c8-5917-b9c1-871ca488eabc,2025-11-14,completed,USD
cbafc7bd-89db-5eda-addb-0c621d708647,SO-20251114-00449,be07142d-7058-522d-b8dd-7fc784639659,1db4a92b-a015-5bef-b875-c0931951c17a,2025-11-14,completed,USD
69314684-0d95-5bdb-8a8a-03031482b320,SO-20251114-00450,f15b9a43-7cbc-58dc-82db-d266c5f7afb5,720c7389-880e-5928-a765-7ad18e1dd3c3,2025-11-14,completed,USD
50d22244-caac-573b-9dc4-a54742b9d4dd,SO-20251114-00451,a7b7d28d-8038-5a31-9253-199e0498df20,1db4a92b-a015-5bef-b875-c0931951c17a,2025-11-14,completed,USD
8a6fda56-8d62-579b-ac68-27fad027bd76,SO-20251115-00452,d0912a42-5e15-50d0-bbe2-7065c5632e55,008aa683-c142-586d-8cba-7423f86323a7,2025-11-15,completed,USD
3d577760-62fb-5f66-bb8f-0f2ab5b62cd3,SO-20251115-00453,7130589f-8f9f-5b9b-bdd0-ddfc15e09956,d1d43115-96f8-53a1-bad2-7d9446d8e118,2025-11-15,processing,USD
1f3beaf8-5669-5e1b-95ef-3f9f23f0821a,SO-20251116-00454,93bf04d9-8e55-5311-acba-bb55bb0a74b1,3a4f62a5-f7a0-56c0-bb79-7d8de38aa58f,2025-11-16,cancelled,USD
5cd27240-2d45-5514-b5e4-e2985129f0f6,SO-20251116-00455,b24f3844-d851-58bf-96a0-1484395ce08c,29f89627-9934-5916-acef-ed156172909d,2025-11-16,processing,USD
c243b57b-f57e-58b0-a2fd-a18caca25b73,SO-20251116-00456,01e5eb13-be9c-50d0-90dd-28a9cce2c901,720c7389-880e-5928-a765-7ad18e1dd3c3,2025-11-16,completed,USD
131c9eb6-0664-5073-bca6-b3aae62ad23a,SO-20251117-00457,3e5f5099-ba24-593a-8a19-ef985a01e7bc,080af047-634c-5a70-8a42-a7a196cc9cce,2025-11-17,processing,USD
bde8b5ce-5517-5a2d-a916-a1f249c64428,SO-20251117-00458,44f662d2-5cf7-5f6a-ba8a-b043ec347536,3a4f62a5-f7a0-56c0-bb79-7d8de38aa58f,2025-11-17,completed,USD
03db4195-9508-52e2-8d86-3492eb1620ac,SO-20251117-00459,c3ea99b8-8b78-52eb-9fbc-defb149ad98e,3f24970e-8ea4-57ed-8660-e26444c13e5d,2025-11-17,shipped,USD
0cbbf851-70b3-556a-a5e7-c6079aa9916e,SO-20251117-00460,0fae5ac6-afb9-5b81-99c4-d80d51446c73,45c84ee9-d61c-56ff-858b-dd3a68c51c93,2025-11-17,completed,USD
368e1b83-ae59-5ae4-99ba-df590a66a565,SO-20251117-00461,b5c5e541-d869-59b6-bb0f-690aae22a20d,05970209-0410-562d-a0ac-22a01e4f9690,2025-11-17,completed,USD
ec40068a-426c-5839-b758-923ea590b40c,SO-20251117-00462,9a47fbec-2eb1-5aa9-978a-b7ecfe7e3013,f1511ed8-40f6-544e-a21d-9ab52d3f1a34,2025-11-17,completed,USD
7c241a65-ba34-58ad-bdc8-a4f5c8023eda,SO-20251117-00463,abcf2b63-66d8-582c-a587-08010c4be1d4,49ea2856-023c-5ffd-b3bf-82960190c959,2025-11-17,shipped,USD
931b962e-ee42-5fc0-8b26-0443e0c431dc,SO-20251117-00464,e92ebbd6-5163-5470-8264-b84780f6f521,d6c5842b-b70d-5897-8b57-947e5ff2f3a3,2025-11-17,completed,USD
9e6144a8-da9c-5306-8c4e-a14c80622777,SO-20251118-00465,299dee56-6ce6-5e19-82f2-22a504a2ef83,113cd4ad-991e-5b3e-884a-1e169847c916,2025-11-18,completed,USD
f6eac54a-e42b-5a54-8ea2-31aab13a14d7,SO-20251118-00466,2fcd5fdd-2d0c-5819-a291-64fefad299fd,1db4a92b-a015-5bef-b875-c0931951c17a,2025-11-18,completed,USD
ae47ed1b-73d5-59dd-b81d-db77fb1a45b9,SO-20251118-00467,a48fbd90-693e-5449-bbfb-d34c370d27bb,3a4f62a5-f7a0-56c0-bb79-7d8de38aa58f,2025-11-18,shipped,USD
98f94a2a-82e1-51e6-adfa-d1b31671f179,SO-20251118-00468,553c1b99-7077-5bc3-b1fe-ff6ea738e56c,0122cfd5-2a20-5508-ad03-779342281d57,2025-11-18,completed,USD
decf3346-3d5c-5c3c-8cc0-b61bfc90fb9b,SO-20251118-00469,1d3846cd-4352-506c-a7ab-f5bec4f3f116,60616d64-bde6-5323-8231-8cacb3eaa96d,2025-11-18,completed,USD
59e0420e-9cda-5e2c-97dc-2c883e269b88,SO-20251118-00470,2630094e-3017-5eb7-a597-40f99100a14c,651eacb8-633a-519f-84a8-bdc47df160f3,2025-11-18,cancelled,USD
10522b31-3fad-5623-aeed-a98336cedd6b,SO-20251118-00471,5b9a240a-08cf-5146-92b8-dc12785af04d,118ee768-2257-5fc9-80c7-fc0361eca54b,2025-11-18,shipped,USD
a2c0f107-1ad1-5036-8238-7ff93ff5a40f,SO-20251118-00472,81243744-dd13-5a29-aa58-34fe371a7b6a,e3c6ee5c-58a8-51f8-af29-bd2c65cb59c7,2025-11-18,completed,USD
7e651e51-26f8-5b71-976e-cb387100d52c,SO-20251119-00473,57f7533b-b4e4-5587-922e-aaede6234691,d1d43115-96f8-53a1-bad2-7d9446d8e118,2025-11-19,processing,USD
080b1c1e-985b-521c-87fd-08d92d862c9d,SO-20251119-00474,a98419ea-5e76-56d6-b39c-febe5a5fe8ff,60616d64-bde6-5323-8231-8cacb3eaa96d,2025-11-19,processing,USD
02a9bb93-5602-501e-9881-8cc1e90edb88,SO-20251119-00475,2c1841c7-6bab-59e0-aef7-bcda2f80dd86,05970209-0410-562d-a0ac-22a01e4f9690,2025-11-19,shipped,USD
5931ee40-3620-5356-b6e8-2661e4c9fc34,SO-20251119-00476,005ffe4b-0e2f-53cd-acdb-4bfb76bb1b72,8b8ac295-ff38-552a-a208-339acee0cbf8,2025-11-19,completed,USD
845e79c8-2c96-50b3-9816-6c1aae13eb8f,SO-20251119-00477,b0d9dc71-db6b-54ca-83de-6f0bb41b90d3,f7b726d6-d8b2-53bd-977c-4a572be5deb2,2025-11-19,completed,USD
e262723d-f960-5e9e-95f8-3a4403ed5210,SO-20251119-00478,f15b9a43-7cbc-58dc-82db-d266c5f7afb5,c33f2117-7695-5b57-b98a-567287832ce1,2025-11-19,completed,USD
0ee2fd46-da83-56d6-87af-bf7e75b76368,SO-20251120-00479,5b8abb09-4a9c-53c0-af7e-2b86d19dd652,f07cf853-c39a-5a4a-ba49-9c85935326bc,2025-11-20,completed,USD
10c2c590-8598-5383-b157-44eabb29e290,SO-20251120-00480,389102bb-679b-54d2-a322-bd281ba8e916,05970209-0410-562d-a0ac-22a01e4f9690,2025-11-20,completed,USD
254342df-3bd9-5cda-81aa-1f0d01d66d6a,SO-20251120-00481,1afc74f0-729e-53a4-89fa-30228c710657,45c84ee9-d61c-56ff-858b-dd3a68c51c93,2025-11-20,completed,USD
c789cf6e-a07d-5825-85cb-acca55652660,SO-20251120-00482,66174413-8e10-5c51-b577-3068e8d05432,f7b726d6-d8b2-53bd-977c-4a572be5deb2,2025-11-20,completed,USD
058367b5-8437-5f8c-8991-ea504628e893,SO-20251120-00483,700fe391-76f6-58a4-a880-f59a4a5ad740,008aa683-c142-586d-8cba-7423f86323a7,2025-11-20,completed,USD
1879a7c4-87bc-5162-84e6-6d7b0c178ac4,SO-20251121-00484,c83368bd-2297-5133-898c-f2e1d3e97285,113cd4ad-991e-5b3e-884a-1e169847c916,2025-11-21,completed,USD
c1d5fb06-6853-5319-8773-c13c5929fe8a,SO-20251121-00485,ce0413ce-813a-5b58-badb-103775b6d962,f1511ed8-40f6-544e-a21d-9ab52d3f1a34,2025-11-21,completed,USD
a2e9a528-41c6-59df-8338-f059b11249bd,SO-20251121-00486,0f56079a-c587-5919-a93b-3c4cf99003e0,e8de5e72-dfef-5439-a069-3da83d10c24b,2025-11-21,completed,USD
5dc906d5-74f4-5b44-9f75-507d65a4d2d2,SO-20251122-00487,d5688502-59d2-59ea-9155-1859535acf44,05970209-0410-562d-a0ac-22a01e4f9690,2025-11-22,shipped,USD
84f11fb3-aa3d-5c9c-9a21-458cfcf565ce,SO-20251122-00488,a6f70166-edcc-569f-adb2-32e1010cdc1e,1e61b996-144a-5c9f-9271-3bcf378e3ae1,2025-11-22,completed,USD
34a1cc36-e854-59a4-a8bc-35647825f361,SO-20251122-00489,9b5e283a-de19-5c2b-86ae-74edf53feb32,ea94a58b-c854-5627-b53a-80296dac8550,2025-11-22,processing,USD
5b6adccf-87bd-54d0-a368-30aedfdf1616,SO-20251123-00490,af5889bd-793d-5c81-8fd4-248376e371a9,3f24970e-8ea4-57ed-8660-e26444c13e5d,2025-11-23,completed,USD
98957c44-40e5-5db0-936d-9a6310fec581,SO-20251123-00491,dc28ddad-a1b2-5fb6-8f6b-159e35a70ab1,e3c6ee5c-58a8-51f8-af29-bd2c65cb59c7,2025-11-23,completed,USD
541f48e7-6034-5cc0-b333-7d3edac2e8cc,SO-20251124-00492,efc6d6e2-3820-5513-8123-558be8fd8390,e95eb441-8390-5f2a-8300-5c0129b7d7a2,2025-11-24,processing,USD
02e3c964-3236-57a5-ab54-e0be0131aa5f,SO-20251124-00493,d30c325b-2b58-5f3b-a941-2b9af3f064ce,e5a340fe-9b66-5cfe-809c-fab320a511e2,2025-11-24,completed,USD
9a91896a-9333-57b8-a75e-b604c5314bff,SO-20251124-00494,a7b7d28d-8038-5a31-9253-199e0498df20,b43c8f02-1dcb-5f9d-af05-30c6c2153bd3,2025-11-24,completed,USD
412416ee-57e7-5625-831a-a1aaeb3220fe,SO-20251124-00495,7e4272d4-f864-5687-b0cf-72e011a55fc2,118ee768-2257-5fc9-80c7-fc0361eca54b,2025-11-24,completed,USD
622e6a0d-b996-51f6-a0bb-a359ab21932c,SO-20251124-00496,983d05f9-03e8-5e36-b2ac-6f84e0fad364,8b8ac295-ff38-552a-a208-339acee0cbf8,2025-11-24,completed,USD
1c472705-3bfb-5339-874e-c43304ba8ec4,SO-20251125-00497,d8ec780d-d529-5e46-9ba8-c938ad38acc1,f7b726d6-d8b2-53bd-977c-4a572be5deb2,2025-11-25,processing,USD
d03c2fe5-1b02-5082-a3b2-eb7166fcee10,SO-20251125-00498,2fcd5fdd-2d0c-5819-a291-64fefad299fd,f1511ed8-40f6-544e-a21d-9ab52d3f1a34,2025-11-25,completed,USD
99fc4c84-444f-5b99-830f-855b7a39f10f,SO-20251125-00499,3e5f5099-ba24-593a-8a19-ef985a01e7bc,f1511ed8-40f6-544e-a21d-9ab52d3f1a34,2025-11-25,shipped,USD
5f76a71b-f7a8-5d3d-b804-0d2343b760ee,SO-20251125-00500,24fa888d-84ed-513a-9ee9-a92f4f6ade86,5935a2ab-e820-55bf-a36c-ef0ae035c00e,2025-11-25,shipped,USD
4ded3775-6ae5-51c8-a9db-61c9c32ca091,SO-20251126-00501,0ed325ad-dc2c-56e0-bd0f-314849308cd2,05970209-0410-562d-a0ac-22a01e4f9690,2025-11-26,cancelled,USD
51406d3d-b49b-5fc0-b625-e35d61f8eb81,SO-20251126-00502,411e90c0-155c-596b-aaa6-0c0619bc80e1,60616d64-bde6-5323-8231-8cacb3eaa96d,2025-11-26,completed,USD
005c2cfa-914c-5317-85ac-0661db74915a,SO-20251126-00503,983d05f9-03e8-5e36-b2ac-6f84e0fad364,dc883f2f-eb02-53a1-90cb-467dbf6ff455,2025-11-26,completed,USD
fa459393-478c-5037-9b09-c24a9d78457c,SO-20251127-00504,74443b9c-c37e-521d-9d96-fbf0604f7124,e3c6ee5c-58a8-51f8-af29-bd2c65cb59c7,2025-11-27,completed,USD
dbb913b8-beb0-5827-bffc-619534717805,SO-20251127-00505,b7ca9756-55ff-5e43-9cb1-9cbab905e9db,37859317-2dbb-5c62-97d3-49217bdf045c,2025-11-27,completed,USD
1f7066b9-3f18-5d91-950c-0098c0eace4d,SO-20251127-00506,93284c51-89ec-5b3a-9213-6c86ea224de2,05970209-0410-562d-a0ac-22a01e4f9690,2025-11-27,completed,USD
637c735f-6bdb-576d-b728-a4b3658592ba,SO-20251128-00507,2cbc0a20-b6e1-5bfa-aacc-ddf987a5613a,49ea2856-023c-5ffd-b3bf-82960190c959,2025-11-28,completed,USD
8e5a64c1-7c13-5e87-8cc5-252ed7a9200e,SO-20251128-00508,c3d964c3-64c5-5f24-bdaf-3aceb8ad6485,37859317-2dbb-5c62-97d3-49217bdf045c,2025-11-28,completed,USD
11dd77f9-3f82-5515-92d5-e5aa08fdb648,SO-20251128-00509,d0912a42-5e15-50d0-bbe2-7065c5632e55,f07cf853-c39a-5a4a-ba49-9c85935326bc,2025-11-28,completed,USD
388969bb-484f-5a4e-84ec-bdd4dd91a35a,SO-20251129-00510,e483cfea-9d2d-52b7-92b3-54c40b036175,651eacb8-633a-519f-84a8-bdc47df160f3,2025-11-29,completed,USD
fa96cb48-92f9-50a5-b765-02800e7dad71,SO-20251129-00511,c89828a6-9f17-55e0-be6e-63697f108439,e3c6ee5c-58a8-51f8-af29-bd2c65cb59c7,2025-11-29,completed,USD
36df5320-ead9-5256-a32b-78d1a5bba9df,SO-20251129-00512,f71423cb-38e5-59b6-ba2e-a49c11cf652a,e5a340fe-9b66-5cfe-809c-fab320a511e2,2025-11-29,completed,USD
2f5bd14c-0634-5123-9aed-884f271ca3a9,SO-20251130-00513,1528185b-cf40-5ae0-bf34-08cf9ed4d3d3,60616d64-bde6-5323-8231-8cacb3eaa96d,2025-11-30,completed,USD
f83ce77c-803b-5a4b-922c-1db338c18503,SO-20251201-00514,ea1db81d-517d-59e1-9029-bf062d02a015,d6c5842b-b70d-5897-8b57-947e5ff2f3a3,2025-12-01,completed,USD
d645cfeb-809c-5aec-91b9-2382c8b09216,SO-20251201-00515,299dee56-6ce6-5e19-82f2-22a504a2ef83,1a8cb147-1585-587f-932d-d9ea83a26048,2025-12-01,completed,USD
68569dd5-ecc9-5bbb-a656-cba5c5f2bfa1,SO-20251201-00516,f65d0b29-8605-52d2-bb1f-457c9ee2abac,f07cf853-c39a-5a4a-ba49-9c85935326bc,2025-12-01,completed,USD
f692598f-eba8-5014-a2ae-88ceba1edaa0,SO-20251201-00517,8fed6c9d-c734-5d42-9849-c4483092e717,8b8ac295-ff38-552a-a208-339acee0cbf8,2025-12-01,completed,USD
cb5a3f41-35c8-54d6-8228-44f1ad7b4e3e,SO-20251201-00518,8baf19c7-db64-5221-93e0-52e621bdd5a6,1e61b996-144a-5c9f-9271-3bcf378e3ae1,2025-12-01,completed,USD
49083508-3871-5aea-ba75-0465efa22839,SO-20251201-00519,4a6aa6c3-8918-55e9-8cf5-39e8142be9c1,d01beb24-6f80-5c71-a71d-d3854411ab72,2025-12-01,completed,USD
f017594e-521d-5509-815a-dfc39ee86d6b,SO-20251202-00520,88e5084f-966c-54ad-ac34-25c62330bc2f,dcf4314c-e3bf-59be-b647-4c36396750b1,2025-12-02,completed,USD
c9b4a21b-499f-574c-bd3a-2ebe1b3ce2f1,SO-20251202-00521,81af2ab0-055e-50df-83a2-49b78ffd7097,e95eb441-8390-5f2a-8300-5c0129b7d7a2,2025-12-02,completed,USD
18e1ba96-8907-5a02-b5f3-5f623941a500,SO-20251202-00522,299dee56-6ce6-5e19-82f2-22a504a2ef83,05970209-0410-562d-a0ac-22a01e4f9690,2025-12-02,completed,USD
df1981b3-db15-5f7e-abab-4a13693c1d7e,SO-20251203-00523,0d34bfa4-fcc6-59f8-9652-5e0affb1d4f4,1a8cb147-1585-587f-932d-d9ea83a26048,2025-12-03,shipped,USD
2e280e8d-02aa-5d5d-9539-f36eac3005ad,SO-20251203-00524,490bbac0-ac53-5625-b604-7bd1ede4dddb,b43c8f02-1dcb-5f9d-af05-30c6c2153bd3,2025-12-03,completed,USD
cacdae02-de09-51ce-98bb-5090124996d0,SO-20251203-00525,71bffb0b-1248-57ce-bee3-6f5ef54b1bfc,1e61b996-144a-5c9f-9271-3bcf378e3ae1,2025-12-03,completed,USD
8db3e754-8f69-5593-b07e-84b52c804dfe,SO-20251203-00526,5ff31b67-f47a-592a-9a3a-341942e30c8e,05970209-0410-562d-a0ac-22a01e4f9690,2025-12-03,completed,USD
319cd47b-be28-5dc8-83e0-0324d3ffa99f,SO-20251203-00527,f35c94b5-66ed-5ba9-9a85-f01472c4c269,c99464d9-22c8-5917-b9c1-871ca488eabc,2025-12-03,completed,USD
6d1001fe-14f7-5371-818f-69be86fd894d,SO-20251204-00528,3d6fe6ad-62d2-5fa8-8190-6cfbf75ef15f,49ea2856-023c-5ffd-b3bf-82960190c959,2025-12-04,completed,USD
0e5df6d9-e04e-5042-a751-f7cd475bf574,SO-20251204-00529,727345d1-4693-517b-a329-04edd848b658,3a4f62a5-f7a0-56c0-bb79-7d8de38aa58f,2025-12-04,completed,USD
26c20dd7-ab06-5096-9b44-fdf222b69415,SO-20251204-00530,d37938b7-749c-5fa6-8182-e9f88d561a06,d1d43115-96f8-53a1-bad2-7d9446d8e118,2025-12-04,completed,USD
841ee56f-d91a-5c6a-911b-18053d7776e6,SO-20251204-00531,dc5fd084-70dd-5c0b-a9ac-b8e96bfb8e3a,651eacb8-633a-519f-84a8-bdc47df160f3,2025-12-04,completed,USD
a9a46831-8842-5d63-8e36-c6288b835b3d,SO-20251204-00532,f2f81d66-d8d7-5fe9-b9f5-5dca2fbd4faf,b43c8f02-1dcb-5f9d-af05-30c6c2153bd3,2025-12-04,completed,USD
99cbeacd-ec7f-567c-aa1e-0e6edce1e0d0,SO-20251204-00533,f2b634ca-cd08-51b5-bc53-6b0d79e912e1,05970209-0410-562d-a0ac-22a01e4f9690,2025-12-04,completed,USD
705e0c23-6485-55bc-99af-cd73bfb74ec7,SO-20251204-00534,939cc1b1-b2b9-5377-8a1f-b66bf84b5aab,f1511ed8-40f6-544e-a21d-9ab52d3f1a34,2025-12-04,completed,USD
7371c50a-f4f0-571b-8dad-9095a2a1759b,SO-20251204-00535,cfc45208-54c6-5988-95af-486062fd7654,d01beb24-6f80-5c71-a71d-d3854411ab72,2025-12-04,completed,USD
969677fc-0972-54d4-8ada-5e098d64d583,SO-20251205-00536,d5a937e0-465f-5545-9b29-6adefd29ce71,0122cfd5-2a20-5508-ad03-779342281d57,2025-12-05,completed,USD
d798d5cf-cd76-5ea2-ad4a-b7366d6b2937,SO-20251205-00537,8f063b1c-877c-506b-88d7-67009830268c,e8de5e72-dfef-5439-a069-3da83d10c24b,2025-12-05,completed,USD
000fb11a-9b18-594a-b4a3-056fb43c7f85,SO-20251205-00538,6c9842ff-71fb-595a-8d42-349b92031020,45c84ee9-d61c-56ff-858b-dd3a68c51c93,2025-12-05,processing,USD
3ff9a408-9bdf-5d77-98ff-1e620e7ffd7f,SO-20251205-00539,1f48efe8-c8e7-59af-8890-40a5c5019e42,e95eb441-8390-5f2a-8300-5c0129b7d7a2,2025-12-05,completed,USD
b8052dcc-1464-51c5-957a-e7b78f5bf6f8,SO-20251205-00540,913375e2-0480-5ccc-a43a-c352e976d07b,f07cf853-c39a-5a4a-ba49-9c85935326bc,2025-12-05,completed,USD
d00ab19e-9aa2-5e9a-8690-b49dc6bcd500,SO-20251205-00541,42bdf6db-1274-5c67-9c95-0386c787dcbe,e95eb441-8390-5f2a-8300-5c0129b7d7a2,2025-12-05,completed,USD
e84e6476-a572-508d-8e04-77a9318695cb,SO-20251205-00542,721afae2-f05c-5b9d-a637-08a16c97f3d1,f1511ed8-40f6-544e-a21d-9ab52d3f1a34,2025-12-05,completed,USD
5e535553-e32c-5a7d-b31f-7fc83f0b2669,SO-20251206-00543,a6f70166-edcc-569f-adb2-32e1010cdc1e,05970209-0410-562d-a0ac-22a01e4f9690,2025-12-06,completed,USD
da40df16-539a-5c8e-a00a-35df16cc0472,SO-20251206-00544,a48fbd90-693e-5449-bbfb-d34c370d27bb,c99464d9-22c8-5917-b9c1-871ca488eabc,2025-12-06,shipped,USD
7ef4f409-a87e-5194-98c0-177ac85faebb,SO-20251207-00545,3326515d-41a7-58a9-907c-e06089fa01c5,1a8cb147-1585-587f-932d-d9ea83a26048,2025-12-07,completed,USD
6f95cd58-7fc0-5d06-ab37-3cfd536e5659,SO-20251207-00546,00ec496a-96dc-5e8f-a2f4-e34e1e87ab2c,dcf4314c-e3bf-59be-b647-4c36396750b1,2025-12-07,completed,USD
413271ac-368f-55b4-ae66-07ad0d42911f,SO-20251208-00547,2a4ad27a-6ab9-51d1-be27-99feb2c2b3b4,29f89627-9934-5916-acef-ed156172909d,2025-12-08,completed,USD
327df9fc-2ce9-535a-8968-cd59f4d07f47,SO-20251208-00548,cc9131a9-5014-5684-a229-810deffab2f7,49ea2856-023c-5ffd-b3bf-82960190c959,2025-12-08,completed,USD
b89b5457-644d-5b64-9f73-01e9076df2bc,SO-20251208-00549,fefa5234-83d9-575b-a0d1-d013bef7d309,3a4f62a5-f7a0-56c0-bb79-7d8de38aa58f,2025-12-08,processing,USD
93df70cf-3b00-53c0-a36e-8a7096aef377,SO-20251208-00550,72b1e8bc-0905-5b54-9feb-da127b614396,e95eb441-8390-5f2a-8300-5c0129b7d7a2,2025-12-08,completed,USD
2d362c9b-daca-558d-9761-13b98c677e1a,SO-20251209-00551,2dc3a094-7673-5a36-8eda-09ce2921d716,1e61b996-144a-5c9f-9271-3bcf378e3ae1,2025-12-09,completed,USD
2485bcb5-4bcd-524a-9c75-b02f7da3334a,SO-20251209-00552,28bb09d8-2545-57e8-a7ca-0789bb764966,05970209-0410-562d-a0ac-22a01e4f9690,2025-12-09,completed,USD
ef8b18f9-373e-5b1c-9978-78719c8ec7e4,SO-20251209-00553,36c082a8-15a4-56eb-8b03-66465706414f,e8de5e72-dfef-5439-a069-3da83d10c24b,2025-12-09,completed,USD
75a3ce12-26ff-50a8-83df-22aef5a584c5,SO-20251209-00554,053e133a-49c6-544b-a07e-cc8c363869bc,b43c8f02-1dcb-5f9d-af05-30c6c2153bd3,2025-12-09,completed,USD
ef5a82e6-1441-51ea-88c7-289e2f76d434,SO-20251209-00555,7e4272d4-f864-5687-b0cf-72e011a55fc2,0122cfd5-2a20-5508-ad03-779342281d57,2025-12-09,completed,USD
6c429171-c57e-5d78-b1af-83af2e868885,SO-20251209-00556,dc28ddad-a1b2-5fb6-8f6b-159e35a70ab1,91ded739-a072-5e06-95f0-c2fec8339a2a,2025-12-09,completed,USD
acb4f8dc-e55f-5193-8e3a-21622adc1c12,SO-20251210-00557,a7c30ac5-1aef-5d3b-9f64-e3c97ba4e5b0,720c7389-880e-5928-a765-7ad18e1dd3c3,2025-12-10,completed,USD
913ce61f-d6a7-5d34-864c-b7ff9b00c7a6,SO-20251210-00558,3604e062-46b5-5078-94d0-24cd3c642d94,e8de5e72-dfef-5439-a069-3da83d10c24b,2025-12-10,completed,USD
f78b3a7f-b448-5595-b8a3-291bc222ec8a,SO-20251210-00559,da57bf8f-6000-5f3b-92db-f6c8f58424db,d01beb24-6f80-5c71-a71d-d3854411ab72,2025-12-10,completed,USD
0fa82784-e9d7-540e-9b62-d53ec8a4135e,SO-20251210-00560,9bcd00fc-0f4b-54d1-992f-efd5492c5d04,3f24970e-8ea4-57ed-8660-e26444c13e5d,2025-12-10,processing,USD
7f0802b4-ef46-541e-9ec2-194696c67f3e,SO-20251210-00561,9de31ba8-d50d-5ca8-be6f-99ca504274bd,1a8cb147-1585-587f-932d-d9ea83a26048,2025-12-10,completed,USD
78e8dc76-cea1-56e4-9ef3-e5cb6786aed2,SO-20251210-00562,5edca693-c9ea-5312-9c2a-a4730fbe5c81,720c7389-880e-5928-a765-7ad18e1dd3c3,2025-12-10,processing,USD
d03252e6-14b3-5fec-a645-0af5bc975883,SO-20251210-00563,f602a6a2-3a5a-50db-8935-3d2a6f4c76e3,e95eb441-8390-5f2a-8300-5c0129b7d7a2,2025-12-10,completed,USD
69c1fc98-85f0-52b3-a452-7cdc061616bc,SO-20251210-00564,165390f8-63ad-5d58-a264-328d0da126cd,00b1eaa3-aff6-52f5-8539-ac4cb785322a,2025-12-10,completed,USD
a4a9630e-dc8c-5a29-8c16-e66f72589909,SO-20251211-00565,eb561ad0-9380-5a85-8731-9b83a34616f8,dc883f2f-eb02-53a1-90cb-467dbf6ff455,2025-12-11,completed,USD
6934309d-8b9c-510b-85ac-0f1b2f331f1e,SO-20251211-00566,db25c8a0-7fa8-5822-9b41-1e4641d82453,651eacb8-633a-519f-84a8-bdc47df160f3,2025-12-11,completed,USD
f30b2164-24e9-5da9-b5ed-15c307f6d61d,SO-20251211-00567,ebbe7ebd-6675-5967-8807-1e99ebe9f4d5,3f24970e-8ea4-57ed-8660-e26444c13e5d,2025-12-11,completed,USD
a396f07e-aaea-53ba-888f-a4f4930c2694,SO-20251212-00568,62bdc722-1c50-5dca-97ba-fb435dd7015a,45c84ee9-d61c-56ff-858b-dd3a68c51c93,2025-12-12,completed,USD
ee89514b-344c-5deb-aafa-2e3f0c59b75f,SO-20251212-00569,bfe531f3-7881-5f16-b241-20f069111509,37859317-2dbb-5c62-97d3-49217bdf045c,2025-12-12,completed,USD
9fcac803-0ac6-5bc2-b846-7f32f097a39a,SO-20251212-00570,79efd663-c0a0-59c6-a6e0-a220eeec4c58,d01beb24-6f80-5c71-a71d-d3854411ab72,2025-12-12,completed,USD
64efa051-4ea4-572a-b7a3-85abac440541,SO-20251212-00571,dc5fd084-70dd-5c0b-a9ac-b8e96bfb8e3a,1a8cb147-1585-587f-932d-d9ea83a26048,2025-12-12,processing,USD
c37e0fb4-bbd0-5355-8674-e93f4f1cad0b,SO-20251212-00572,5ad01617-30cc-5924-9145-9331df0736c8,720c7389-880e-5928-a765-7ad18e1dd3c3,2025-12-12,shipped,USD
8004fd9f-a7b1-5955-bb5c-2da8c7e8d3e1,SO-20251212-00573,98040fa4-e3e2-5e47-ba22-98dddec004f3,29f89627-9934-5916-acef-ed156172909d,2025-12-12,completed,USD
126094ad-4545-52e3-9c5b-1ba4fd487f59,SO-20251212-00574,5f078f90-2d6f-5cd4-baf1-e221a1ccd6b0,f7b726d6-d8b2-53bd-977c-4a572be5deb2,2025-12-12,completed,USD
6960619d-3ab5-58dc-8a06-25e3814c0ba8,SO-20251212-00575,2ca6c1cf-f742-57f7-b43e-589510bd781f,86d3dca2-5152-5ad7-ae43-709e43ab3982,2025-12-12,completed,USD
d7f329ea-3dde-5248-9ac8-ab3f46ba58da,SO-20251213-00576,7d426d71-c6e4-5914-8ad8-a142129a8265,e8de5e72-dfef-5439-a069-3da83d10c24b,2025-12-13,shipped,USD
6cd18e5d-e878-5b6c-bdf9-3b97c9c14a22,SO-20251213-00577,262319a1-2adf-53b9-a484-605c017a9104,e35ba822-27e1-5a54-9b0a-89a1cde4c322,2025-12-13,shipped,USD
0efed857-c35e-5847-bc17-339c61488bc9,SO-20251214-00578,28bb09d8-2545-57e8-a7ca-0789bb764966,dcf4314c-e3bf-59be-b647-4c36396750b1,2025-12-14,processing,USD
f53b7f1a-64fa-5a4f-aec2-f6d9c39b0a25,SO-20251215-00579,2cbc0a20-b6e1-5bfa-aacc-ddf987a5613a,118ee768-2257-5fc9-80c7-fc0361eca54b,2025-12-15,completed,USD
75594d50-3947-5b1d-95ec-650900d8354b,SO-20251215-00580,5eec2e12-42ee-500b-9664-ed7cef2230f3,e8de5e72-dfef-5439-a069-3da83d10c24b,2025-12-15,completed,USD
013beac6-ae83-52dd-90b6-438e9391e43b,SO-20251215-00581,da6b5bde-41d2-57db-9bb6-3906939e5897,60616d64-bde6-5323-8231-8cacb3eaa96d,2025-12-15,completed,USD
e51b80fb-7710-5d1a-ae7e-97465cf3f1f7,SO-20251215-00582,8fed6c9d-c734-5d42-9849-c4483092e717,5935a2ab-e820-55bf-a36c-ef0ae035c00e,2025-12-15,completed,USD
48577f35-e995-57c6-8de9-019498bdc2be,SO-20251215-00583,c45e7545-e687-59bc-bfcb-8aa1781a915a,d1d43115-96f8-53a1-bad2-7d9446d8e118,2025-12-15,processing,USD
550a4e57-dda0-5a81-996c-209d18335568,SO-20251215-00584,5df9a8da-94a4-5c04-84ee-974b8fcc82c3,c33f2117-7695-5b57-b98a-567287832ce1,2025-12-15,completed,USD
d1a131c6-d7c6-5f7e-b37a-1e1e71e46e13,SO-20251215-00585,a7c30ac5-1aef-5d3b-9f64-e3c97ba4e5b0,05970209-0410-562d-a0ac-22a01e4f9690,2025-12-15,completed,USD
880494de-ac3d-57f4-b37e-99c38665d37e,SO-20251215-00586,acd40d76-d845-5d77-9fb8-32b0713d5e75,d01beb24-6f80-5c71-a71d-d3854411ab72,2025-12-15,completed,USD
7e2f0f13-74e4-5707-b460-b06e3e8df3aa,SO-20251216-00587,0229bf32-83e3-5e7c-8306-8db796b70f33,008aa683-c142-586d-8cba-7423f86323a7,2025-12-16,completed,USD
795ecc0e-bcb4-5350-89e6-eb0580e24099,SO-20251216-00588,226ca4b8-3720-5062-a88c-86445c07ea66,008aa683-c142-586d-8cba-7423f86323a7,2025-12-16,completed,USD
d2eaa45b-9525-5b68-9313-6c7690a8b34b,SO-20251216-00589,0f77fa23-6a98-5f4c-a249-8a889a41687d,e35ba822-27e1-5a54-9b0a-89a1cde4c322,2025-12-16,completed,USD
d1d08345-c724-5ecd-a61d-7eeab1264808,SO-20251216-00590,5534c501-8b7e-5366-b01c-0f6fb114cf12,f07cf853-c39a-5a4a-ba49-9c85935326bc,2025-12-16,shipped,USD
83c747af-9410-59c7-b2c8-93c3f1024674,SO-20251217-00591,d8b549d8-419b-52a0-ba9a-d7edfb7e0747,86d3dca2-5152-5ad7-ae43-709e43ab3982,2025-12-17,completed,USD
0fd7362f-0192-58e3-8d5a-cc2b44a256ba,SO-20251217-00592,87c644ab-4a08-59ae-8d46-46413cec7d15,e5a340fe-9b66-5cfe-809c-fab320a511e2,2025-12-17,completed,USD
28054160-5d97-5443-8f46-72519dfd19ed,SO-20251217-00593,e92ebbd6-5163-5470-8264-b84780f6f521,d01beb24-6f80-5c71-a71d-d3854411ab72,2025-12-17,shipped,USD
1b247ec9-f0ef-52ce-94ab-812d2bea7da4,SO-20251217-00594,24fa888d-84ed-513a-9ee9-a92f4f6ade86,f7b726d6-d8b2-53bd-977c-4a572be5deb2,2025-12-17,completed,USD
2a407f8f-836f-5b41-84bc-8ca478282473,SO-20251217-00595,d32c591e-40f3-580a-ba9e-b940e2ef427c,5935a2ab-e820-55bf-a36c-ef0ae035c00e,2025-12-17,completed,USD
fb6d9cef-28a7-58f7-8c31-a1afec3b1272,SO-20251218-00596,5a50cdc9-fb0b-58f7-9924-c34148c6997d,37859317-2dbb-5c62-97d3-49217bdf045c,2025-12-18,completed,USD
1f4fe99e-351a-512d-9c01-f11b401bb3ff,SO-20251218-00597,0ef49f4d-7bf6-5984-b7c6-1597a2c4f2d4,720c7389-880e-5928-a765-7ad18e1dd3c3,2025-12-18,completed,USD
78c541de-d5c7-5440-aee5-dd874603adb7,SO-20251218-00598,139d23d0-0ca8-556c-a57f-46e9850e725d,dcf4314c-e3bf-59be-b647-4c36396750b1,2025-12-18,completed,USD
0ab5a17a-2aaf-57f2-8605-5fd03cac2d16,SO-20251218-00599,727345d1-4693-517b-a329-04edd848b658,3f24970e-8ea4-57ed-8660-e26444c13e5d,2025-12-18,completed,USD
220a18a9-9d8d-561c-9fb8-bfdc20ea5773,SO-20251218-00600,47b2113d-3249-5ba8-83c1-9c45202481e7,37859317-2dbb-5c62-97d3-49217bdf045c,2025-12-18,completed,USD
9cdd6ea9-c00e-5e47-aac8-2fd191e8b932,SO-20251218-00601,7a334245-32b6-5b38-8681-ab7e7d2017f6,49ea2856-023c-5ffd-b3bf-82960190c959,2025-12-18,completed,USD
9ec29d6a-6304-5b73-9809-33a509975095,SO-20251219-00602,139d23d0-0ca8-556c-a57f-46e9850e725d,f07cf853-c39a-5a4a-ba49-9c85935326bc,2025-12-19,completed,USD
4a8d2901-53f1-5b5e-b313-6026cb624b32,SO-20251219-00603,19320701-b239-5638-97f2-e5e7ef202f73,f07cf853-c39a-5a4a-ba49-9c85935326bc,2025-12-19,completed,USD
c8a44bb0-4e88-532c-8a77-096a2c9ade22,SO-20251219-00604,d9db03df-2d6b-54b9-a7f4-723fe446ffa4,d1d43115-96f8-53a1-bad2-7d9446d8e118,2025-12-19,completed,USD
3be3b551-6fa0-512d-b1be-5a52e85cde8e,SO-20251220-00605,b703766e-29da-5a0c-ab16-d0b8918643f5,5935a2ab-e820-55bf-a36c-ef0ae035c00e,2025-12-20,completed,USD
5de91ca6-2d83-55f4-89ea-2291cd349e48,SO-20251220-00606,e34220b6-615a-5201-8434-eddf14b32a02,118ee768-2257-5fc9-80c7-fc0361eca54b,2025-12-20,completed,USD
cad13415-694d-5b21-9368-b0c5d53f5cf4,SO-20251221-00607,f941616b-f138-5e2a-84a6-62e46fcbc804,ea94a58b-c854-5627-b53a-80296dac8550,2025-12-21,processing,USD
9da20967-d558-5646-9b5f-7e96b9167a9c,SO-20251222-00608,038b44e4-f191-5366-b99c-2c5aeddbb13b,00b1eaa3-aff6-52f5-8539-ac4cb785322a,2025-12-22,completed,USD
8d12e711-e2a9-531d-90d2-d2b34d93449d,SO-20251222-00609,d6aa22ab-3615-5c51-bbf3-9de40c1c9fab,720c7389-880e-5928-a765-7ad18e1dd3c3,2025-12-22,completed,USD
8b07ca05-8ed2-5897-bd65-b9c7871f86c3,SO-20251222-00610,a301724f-db9c-53d1-8e7a-a1f8196a2859,dc883f2f-eb02-53a1-90cb-467dbf6ff455,2025-12-22,completed,USD
3e071045-6542-5243-9113-8f3e04606d47,SO-20251222-00611,4045a68b-1241-5c21-8e3a-549371864bb8,60616d64-bde6-5323-8231-8cacb3eaa96d,2025-12-22,cancelled,USD
c416f814-942d-5c3f-9eb7-2253d7c60e08,SO-20251222-00612,069ee107-ef39-5b56-8a25-9bd98963b8c1,008aa683-c142-586d-8cba-7423f86323a7,2025-12-22,completed,USD
cc230d40-9a6b-557f-b7bd-6bb041930e60,SO-20251223-00613,93129e2a-807c-5cb5-ab31-86ccf1638805,b43c8f02-1dcb-5f9d-af05-30c6c2153bd3,2025-12-23,cancelled,USD
6a93eabe-e0e0-568d-8172-6f8f3b586c3e,SO-20251223-00614,f941616b-f138-5e2a-84a6-62e46fcbc804,37859317-2dbb-5c62-97d3-49217bdf045c,2025-12-23,completed,USD
46576adc-c047-5bee-913a-22a9d459612c,SO-20251223-00615,c89828a6-9f17-55e0-be6e-63697f108439,0122cfd5-2a20-5508-ad03-779342281d57,2025-12-23,processing,USD
5fa3bdf4-7837-5fb0-95dc-74bb69225cec,SO-20251223-00616,79efd663-c0a0-59c6-a6e0-a220eeec4c58,dcf4314c-e3bf-59be-b647-4c36396750b1,2025-12-23,completed,USD
4a473b93-191b-5048-93e0-3bf31802ea5f,SO-20251223-00617,0229bf32-83e3-5e7c-8306-8db796b70f33,d6c5842b-b70d-5897-8b57-947e5ff2f3a3,2025-12-23,completed,USD
0d108e3a-9bde-523c-9d08-4ff643d4f983,SO-20251224-00618,386b1daf-8e64-5b8e-8c48-36b4f45e4676,651eacb8-633a-519f-84a8-bdc47df160f3,2025-12-24,cancelled,USD
e51e3433-b7c3-5c4d-9a8c-dd1b7dc7c9fa,SO-20251224-00619,79c0aefc-5401-5768-acf7-3d92461e78f8,e5a340fe-9b66-5cfe-809c-fab320a511e2,2025-12-24,shipped,USD
0da4bd1f-482d-51a6-a58a-ebbf6f191c6e,SO-20251224-00620,0d34bfa4-fcc6-59f8-9652-5e0affb1d4f4,f1511ed8-40f6-544e-a21d-9ab52d3f1a34,2025-12-24,cancelled,USD
2c7e0377-4fb0-5208-99da-ad14ce023cc0,SO-20251224-00621,5b8abb09-4a9c-53c0-af7e-2b86d19dd652,86d3dca2-5152-5ad7-ae43-709e43ab3982,2025-12-24,completed,USD
f22a0fd0-35a1-5a69-90f3-3f38c60181c5,SO-20251224-00622,811abe48-1457-5c11-8bad-e4667903f9c3,8b8ac295-ff38-552a-a208-339acee0cbf8,2025-12-24,completed,USD
fed7bf4a-5ef2-55db-8ba5-6f843634c1eb,SO-20251225-00623,50d5ba2e-b0c3-524c-b66d-2e436641c796,60616d64-bde6-5323-8231-8cacb3eaa96d,2025-12-25,shipped,USD
8fc29608-61a2-5517-8ae0-e0d27ad681a1,SO-20251225-00624,4e710c59-f3b8-5937-827e-4e7682f006f8,ea94a58b-c854-5627-b53a-80296dac8550,2025-12-25,completed,USD
a656346e-1ec2-5070-b838-b1c1ee5fac83,SO-20251225-00625,75614514-deb7-5fb4-bad4-a46fffb0f790,b43c8f02-1dcb-5f9d-af05-30c6c2153bd3,2025-12-25,completed,USD
b064331a-3a67-587b-b62d-610e86155192,SO-20251225-00626,983d05f9-03e8-5e36-b2ac-6f84e0fad364,118ee768-2257-5fc9-80c7-fc0361eca54b,2025-12-25,completed,USD
e37fee24-6e70-5fa5-9599-eeb96f8af8df,SO-20251225-00627,e50f9cce-0ecf-5ff6-a0b0-15205794aa06,d01beb24-6f80-5c71-a71d-d3854411ab72,2025-12-25,shipped,USD
aa4818dc-6392-5870-a2b2-99c4ae983961,SO-20251226-00628,ae2db326-af20-5343-8590-65c805d0128f,3f24970e-8ea4-57ed-8660-e26444c13e5d,2025-12-26,shipped,USD
8ee6e6a2-f017-5744-a685-8d6323eb1ffa,SO-20251226-00629,ebbe7ebd-6675-5967-8807-1e99ebe9f4d5,c99464d9-22c8-5917-b9c1-871ca488eabc,2025-12-26,completed,USD
845276a8-486b-5e81-9d3a-1f13b844685b,SO-20251226-00630,2630094e-3017-5eb7-a597-40f99100a14c,1e61b996-144a-5c9f-9271-3bcf378e3ae1,2025-12-26,completed,USD
696fc039-33ea-517c-aa3a-104ac0de79c2,SO-20251226-00631,79e273c0-69c6-51de-8517-f3521ed8a328,e3c6ee5c-58a8-51f8-af29-bd2c65cb59c7,2025-12-26,completed,USD
0b7f7f9e-606e-5796-b791-ed3d2da7ee86,SO-20251226-00632,01b3310c-e7f2-5f55-b265-7fe8ab84b435,c99464d9-22c8-5917-b9c1-871ca488eabc,2025-12-26,completed,USD
37ae2ca4-1385-50a5-b9a0-92b380ba3eb9,SO-20251226-00633,c6d441aa-8d4f-5010-a0f1-0859c85abd66,3f24970e-8ea4-57ed-8660-e26444c13e5d,2025-12-26,completed,USD
27ba6701-f95e-5e27-b701-ff4ec0f36853,SO-20251226-00634,72e2b61c-b634-5e79-8565-069a598af025,ea94a58b-c854-5627-b53a-80296dac8550,2025-12-26,cancelled,USD
24c8d53b-18f8-5dca-8bbe-1f411357f567,SO-20251226-00635,2630094e-3017-5eb7-a597-40f99100a14c,0122cfd5-2a20-5508-ad03-779342281d57,2025-12-26,shipped,USD
747c8a8a-0416-530d-88ae-1dedbbb63d26,SO-20251227-00636,306f57ff-40e0-510d-a6d4-f7d03b736925,e3c6ee5c-58a8-51f8-af29-bd2c65cb59c7,2025-12-27,completed,USD
dc371a78-4919-5080-b35e-0f180a69af79,SO-20251227-00637,139d23d0-0ca8-556c-a57f-46e9850e725d,651eacb8-633a-519f-84a8-bdc47df160f3,2025-12-27,completed,USD
8b1ebd8f-b30f-5bd2-81fe-c9ea9e331d30,SO-20251228-00638,23d58a1d-7f26-55e7-a59d-b1b41e692582,651eacb8-633a-519f-84a8-bdc47df160f3,2025-12-28,completed,USD
3965cfb2-b2ab-5e89-b7c5-324997cdbd31,SO-20251229-00639,034d01dd-efd3-5bd1-9094-16ec39189ebd,ea94a58b-c854-5627-b53a-80296dac8550,2025-12-29,completed,USD
e4183927-fe14-5b09-b361-bd0e8f920bf3,SO-20251229-00640,005ffe4b-0e2f-53cd-acdb-4bfb76bb1b72,e35ba822-27e1-5a54-9b0a-89a1cde4c322,2025-12-29,completed,USD
7d5faa1a-f928-57bb-b47a-d03dea651df3,SO-20251229-00641,a7b7d28d-8038-5a31-9253-199e0498df20,91ded739-a072-5e06-95f0-c2fec8339a2a,2025-12-29,completed,USD
788cef24-8bda-57dc-98d1-043bfecd1a6a,SO-20251230-00642,c977064b-11eb-59d5-973f-5594f41a3651,113cd4ad-991e-5b3e-884a-1e169847c916,2025-12-30,completed,USD
4ab94dc6-02c2-5b34-b30f-15e3d6ddb7e8,SO-20251230-00643,700fe391-76f6-58a4-a880-f59a4a5ad740,e8de5e72-dfef-5439-a069-3da83d10c24b,2025-12-30,completed,USD
80621ead-44f0-5107-b488-4c33eb7d337d,SO-20251230-00644,a301724f-db9c-53d1-8e7a-a1f8196a2859,ea94a58b-c854-5627-b53a-80296dac8550,2025-12-30,completed,USD
b516e33d-4564-5238-bcdc-ad9d865ad8bc,SO-20251230-00645,b3a45022-1f53-54d9-b834-97360e5477b5,91ded739-a072-5e06-95f0-c2fec8339a2a,2025-12-30,completed,USD
f38b09c9-fc86-588c-a8b8-9000ea59d448,SO-20251231-00646,7762f614-5a4c-5614-bcff-b3df8edb028f,d1d43115-96f8-53a1-bad2-7d9446d8e118,2025-12-31,completed,USD
b212c5da-f9aa-5bc8-82db-2d9ec70a0426,SO-20251231-00647,05e55145-f922-5b7f-9a87-b4e535288ab0,720c7389-880e-5928-a765-7ad18e1dd3c3,2025-12-31,completed,USD
bce957a8-66c6-595f-be3b-a7a8617da6c4,SO-20251231-00648,3326515d-41a7-58a9-907c-e06089fa01c5,45c84ee9-d61c-56ff-858b-dd3a68c51c93,2025-12-31,completed,USD
5eb90cd0-b120-53b1-9c89-98ea404653c5,SO-20251231-00649,2a3d099e-3aaf-57b1-97c7-34bd4ff7ef6a,e5a340fe-9b66-5cfe-809c-fab320a511e2,2025-12-31,processing,USD
3397a0c8-bb60-52c5-b3f1-b36dea35f23e,SO-20251231-00650,a8c99066-2209-5a24-8615-1a40a59c8b1b,c33f2117-7695-5b57-b98a-567287832ce1,2025-12-31,completed,USD
bd9b6c34-c9a9-56bf-910f-b7f855def273,SO-20260101-00651,170e259d-c209-5ec6-8c12-ce5433ab4e22,d1d43115-96f8-53a1-bad2-7d9446d8e118,2026-01-01,completed,USD
2360d3dd-9478-5559-a3d6-42157c8fe78c,SO-20260101-00652,fc886c33-609e-58ba-9c2b-27308ba7b1a5,ea94a58b-c854-5627-b53a-80296dac8550,2026-01-01,completed,USD
5aaee0b0-e060-5334-abf9-a0db687e8179,SO-20260101-00653,e2796e24-73bc-50d9-8592-d2444a8ec1ff,f07cf853-c39a-5a4a-ba49-9c85935326bc,2026-01-01,completed,USD
51e0d884-501d-51a0-b783-3e9f975de695,SO-20260101-00654,da64b36b-b5b6-555b-9093-3c014d6534ff,e3c6ee5c-58a8-51f8-af29-bd2c65cb59c7,2026-01-01,completed,USD
f345b790-d608-5be0-8f6d-e3733a59796b,SO-20260102-00655,1d3846cd-4352-506c-a7ab-f5bec4f3f116,008aa683-c142-586d-8cba-7423f86323a7,2026-01-02,completed,USD
766b85eb-6f12-58cb-8376-40e407674c6d,SO-20260102-00656,fefa5234-83d9-575b-a0d1-d013bef7d309,f7b726d6-d8b2-53bd-977c-4a572be5deb2,2026-01-02,completed,USD
6de574f9-15a4-5117-ba2c-bee07128cea2,SO-20260102-00657,0c6b4432-a2aa-5a08-aa98-037878e0a135,e5a340fe-9b66-5cfe-809c-fab320a511e2,2026-01-02,completed,USD
31d2b158-4bb3-594d-a7c5-32cf57300f83,SO-20260102-00658,8cf031cc-9566-509a-9d4e-0589cdb07af0,008aa683-c142-586d-8cba-7423f86323a7,2026-01-02,completed,USD
6443519a-4f9a-5413-ba6d-5b8f624f4cc7,SO-20260102-00659,1528185b-cf40-5ae0-bf34-08cf9ed4d3d3,91ded739-a072-5e06-95f0-c2fec8339a2a,2026-01-02,completed,USD
b2ada51c-ddf2-5dbd-b824-8011425e2e02,SO-20260103-00660,3cacb34c-375e-5074-bf40-b4908ec72ccc,f07cf853-c39a-5a4a-ba49-9c85935326bc,2026-01-03,cancelled,USD
029e8e00-9a0c-500d-ba12-87be60e4276b,SO-20260103-00661,aa8c63c8-d686-52ed-9d78-13d55844bf50,45c84ee9-d61c-56ff-858b-dd3a68c51c93,2026-01-03,shipped,USD
78b612eb-9d0c-5908-b3cb-f65ee705de33,SO-20260104-00662,6c9842ff-71fb-595a-8d42-349b92031020,d6c5842b-b70d-5897-8b57-947e5ff2f3a3,2026-01-04,shipped,USD
fdbf231a-a309-517d-87d1-da1ec08cb03e,SO-20260104-00663,6c9842ff-71fb-595a-8d42-349b92031020,720c7389-880e-5928-a765-7ad18e1dd3c3,2026-01-04,completed,USD
61dbe1f6-889d-5042-a117-aefa1c8973f9,SO-20260105-00664,5aee8f2d-fad8-5f72-897b-558e19b91816,dcf4314c-e3bf-59be-b647-4c36396750b1,2026-01-05,completed,USD
fedf7997-790e-501a-bf90-d72dae5e1881,SO-20260105-00665,88e5084f-966c-54ad-ac34-25c62330bc2f,c33f2117-7695-5b57-b98a-567287832ce1,2026-01-05,shipped,USD
82730d1f-76e2-5806-9519-265e96cb2487,SO-20260105-00666,7a7a6781-a43d-5a44-b8c3-ed9a9393e01d,8b8ac295-ff38-552a-a208-339acee0cbf8,2026-01-05,shipped,USD
fe1a65da-720a-5797-8497-714e24915fef,SO-20260106-00667,ebc4e9d9-750c-5601-83a5-2e8ac97ba602,05970209-0410-562d-a0ac-22a01e4f9690,2026-01-06,completed,USD
468e022b-aded-57d1-b3eb-6ae1fc736112,SO-20260106-00668,cc9131a9-5014-5684-a229-810deffab2f7,0122cfd5-2a20-5508-ad03-779342281d57,2026-01-06,completed,USD
5d98c807-e3f3-511c-a56a-31f43e9bcfbb,SO-20260106-00669,2ca6c1cf-f742-57f7-b43e-589510bd781f,1db4a92b-a015-5bef-b875-c0931951c17a,2026-01-06,completed,USD
cdb28c84-684c-5d9c-82bc-1aee8ac0f257,SO-20260106-00670,b3119163-f064-5448-bec8-27bccef6526c,720c7389-880e-5928-a765-7ad18e1dd3c3,2026-01-06,completed,USD
dfb31282-f140-552f-be59-d2009f725bdc,SO-20260106-00671,a834bea2-ce91-50c8-9038-7c4a38933628,1e61b996-144a-5c9f-9271-3bcf378e3ae1,2026-01-06,completed,USD
4ae5c874-9bb8-51c4-9f92-efe99427bbcc,SO-20260106-00672,acd40d76-d845-5d77-9fb8-32b0713d5e75,1e61b996-144a-5c9f-9271-3bcf378e3ae1,2026-01-06,completed,USD
8d3aa8ef-9cdc-5243-84d3-a993c95ca168,SO-20260106-00673,d8ec780d-d529-5e46-9ba8-c938ad38acc1,0122cfd5-2a20-5508-ad03-779342281d57,2026-01-06,completed,USD
10bf1d22-7c3a-51bd-8ef0-6ec87cb12cdf,SO-20260106-00674,9c5ba231-ce4c-5e72-9ae8-025ae5a06908,8b8ac295-ff38-552a-a208-339acee0cbf8,2026-01-06,shipped,USD
b6fbe1e4-0da5-5fd4-b8bc-d0f644f647e1,SO-20260107-00675,eb3f4c86-c3ca-5995-a9ae-dc2ad1743144,1a8cb147-1585-587f-932d-d9ea83a26048,2026-01-07,completed,USD
cf8f0641-b39b-538e-a279-3edbe011a256,SO-20260107-00676,8ebcae03-2625-57f2-82ee-a29c3784ddea,c33f2117-7695-5b57-b98a-567287832ce1,2026-01-07,processing,USD
16318c1f-15ee-5fbc-9fad-3ac60d6c3f40,SO-20260107-00677,f01fb266-be0e-529e-8004-92cdf4cc9317,49ea2856-023c-5ffd-b3bf-82960190c959,2026-01-07,completed,USD
83dec484-0a23-540e-88e4-0433b276c679,SO-20260108-00678,8de18351-1e5e-544d-a3fe-2e406340c7bc,d1d43115-96f8-53a1-bad2-7d9446d8e118,2026-01-08,cancelled,USD
cfdc9981-9ef2-5b88-811f-b460eda9c99f,SO-20260108-00679,1319795d-ef0b-5067-93ce-2bd5fa4fc6cf,00b1eaa3-aff6-52f5-8539-ac4cb785322a,2026-01-08,completed,USD
86017090-d563-5bfe-8ce5-f22e7a1bb9aa,SO-20260108-00680,58fc2c64-d99b-59ae-a357-f14e3c9a8658,00b1eaa3-aff6-52f5-8539-ac4cb785322a,2026-01-08,completed,USD
b8124e8a-f773-537c-bcb6-1948b10f1882,SO-20260108-00681,d5a937e0-465f-5545-9b29-6adefd29ce71,d1d43115-96f8-53a1-bad2-7d9446d8e118,2026-01-08,shipped,USD
e4d5e703-ae68-5e54-8e38-786c3fe44a22,SO-20260108-00682,39a5c003-4cc5-5083-a9c8-392d8505d3f9,d1d43115-96f8-53a1-bad2-7d9446d8e118,2026-01-08,completed,USD
7cda5616-9bee-54c2-a63d-8f42b665bfeb,SO-20260109-00683,9b5e283a-de19-5c2b-86ae-74edf53feb32,720c7389-880e-5928-a765-7ad18e1dd3c3,2026-01-09,completed,USD
39a6fb60-205b-5296-a50e-30046d190b09,SO-20260109-00684,069ee107-ef39-5b56-8a25-9bd98963b8c1,ea94a58b-c854-5627-b53a-80296dac8550,2026-01-09,completed,USD
11e36c6d-c26b-5e5b-b92c-15e7e55c5048,SO-20260109-00685,5f66cc88-02bc-5518-a0dd-c2d1c09b1585,60616d64-bde6-5323-8231-8cacb3eaa96d,2026-01-09,completed,USD
cdd85dd7-bff6-5094-af7b-388b79b59878,SO-20260109-00686,034d01dd-efd3-5bd1-9094-16ec39189ebd,c99464d9-22c8-5917-b9c1-871ca488eabc,2026-01-09,completed,USD
7ddd4b34-e7b4-56e9-86cc-162494c11f0d,SO-20260109-00687,184031f6-2b7f-5fc8-a2dc-3a0529ec90bd,86d3dca2-5152-5ad7-ae43-709e43ab3982,2026-01-09,completed,USD
52d62e59-ec79-574b-bd88-318bdac2c2ae,SO-20260110-00688,40514aaa-f2d7-54e1-925b-f96e2ce00054,d6c5842b-b70d-5897-8b57-947e5ff2f3a3,2026-01-10,completed,USD
9c8e11c2-6ab4-5ebc-9903-b2a8807165c4,SO-20260111-00689,c6d441aa-8d4f-5010-a0f1-0859c85abd66,d01beb24-6f80-5c71-a71d-d3854411ab72,2026-01-11,completed,USD
324eaa06-bdb9-5a76-9ec5-060d601e64c9,SO-20260112-00690,c977064b-11eb-59d5-973f-5594f41a3651,d1d43115-96f8-53a1-bad2-7d9446d8e118,2026-01-12,shipped,USD
430107d6-5806-5496-99d4-aef8cad95c46,SO-20260112-00691,acd40d76-d845-5d77-9fb8-32b0713d5e75,e95eb441-8390-5f2a-8300-5c0129b7d7a2,2026-01-12,processing,USD
c0b40365-6eb4-59a8-bb89-76966ebfdcd3,SO-20260112-00692,6d7ac280-4655-5c2e-8f1a-eff56227b009,c99464d9-22c8-5917-b9c1-871ca488eabc,2026-01-12,completed,USD
915bfccc-f932-582c-9457-191b8b506b94,SO-20260113-00693,490bbac0-ac53-5625-b604-7bd1ede4dddb,dcf4314c-e3bf-59be-b647-4c36396750b1,2026-01-13,cancelled,USD
6aecef85-4e02-5ae4-b8f6-84c7299bd0ac,SO-20260113-00694,55d9e34f-0219-5915-bc14-28a0ba915bd3,1a8cb147-1585-587f-932d-d9ea83a26048,2026-01-13,completed,USD
70182ee2-8156-58c8-8b85-c65fe0d13199,SO-20260113-00695,c8975e3f-60e7-51e3-a745-336d247dea17,080af047-634c-5a70-8a42-a7a196cc9cce,2026-01-13,shipped,USD
50696dab-12dd-59df-8c68-e2412454dcf9,SO-20260114-00696,95bfaafb-a1fc-5609-ad7a-0f6ec343b951,1e61b996-144a-5c9f-9271-3bcf378e3ae1,2026-01-14,completed,USD
d81ff066-bdce-5065-97eb-faeeb35c0548,SO-20260114-00697,9d0f2869-bc81-5ddc-ac5b-0afe4a393c00,118ee768-2257-5fc9-80c7-fc0361eca54b,2026-01-14,completed,USD
951cc4ad-ca74-5425-b37f-71a4564fe742,SO-20260114-00698,700fe391-76f6-58a4-a880-f59a4a5ad740,dcf4314c-e3bf-59be-b647-4c36396750b1,2026-01-14,completed,USD
c76013e5-58d3-5b44-9cde-de83680fa935,SO-20260114-00699,24fa888d-84ed-513a-9ee9-a92f4f6ade86,f07cf853-c39a-5a4a-ba49-9c85935326bc,2026-01-14,completed,USD
51b1b465-9822-5676-a590-30bcb651fd6c,SO-20260114-00700,2748db13-6911-5fba-bff3-ee3fc2feb585,8b8ac295-ff38-552a-a208-339acee0cbf8,2026-01-14,processing,USD
df0973c1-25a2-5244-a3c4-7e6cd29dffe0,SO-20260114-00701,d25ae150-2144-5ab2-9442-b141c980448c,3a4f62a5-f7a0-56c0-bb79-7d8de38aa58f,2026-01-14,shipped,USD
058832f7-e0d0-5c84-983f-ebd2145446e3,SO-20260115-00702,86682e2f-ff0a-52dc-81ef-2af7bd616176,dcf4314c-e3bf-59be-b647-4c36396750b1,2026-01-15,completed,USD
ac08938a-223a-5c47-a12d-aec89be2fb2b,SO-20260115-00703,34aa8995-af09-5745-b268-2e8eb65910e2,86d3dca2-5152-5ad7-ae43-709e43ab3982,2026-01-15,completed,USD
9d88ec1d-6dd0-548d-82e9-f1dff23712d8,SO-20260115-00704,f01eb0d3-1237-5eb2-9493-3a08abd1d822,c99464d9-22c8-5917-b9c1-871ca488eabc,2026-01-15,completed,USD
76062371-a040-59ff-8c08-d393bfb65cc5,SO-20260116-00705,01b3310c-e7f2-5f55-b265-7fe8ab84b435,86d3dca2-5152-5ad7-ae43-709e43ab3982,2026-01-16,completed,USD
36463a17-9a30-5b3d-b5ec-3b49381775f2,SO-20260116-00706,ed94c90f-0279-5414-bdbf-8f0c432575cd,86d3dca2-5152-5ad7-ae43-709e43ab3982,2026-01-16,shipped,USD
9e6f7b60-16c6-598d-af79-df7cc77ece4c,SO-20260116-00707,9c0b4fb1-df94-5e63-9bdf-23db45824d08,651eacb8-633a-519f-84a8-bdc47df160f3,2026-01-16,completed,USD
b4cb5382-778c-5033-9a6b-12093c8174a0,SO-20260116-00708,ddef0d18-ace0-5bc5-96a0-ad9463f27ac2,d6c5842b-b70d-5897-8b57-947e5ff2f3a3,2026-01-16,completed,USD
b69f7175-d354-56e6-bdbb-384d309aa88b,SO-20260116-00709,069ee107-ef39-5b56-8a25-9bd98963b8c1,dcf4314c-e3bf-59be-b647-4c36396750b1,2026-01-16,completed,USD
d008b483-e908-55f7-8f37-06f1ab1c6cc4,SO-20260117-00710,ef09a97a-4bba-5f6b-96ff-4ebf88d8d5d2,118ee768-2257-5fc9-80c7-fc0361eca54b,2026-01-17,completed,USD
d7091dc3-bc61-5299-b18e-2e11d6d174a1,SO-20260118-00711,6723025d-688e-5195-bedd-bcb932d3d17b,e35ba822-27e1-5a54-9b0a-89a1cde4c322,2026-01-18,completed,USD
c66a5426-3727-55df-a236-6a1597e82742,SO-20260119-00712,4045a68b-1241-5c21-8e3a-549371864bb8,1a8cb147-1585-587f-932d-d9ea83a26048,2026-01-19,shipped,USD
f94466f1-d611-53c1-b4f8-7970eeda5f39,SO-20260119-00713,06f3ea78-51ad-533f-99ed-7b66e5105fb0,d1d43115-96f8-53a1-bad2-7d9446d8e118,2026-01-19,completed,USD
11ab181f-c6a2-5ca8-b180-7d409c08eae8,SO-20260119-00714,71759505-eb52-563b-968f-e39ae3da4478,e95eb441-8390-5f2a-8300-5c0129b7d7a2,2026-01-19,completed,USD
9e2158f3-8cdb-5782-8057-37eafe5af5a4,SO-20260119-00715,1888901a-2aa8-5cf0-afb6-d48a0822f2c1,e35ba822-27e1-5a54-9b0a-89a1cde4c322,2026-01-19,completed,USD
368bd76b-46f4-545e-beaf-b32501425246,SO-20260119-00716,57f7533b-b4e4-5587-922e-aaede6234691,d01beb24-6f80-5c71-a71d-d3854411ab72,2026-01-19,completed,USD
7ab8bb10-dfa8-53ee-853c-8de2b8ca9c68,SO-20260119-00717,57b88fcc-0e15-5085-b1ad-f496f7d8a541,45c84ee9-d61c-56ff-858b-dd3a68c51c93,2026-01-19,completed,USD
45c93147-274e-5582-b255-fe27708bbac5,SO-20260120-00718,d2ab141c-3bc1-5b67-a147-cfc0288402d9,00b1eaa3-aff6-52f5-8539-ac4cb785322a,2026-01-20,completed,USD
d2458e45-4810-5c60-8f02-a6761cbf5385,SO-20260120-00719,0495ddd2-4276-5189-9c75-2cb81e46b7e1,dcf4314c-e3bf-59be-b647-4c36396750b1,2026-01-20,completed,USD
ddc01143-dd86-5d5c-aad1-214c1c077c35,SO-20260120-00720,619e7c22-b0d6-5bc9-a6a0-ceb9e0a340e3,008aa683-c142-586d-8cba-7423f86323a7,2026-01-20,completed,USD
867ac4f0-fe3a-505e-a327-1a79b6aec30f,SO-20260120-00721,b703766e-29da-5a0c-ab16-d0b8918643f5,60616d64-bde6-5323-8231-8cacb3eaa96d,2026-01-20,cancelled,USD
86b9fc49-0eb8-56fd-b45e-008fea833981,SO-20260120-00722,8ba710c9-4197-5127-bdce-f6ff242cda4d,45c84ee9-d61c-56ff-858b-dd3a68c51c93,2026-01-20,completed,USD
4d6ccf46-5786-50b3-aa72-f3a4cc6bc334,SO-20260121-00723,d2f6b061-ebf1-58ea-80d0-8bba279f21c4,f7b726d6-d8b2-53bd-977c-4a572be5deb2,2026-01-21,shipped,USD
689adfc8-1c24-57cb-a9be-a8923e9f1e57,SO-20260121-00724,798042e6-6e8d-5878-a20a-04d8a7d0277c,00b1eaa3-aff6-52f5-8539-ac4cb785322a,2026-01-21,completed,USD
ce9e78a6-1719-520a-b9fb-cbf3c4eb5e4b,SO-20260121-00725,32a20227-b521-57c2-8043-1a0717dc15a9,8b8ac295-ff38-552a-a208-339acee0cbf8,2026-01-21,completed,USD
04f450df-e38b-5fd4-a71b-226040c21d7b,SO-20260121-00726,51813e7b-b521-5ada-8c7e-13ea9b551a15,d01beb24-6f80-5c71-a71d-d3854411ab72,2026-01-21,processing,USD
43fe3b2b-64ad-51ca-9415-10ce3e47a5e3,SO-20260122-00727,00ec496a-96dc-5e8f-a2f4-e34e1e87ab2c,c33f2117-7695-5b57-b98a-567287832ce1,2026-01-22,completed,USD
e654e4c3-01b3-5e5e-ba66-d2ba148a7801,SO-20260122-00728,f2b634ca-cd08-51b5-bc53-6b0d79e912e1,1db4a92b-a015-5bef-b875-c0931951c17a,2026-01-22,completed,USD
546fbd1b-b6c7-583d-a585-2ab3618f5401,SO-20260122-00729,26ed9af7-a2ed-54ae-960b-d5f7ceb3f29f,dc883f2f-eb02-53a1-90cb-467dbf6ff455,2026-01-22,cancelled,USD
50b85232-04b8-51ef-bf14-a2d93afa227e,SO-20260122-00730,bfe531f3-7881-5f16-b241-20f069111509,f1511ed8-40f6-544e-a21d-9ab52d3f1a34,2026-01-22,completed,USD
a2db1199-fc3a-5e0c-9e42-22fbc832c32d,SO-20260122-00731,2551c2d5-434d-5e87-bcbf-32afc3d4e198,dcf4314c-e3bf-59be-b647-4c36396750b1,2026-01-22,completed,USD
adfdb4d8-26c3-526b-b271-df9d4276b427,SO-20260122-00732,0501d962-3f43-51c1-b425-2ddc365d5054,45c84ee9-d61c-56ff-858b-dd3a68c51c93,2026-01-22,shipped,USD
e35bf09e-f878-5be4-af4d-b247cb1c3a5f,SO-20260122-00733,3e5f5099-ba24-593a-8a19-ef985a01e7bc,118ee768-2257-5fc9-80c7-fc0361eca54b,2026-01-22,completed,USD
48d92fb5-84ac-5ee4-9611-ddf150f8663c,SO-20260122-00734,7d426d71-c6e4-5914-8ad8-a142129a8265,c99464d9-22c8-5917-b9c1-871ca488eabc,2026-01-22,completed,USD
6b7d7580-1ec7-5d21-ac56-3c94d68ceaaa,SO-20260123-00735,40514aaa-f2d7-54e1-925b-f96e2ce00054,f07cf853-c39a-5a4a-ba49-9c85935326bc,2026-01-23,completed,USD
1b38b89d-278e-5e55-9d60-c4ba4623632e,SO-20260123-00736,3cacb34c-375e-5074-bf40-b4908ec72ccc,3f24970e-8ea4-57ed-8660-e26444c13e5d,2026-01-23,completed,USD
8f07f7c8-741b-5a5f-8725-f3d41f564478,SO-20260123-00737,79c0aefc-5401-5768-acf7-3d92461e78f8,dc883f2f-eb02-53a1-90cb-467dbf6ff455,2026-01-23,completed,USD
1b2fd3f3-6be0-565d-98e1-e9886b593b87,SO-20260123-00738,be07142d-7058-522d-b8dd-7fc784639659,e8de5e72-dfef-5439-a069-3da83d10c24b,2026-01-23,completed,USD
03dc3ee9-1901-5d90-b484-785d33ced5a9,SO-20260123-00739,32a20227-b521-57c2-8043-1a0717dc15a9,720c7389-880e-5928-a765-7ad18e1dd3c3,2026-01-23,completed,USD
1baed0d4-c254-5224-ae24-af51922e377f,SO-20260123-00740,8ebcae03-2625-57f2-82ee-a29c3784ddea,080af047-634c-5a70-8a42-a7a196cc9cce,2026-01-23,completed,USD
4af54a8a-432c-56b4-936e-9ee3ff24e505,SO-20260124-00741,48253ef0-5cf2-5f70-9b66-93779cab6b3f,0122cfd5-2a20-5508-ad03-779342281d57,2026-01-24,completed,USD
5b688851-0670-53e5-8971-13f065a8c277,SO-20260124-00742,0d8c7000-8d7b-5c36-86a5-0d82acadddc2,720c7389-880e-5928-a765-7ad18e1dd3c3,2026-01-24,completed,USD
7729cc5f-83ea-528c-b306-62803c460890,SO-20260125-00743,7762f614-5a4c-5614-bcff-b3df8edb028f,118ee768-2257-5fc9-80c7-fc0361eca54b,2026-01-25,shipped,USD
c7185d34-7b01-5658-9b3b-c9a728c3d43b,SO-20260126-00744,4d282e22-c517-59c5-9ca0-622477c0905c,45c84ee9-d61c-56ff-858b-dd3a68c51c93,2026-01-26,completed,USD
07242473-dfa8-5194-b833-6f8b9ed4fdcd,SO-20260126-00745,d35b7450-b912-5394-a06e-ce5de144ba54,c33f2117-7695-5b57-b98a-567287832ce1,2026-01-26,shipped,USD
625e02a5-980b-5a02-b783-5af8cb7c195f,SO-20260126-00746,5df9a8da-94a4-5c04-84ee-974b8fcc82c3,d6c5842b-b70d-5897-8b57-947e5ff2f3a3,2026-01-26,completed,USD
a5f51983-3f86-5c5e-b9eb-3ce0bf3e398e,SO-20260126-00747,57f7533b-b4e4-5587-922e-aaede6234691,0122cfd5-2a20-5508-ad03-779342281d57,2026-01-26,processing,USD
8e26b7d6-6f23-5dcf-a9e5-8d473149ef8a,SO-20260126-00748,386b1daf-8e64-5b8e-8c48-36b4f45e4676,dc883f2f-eb02-53a1-90cb-467dbf6ff455,2026-01-26,completed,USD
84f132f5-542d-5d70-8dd1-1a6d5630cf62,SO-20260126-00749,900e7d64-6e77-517b-85bd-a7a01e69fa56,c99464d9-22c8-5917-b9c1-871ca488eabc,2026-01-26,completed,USD
252eb358-2434-5da6-937d-e6797aeea0d6,SO-20260126-00750,1319795d-ef0b-5067-93ce-2bd5fa4fc6cf,45c84ee9-d61c-56ff-858b-dd3a68c51c93,2026-01-26,shipped,USD
654ac686-4fb2-5dd4-b13e-a15f8afa208f,SO-20260127-00751,8ba710c9-4197-5127-bdce-f6ff242cda4d,f1511ed8-40f6-544e-a21d-9ab52d3f1a34,2026-01-27,completed,USD
3fb1d001-e907-55ed-8ec6-1499dcd5661a,SO-20260127-00752,b3398a43-50be-54d0-b982-9c62184be451,86d3dca2-5152-5ad7-ae43-709e43ab3982,2026-01-27,completed,USD
ce7d2a58-8c1f-5d6e-9727-373d143f99b7,SO-20260127-00753,411e90c0-155c-596b-aaa6-0c0619bc80e1,3f24970e-8ea4-57ed-8660-e26444c13e5d,2026-01-27,completed,USD
4ee3f0eb-a93b-5d43-a6c8-9d11aaaa395b,SO-20260128-00754,93bf04d9-8e55-5311-acba-bb55bb0a74b1,c99464d9-22c8-5917-b9c1-871ca488eabc,2026-01-28,cancelled,USD
627094e5-22f0-52a4-9a68-6d56cc059456,SO-20260128-00755,c21c4019-dc0f-5fe1-a6d7-af0225e48191,720c7389-880e-5928-a765-7ad18e1dd3c3,2026-01-28,completed,USD
950b5349-4af2-5ef7-9e8a-518bfa8f728b,SO-20260128-00756,5df9a8da-94a4-5c04-84ee-974b8fcc82c3,c99464d9-22c8-5917-b9c1-871ca488eabc,2026-01-28,completed,USD
ce6c0a96-9d0b-59c8-9938-9a1a470b92ac,SO-20260128-00757,6d5dbc60-2c04-539f-b340-5d35e2b8268f,8b8ac295-ff38-552a-a208-339acee0cbf8,2026-01-28,completed,USD
58c3b026-e2e7-5c15-8519-2c1def992b5e,SO-20260128-00758,6c7e2291-c37b-5221-adf7-b99f74c62056,1a8cb147-1585-587f-932d-d9ea83a26048,2026-01-28,processing,USD
9717b0ad-893b-5eb8-bce8-a3cdfb27ccad,SO-20260129-00759,a98419ea-5e76-56d6-b39c-febe5a5fe8ff,60616d64-bde6-5323-8231-8cacb3eaa96d,2026-01-29,completed,USD
b2e37217-b23d-5e71-a9cd-26feea626a6a,SO-20260129-00760,35b16062-11a6-5c7b-bb2c-1728ff821eb0,dcf4314c-e3bf-59be-b647-4c36396750b1,2026-01-29,completed,USD
e1bd0d6d-0b95-591b-b13a-d3995469ad6c,SO-20260129-00761,58fc2c64-d99b-59ae-a357-f14e3c9a8658,60616d64-bde6-5323-8231-8cacb3eaa96d,2026-01-29,completed,USD
e38eea84-6046-5bec-9dc1-6f87f1e4e009,SO-20260129-00762,25a987bf-d43f-5c6b-950a-3fd2f1513969,05970209-0410-562d-a0ac-22a01e4f9690,2026-01-29,completed,USD
e830ea5d-12e4-57ee-a940-7074be75a5e8,SO-20260129-00763,12ebb61a-7a75-5376-aab2-7ceb1eeaaa74,1db4a92b-a015-5bef-b875-c0931951c17a,2026-01-29,completed,USD
914f800d-2c8d-5be0-af9a-c6d48bc729c0,SO-20260129-00764,165390f8-63ad-5d58-a264-328d0da126cd,8b8ac295-ff38-552a-a208-339acee0cbf8,2026-01-29,completed,USD
02534d63-ef7c-5863-8da3-8ef8ff45833b,SO-20260130-00765,cc2ce181-81fc-5f80-8405-c8d7324a0a86,b43c8f02-1dcb-5f9d-af05-30c6c2153bd3,2026-01-30,cancelled,USD
85ebdcb5-510e-5d3a-9fa3-1f14b61b8525,SO-20260130-00766,58c7b809-804a-5bc8-b115-97e73d805552,29f89627-9934-5916-acef-ed156172909d,2026-01-30,completed,USD
e5ca650d-4b26-5a86-bc2e-2b452ad89604,SO-20260130-00767,87c644ab-4a08-59ae-8d46-46413cec7d15,3a4f62a5-f7a0-56c0-bb79-7d8de38aa58f,2026-01-30,completed,USD
72a12143-63b5-56b8-a360-219e4f97e88e,SO-20260130-00768,405f7bae-779e-5a02-bcd6-7f8bcb6c819a,b43c8f02-1dcb-5f9d-af05-30c6c2153bd3,2026-01-30,processing,USD
544178fc-cbf8-5ce6-973a-4909a2695dfa,SO-20260131-00769,eb561ad0-9380-5a85-8731-9b83a34616f8,86d3dca2-5152-5ad7-ae43-709e43ab3982,2026-01-31,completed,USD
56f9182a-bc67-5de9-a492-99e10d61e6b1,SO-20260201-00770,23d58a1d-7f26-55e7-a59d-b1b41e692582,e95eb441-8390-5f2a-8300-5c0129b7d7a2,2026-02-01,completed,USD
688dff76-f910-53a9-ae7f-3d5a2d6d933f,SO-20260201-00771,5aee8f2d-fad8-5f72-897b-558e19b91816,c33f2117-7695-5b57-b98a-567287832ce1,2026-02-01,completed,USD
bcab4b1a-7e3b-5955-a662-f2a5b46b0acf,SO-20260201-00772,44f662d2-5cf7-5f6a-ba8a-b043ec347536,1db4a92b-a015-5bef-b875-c0931951c17a,2026-02-01,completed,USD
cbc85f6e-3e76-53b5-bcf2-33bdb1bc51d0,SO-20260202-00773,7a7a6781-a43d-5a44-b8c3-ed9a9393e01d,f1511ed8-40f6-544e-a21d-9ab52d3f1a34,2026-02-02,completed,USD
9c8a12fe-ad0e-538b-bfef-c4afd75f78d6,SO-20260202-00774,74f10365-790c-52e0-96a2-a32d6c70ce60,651eacb8-633a-519f-84a8-bdc47df160f3,2026-02-02,completed,USD
5e197cd6-ba65-5e26-9413-4ec93ccd2265,SO-20260202-00775,f86387ed-fd14-52ca-a24d-736799edf380,45c84ee9-d61c-56ff-858b-dd3a68c51c93,2026-02-02,completed,USD
ca998fb6-5a71-5439-a935-61b8242c5efe,SO-20260202-00776,2a15a126-84d8-555c-9e3c-17fe42636955,1e61b996-144a-5c9f-9271-3bcf378e3ae1,2026-02-02,completed,USD
c6c96ca3-6418-59f4-9ea9-70cc878bfa82,SO-20260202-00777,c21c4019-dc0f-5fe1-a6d7-af0225e48191,1a8cb147-1585-587f-932d-d9ea83a26048,2026-02-02,completed,USD
60db8c1a-9023-56ac-8ed0-79a974f0fd31,SO-20260202-00778,fa45f60a-2206-5593-a37e-29358f9539e6,e5a340fe-9b66-5cfe-809c-fab320a511e2,2026-02-02,completed,USD
3730b01e-0395-5168-acd9-46738ea5c9e7,SO-20260203-00779,033ffeb0-b055-5c7e-88aa-85ce598880bd,f7b726d6-d8b2-53bd-977c-4a572be5deb2,2026-02-03,completed,USD
d8d873fe-1139-511b-b1a6-492f541fecc4,SO-20260203-00780,4bdf7145-d5e2-5aca-a2cf-ead963af7d49,e95eb441-8390-5f2a-8300-5c0129b7d7a2,2026-02-03,completed,USD
c0e02db6-16e4-5a59-9349-eeaf764edce9,SO-20260203-00781,c3abef48-e783-5505-b88d-e552561c30a1,c33f2117-7695-5b57-b98a-567287832ce1,2026-02-03,shipped,USD
a2c4b892-962d-5da7-bd09-1b3598b62868,SO-20260203-00782,053e133a-49c6-544b-a07e-cc8c363869bc,e3c6ee5c-58a8-51f8-af29-bd2c65cb59c7,2026-02-03,completed,USD
defa8c81-06f6-5cd1-a489-dbd77d859b94,SO-20260203-00783,f2604e64-ceef-58d5-8f2a-17a0c5d81c44,008aa683-c142-586d-8cba-7423f86323a7,2026-02-03,shipped,USD
0b225f34-a726-5d10-a226-11ff06248cff,SO-20260204-00784,db25c8a0-7fa8-5822-9b41-1e4641d82453,91ded739-a072-5e06-95f0-c2fec8339a2a,2026-02-04,shipped,USD
2196b434-cd4e-56e0-a9de-bb6e592b09ff,SO-20260204-00785,f3b32c23-d3e5-5147-83fc-209309790194,dc883f2f-eb02-53a1-90cb-467dbf6ff455,2026-02-04,completed,USD
25e7f499-b402-5c93-b682-b669a0c133cc,SO-20260204-00786,8ea16eb1-2214-5eae-a29f-7d92773c437b,45c84ee9-d61c-56ff-858b-dd3a68c51c93,2026-02-04,completed,USD
6f4840d1-cd89-5d02-983b-e5db958f4931,SO-20260204-00787,f3ca3a6f-cfe7-5169-b9ad-383c2c7a2cc8,dc883f2f-eb02-53a1-90cb-467dbf6ff455,2026-02-04,completed,USD
f55c78a2-f6ca-56c4-8990-4b20f6537aed,SO-20260204-00788,053e133a-49c6-544b-a07e-cc8c363869bc,118ee768-2257-5fc9-80c7-fc0361eca54b,2026-02-04,completed,USD
7cb07ebe-6460-5bf6-b3a6-6308b34c9b28,SO-20260205-00789,e2796e24-73bc-50d9-8592-d2444a8ec1ff,113cd4ad-991e-5b3e-884a-1e169847c916,2026-02-05,cancelled,USD
480bfa60-6fcf-5487-b2a5-6fc3721561f1,SO-20260205-00790,8ebcae03-2625-57f2-82ee-a29c3784ddea,0122cfd5-2a20-5508-ad03-779342281d57,2026-02-05,cancelled,USD
8a429ad2-1e22-59d5-be52-64845ce75857,SO-20260205-00791,2748db13-6911-5fba-bff3-ee3fc2feb585,e95eb441-8390-5f2a-8300-5c0129b7d7a2,2026-02-05,completed,USD
884466a3-c78e-5678-9846-e4fe15c89587,SO-20260205-00792,d37938b7-749c-5fa6-8182-e9f88d561a06,60616d64-bde6-5323-8231-8cacb3eaa96d,2026-02-05,completed,USD
090fd4cf-d4fd-5e7e-852a-c2516738662c,SO-20260206-00793,0501d962-3f43-51c1-b425-2ddc365d5054,e95eb441-8390-5f2a-8300-5c0129b7d7a2,2026-02-06,completed,USD
fd70deb9-f088-56da-a35e-58b003d75f34,SO-20260206-00794,abcf2b63-66d8-582c-a587-08010c4be1d4,651eacb8-633a-519f-84a8-bdc47df160f3,2026-02-06,completed,USD
9d760968-274f-5bdb-aeb9-2d346ac72be3,SO-20260206-00795,db25c8a0-7fa8-5822-9b41-1e4641d82453,e95eb441-8390-5f2a-8300-5c0129b7d7a2,2026-02-06,cancelled,USD
97eccfa7-862c-5a64-9b81-d7e8e5f083ac,SO-20260206-00796,811abe48-1457-5c11-8bad-e4667903f9c3,e5a340fe-9b66-5cfe-809c-fab320a511e2,2026-02-06,completed,USD
d96300e7-5d0c-5ae7-8f85-c10667fa74e4,SO-20260206-00797,dfb31383-dd0a-51d3-8936-ebd04fadd595,37859317-2dbb-5c62-97d3-49217bdf045c,2026-02-06,completed,USD
2c3ad915-ac65-50d3-9984-0adb4fcd1a42,SO-20260206-00798,5edca693-c9ea-5312-9c2a-a4730fbe5c81,05970209-0410-562d-a0ac-22a01e4f9690,2026-02-06,shipped,USD
2c895b4e-1e13-57af-8e13-1dd258554183,SO-20260206-00799,15d106c1-93f3-5d77-97d8-5bcc9e3ca025,c99464d9-22c8-5917-b9c1-871ca488eabc,2026-02-06,completed,USD
94fd0fe9-4c00-5f56-af9f-85006ba93f6a,SO-20260207-00800,aa8c63c8-d686-52ed-9d78-13d55844bf50,3a4f62a5-f7a0-56c0-bb79-7d8de38aa58f,2026-02-07,shipped,USD
9a45c15c-8ae8-560d-88fe-319aaceb2d00,SO-20260207-00801,0d34bfa4-fcc6-59f8-9652-5e0affb1d4f4,dcf4314c-e3bf-59be-b647-4c36396750b1,2026-02-07,completed,USD
a6a1684e-b6f7-5bdb-9365-55cae22570c2,SO-20260208-00802,4a6aa6c3-8918-55e9-8cf5-39e8142be9c1,dc883f2f-eb02-53a1-90cb-467dbf6ff455,2026-02-08,completed,USD
92b92038-3507-5169-bf01-435b2e43db6b,SO-20260208-00803,798042e6-6e8d-5878-a20a-04d8a7d0277c,5935a2ab-e820-55bf-a36c-ef0ae035c00e,2026-02-08,completed,USD
dfb0990e-099c-520e-a175-b3231b2b9a22,SO-20260208-00804,f15b9a43-7cbc-58dc-82db-d266c5f7afb5,ea94a58b-c854-5627-b53a-80296dac8550,2026-02-08,cancelled,USD
1cfbfb62-81de-5b07-97b7-0b16d3faa0b3,SO-20260209-00805,bffe2a6e-3224-59cf-a78a-767da38789d8,d01beb24-6f80-5c71-a71d-d3854411ab72,2026-02-09,completed,USD
fc2b7b60-0861-54f0-ab1c-c98781097fe1,SO-20260209-00806,73db0a1c-1e07-5f7a-b389-9bb44e19c3aa,d1d43115-96f8-53a1-bad2-7d9446d8e118,2026-02-09,shipped,USD
dcd7fed9-8ced-5ef3-a62b-25833fa2e50a,SO-20260209-00807,3dbd17c9-c1a7-5150-9f9c-032157d5e21c,f7b726d6-d8b2-53bd-977c-4a572be5deb2,2026-02-09,completed,USD
281e02d0-86eb-567b-8ee5-e13d0dc36d58,SO-20260209-00808,a834bea2-ce91-50c8-9038-7c4a38933628,1a8cb147-1585-587f-932d-d9ea83a26048,2026-02-09,completed,USD
4d14caa9-4bbb-5d2b-9b58-6d241042f8fe,SO-20260209-00809,7130589f-8f9f-5b9b-bdd0-ddfc15e09956,e35ba822-27e1-5a54-9b0a-89a1cde4c322,2026-02-09,completed,USD
6e8237ff-8e3c-531a-81e3-81a245a044f7,SO-20260210-00810,441412c9-4946-5136-b1dc-b971c3175c8f,e95eb441-8390-5f2a-8300-5c0129b7d7a2,2026-02-10,completed,USD
1b89eb19-e26a-5fc8-ba92-baa4dbe5cfa6,SO-20260210-00811,8edd1228-3a2b-545d-a363-a0240edd721e,c33f2117-7695-5b57-b98a-567287832ce1,2026-02-10,shipped,USD
e8d9db46-c759-5af5-b009-bc07e7f85669,SO-20260210-00812,35b16062-11a6-5c7b-bb2c-1728ff821eb0,37859317-2dbb-5c62-97d3-49217bdf045c,2026-02-10,completed,USD
888e390e-2bb9-5fd9-b3d3-e83ac5a701b2,SO-20260210-00813,415a7e2b-2d6c-58af-929c-f2d3d93d593d,e8de5e72-dfef-5439-a069-3da83d10c24b,2026-02-10,completed,USD
32f1b5bd-abb6-5bcc-a3d4-27b0a1c3b85e,SO-20260210-00814,57f9a8b3-e5ff-5ea5-b2f2-b5735ffb7811,d01beb24-6f80-5c71-a71d-d3854411ab72,2026-02-10,completed,USD
3cb66d07-9bb6-52d3-94da-f05fdba8e46c,SO-20260210-00815,55d9e34f-0219-5915-bc14-28a0ba915bd3,ea94a58b-c854-5627-b53a-80296dac8550,2026-02-10,completed,USD
dc9c15ed-2f69-5fea-a133-218699859c1a,SO-20260210-00816,b659317c-a6a4-5430-b551-b8318b240920,f1511ed8-40f6-544e-a21d-9ab52d3f1a34,2026-02-10,completed,USD
3ff6c0fd-b35a-5bbb-925f-174437b71a06,SO-20260210-00817,cf2226a8-1b7f-5eb6-8a4c-6bd84e7f34df,1a8cb147-1585-587f-932d-d9ea83a26048,2026-02-10,completed,USD
89f4be06-6477-5995-9eb3-2d607e2a7aaf,SO-20260211-00818,b3398a43-50be-54d0-b982-9c62184be451,c33f2117-7695-5b57-b98a-567287832ce1,2026-02-11,completed,USD
91afb9c1-d2f2-5a69-bc8c-9854c17c6d6e,SO-20260211-00819,2ccf9d32-bdd1-5c33-9ad2-71a0a0d3251b,651eacb8-633a-519f-84a8-bdc47df160f3,2026-02-11,completed,USD
2badb7c2-2d43-5c39-bd97-d0b3a6ff114b,SO-20260211-00820,d0912a42-5e15-50d0-bbe2-7065c5632e55,0122cfd5-2a20-5508-ad03-779342281d57,2026-02-11,completed,USD
83ded420-216f-5a6d-9db3-ddeacaa3a4dd,SO-20260212-00821,0229bf32-83e3-5e7c-8306-8db796b70f33,e5a340fe-9b66-5cfe-809c-fab320a511e2,2026-02-12,completed,USD
c9bebe4f-9bef-5ed0-ba2f-248c74c58b11,SO-20260212-00822,cfc45208-54c6-5988-95af-486062fd7654,05970209-0410-562d-a0ac-22a01e4f9690,2026-02-12,shipped,USD
21017e60-40fe-5e25-8326-aac59e4fa636,SO-20260212-00823,98040fa4-e3e2-5e47-ba22-98dddec004f3,60616d64-bde6-5323-8231-8cacb3eaa96d,2026-02-12,processing,USD
8f8f9213-a7bc-5b8e-bdd5-5dd9f9a65c07,SO-20260212-00824,dc5fd084-70dd-5c0b-a9ac-b8e96bfb8e3a,5935a2ab-e820-55bf-a36c-ef0ae035c00e,2026-02-12,shipped,USD
818422d7-8b08-5cda-b049-5b8dc495e703,SO-20260212-00825,7004f89a-407f-5257-885a-50bfaca6f7a1,c33f2117-7695-5b57-b98a-567287832ce1,2026-02-12,completed,USD
87574f46-3ce9-50eb-a59a-8173504839bf,SO-20260213-00826,2cbc0a20-b6e1-5bfa-aacc-ddf987a5613a,5935a2ab-e820-55bf-a36c-ef0ae035c00e,2026-02-13,completed,USD
92c131cb-2486-5676-b037-09805ace2e59,SO-20260213-00827,f01fb266-be0e-529e-8004-92cdf4cc9317,e35ba822-27e1-5a54-9b0a-89a1cde4c322,2026-02-13,completed,USD
6034914a-f22b-5e23-936d-673f64608bbc,SO-20260213-00828,c45e7545-e687-59bc-bfcb-8aa1781a915a,0122cfd5-2a20-5508-ad03-779342281d57,2026-02-13,completed,USD
a317748e-aea4-59f7-9d49-eaee90cb78c2,SO-20260213-00829,dfb31383-dd0a-51d3-8936-ebd04fadd595,f07cf853-c39a-5a4a-ba49-9c85935326bc,2026-02-13,processing,USD
ed6b7e19-f8f4-5313-8394-6947986a2826,SO-20260214-00830,aa8c63c8-d686-52ed-9d78-13d55844bf50,720c7389-880e-5928-a765-7ad18e1dd3c3,2026-02-14,completed,USD
9ea83dd9-4f28-5da2-a389-46bf031a257b,SO-20260215-00831,a88055ea-7157-5cae-8a22-4a16e9df8b14,ea94a58b-c854-5627-b53a-80296dac8550,2026-02-15,cancelled,USD
581b2681-31bf-5e0c-b7a5-1c25c77b1e5d,SO-20260215-00832,3e5f5099-ba24-593a-8a19-ef985a01e7bc,ea94a58b-c854-5627-b53a-80296dac8550,2026-02-15,shipped,USD
d575d140-23fa-5d47-b60c-488d53a05eb8,SO-20260215-00833,51813e7b-b521-5ada-8c7e-13ea9b551a15,f1511ed8-40f6-544e-a21d-9ab52d3f1a34,2026-02-15,completed,USD
067aec29-7f7d-5b31-af87-26ba70214660,SO-20260216-00834,efc6d6e2-3820-5513-8123-558be8fd8390,e8de5e72-dfef-5439-a069-3da83d10c24b,2026-02-16,shipped,USD
8a648371-4a35-5ef9-bcc9-287e488a8d9c,SO-20260216-00835,01e5eb13-be9c-50d0-90dd-28a9cce2c901,d6c5842b-b70d-5897-8b57-947e5ff2f3a3,2026-02-16,completed,USD
94580e9f-571f-5ace-8e9c-362470c4cb9f,SO-20260216-00836,74f10365-790c-52e0-96a2-a32d6c70ce60,c33f2117-7695-5b57-b98a-567287832ce1,2026-02-16,completed,USD
53521f06-c3e4-5fe4-ac0b-25a004915895,SO-20260216-00837,3dbd17c9-c1a7-5150-9f9c-032157d5e21c,e8de5e72-dfef-5439-a069-3da83d10c24b,2026-02-16,completed,USD
47b1df15-fc1e-5af2-b1d9-5dd242017fc5,SO-20260216-00838,542d6269-bd1a-56c2-98a9-2504da4fec78,00b1eaa3-aff6-52f5-8539-ac4cb785322a,2026-02-16,shipped,USD
3f238f1c-05b0-58a6-8d04-f487798b3b03,SO-20260216-00839,6723025d-688e-5195-bedd-bcb932d3d17b,d6c5842b-b70d-5897-8b57-947e5ff2f3a3,2026-02-16,shipped,USD
4f2946d7-68a0-55f9-abd6-3b2541926c17,SO-20260216-00840,9e37795c-761a-5907-8655-c9cc6614657e,91ded739-a072-5e06-95f0-c2fec8339a2a,2026-02-16,cancelled,USD
6ee643b6-a3b9-5137-bca2-2c26f774cd9f,SO-20260216-00841,ab4c85bb-634b-5969-957b-afa538a0a0d3,60616d64-bde6-5323-8231-8cacb3eaa96d,2026-02-16,shipped,USD
0ffb3e01-985d-5674-a25c-6a4827da65b6,SO-20260217-00842,7ec6965c-e831-5848-861c-c35608f0693c,dc883f2f-eb02-53a1-90cb-467dbf6ff455,2026-02-17,completed,USD
86351a85-5217-55f2-a41b-e86bb96b98ea,SO-20260217-00843,f0648a7a-1f33-5d5c-a484-653be39260f5,dc883f2f-eb02-53a1-90cb-467dbf6ff455,2026-02-17,completed,USD
e4d096b5-a108-5b5c-90a5-d70f95243444,SO-20260217-00844,ce0413ce-813a-5b58-badb-103775b6d962,ea94a58b-c854-5627-b53a-80296dac8550,2026-02-17,completed,USD
0bebc0ac-deaa-5d48-b847-fe9ccda639fd,SO-20260217-00845,1888901a-2aa8-5cf0-afb6-d48a0822f2c1,f1511ed8-40f6-544e-a21d-9ab52d3f1a34,2026-02-17,completed,USD
2a049c0c-8ee7-5c2e-bffa-8ba2ac0ae8cd,SO-20260217-00846,b7ca9756-55ff-5e43-9cb1-9cbab905e9db,60616d64-bde6-5323-8231-8cacb3eaa96d,2026-02-17,processing,USD
5634edd7-4a31-5c46-afd9-41f45249ab27,SO-20260217-00847,93462d1f-c965-536d-a89a-5bbb9014fd6f,05970209-0410-562d-a0ac-22a01e4f9690,2026-02-17,completed,USD
1df6655b-7535-5c89-b020-6dcebbc69efb,SO-20260217-00848,5b9a240a-08cf-5146-92b8-dc12785af04d,0122cfd5-2a20-5508-ad03-779342281d57,2026-02-17,completed,USD
76ba1635-6c7b-58e5-b9f2-7a8b0d574216,SO-20260217-00849,00ec496a-96dc-5e8f-a2f4-e34e1e87ab2c,f1511ed8-40f6-544e-a21d-9ab52d3f1a34,2026-02-17,completed,USD
59f7f9da-8c64-58a5-9a9c-642dfe906324,SO-20260218-00850,0f77fa23-6a98-5f4c-a249-8a889a41687d,f07cf853-c39a-5a4a-ba49-9c85935326bc,2026-02-18,completed,USD
00254f57-5794-5fe9-b334-b1af6f76cf80,SO-20260218-00851,14a7eb68-5af3-5176-b3ce-4fd95f98966a,e5a340fe-9b66-5cfe-809c-fab320a511e2,2026-02-18,completed,USD
b61294e1-a9d4-5885-826d-0ec95efa416e,SO-20260218-00852,8a7e172c-2406-570d-bb2c-f395c8b100cb,f07cf853-c39a-5a4a-ba49-9c85935326bc,2026-02-18,completed,USD
5bb9f6b6-f2eb-5f73-a190-ab05d99e39cc,SO-20260218-00853,40514aaa-f2d7-54e1-925b-f96e2ce00054,e95eb441-8390-5f2a-8300-5c0129b7d7a2,2026-02-18,completed,USD
fde39aca-b92e-591c-b360-680ab82e6918,SO-20260219-00854,b659317c-a6a4-5430-b551-b8318b240920,29f89627-9934-5916-acef-ed156172909d,2026-02-19,completed,USD
b9682444-462a-561e-9f64-4ce468705b0e,SO-20260219-00855,f65d0b29-8605-52d2-bb1f-457c9ee2abac,d1d43115-96f8-53a1-bad2-7d9446d8e118,2026-02-19,completed,USD
326ef4ff-da38-5d5c-9968-1c1cf5978f8b,SO-20260219-00856,f01fb266-be0e-529e-8004-92cdf4cc9317,720c7389-880e-5928-a765-7ad18e1dd3c3,2026-02-19,processing,USD
b2ef5236-4e76-5da5-bc11-62e934014d78,SO-20260219-00857,9d0f2869-bc81-5ddc-ac5b-0afe4a393c00,118ee768-2257-5fc9-80c7-fc0361eca54b,2026-02-19,completed,USD
f1df55ab-97ab-57e5-8381-7e59803abff1,SO-20260219-00858,2a15a126-84d8-555c-9e3c-17fe42636955,113cd4ad-991e-5b3e-884a-1e169847c916,2026-02-19,shipped,USD
c155f2fe-327e-52c0-82a5-f51d754abb21,SO-20260219-00859,48fd5b5a-6215-5e05-88fd-ff210cb17a6c,05970209-0410-562d-a0ac-22a01e4f9690,2026-02-19,completed,USD
3a79845d-0282-5157-a7c3-0cbf326e69d8,SO-20260219-00860,639085c3-c8cf-5ada-a8ad-a24b7dd0c941,dc883f2f-eb02-53a1-90cb-467dbf6ff455,2026-02-19,completed,USD
cee0b229-7ded-54dc-815a-4d5199a8b27c,SO-20260219-00861,aa9cc48e-5859-5893-a5cd-6087a97d33a6,3a4f62a5-f7a0-56c0-bb79-7d8de38aa58f,2026-02-19,cancelled,USD
8bd52449-a936-5e81-ab1e-57e2c2554301,SO-20260220-00862,44f662d2-5cf7-5f6a-ba8a-b043ec347536,3f24970e-8ea4-57ed-8660-e26444c13e5d,2026-02-20,completed,USD
baa4b406-865f-56bf-999c-5f13ad2e5c5d,SO-20260220-00863,225ac19b-ce5f-585c-b5e4-1f431f510a79,dc883f2f-eb02-53a1-90cb-467dbf6ff455,2026-02-20,completed,USD
937210f1-b8b3-58ab-b692-9bcafe0357fc,SO-20260220-00864,6c7e2291-c37b-5221-adf7-b99f74c62056,dc883f2f-eb02-53a1-90cb-467dbf6ff455,2026-02-20,processing,USD
63efa2ac-6a58-5573-bcfd-7ddcd9fe8168,SO-20260220-00865,238c4b69-138e-5f45-ac27-13ef8d5a4207,e3c6ee5c-58a8-51f8-af29-bd2c65cb59c7,2026-02-20,completed,USD
cae822d6-3e7e-5473-a3b1-1b8b81e0a0f2,SO-20260220-00866,93284c51-89ec-5b3a-9213-6c86ea224de2,d1d43115-96f8-53a1-bad2-7d9446d8e118,2026-02-20,completed,USD
eef1b25b-5e0d-5653-a9c5-0e81950d0091,SO-20260220-00867,53e40369-8557-5ee4-8257-fdf32d502ce4,c33f2117-7695-5b57-b98a-567287832ce1,2026-02-20,completed,USD
8fd0ee5a-f3cb-5c63-80f9-8011ea6de3e5,SO-20260220-00868,28b3fd98-5708-52b6-9827-2438ba2f7d9d,651eacb8-633a-519f-84a8-bdc47df160f3,2026-02-20,completed,USD
0abb1f8c-4311-561b-b77c-44d8da863dbb,SO-20260220-00869,639085c3-c8cf-5ada-a8ad-a24b7dd0c941,c33f2117-7695-5b57-b98a-567287832ce1,2026-02-20,shipped,USD
c17faf80-ac8b-5792-a29c-d535c879b74c,SO-20260221-00870,5b77eb0f-fbc0-5382-865a-db5941867a32,05970209-0410-562d-a0ac-22a01e4f9690,2026-02-21,completed,USD
faeca302-1081-5e27-8045-09382f2685ae,SO-20260222-00871,19320701-b239-5638-97f2-e5e7ef202f73,c99464d9-22c8-5917-b9c1-871ca488eabc,2026-02-22,completed,USD
a34618c6-a1b1-5d67-b4cb-b96cc8023140,SO-20260222-00872,492571cd-6c54-530b-8ecd-49c381ce4c96,05970209-0410-562d-a0ac-22a01e4f9690,2026-02-22,completed,USD
074fec56-5bb8-5930-b28c-c5dd36c31aa8,SO-20260222-00873,033ffeb0-b055-5c7e-88aa-85ce598880bd,e3c6ee5c-58a8-51f8-af29-bd2c65cb59c7,2026-02-22,processing,USD
60bc1b19-f4a6-5ecb-a178-82dbc6de5005,SO-20260223-00874,a19efc6f-37e7-5457-9301-3409697b7ceb,1db4a92b-a015-5bef-b875-c0931951c17a,2026-02-23,completed,USD
a26b8904-4b05-5b25-a1eb-01c4ce8d9e80,SO-20260223-00875,411954a7-3aa4-5061-a453-0ceb1c8258f7,080af047-634c-5a70-8a42-a7a196cc9cce,2026-02-23,completed,USD
7aadd388-04c5-560c-bd69-236d7ea61743,SO-20260223-00876,692b1e81-f08c-5c9d-b5c5-bfb5e52305cc,1e61b996-144a-5c9f-9271-3bcf378e3ae1,2026-02-23,cancelled,USD
76a00056-4da4-5665-80f4-3ff583d5978b,SO-20260223-00877,ed94c90f-0279-5414-bdbf-8f0c432575cd,0122cfd5-2a20-5508-ad03-779342281d57,2026-02-23,completed,USD
2fe46427-fd09-5402-ad6c-1b3330fd367d,SO-20260224-00878,139d23d0-0ca8-556c-a57f-46e9850e725d,c99464d9-22c8-5917-b9c1-871ca488eabc,2026-02-24,completed,USD
99d4541b-818d-555e-b3ae-1a44351f6852,SO-20260224-00879,46b1ec4a-7b12-5360-b5d7-4cd067e6e191,1e61b996-144a-5c9f-9271-3bcf378e3ae1,2026-02-24,shipped,USD
57d59baa-ec57-55d9-8e2e-b92b3a3c6663,SO-20260224-00880,5a50cdc9-fb0b-58f7-9924-c34148c6997d,5935a2ab-e820-55bf-a36c-ef0ae035c00e,2026-02-24,completed,USD
54a20733-eeba-51b6-9110-17a65884e1c1,SO-20260224-00881,cc9131a9-5014-5684-a229-810deffab2f7,651eacb8-633a-519f-84a8-bdc47df160f3,2026-02-24,completed,USD
a72b7cfc-b071-507f-9755-104a73f0b854,SO-20260224-00882,b5c5e541-d869-59b6-bb0f-690aae22a20d,45c84ee9-d61c-56ff-858b-dd3a68c51c93,2026-02-24,processing,USD
fdc38fd8-3a05-5060-8c06-774e2450d57e,SO-20260224-00883,a0a33f10-1906-5e9c-b602-72a155faa409,080af047-634c-5a70-8a42-a7a196cc9cce,2026-02-24,completed,USD
a9b92152-8e9e-527d-bb37-2f7e7b1950d8,SO-20260224-00884,211e9348-4f39-5391-99e3-c207abb6aa3d,c33f2117-7695-5b57-b98a-567287832ce1,2026-02-24,completed,USD
70cdae25-10b1-5165-b51e-834346c04088,SO-20260225-00885,dc28ddad-a1b2-5fb6-8f6b-159e35a70ab1,f7b726d6-d8b2-53bd-977c-4a572be5deb2,2026-02-25,processing,USD
7be8b5c8-e131-59f5-9941-32ca5b673cef,SO-20260225-00886,e886f002-0850-544e-bbc7-6a62c8afd4c2,0122cfd5-2a20-5508-ad03-779342281d57,2026-02-25,completed,USD
30985524-f3c1-54e0-a481-3bb29c06e509,SO-20260225-00887,01ff9cad-dfbc-5aa4-b0cb-9146d48f095b,e95eb441-8390-5f2a-8300-5c0129b7d7a2,2026-02-25,shipped,USD
94b4b0e2-4577-5af6-9938-7a135878cd98,SO-20260225-00888,8f063b1c-877c-506b-88d7-67009830268c,91ded739-a072-5e06-95f0-c2fec8339a2a,2026-02-25,completed,USD
9d7d625b-0ade-54bc-a26e-9fb9b1e7aa85,SO-20260225-00889,5b9a240a-08cf-5146-92b8-dc12785af04d,d01beb24-6f80-5c71-a71d-d3854411ab72,2026-02-25,completed,USD
e3f62339-f6c3-56d4-8f07-fdef97cf8f4f,SO-20260225-00890,1528185b-cf40-5ae0-bf34-08cf9ed4d3d3,dc883f2f-eb02-53a1-90cb-467dbf6ff455,2026-02-25,cancelled,USD
8f3b1125-d67d-56de-8e80-53ab81dd4b54,SO-20260225-00891,cf2226a8-1b7f-5eb6-8a4c-6bd84e7f34df,080af047-634c-5a70-8a42-a7a196cc9cce,2026-02-25,completed,USD
b0052665-cd5c-5670-80fa-ea418e6fb152,SO-20260225-00892,2a15a126-84d8-555c-9e3c-17fe42636955,b43c8f02-1dcb-5f9d-af05-30c6c2153bd3,2026-02-25,cancelled,USD
a1fa5f19-a298-56cf-b11a-729a9a250241,SO-20260226-00893,0b2f3f22-e79e-5501-a57c-833467001154,f1511ed8-40f6-544e-a21d-9ab52d3f1a34,2026-02-26,shipped,USD
a7d88bc0-48c6-5738-a019-89fa2480c99f,SO-20260226-00894,a88055ea-7157-5cae-8a22-4a16e9df8b14,720c7389-880e-5928-a765-7ad18e1dd3c3,2026-02-26,completed,USD
fff88396-1b8a-5025-91db-eae27f5a572a,SO-20260226-00895,f055a98f-c476-5dcf-a370-33fc7510ae5f,e3c6ee5c-58a8-51f8-af29-bd2c65cb59c7,2026-02-26,completed,USD
1895dba7-4d79-58a9-972b-7daa526f50af,SO-20260226-00896,fdd1bf33-4026-5da5-8c98-a828d9ec7319,e5a340fe-9b66-5cfe-809c-fab320a511e2,2026-02-26,completed,USD
f5adfb4d-2137-5004-b5f0-ff2e4ecff23b,SO-20260226-00897,fc886c33-609e-58ba-9c2b-27308ba7b1a5,1db4a92b-a015-5bef-b875-c0931951c17a,2026-02-26,completed,USD
470dfd24-de07-52b0-9c08-303183605820,SO-20260227-00898,e34220b6-615a-5201-8434-eddf14b32a02,e95eb441-8390-5f2a-8300-5c0129b7d7a2,2026-02-27,completed,USD
40f45b17-d8c1-5c54-a0de-186bd6c0ad02,SO-20260227-00899,3d06ad06-e9ad-572c-a150-f2a59ab9e5a7,f1511ed8-40f6-544e-a21d-9ab52d3f1a34,2026-02-27,completed,USD
4ae889ac-f983-53a8-8365-dc0c9f209204,SO-20260227-00900,9bcd00fc-0f4b-54d1-992f-efd5492c5d04,8b8ac295-ff38-552a-a208-339acee0cbf8,2026-02-27,completed,USD
35675310-8544-5d2f-a693-add41071740e,SO-20260227-00901,1d3846cd-4352-506c-a7ab-f5bec4f3f116,080af047-634c-5a70-8a42-a7a196cc9cce,2026-02-27,completed,USD
75967bf9-a420-59b5-836b-61e68f6d7b96,SO-20260227-00902,f15b9a43-7cbc-58dc-82db-d266c5f7afb5,b43c8f02-1dcb-5f9d-af05-30c6c2153bd3,2026-02-27,completed,USD
1ed93ec5-cebb-55ef-9122-f4ba3dd76405,SO-20260228-00903,387db0fb-71df-5889-b6b4-cc6802693cba,1db4a92b-a015-5bef-b875-c0931951c17a,2026-02-28,completed,USD
2bee8919-6308-5cbd-8683-cf5729d7fb23,SO-20260228-00904,2fcb06ab-8744-5be2-97af-1d16fe182b02,080af047-634c-5a70-8a42-a7a196cc9cce,2026-02-28,completed,USD
982377db-fa5b-551b-8585-21b949550b4a,SO-20260301-00905,874da0f2-11f6-538f-9e17-ca7279ca8d78,f1511ed8-40f6-544e-a21d-9ab52d3f1a34,2026-03-01,completed,USD
d80326db-1df0-55a3-ac46-08419181ccee,SO-20260301-00906,32a20227-b521-57c2-8043-1a0717dc15a9,86d3dca2-5152-5ad7-ae43-709e43ab3982,2026-03-01,completed,USD
191d6727-38d0-5fbe-af24-586e1cc0a431,SO-20260302-00907,5ff31b67-f47a-592a-9a3a-341942e30c8e,f07cf853-c39a-5a4a-ba49-9c85935326bc,2026-03-02,completed,USD
96b56c8c-6691-523e-8c96-48fd7e940303,SO-20260302-00908,7b4e4282-74df-5df9-b2bd-7c0c893b80db,0122cfd5-2a20-5508-ad03-779342281d57,2026-03-02,completed,USD
be5c7bbe-568f-5739-8ffe-3d8977544e78,SO-20260302-00909,0ef49f4d-7bf6-5984-b7c6-1597a2c4f2d4,60616d64-bde6-5323-8231-8cacb3eaa96d,2026-03-02,completed,USD
385f2a10-714e-566f-8dc9-566ba6de83f2,SO-20260303-00910,5a50cdc9-fb0b-58f7-9924-c34148c6997d,e8de5e72-dfef-5439-a069-3da83d10c24b,2026-03-03,shipped,USD
700f2824-dfe6-56dc-869b-c7af1cdfb36c,SO-20260303-00911,5eec2e12-42ee-500b-9664-ed7cef2230f3,3a4f62a5-f7a0-56c0-bb79-7d8de38aa58f,2026-03-03,shipped,USD
a6b43398-7035-5aba-93af-6197854727b6,SO-20260303-00912,53e40369-8557-5ee4-8257-fdf32d502ce4,f07cf853-c39a-5a4a-ba49-9c85935326bc,2026-03-03,completed,USD
886f2dba-a31d-5aa5-b4c4-14dd44e4df98,SO-20260303-00913,6d6f03ad-df29-5190-bcc1-4e253af30b8f,1e61b996-144a-5c9f-9271-3bcf378e3ae1,2026-03-03,completed,USD
5b09ed34-93f4-50de-b2f6-f5661e9a38f9,SO-20260303-00914,05e55145-f922-5b7f-9a87-b4e535288ab0,651eacb8-633a-519f-84a8-bdc47df160f3,2026-03-03,cancelled,USD
cf450151-f1ed-5c63-b7a7-cde9e37f7cbf,SO-20260303-00915,0501d962-3f43-51c1-b425-2ddc365d5054,720c7389-880e-5928-a765-7ad18e1dd3c3,2026-03-03,completed,USD
0ebac6d6-0357-5ed0-801c-659aa67ecfd4,SO-20260303-00916,1055b7e8-8538-5966-86ca-9f9cce8f490b,8b8ac295-ff38-552a-a208-339acee0cbf8,2026-03-03,completed,USD
dc273966-7862-5630-bdf7-9eef19d01fda,SO-20260304-00917,069ee107-ef39-5b56-8a25-9bd98963b8c1,e5a340fe-9b66-5cfe-809c-fab320a511e2,2026-03-04,completed,USD
f91076d3-8298-5e7f-8a36-5c920138d967,SO-20260304-00918,781869ae-9d51-528d-8d7b-21897d2236d8,118ee768-2257-5fc9-80c7-fc0361eca54b,2026-03-04,completed,USD
c5b56c28-400a-553b-8c05-c3d078c141e8,SO-20260304-00919,ae2db326-af20-5343-8590-65c805d0128f,e3c6ee5c-58a8-51f8-af29-bd2c65cb59c7,2026-03-04,completed,USD
400b6466-cbe4-5882-b4be-739723377e9c,SO-20260304-00920,2ca6c1cf-f742-57f7-b43e-589510bd781f,ea94a58b-c854-5627-b53a-80296dac8550,2026-03-04,completed,USD
3c28e5b5-fc68-5d22-ae8e-e44601f16b42,SO-20260304-00921,3d06ad06-e9ad-572c-a150-f2a59ab9e5a7,720c7389-880e-5928-a765-7ad18e1dd3c3,2026-03-04,shipped,USD
262fcb0b-c20b-5885-8c32-caa8a88de362,SO-20260305-00922,e34220b6-615a-5201-8434-eddf14b32a02,e5a340fe-9b66-5cfe-809c-fab320a511e2,2026-03-05,processing,USD
359b0299-4298-555a-afc2-d16aac00f65c,SO-20260305-00923,35019a47-5783-58b9-bbe4-4f79b5ced9cd,e5a340fe-9b66-5cfe-809c-fab320a511e2,2026-03-05,completed,USD
c3015822-0811-505c-88ce-fb457837524a,SO-20260305-00924,4ecf8661-bfeb-53ad-bb64-08a5b5154e5e,3f24970e-8ea4-57ed-8660-e26444c13e5d,2026-03-05,shipped,USD
e9a208a9-d792-534f-9e14-e527a924e1c8,SO-20260305-00925,d8b549d8-419b-52a0-ba9a-d7edfb7e0747,86d3dca2-5152-5ad7-ae43-709e43ab3982,2026-03-05,completed,USD
62566455-0742-5df9-9a5c-4f0eb0d461f3,SO-20260305-00926,2cf463c0-2759-59c5-8362-c3b877fa5132,c99464d9-22c8-5917-b9c1-871ca488eabc,2026-03-05,completed,USD
111577fb-5c08-50e7-9ee2-058fe5845734,SO-20260305-00927,874da0f2-11f6-538f-9e17-ca7279ca8d78,e35ba822-27e1-5a54-9b0a-89a1cde4c322,2026-03-05,shipped,USD
a9ae517c-e82c-5a1c-b8d8-6f168a61f07f,SO-20260306-00928,62bdc722-1c50-5dca-97ba-fb435dd7015a,0122cfd5-2a20-5508-ad03-779342281d57,2026-03-06,completed,USD
67e84401-86af-5480-a20f-aa8ccf6d3d55,SO-20260306-00929,0f56079a-c587-5919-a93b-3c4cf99003e0,720c7389-880e-5928-a765-7ad18e1dd3c3,2026-03-06,cancelled,USD
6abc852a-6e4d-5388-8f9a-e55d04bb3ae6,SO-20260306-00930,638b00ed-91cb-531d-b799-3b67878ac7b3,c99464d9-22c8-5917-b9c1-871ca488eabc,2026-03-06,completed,USD
a2da7cfa-5724-59c1-af2e-38e4c12b2cfd,SO-20260306-00931,3cacb34c-375e-5074-bf40-b4908ec72ccc,60616d64-bde6-5323-8231-8cacb3eaa96d,2026-03-06,shipped,USD
d87acbf2-1d1c-51cc-bb97-e19f8e9d6009,SO-20260306-00932,497cb1c0-768f-58c2-901a-4e193a0b67da,f1511ed8-40f6-544e-a21d-9ab52d3f1a34,2026-03-06,cancelled,USD
79f2f474-9a41-5846-84a6-92b06f0405ad,SO-20260306-00933,d8b549d8-419b-52a0-ba9a-d7edfb7e0747,0122cfd5-2a20-5508-ad03-779342281d57,2026-03-06,shipped,USD
b0e16dd4-b033-5184-be5e-f661205cf986,SO-20260307-00934,c4156948-f677-5af4-a0de-d5141492c2fc,118ee768-2257-5fc9-80c7-fc0361eca54b,2026-03-07,completed,USD
5bf55da2-f6e5-52ad-94b6-76beb216955f,SO-20260307-00935,c871b9d2-5aba-572d-af22-8b861bacda77,c33f2117-7695-5b57-b98a-567287832ce1,2026-03-07,completed,USD
5f7e366a-9541-56c9-8a32-b2199432d145,SO-20260308-00936,3b4b169a-98ee-50cb-8fc8-a090b124d298,e95eb441-8390-5f2a-8300-5c0129b7d7a2,2026-03-08,completed,USD
61209b7d-f3a5-5690-90a4-b8a75da27bf6,SO-20260309-00937,b2abf452-14bc-53db-999b-1f4ea0829d09,29f89627-9934-5916-acef-ed156172909d,2026-03-09,cancelled,USD
6d74c8d0-0b06-5d8b-b2b5-aacb4cafc8cc,SO-20260309-00938,d7d581f1-c2da-5bd4-84fa-32ad01cc255b,d6c5842b-b70d-5897-8b57-947e5ff2f3a3,2026-03-09,processing,USD
3bb8b991-858e-5b3d-baaf-d281f5696935,SO-20260309-00939,4045a68b-1241-5c21-8e3a-549371864bb8,00b1eaa3-aff6-52f5-8539-ac4cb785322a,2026-03-09,completed,USD
72c3bed1-7d79-5509-9954-546cd1149b4f,SO-20260309-00940,7d426d71-c6e4-5914-8ad8-a142129a8265,3a4f62a5-f7a0-56c0-bb79-7d8de38aa58f,2026-03-09,processing,USD
0bb1a6f9-949f-5362-b69c-c2be896798ad,SO-20260309-00941,0d34bfa4-fcc6-59f8-9652-5e0affb1d4f4,91ded739-a072-5e06-95f0-c2fec8339a2a,2026-03-09,completed,USD
72603978-1ab6-5fb7-a6af-c82fa6e2bae2,SO-20260309-00942,d2ab141c-3bc1-5b67-a147-cfc0288402d9,b43c8f02-1dcb-5f9d-af05-30c6c2153bd3,2026-03-09,completed,USD
225a89ed-f162-59a7-8ba4-d4ef4f023e75,SO-20260310-00943,bc9907a8-c576-5f86-9d61-076200e309c0,f7b726d6-d8b2-53bd-977c-4a572be5deb2,2026-03-10,completed,USD
e66c403d-6081-535a-9d9f-ff7782b88299,SO-20260310-00944,87c644ab-4a08-59ae-8d46-46413cec7d15,118ee768-2257-5fc9-80c7-fc0361eca54b,2026-03-10,completed,USD
2690ad78-dd42-5805-ba19-1901ffb16013,SO-20260310-00945,911d2ac5-b705-55b1-b535-20defd046120,b43c8f02-1dcb-5f9d-af05-30c6c2153bd3,2026-03-10,shipped,USD
0da322b8-d656-5df1-a3b2-eca5f0311bc9,SO-20260310-00946,c977064b-11eb-59d5-973f-5594f41a3651,0122cfd5-2a20-5508-ad03-779342281d57,2026-03-10,cancelled,USD
9520048c-bf07-5364-a5d9-ef2046489907,SO-20260310-00947,874da0f2-11f6-538f-9e17-ca7279ca8d78,e95eb441-8390-5f2a-8300-5c0129b7d7a2,2026-03-10,completed,USD
20121398-3296-50dd-b104-82ec39e10c2c,SO-20260310-00948,79c0aefc-5401-5768-acf7-3d92461e78f8,29f89627-9934-5916-acef-ed156172909d,2026-03-10,completed,USD
0005a5a6-793a-50ae-abac-1fde763a87a8,SO-20260311-00949,ba75f812-6df0-51cd-974c-2c3e45c78227,118ee768-2257-5fc9-80c7-fc0361eca54b,2026-03-11,shipped,USD
bcc4d671-0fc4-5cba-8dfe-f3cfcb9050e2,SO-20260311-00950,874da0f2-11f6-538f-9e17-ca7279ca8d78,c99464d9-22c8-5917-b9c1-871ca488eabc,2026-03-11,completed,USD
ac15caf6-4d35-565c-866d-7cb53c89a4eb,SO-20260311-00951,0f325fb4-920f-51aa-92ca-6894b2ef8c37,d01beb24-6f80-5c71-a71d-d3854411ab72,2026-03-11,completed,USD
384c645c-2a81-595e-ba6e-dc9034b494e9,SO-20260311-00952,14a7eb68-5af3-5176-b3ce-4fd95f98966a,d1d43115-96f8-53a1-bad2-7d9446d8e118,2026-03-11,cancelled,USD
faebaeb7-d655-5a92-9b1d-20ceebad9de4,SO-20260311-00953,35393ba6-62ef-5245-a602-5a808930ddae,00b1eaa3-aff6-52f5-8539-ac4cb785322a,2026-03-11,processing,USD
bf6ce8d5-5dcf-502d-b2c7-90953964558d,SO-20260311-00954,638b00ed-91cb-531d-b799-3b67878ac7b3,f7b726d6-d8b2-53bd-977c-4a572be5deb2,2026-03-11,completed,USD
868c323c-18d5-57ad-bc0c-b11add99ea1d,SO-20260312-00955,d17126ee-524e-53b1-a028-ff5ab774ccea,e8de5e72-dfef-5439-a069-3da83d10c24b,2026-03-12,completed,USD
975927e7-076b-598f-9084-360833a916e0,SO-20260312-00956,66174413-8e10-5c51-b577-3068e8d05432,f1511ed8-40f6-544e-a21d-9ab52d3f1a34,2026-03-12,completed,USD
5887c555-6d7b-58ab-a50e-68ac82b6aa7a,SO-20260312-00957,939cc1b1-b2b9-5377-8a1f-b66bf84b5aab,f7b726d6-d8b2-53bd-977c-4a572be5deb2,2026-03-12,completed,USD
4cdb2ca1-4ae1-5aed-8b19-4c783d163865,SO-20260312-00958,c21c4019-dc0f-5fe1-a6d7-af0225e48191,f7b726d6-d8b2-53bd-977c-4a572be5deb2,2026-03-12,completed,USD
3e39194c-6861-5c40-97fc-cc9dcab3ca79,SO-20260313-00959,ebc4e9d9-750c-5601-83a5-2e8ac97ba602,e8de5e72-dfef-5439-a069-3da83d10c24b,2026-03-13,completed,USD
5d7cb177-0f0a-5141-b794-9c255668af4e,SO-20260313-00960,79e273c0-69c6-51de-8517-f3521ed8a328,1a8cb147-1585-587f-932d-d9ea83a26048,2026-03-13,processing,USD
58c305b9-ed78-5d83-8ea4-2be571b15251,SO-20260313-00961,2467f2db-4a4a-5856-9a40-f2a6fb9df68b,f07cf853-c39a-5a4a-ba49-9c85935326bc,2026-03-13,shipped,USD
1beed976-dc50-5912-b2ff-3d5777e36fac,SO-20260313-00962,6289e26f-3f62-5717-b208-759544c72c9b,e35ba822-27e1-5a54-9b0a-89a1cde4c322,2026-03-13,completed,USD
fd5c2914-5844-505f-826b-d3894ad11f17,SO-20260313-00963,9de31ba8-d50d-5ca8-be6f-99ca504274bd,e8de5e72-dfef-5439-a069-3da83d10c24b,2026-03-13,completed,USD
76bc801f-ce33-5105-a9b6-5f91df0ca039,SO-20260314-00964,f906c04d-16d4-51fa-b739-4b43a0519d33,0122cfd5-2a20-5508-ad03-779342281d57,2026-03-14,completed,USD
5c1431dd-1275-5e9d-895c-e04084eb5719,SO-20260314-00965,b73c7bc3-14d4-53cf-a7a9-a9002d7bf9ab,dc883f2f-eb02-53a1-90cb-467dbf6ff455,2026-03-14,completed,USD
2db55c85-9f95-5a87-b4af-4c7bc60c7692,SO-20260314-00966,e34220b6-615a-5201-8434-eddf14b32a02,b43c8f02-1dcb-5f9d-af05-30c6c2153bd3,2026-03-14,cancelled,USD
27cbfde2-e305-5186-9b78-b30b49a2964b,SO-20260315-00967,d8e5fdba-aacc-51c8-aa52-eecb16013cc4,f07cf853-c39a-5a4a-ba49-9c85935326bc,2026-03-15,completed,USD
7deb7d2f-e9bf-50d7-9437-48b39fb57588,SO-20260315-00968,e1454273-e9fe-5e55-9d8e-d857fb47b39d,05970209-0410-562d-a0ac-22a01e4f9690,2026-03-15,processing,USD
39ed266d-1e98-5a22-adb5-47dc2ae9719e,SO-20260315-00969,1191f25c-c545-5e25-8e7a-b2817afc5cf0,008aa683-c142-586d-8cba-7423f86323a7,2026-03-15,completed,USD
85f57160-aba1-5d45-b5b7-d2d61bc79c11,SO-20260316-00970,88e5084f-966c-54ad-ac34-25c62330bc2f,f1511ed8-40f6-544e-a21d-9ab52d3f1a34,2026-03-16,cancelled,USD
229ee056-bf92-5b5b-990b-70fac8032f58,SO-20260316-00971,a76466ab-21e2-5a4b-adb9-b0697c29e49b,45c84ee9-d61c-56ff-858b-dd3a68c51c93,2026-03-16,processing,USD
1ad22eff-2f2c-5565-8c47-a3093a789998,SO-20260316-00972,88e5084f-966c-54ad-ac34-25c62330bc2f,e95eb441-8390-5f2a-8300-5c0129b7d7a2,2026-03-16,completed,USD
06b0060a-3d55-531d-b37f-d1f03cf7c518,SO-20260316-00973,1888901a-2aa8-5cf0-afb6-d48a0822f2c1,651eacb8-633a-519f-84a8-bdc47df160f3,2026-03-16,cancelled,USD
a085e7cb-2cdd-550d-a840-ea7aa9747e3e,SO-20260316-00974,a8ec4add-4a24-56bf-b1c9-ca1a2b5df28f,f7b726d6-d8b2-53bd-977c-4a572be5deb2,2026-03-16,completed,USD
f538cf4a-d12c-53d7-9a18-656dbb16a620,SO-20260316-00975,6d5dbc60-2c04-539f-b340-5d35e2b8268f,1e61b996-144a-5c9f-9271-3bcf378e3ae1,2026-03-16,completed,USD
dbe002e3-183f-5a20-994b-7e9ad507bf25,SO-20260316-00976,db25c8a0-7fa8-5822-9b41-1e4641d82453,dc883f2f-eb02-53a1-90cb-467dbf6ff455,2026-03-16,completed,USD
91bf8446-5825-53e0-8015-bf4ff1f9d2ce,SO-20260316-00977,1e63369d-411f-5853-8c02-849cf4e8764f,118ee768-2257-5fc9-80c7-fc0361eca54b,2026-03-16,completed,USD
cf8221b7-7db4-5b8c-8aae-c696f9eaea95,SO-20260317-00978,b82dd2d7-8bb8-539a-9e55-e96f4385a6d1,49ea2856-023c-5ffd-b3bf-82960190c959,2026-03-17,completed,USD
a59d8fda-d75a-5238-91b3-273850ce8867,SO-20260317-00979,1d2b55eb-9007-525b-a8cb-e3e473de35dd,60616d64-bde6-5323-8231-8cacb3eaa96d,2026-03-17,cancelled,USD
dcdb8975-eabb-5fef-a919-d134a07c84c0,SO-20260317-00980,067c5d3a-d876-5d21-8d03-2f032f2b6f4c,e95eb441-8390-5f2a-8300-5c0129b7d7a2,2026-03-17,processing,USD
79d3d3c3-e901-5236-9f84-2c28d43bcea3,SO-20260317-00981,acd40d76-d845-5d77-9fb8-32b0713d5e75,49ea2856-023c-5ffd-b3bf-82960190c959,2026-03-17,completed,USD
be61f329-299d-5ab8-9f4c-babdd4d47206,SO-20260317-00982,9f7b7f01-a60c-5dc1-9967-c775a39903a8,8b8ac295-ff38-552a-a208-339acee0cbf8,2026-03-17,completed,USD
123b5f2f-e184-5aa3-9b8b-6e5f5e53c189,SO-20260318-00983,40514aaa-f2d7-54e1-925b-f96e2ce00054,05970209-0410-562d-a0ac-22a01e4f9690,2026-03-18,completed,USD
237cb487-7f95-57fd-acba-b76e511f3e50,SO-20260318-00984,74443b9c-c37e-521d-9d96-fbf0604f7124,e95eb441-8390-5f2a-8300-5c0129b7d7a2,2026-03-18,completed,USD
744fb2a3-869b-5b81-a084-28cf16443c3c,SO-20260318-00985,00d1bcd5-ebf3-50a2-a791-067e9cd2a147,49ea2856-023c-5ffd-b3bf-82960190c959,2026-03-18,completed,USD
03b3c7d3-df49-52f6-a4ef-9ab299eb3ee5,SO-20260319-00986,9de31ba8-d50d-5ca8-be6f-99ca504274bd,8b8ac295-ff38-552a-a208-339acee0cbf8,2026-03-19,completed,USD
d7b732c5-d9b7-56c2-80be-b0e080bf29e1,SO-20260319-00987,225ac19b-ce5f-585c-b5e4-1f431f510a79,d6c5842b-b70d-5897-8b57-947e5ff2f3a3,2026-03-19,cancelled,USD
70d65a1d-773a-5607-85ec-b9fe499f8211,SO-20260319-00988,4cb9f885-7dff-525b-bf16-eaf306617430,49ea2856-023c-5ffd-b3bf-82960190c959,2026-03-19,completed,USD
598a254e-6fd1-5b31-a948-ec4a40c96de9,SO-20260319-00989,6289e26f-3f62-5717-b208-759544c72c9b,e5a340fe-9b66-5cfe-809c-fab320a511e2,2026-03-19,completed,USD
035c3e63-5ca2-5b90-be6a-a1f90ee0283c,SO-20260319-00990,dbca9ad4-77ae-5d51-b3ca-657cf0356913,8b8ac295-ff38-552a-a208-339acee0cbf8,2026-03-19,completed,USD
9fec421e-26f9-5fb2-8e85-1d0dedb1b6cd,SO-20260319-00991,d35b7450-b912-5394-a06e-ce5de144ba54,008aa683-c142-586d-8cba-7423f86323a7,2026-03-19,shipped,USD
804c7ac8-ff1d-55a5-90a8-80f90da8c3d8,SO-20260320-00992,4e710c59-f3b8-5937-827e-4e7682f006f8,dcf4314c-e3bf-59be-b647-4c36396750b1,2026-03-20,completed,USD
ad1a2f0b-596d-5039-a808-40b70b5294fa,SO-20260320-00993,22f217fd-923a-58e0-87e4-7840e9984351,60616d64-bde6-5323-8231-8cacb3eaa96d,2026-03-20,completed,USD
c509eb89-7a75-56ac-ad97-4404e64b5e70,SO-20260320-00994,bf320b53-233b-52d0-9acb-443e2fd61e84,ea94a58b-c854-5627-b53a-80296dac8550,2026-03-20,completed,USD
75b79d6e-2aa8-5627-b031-decbe88f094d,SO-20260320-00995,f0648a7a-1f33-5d5c-a484-653be39260f5,d1d43115-96f8-53a1-bad2-7d9446d8e118,2026-03-20,completed,USD
705ce41d-ce41-530c-a998-34e6f7dfb9db,SO-20260320-00996,c4156948-f677-5af4-a0de-d5141492c2fc,d01beb24-6f80-5c71-a71d-d3854411ab72,2026-03-20,completed,USD
0f9a2309-15db-512a-90c1-25b950ccca9b,SO-20260320-00997,1a1d90d7-5a47-5c68-b402-61d616464e17,d01beb24-6f80-5c71-a71d-d3854411ab72,2026-03-20,completed,USD
c3415c50-7eb6-5ecd-9338-6664ab0e8a30,SO-20260320-00998,75614514-deb7-5fb4-bad4-a46fffb0f790,f1511ed8-40f6-544e-a21d-9ab52d3f1a34,2026-03-20,completed,USD
8a869b3e-9e8b-526c-99a1-92450f76a111,SO-20260320-00999,bffe2a6e-3224-59cf-a78a-767da38789d8,91ded739-a072-5e06-95f0-c2fec8339a2a,2026-03-20,completed,USD
67f04517-bb13-52b7-b67e-5e406946fab7,SO-20260321-01000,8abef9ed-a119-5b75-93c5-7185d84922d1,60616d64-bde6-5323-8231-8cacb3eaa96d,2026-03-21,completed,USD
ed36c831-64d1-529c-ad0c-90eb21cbd307,SO-20260321-01001,efc6d6e2-3820-5513-8123-558be8fd8390,45c84ee9-d61c-56ff-858b-dd3a68c51c93,2026-03-21,completed,USD
a2eeb08e-75f4-5e67-aeec-f79db470b9bc,SO-20260322-01002,eace5daf-67c4-5404-840f-64be4f98d51e,3f24970e-8ea4-57ed-8660-e26444c13e5d,2026-03-22,processing,USD
f29d2717-9a10-58ef-bbbe-d4fd6ad70a44,SO-20260322-01003,9c0b4fb1-df94-5e63-9bdf-23db45824d08,d6c5842b-b70d-5897-8b57-947e5ff2f3a3,2026-03-22,shipped,USD
ea00a1c6-896e-5949-ae00-30ebb33c2f7f,SO-20260322-01004,ebbe7ebd-6675-5967-8807-1e99ebe9f4d5,f07cf853-c39a-5a4a-ba49-9c85935326bc,2026-03-22,completed,USD
c78334e2-90a8-56e7-aff6-9e149695f768,SO-20260323-01005,b5c5e541-d869-59b6-bb0f-690aae22a20d,c33f2117-7695-5b57-b98a-567287832ce1,2026-03-23,completed,USD
63bcabcd-4827-5179-9342-3d944d86cf02,SO-20260323-01006,75614514-deb7-5fb4-bad4-a46fffb0f790,ea94a58b-c854-5627-b53a-80296dac8550,2026-03-23,completed,USD
7de12404-d628-535c-8a80-0591d11efd17,SO-20260323-01007,781869ae-9d51-528d-8d7b-21897d2236d8,d01beb24-6f80-5c71-a71d-d3854411ab72,2026-03-23,completed,USD
065fd749-b2fd-5c7b-b284-b6a2563b0d51,SO-20260323-01008,aa9cc48e-5859-5893-a5cd-6087a97d33a6,3a4f62a5-f7a0-56c0-bb79-7d8de38aa58f,2026-03-23,completed,USD
a7545974-1b8b-59de-9689-56f93eb80555,SO-20260323-01009,537c53b7-a6d7-5e3b-bf4c-d9d10b7d265d,3f24970e-8ea4-57ed-8660-e26444c13e5d,2026-03-23,completed,USD
13fd087f-37c7-5811-bbb7-f10ff3b1ea83,SO-20260324-01010,02fd1e04-d5ac-5004-a5c4-72fccf654ea6,dcf4314c-e3bf-59be-b647-4c36396750b1,2026-03-24,processing,USD
f0e5ef3d-6449-5d58-af50-488590fc5604,SO-20260324-01011,2630094e-3017-5eb7-a597-40f99100a14c,651eacb8-633a-519f-84a8-bdc47df160f3,2026-03-24,completed,USD
e28888a6-3508-5618-8a8d-f31a29c5c425,SO-20260324-01012,3cacb34c-375e-5074-bf40-b4908ec72ccc,f07cf853-c39a-5a4a-ba49-9c85935326bc,2026-03-24,completed,USD
9b24bafc-7b12-5b29-b7cc-7221267121ed,SO-20260324-01013,e2796e24-73bc-50d9-8592-d2444a8ec1ff,b43c8f02-1dcb-5f9d-af05-30c6c2153bd3,2026-03-24,shipped,USD
42b0070e-03ea-567b-af86-7a49492ebc4c,SO-20260324-01014,3070a1af-5ed0-5cad-98f4-647e810fdaad,f1511ed8-40f6-544e-a21d-9ab52d3f1a34,2026-03-24,completed,USD
44dd23c6-7594-5d8a-8e44-4ec33db001a7,SO-20260324-01015,6c7e2291-c37b-5221-adf7-b99f74c62056,f7b726d6-d8b2-53bd-977c-4a572be5deb2,2026-03-24,completed,USD
ed77a98a-e6e0-527e-b3c4-275a2d67dd0b,SO-20260325-01016,8edd1228-3a2b-545d-a363-a0240edd721e,118ee768-2257-5fc9-80c7-fc0361eca54b,2026-03-25,shipped,USD
0e41c814-b73a-5f04-b874-a8a086f3d4ef,SO-20260325-01017,700e5794-56b9-584e-aa85-d8674fda964c,e35ba822-27e1-5a54-9b0a-89a1cde4c322,2026-03-25,processing,USD
f450d85e-3007-528a-a5f8-de3275d12fd8,SO-20260325-01018,f2f81d66-d8d7-5fe9-b9f5-5dca2fbd4faf,1db4a92b-a015-5bef-b875-c0931951c17a,2026-03-25,completed,USD
8b48aae1-7655-5f36-897d-aa994a1940d8,SO-20260325-01019,28b3fd98-5708-52b6-9827-2438ba2f7d9d,e5a340fe-9b66-5cfe-809c-fab320a511e2,2026-03-25,shipped,USD
3d65c4d0-853a-5319-8836-974e29689828,SO-20260325-01020,1594960b-82de-5ed2-b182-c91999a8afac,45c84ee9-d61c-56ff-858b-dd3a68c51c93,2026-03-25,shipped,USD
ac4e7496-c1ae-5e33-bb2c-af0541b6ebe6,SO-20260325-01021,3070a1af-5ed0-5cad-98f4-647e810fdaad,f07cf853-c39a-5a4a-ba49-9c85935326bc,2026-03-25,completed,USD
810da196-4883-5c44-aae5-432c01878d94,SO-20260325-01022,0495ddd2-4276-5189-9c75-2cb81e46b7e1,05970209-0410-562d-a0ac-22a01e4f9690,2026-03-25,completed,USD
83f0f0a1-9c83-59e9-b2df-4aec951f289a,SO-20260326-01023,6858fae9-7ed7-5f04-8ab6-e5ee88ba4b38,f07cf853-c39a-5a4a-ba49-9c85935326bc,2026-03-26,shipped,USD
d0c81752-f522-5d56-ba3b-08175e3d3713,SO-20260326-01024,9f769551-bb60-5df1-a479-16f53ffee812,1a8cb147-1585-587f-932d-d9ea83a26048,2026-03-26,cancelled,USD
0b8994ab-505e-54c4-8986-5d6facbdae07,SO-20260326-01025,320fdc16-d569-5a9b-9ab3-f605ebdf7411,d6c5842b-b70d-5897-8b57-947e5ff2f3a3,2026-03-26,processing,USD
c8ef9e27-7861-50bc-b6dd-46ec98c4d1bf,SO-20260326-01026,dfb31383-dd0a-51d3-8936-ebd04fadd595,1a8cb147-1585-587f-932d-d9ea83a26048,2026-03-26,processing,USD
3543638c-8d49-5fd8-b3a2-3ad8b4879adc,SO-20260326-01027,2c1841c7-6bab-59e0-aef7-bcda2f80dd86,c33f2117-7695-5b57-b98a-567287832ce1,2026-03-26,completed,USD
86421db2-d106-5cec-b5ad-580f9d955c63,SO-20260326-01028,30a44f7a-d5a3-5e4b-9a31-9eaf120064ca,113cd4ad-991e-5b3e-884a-1e169847c916,2026-03-26,completed,USD
a43d16ad-1b4b-594a-80f9-38324f5b36d3,SO-20260327-01029,62a26102-6613-5975-b5a6-f361a51ef984,d6c5842b-b70d-5897-8b57-947e5ff2f3a3,2026-03-27,cancelled,USD
8acdf72e-0957-563c-bac7-53f657c205d0,SO-20260327-01030,8ebcae03-2625-57f2-82ee-a29c3784ddea,49ea2856-023c-5ffd-b3bf-82960190c959,2026-03-27,cancelled,USD
b90fab56-62ed-5928-a05c-97b55c5b18fd,SO-20260327-01031,c4156948-f677-5af4-a0de-d5141492c2fc,720c7389-880e-5928-a765-7ad18e1dd3c3,2026-03-27,completed,USD
3e0b1e36-e0e5-55a4-9b93-96fca89eee76,SO-20260327-01032,f01fb266-be0e-529e-8004-92cdf4cc9317,e35ba822-27e1-5a54-9b0a-89a1cde4c322,2026-03-27,completed,USD
e0715988-ca19-539f-8eca-557c4883f08b,SO-20260327-01033,38dedefe-ab38-5ff1-b6cc-24a5f4e95f8c,e95eb441-8390-5f2a-8300-5c0129b7d7a2,2026-03-27,completed,USD
fec8cf97-20ec-5766-9a9e-62055454422f,SO-20260327-01034,da64b36b-b5b6-555b-9093-3c014d6534ff,0122cfd5-2a20-5508-ad03-779342281d57,2026-03-27,completed,USD
b88f4c4f-97e1-5eaa-a632-462ff3a91279,SO-20260327-01035,9c99d82d-9768-59b0-bcee-1eb8fa296eb5,c99464d9-22c8-5917-b9c1-871ca488eabc,2026-03-27,completed,USD
05e9d165-58bb-5e22-8e24-ca2f8d3c1cf4,SO-20260327-01036,638b00ed-91cb-531d-b799-3b67878ac7b3,f07cf853-c39a-5a4a-ba49-9c85935326bc,2026-03-27,completed,USD
2f68ec03-af8d-56e3-9f72-6e3dc6bf6af0,SO-20260328-01037,5aee8f2d-fad8-5f72-897b-558e19b91816,080af047-634c-5a70-8a42-a7a196cc9cce,2026-03-28,shipped,USD
20414a97-d488-5f2a-96b6-b2f891bb1bfa,SO-20260328-01038,2cf463c0-2759-59c5-8362-c3b877fa5132,91ded739-a072-5e06-95f0-c2fec8339a2a,2026-03-28,completed,USD
136d8c66-b0fd-52cf-8f87-68d0a6cb72c3,SO-20260328-01039,6e23a361-7958-5672-a4fd-fc01200a033d,1db4a92b-a015-5bef-b875-c0931951c17a,2026-03-28,shipped,USD
f9b0cf64-4289-5950-8c33-8361fe40af8a,SO-20260329-01040,913375e2-0480-5ccc-a43a-c352e976d07b,b43c8f02-1dcb-5f9d-af05-30c6c2153bd3,2026-03-29,completed,USD
21a01ed9-e52c-515a-b23a-273074c8a4ba,SO-20260329-01041,79efd663-c0a0-59c6-a6e0-a220eeec4c58,29f89627-9934-5916-acef-ed156172909d,2026-03-29,completed,USD
9b637424-54f8-5f57-85aa-86bd73b34a97,SO-20260329-01042,98c4b38d-c8fd-5043-ac5f-38ada8b0589c,118ee768-2257-5fc9-80c7-fc0361eca54b,2026-03-29,processing,USD
971da87e-72c6-5853-aa2c-c9480826eea4,SO-20260330-01043,14ed1888-e5c8-56b2-987f-eaadbbd628a8,080af047-634c-5a70-8a42-a7a196cc9cce,2026-03-30,shipped,USD
9d8863cf-c698-5f7c-91fa-602eca1330d3,SO-20260330-01044,a8c99066-2209-5a24-8615-1a40a59c8b1b,1a8cb147-1585-587f-932d-d9ea83a26048,2026-03-30,completed,USD
3fec1be1-104f-5622-b4a1-260275449839,SO-20260330-01045,fcf1f8c9-ccaf-5878-a594-7eabc3d39110,118ee768-2257-5fc9-80c7-fc0361eca54b,2026-03-30,completed,USD
87a76df3-aa63-52b2-8dc3-a657d042ac30,SO-20260331-01046,dc5fd084-70dd-5c0b-a9ac-b8e96bfb8e3a,86d3dca2-5152-5ad7-ae43-709e43ab3982,2026-03-31,processing,USD
3c03ca0b-0c40-580d-9cea-645ea1e40400,SO-20260331-01047,2df9d00a-36d1-5377-aec2-5548b2971241,86d3dca2-5152-5ad7-ae43-709e43ab3982,2026-03-31,completed,USD
9c6aa455-4b3a-5a2f-b476-4ea2c107d2df,SO-20260331-01048,f15b9a43-7cbc-58dc-82db-d266c5f7afb5,86d3dca2-5152-5ad7-ae43-709e43ab3982,2026-03-31,completed,USD
ffc1e1f6-0ded-5633-83fd-4a3e7f922a1d,SO-20260331-01049,a301724f-db9c-53d1-8e7a-a1f8196a2859,0122cfd5-2a20-5508-ad03-779342281d57,2026-03-31,shipped,USD
f9577377-dcf2-509b-bfc6-61ae270f4989,SO-20260331-01050,5b8abb09-4a9c-53c0-af7e-2b86d19dd652,b43c8f02-1dcb-5f9d-af05-30c6c2153bd3,2026-03-31,completed,USD
d91d8aa8-89ee-5265-837e-5c6abae7b2ec,SO-20260401-01051,0c8950ed-4171-5694-8ff0-3a4425ff5fa6,45c84ee9-d61c-56ff-858b-dd3a68c51c93,2026-04-01,completed,USD
6f75ee0c-6fa3-5851-8726-c7ccf2576d65,SO-20260401-01052,93284c51-89ec-5b3a-9213-6c86ea224de2,c99464d9-22c8-5917-b9c1-871ca488eabc,2026-04-01,completed,USD
45c7c3aa-9a2b-5555-b57e-1f5bc43b6d4d,SO-20260401-01053,70be961d-aa79-5f28-a4c6-e908fe43d946,f07cf853-c39a-5a4a-ba49-9c85935326bc,2026-04-01,completed,USD
da7f4316-3e77-54b7-96c1-15c5924ee627,SO-20260401-01054,781869ae-9d51-528d-8d7b-21897d2236d8,0122cfd5-2a20-5508-ad03-779342281d57,2026-04-01,processing,USD
282de309-ff43-5531-aec9-54c0e5364332,SO-20260401-01055,88e5084f-966c-54ad-ac34-25c62330bc2f,49ea2856-023c-5ffd-b3bf-82960190c959,2026-04-01,completed,USD
4c0765d0-c170-56ec-ab18-4f040f120fc6,SO-20260401-01056,2a3d099e-3aaf-57b1-97c7-34bd4ff7ef6a,1e61b996-144a-5c9f-9271-3bcf378e3ae1,2026-04-01,completed,USD
9663eb47-6a1d-50ef-8ba0-fdfdf34b6edc,SO-20260402-01057,4b6bb816-82b5-57b3-bd02-982228d1149a,e3c6ee5c-58a8-51f8-af29-bd2c65cb59c7,2026-04-02,completed,USD
8aecd19b-c2fd-522e-b9a6-97dd440b07bd,SO-20260402-01058,e8dd6aa3-8bd7-58ac-8da3-1d1981dcb4d8,d6c5842b-b70d-5897-8b57-947e5ff2f3a3,2026-04-02,completed,USD
50c68ab1-ea09-5ed0-b913-d593f7bb2992,SO-20260402-01059,4bdf7145-d5e2-5aca-a2cf-ead963af7d49,080af047-634c-5a70-8a42-a7a196cc9cce,2026-04-02,completed,USD
4b68430f-710d-58cb-b3bc-5f02426b61e3,SO-20260402-01060,6d5dbc60-2c04-539f-b340-5d35e2b8268f,080af047-634c-5a70-8a42-a7a196cc9cce,2026-04-02,completed,USD
c3c990b8-ca34-5b61-bd86-b95ead4046ef,SO-20260402-01061,3d06ad06-e9ad-572c-a150-f2a59ab9e5a7,e95eb441-8390-5f2a-8300-5c0129b7d7a2,2026-04-02,completed,USD
1ae19242-d440-56c4-9aee-cb936cd26a90,SO-20260402-01062,ea6e9bfa-4eb3-55fb-aff4-4401646d50ef,0122cfd5-2a20-5508-ad03-779342281d57,2026-04-02,completed,USD
de3145bf-a12c-5485-b508-ab67781cbcab,SO-20260402-01063,a85bd626-8a28-5fe3-8033-401cc6ee790e,3a4f62a5-f7a0-56c0-bb79-7d8de38aa58f,2026-04-02,processing,USD
89ddf206-eac0-5038-8edb-59381eaad8f1,SO-20260402-01064,7e50da50-b5fb-52e0-832e-32137912d98f,f7b726d6-d8b2-53bd-977c-4a572be5deb2,2026-04-02,shipped,USD
b7e1a2e8-630e-5c7d-8f1d-862db2529547,SO-20260403-01065,067c5d3a-d876-5d21-8d03-2f032f2b6f4c,720c7389-880e-5928-a765-7ad18e1dd3c3,2026-04-03,completed,USD
9628095e-e1d6-55e1-9b35-66a9141eb32f,SO-20260403-01066,81243744-dd13-5a29-aa58-34fe371a7b6a,dc883f2f-eb02-53a1-90cb-467dbf6ff455,2026-04-03,completed,USD
7fe8b207-3154-5ebe-b822-21f4b77de3b6,SO-20260403-01067,f01fb266-be0e-529e-8004-92cdf4cc9317,e35ba822-27e1-5a54-9b0a-89a1cde4c322,2026-04-03,processing,USD
c19851e6-bffd-5aa9-9f44-8d925436e601,SO-20260404-01068,471faf4a-015d-5282-99b0-d8e38ae6afbe,e5a340fe-9b66-5cfe-809c-fab320a511e2,2026-04-04,completed,USD
2fd76024-9698-581e-9b22-f4c1e8ce530c,SO-20260404-01069,26ed9af7-a2ed-54ae-960b-d5f7ceb3f29f,f07cf853-c39a-5a4a-ba49-9c85935326bc,2026-04-04,shipped,USD
f6ce1842-a44c-58a1-b857-41b59132604a,SO-20260404-01070,d2f6b061-ebf1-58ea-80d0-8bba279f21c4,008aa683-c142-586d-8cba-7423f86323a7,2026-04-04,completed,USD
b91acb75-367b-5a6e-8f5c-12f1c71718ac,SO-20260405-01071,5edca693-c9ea-5312-9c2a-a4730fbe5c81,37859317-2dbb-5c62-97d3-49217bdf045c,2026-04-05,processing,USD
ad73331e-a031-573c-a81e-231ccf7b4a28,SO-20260405-01072,3604e062-46b5-5078-94d0-24cd3c642d94,b43c8f02-1dcb-5f9d-af05-30c6c2153bd3,2026-04-05,completed,USD
53550631-4c0f-57fc-baf6-4ceada1fdb81,SO-20260406-01073,f86387ed-fd14-52ca-a24d-736799edf380,008aa683-c142-586d-8cba-7423f86323a7,2026-04-06,completed,USD
652760d1-0e18-5d41-bdd6-d3df44ce9d5f,SO-20260406-01074,52d6db95-2df5-508d-a394-02136262050d,f1511ed8-40f6-544e-a21d-9ab52d3f1a34,2026-04-06,processing,USD
0d7a4f56-b629-5514-9f66-32ad7bb362a9,SO-20260406-01075,226ca4b8-3720-5062-a88c-86445c07ea66,f07cf853-c39a-5a4a-ba49-9c85935326bc,2026-04-06,completed,USD
e73fe3d2-42d4-5dca-b72a-16e3d21aa789,SO-20260407-01076,553c1b99-7077-5bc3-b1fe-ff6ea738e56c,e35ba822-27e1-5a54-9b0a-89a1cde4c322,2026-04-07,completed,USD
eebbdf4f-03af-5d07-8278-c6e63bcea00d,SO-20260407-01077,b7ca9756-55ff-5e43-9cb1-9cbab905e9db,45c84ee9-d61c-56ff-858b-dd3a68c51c93,2026-04-07,completed,USD
24b91348-cb7d-5486-aead-5e0107ed5f7c,SO-20260407-01078,6aea5a07-6ece-51ab-b807-9b678bb5b1d1,1e61b996-144a-5c9f-9271-3bcf378e3ae1,2026-04-07,shipped,USD
99219ca4-f56c-5c64-a85b-1b42f08e3232,SO-20260407-01079,c6d441aa-8d4f-5010-a0f1-0859c85abd66,f1511ed8-40f6-544e-a21d-9ab52d3f1a34,2026-04-07,completed,USD
b9c1089f-330d-5ee0-a201-065a8a8a4845,SO-20260408-01080,b33caefb-e0d0-53cf-bfee-efb8c0f6f5a8,49ea2856-023c-5ffd-b3bf-82960190c959,2026-04-08,completed,USD
ae5f0179-9013-5f30-b5c1-0e36d59249ae,SO-20260408-01081,d8ec780d-d529-5e46-9ba8-c938ad38acc1,1db4a92b-a015-5bef-b875-c0931951c17a,2026-04-08,completed,USD
460368bf-df8d-5b81-83a2-8d1627791f9c,SO-20260408-01082,aea5f911-2a06-5494-9dfe-cb34f0a60dc6,5935a2ab-e820-55bf-a36c-ef0ae035c00e,2026-04-08,processing,USD
5d947d56-7083-5a94-97e6-96cd1190b3b3,SO-20260408-01083,7130589f-8f9f-5b9b-bdd0-ddfc15e09956,c33f2117-7695-5b57-b98a-567287832ce1,2026-04-08,completed,USD
d6cde855-f00e-53b8-8a0c-ea3d25b643bd,SO-20260408-01084,5a50cdc9-fb0b-58f7-9924-c34148c6997d,dc883f2f-eb02-53a1-90cb-467dbf6ff455,2026-04-08,completed,USD
22b47278-eee7-5905-bf64-18ca6946a36d,SO-20260408-01085,034d01dd-efd3-5bd1-9094-16ec39189ebd,f1511ed8-40f6-544e-a21d-9ab52d3f1a34,2026-04-08,completed,USD
d341e0d0-4edc-5c7d-800e-5bf0157863f4,SO-20260409-01086,c568bbbf-f746-5446-90b8-01ca85a5b0e6,37859317-2dbb-5c62-97d3-49217bdf045c,2026-04-09,completed,USD
cf112e2f-c91d-59d0-b0ff-4a2dc04f4d7b,SO-20260409-01087,af85b719-4b89-502c-9b4c-e7b6e45692b0,dc883f2f-eb02-53a1-90cb-467dbf6ff455,2026-04-09,completed,USD
db3141d9-b080-579e-ba04-7835d7bd4ee6,SO-20260409-01088,9b5e283a-de19-5c2b-86ae-74edf53feb32,0122cfd5-2a20-5508-ad03-779342281d57,2026-04-09,completed,USD
970621b4-827e-563d-814b-bc0f2dc008d2,SO-20260409-01089,a4fe1d50-055c-55b0-865e-a4d94101c9a6,d1d43115-96f8-53a1-bad2-7d9446d8e118,2026-04-09,completed,USD
54b362fb-8554-5778-a63c-7ec784892028,SO-20260409-01090,a0f41799-d018-5980-95cb-9d8f5c11ead0,dcf4314c-e3bf-59be-b647-4c36396750b1,2026-04-09,completed,USD
2f3918fd-6803-56d5-906d-357097418ba5,SO-20260409-01091,d9533595-0144-5a73-940a-e2b49fda4bcb,8b8ac295-ff38-552a-a208-339acee0cbf8,2026-04-09,shipped,USD
933672a9-7a3e-57d2-9e11-b946fbe4f252,SO-20260410-01092,1996d607-1c11-51f5-85a6-da3cfe7c20fa,f07cf853-c39a-5a4a-ba49-9c85935326bc,2026-04-10,completed,USD
b9f89574-2083-5bad-81e7-162d5c7fa329,SO-20260410-01093,5534c501-8b7e-5366-b01c-0f6fb114cf12,d01beb24-6f80-5c71-a71d-d3854411ab72,2026-04-10,shipped,USD
69000f1f-7bc2-536d-ba2b-a7a68a428ea7,SO-20260410-01094,bc9907a8-c576-5f86-9d61-076200e309c0,45c84ee9-d61c-56ff-858b-dd3a68c51c93,2026-04-10,completed,USD
03a9b024-fcf3-5883-a3e1-23aa6f9f0e75,SO-20260410-01095,306f57ff-40e0-510d-a6d4-f7d03b736925,c99464d9-22c8-5917-b9c1-871ca488eabc,2026-04-10,completed,USD
882f0f31-1992-532b-83f4-2a84917e537d,SO-20260410-01096,822e8833-9e3e-5270-82dc-32821fc71b54,720c7389-880e-5928-a765-7ad18e1dd3c3,2026-04-10,shipped,USD
d0e70011-4e10-52d3-bfa0-f414bdff6523,SO-20260410-01097,299dee56-6ce6-5e19-82f2-22a504a2ef83,b43c8f02-1dcb-5f9d-af05-30c6c2153bd3,2026-04-10,completed,USD
0e4ae194-2404-572a-aaaf-c89d77a60a59,SO-20260410-01098,1afc74f0-729e-53a4-89fa-30228c710657,d6c5842b-b70d-5897-8b57-947e5ff2f3a3,2026-04-10,completed,USD
4f6c979d-9c4d-570e-b674-2694b79a105c,SO-20260411-01099,e886f002-0850-544e-bbc7-6a62c8afd4c2,e35ba822-27e1-5a54-9b0a-89a1cde4c322,2026-04-11,completed,USD
81ed36bd-083f-50d2-910b-392b184fcbc7,SO-20260411-01100,5dadb797-e2ca-59d9-b8ee-77ec85628d0b,651eacb8-633a-519f-84a8-bdc47df160f3,2026-04-11,completed,USD
b6e6c9ea-b744-5caf-953e-331a52f74be6,SO-20260411-01101,bffe2a6e-3224-59cf-a78a-767da38789d8,0122cfd5-2a20-5508-ad03-779342281d57,2026-04-11,cancelled,USD
e748d413-d4bf-5d21-8fcb-3b928d065a70,SO-20260412-01102,9d0f2869-bc81-5ddc-ac5b-0afe4a393c00,720c7389-880e-5928-a765-7ad18e1dd3c3,2026-04-12,shipped,USD
16ea69ba-5741-51fb-b61b-ff0071d58efe,SO-20260413-01103,1ed6801c-2884-5f46-b43a-cafefde74591,008aa683-c142-586d-8cba-7423f86323a7,2026-04-13,completed,USD
cc81dfc7-f3ab-5fac-8565-e04e1fdc2f09,SO-20260413-01104,14a7eb68-5af3-5176-b3ce-4fd95f98966a,d01beb24-6f80-5c71-a71d-d3854411ab72,2026-04-13,completed,USD
71dc3811-4c6a-5b77-ac65-16f5fbe23af9,SO-20260413-01105,a7c30ac5-1aef-5d3b-9f64-e3c97ba4e5b0,118ee768-2257-5fc9-80c7-fc0361eca54b,2026-04-13,shipped,USD
7ded4f13-8cfb-57ed-9b3c-cfa1b64e2c33,SO-20260414-01106,82d3547e-402b-58f3-8568-daab678823eb,e8de5e72-dfef-5439-a069-3da83d10c24b,2026-04-14,completed,USD
170a942d-f2ae-5c7c-a2db-82095a3e90b0,SO-20260414-01107,14ed1888-e5c8-56b2-987f-eaadbbd628a8,d1d43115-96f8-53a1-bad2-7d9446d8e118,2026-04-14,completed,USD
8c51b75f-bd78-5b22-ad42-21fba5633120,SO-20260414-01108,f941616b-f138-5e2a-84a6-62e46fcbc804,5935a2ab-e820-55bf-a36c-ef0ae035c00e,2026-04-14,completed,USD
304c1de0-6e8c-58ef-822c-882a29cbcd6a,SO-20260415-01109,f3b32c23-d3e5-5147-83fc-209309790194,f1511ed8-40f6-544e-a21d-9ab52d3f1a34,2026-04-15,completed,USD
896a8ebb-b3eb-5d2c-9cf0-622c36ea8d8c,SO-20260415-01110,50d5ba2e-b0c3-524c-b66d-2e436641c796,5935a2ab-e820-55bf-a36c-ef0ae035c00e,2026-04-15,completed,USD
3182774d-3fb5-5b73-8fd8-17bafa23a10b,SO-20260415-01111,14197d23-e062-50bc-baa6-3a2c3694a28c,37859317-2dbb-5c62-97d3-49217bdf045c,2026-04-15,completed,USD
4729cd3d-7f34-555f-ac3d-788df1075576,SO-20260415-01112,f0648a7a-1f33-5d5c-a484-653be39260f5,651eacb8-633a-519f-84a8-bdc47df160f3,2026-04-15,cancelled,USD
c8149441-6a86-5dd7-b4e5-206a8c867c0c,SO-20260415-01113,f71423cb-38e5-59b6-ba2e-a49c11cf652a,e95eb441-8390-5f2a-8300-5c0129b7d7a2,2026-04-15,shipped,USD
e9222fc7-a1ce-5f90-bc4c-98af96a5c295,SO-20260416-01114,9f769551-bb60-5df1-a479-16f53ffee812,1e61b996-144a-5c9f-9271-3bcf378e3ae1,2026-04-16,completed,USD
d95855d8-2594-582f-852b-91c28d6855e8,SO-20260416-01115,f86387ed-fd14-52ca-a24d-736799edf380,86d3dca2-5152-5ad7-ae43-709e43ab3982,2026-04-16,completed,USD
24972470-c33c-586e-97d6-ce7e6df541a2,SO-20260416-01116,3b4b169a-98ee-50cb-8fc8-a090b124d298,080af047-634c-5a70-8a42-a7a196cc9cce,2026-04-16,shipped,USD
29b90aa8-4ea9-580d-8a6b-f1f1ad21918c,SO-20260416-01117,f0b39e46-c4d5-54bb-a075-5a9a7c87f516,8b8ac295-ff38-552a-a208-339acee0cbf8,2026-04-16,shipped,USD
f5511add-5272-5396-8382-f05ad6a6b380,SO-20260416-01118,5b9a240a-08cf-5146-92b8-dc12785af04d,d1d43115-96f8-53a1-bad2-7d9446d8e118,2026-04-16,shipped,USD
63b065f2-28b0-58ca-973d-12a98b632ac2,SO-20260417-01119,2a4ad27a-6ab9-51d1-be27-99feb2c2b3b4,e8de5e72-dfef-5439-a069-3da83d10c24b,2026-04-17,shipped,USD
92afeb4a-6c14-50a9-abaf-62b0564a922e,SO-20260417-01120,a00a4326-61fb-505c-97b3-10a900ce3809,f07cf853-c39a-5a4a-ba49-9c85935326bc,2026-04-17,completed,USD
26ccc1f0-df78-5589-ad36-bdf73e420e1e,SO-20260417-01121,798042e6-6e8d-5878-a20a-04d8a7d0277c,e5a340fe-9b66-5cfe-809c-fab320a511e2,2026-04-17,completed,USD
da8b883e-80de-5ad2-8f52-6e006e7e4791,SO-20260418-01122,022518fc-c9ab-5ab7-89f9-7077b5801b6f,008aa683-c142-586d-8cba-7423f86323a7,2026-04-18,completed,USD
bca1559b-96af-500f-b3b4-5071850659cf,SO-20260419-01123,b7ca9756-55ff-5e43-9cb1-9cbab905e9db,37859317-2dbb-5c62-97d3-49217bdf045c,2026-04-19,completed,USD
a85f12b7-e17c-5283-bfb5-f4ad0f594bd4,SO-20260420-01124,a6fc7f43-4df6-5ffa-bea1-42a83c3fa8e4,e5a340fe-9b66-5cfe-809c-fab320a511e2,2026-04-20,completed,USD
7b130b80-657c-5d70-b64d-677aa10ad5e8,SO-20260420-01125,1319795d-ef0b-5067-93ce-2bd5fa4fc6cf,1db4a92b-a015-5bef-b875-c0931951c17a,2026-04-20,completed,USD
198d0158-5160-5863-8582-eaa356c03ef7,SO-20260420-01126,7d426d71-c6e4-5914-8ad8-a142129a8265,49ea2856-023c-5ffd-b3bf-82960190c959,2026-04-20,completed,USD
7c145a95-45e5-5960-ab87-364b026ff2fb,SO-20260420-01127,dc28ddad-a1b2-5fb6-8f6b-159e35a70ab1,651eacb8-633a-519f-84a8-bdc47df160f3,2026-04-20,completed,USD
39a91d61-2abd-5a5f-9c38-f0fde125f71b,SO-20260420-01128,ba75f812-6df0-51cd-974c-2c3e45c78227,86d3dca2-5152-5ad7-ae43-709e43ab3982,2026-04-20,completed,USD
c5e26e3c-2fcf-5ec6-8ff7-35820d7b4fcc,SO-20260420-01129,66174413-8e10-5c51-b577-3068e8d05432,080af047-634c-5a70-8a42-a7a196cc9cce,2026-04-20,shipped,USD
647a9705-f02b-5873-815e-04c06c2666d9,SO-20260421-01130,0ef49f4d-7bf6-5984-b7c6-1597a2c4f2d4,91ded739-a072-5e06-95f0-c2fec8339a2a,2026-04-21,completed,USD
661a74db-3b09-5d04-9c03-319c0d4b81ed,SO-20260421-01131,3477d02c-6fdf-5d7c-8357-b54812dd8855,dcf4314c-e3bf-59be-b647-4c36396750b1,2026-04-21,completed,USD
df970340-372e-5e08-8966-1f431ced270e,SO-20260421-01132,f68b1bf8-566b-599a-816f-a2d153d02af8,e8de5e72-dfef-5439-a069-3da83d10c24b,2026-04-21,completed,USD
d1266772-21fa-56a5-8ac8-dfc22cf84287,SO-20260421-01133,cc917d1b-2ad4-5f02-a1bb-f34d02c724d8,f7b726d6-d8b2-53bd-977c-4a572be5deb2,2026-04-21,cancelled,USD
78b6cf76-e041-59d7-a7dc-f22fb74ce5db,SO-20260421-01134,0ef49f4d-7bf6-5984-b7c6-1597a2c4f2d4,ea94a58b-c854-5627-b53a-80296dac8550,2026-04-21,completed,USD
e7ee60cb-def9-5ecd-b226-112f9d75fedc,SO-20260421-01135,5f078f90-2d6f-5cd4-baf1-e221a1ccd6b0,1db4a92b-a015-5bef-b875-c0931951c17a,2026-04-21,completed,USD
74f9fd97-b0b9-5d9d-9ef3-0f02d6cc7190,SO-20260422-01136,14197d23-e062-50bc-baa6-3a2c3694a28c,29f89627-9934-5916-acef-ed156172909d,2026-04-22,completed,USD
09f8c338-ca43-5f40-b517-2c3d36363801,SO-20260422-01137,306f57ff-40e0-510d-a6d4-f7d03b736925,c33f2117-7695-5b57-b98a-567287832ce1,2026-04-22,cancelled,USD
a85e50aa-162c-56f8-bf97-46242d3bbc29,SO-20260422-01138,f71423cb-38e5-59b6-ba2e-a49c11cf652a,e35ba822-27e1-5a54-9b0a-89a1cde4c322,2026-04-22,completed,USD
4b0fe5bb-a4d7-56d8-8d1c-1e6ca66e0827,SO-20260423-01139,f7bf81a8-1406-5ca5-96ab-e964d881e491,0122cfd5-2a20-5508-ad03-779342281d57,2026-04-23,completed,USD
453a760e-c8ad-5878-9f44-db53e58eb56d,SO-20260423-01140,3e5f5099-ba24-593a-8a19-ef985a01e7bc,dcf4314c-e3bf-59be-b647-4c36396750b1,2026-04-23,shipped,USD
5c47dec2-a383-5989-aae9-59ec967de417,SO-20260423-01141,f1dea065-29d1-559a-8ab4-891657df2249,05970209-0410-562d-a0ac-22a01e4f9690,2026-04-23,processing,USD
c3afd0bc-5ff1-5f97-9963-d5a7df151ade,SO-20260423-01142,79e273c0-69c6-51de-8517-f3521ed8a328,080af047-634c-5a70-8a42-a7a196cc9cce,2026-04-23,completed,USD
f11a876d-dbce-58a2-a84f-6a283aa2f351,SO-20260423-01143,033ffeb0-b055-5c7e-88aa-85ce598880bd,00b1eaa3-aff6-52f5-8539-ac4cb785322a,2026-04-23,completed,USD
201b7475-f3fc-54c5-8f1a-9133a8064870,SO-20260423-01144,d8e5fdba-aacc-51c8-aa52-eecb16013cc4,00b1eaa3-aff6-52f5-8539-ac4cb785322a,2026-04-23,cancelled,USD
f72eb123-455c-509f-aec8-3ad2350710ce,SO-20260424-01145,bc9907a8-c576-5f86-9d61-076200e309c0,c33f2117-7695-5b57-b98a-567287832ce1,2026-04-24,completed,USD
dfedca82-21f7-5423-95cc-d187eec0a1bd,SO-20260424-01146,3e5f5099-ba24-593a-8a19-ef985a01e7bc,b43c8f02-1dcb-5f9d-af05-30c6c2153bd3,2026-04-24,shipped,USD
c24d4816-1016-57cb-a0d4-77073723209d,SO-20260424-01147,5df9a8da-94a4-5c04-84ee-974b8fcc82c3,d6c5842b-b70d-5897-8b57-947e5ff2f3a3,2026-04-24,completed,USD
fb694b7f-9f0d-5411-828a-2c5e96c94925,SO-20260425-01148,900e7d64-6e77-517b-85bd-a7a01e69fa56,008aa683-c142-586d-8cba-7423f86323a7,2026-04-25,completed,USD
88046340-ead5-5c82-ab12-b3fb02b018f0,SO-20260426-01149,51813e7b-b521-5ada-8c7e-13ea9b551a15,e8de5e72-dfef-5439-a069-3da83d10c24b,2026-04-26,completed,USD
091b034e-7c25-5260-8459-dc3c72a5b0c0,SO-20260426-01150,2ccf9d32-bdd1-5c33-9ad2-71a0a0d3251b,1db4a92b-a015-5bef-b875-c0931951c17a,2026-04-26,completed,USD
ff88ac1a-b67a-5f47-932e-d080ac74864c,SO-20260427-01151,415a7e2b-2d6c-58af-929c-f2d3d93d593d,c99464d9-22c8-5917-b9c1-871ca488eabc,2026-04-27,completed,USD
f29ea718-2ea0-5ec7-a590-5901016056ff,SO-20260427-01152,14f6fed9-a5d8-5823-b536-a8a8bba662bf,008aa683-c142-586d-8cba-7423f86323a7,2026-04-27,shipped,USD
2eed9dd7-0633-55f6-beca-a14ffdfa68ab,SO-20260427-01153,98720647-5e5b-52f7-b8a1-84433d1df38e,b43c8f02-1dcb-5f9d-af05-30c6c2153bd3,2026-04-27,shipped,USD
09e0d3a6-c41b-596b-b1f1-9498149b6f83,SO-20260427-01154,0ef49f4d-7bf6-5984-b7c6-1597a2c4f2d4,45c84ee9-d61c-56ff-858b-dd3a68c51c93,2026-04-27,completed,USD
df5ed943-2686-5d8e-a199-a7b38f84435c,SO-20260427-01155,5ad01617-30cc-5924-9145-9331df0736c8,c99464d9-22c8-5917-b9c1-871ca488eabc,2026-04-27,completed,USD
c6edfea9-222e-599b-8865-f1228a473a61,SO-20260427-01156,1e63369d-411f-5853-8c02-849cf4e8764f,e3c6ee5c-58a8-51f8-af29-bd2c65cb59c7,2026-04-27,shipped,USD
3a0bf353-1d4e-50f8-9dad-114216578898,SO-20260428-01157,3dbd17c9-c1a7-5150-9f9c-032157d5e21c,3a4f62a5-f7a0-56c0-bb79-7d8de38aa58f,2026-04-28,processing,USD
59a8e9f6-1b72-5d94-b885-24cc6015c72d,SO-20260428-01158,a89d640d-e9fc-5076-a3d2-383e3593fefc,e3c6ee5c-58a8-51f8-af29-bd2c65cb59c7,2026-04-28,completed,USD
0ed827eb-7141-55a8-8c4d-845a082f4e24,SO-20260428-01159,89eeb7f7-e2dd-593f-89e1-c716b7c38fd0,c99464d9-22c8-5917-b9c1-871ca488eabc,2026-04-28,completed,USD
f3d6eb92-37c2-5ed2-b7df-bba5790b0158,SO-20260429-01160,cfc45208-54c6-5988-95af-486062fd7654,e5a340fe-9b66-5cfe-809c-fab320a511e2,2026-04-29,completed,USD
c5e75594-b6cb-5d8f-8fcb-5522b984d461,SO-20260429-01161,dc63379c-e5c5-5b57-983a-6f7fa7d15bdf,37859317-2dbb-5c62-97d3-49217bdf045c,2026-04-29,completed,USD
bbd759a5-928a-5c4e-9d5a-0ebc37913427,SO-20260429-01162,87eaed28-29f4-55cd-9771-91e40da15720,c99464d9-22c8-5917-b9c1-871ca488eabc,2026-04-29,completed,USD
5e1ac0fb-77ea-512c-9a21-28a026518557,SO-20260429-01163,270a3d7f-e92d-57ce-ad4d-911a873f0506,ea94a58b-c854-5627-b53a-80296dac8550,2026-04-29,processing,USD
033a3b11-324f-5863-8d37-0fc8ceeea9f1,SO-20260429-01164,66f2f002-1fe4-5b41-bc51-cb7ea54fa270,60616d64-bde6-5323-8231-8cacb3eaa96d,2026-04-29,completed,USD
ffeda47e-0781-55b2-996c-ebac069a01ee,SO-20260430-01165,35019a47-5783-58b9-bbe4-4f79b5ced9cd,e5a340fe-9b66-5cfe-809c-fab320a511e2,2026-04-30,completed,USD
b43776e2-69de-580d-aa7b-6a4e3da23088,SO-20260430-01166,9de31ba8-d50d-5ca8-be6f-99ca504274bd,080af047-634c-5a70-8a42-a7a196cc9cce,2026-04-30,completed,USD
c59b2d42-7f97-59ae-a497-016d055a7025,SO-20260430-01167,6aea5a07-6ece-51ab-b807-9b678bb5b1d1,60616d64-bde6-5323-8231-8cacb3eaa96d,2026-04-30,completed,USD
33e099d3-e086-5447-b484-d1a5bce1703d,SO-20260430-01168,299dee56-6ce6-5e19-82f2-22a504a2ef83,1db4a92b-a015-5bef-b875-c0931951c17a,2026-04-30,completed,USD
cff06404-23e9-58d3-a3e2-847ce0984a22,SO-20260430-01169,51172e6f-d077-58a4-8184-b9b56e540b8c,b43c8f02-1dcb-5f9d-af05-30c6c2153bd3,2026-04-30,completed,USD
44d6e837-c1c4-5e4a-84d8-072adad37d7c,SO-20260430-01170,033ffeb0-b055-5c7e-88aa-85ce598880bd,113cd4ad-991e-5b3e-884a-1e169847c916,2026-04-30,completed,USD
18b85aa3-ad4b-56d6-bcca-0fb9262894a9,SO-20260430-01171,0ef49f4d-7bf6-5984-b7c6-1597a2c4f2d4,d1d43115-96f8-53a1-bad2-7d9446d8e118,2026-04-30,completed,USD
c06f97d6-b5e9-5609-b8a3-d01117be110f,SO-20260501-01172,2630094e-3017-5eb7-a597-40f99100a14c,3f24970e-8ea4-57ed-8660-e26444c13e5d,2026-05-01,completed,USD
b2611cb5-36ba-5d4a-96fd-492459f5b895,SO-20260501-01173,389102bb-679b-54d2-a322-bd281ba8e916,651eacb8-633a-519f-84a8-bdc47df160f3,2026-05-01,completed,USD
ae625f4a-8550-532d-982b-c896fda2efe8,SO-20260501-01174,328c00d1-8d31-56fc-b118-f14451e8e83e,dcf4314c-e3bf-59be-b647-4c36396750b1,2026-05-01,completed,USD
8d60f734-2322-53d9-acf1-344e0f909e27,SO-20260501-01175,497cb1c0-768f-58c2-901a-4e193a0b67da,e3c6ee5c-58a8-51f8-af29-bd2c65cb59c7,2026-05-01,completed,USD
6095393e-1c58-584b-8caf-3b851524b94c,SO-20260501-01176,3dbf251a-a5bf-5807-a6f3-caa0dc206be5,3a4f62a5-f7a0-56c0-bb79-7d8de38aa58f,2026-05-01,cancelled,USD
90b84cdb-f673-51d8-b248-9fe1e0403dac,SO-20260501-01177,8de18351-1e5e-544d-a3fe-2e406340c7bc,3a4f62a5-f7a0-56c0-bb79-7d8de38aa58f,2026-05-01,completed,USD
802cf09f-51fa-5831-988b-11b6e78ce179,SO-20260502-01178,06f3ea78-51ad-533f-99ed-7b66e5105fb0,c99464d9-22c8-5917-b9c1-871ca488eabc,2026-05-02,completed,USD
5013c5c5-dc55-5515-ab3a-319af79409d6,SO-20260502-01179,d32c591e-40f3-580a-ba9e-b940e2ef427c,c33f2117-7695-5b57-b98a-567287832ce1,2026-05-02,completed,USD
1d0bb681-56eb-5842-86e6-85815aca39d1,SO-20260502-01180,a6fc7f43-4df6-5ffa-bea1-42a83c3fa8e4,e8de5e72-dfef-5439-a069-3da83d10c24b,2026-05-02,completed,USD
df8b7b0c-ef62-580e-b720-3f85f94baa6e,SO-20260503-01181,4e710c59-f3b8-5937-827e-4e7682f006f8,e3c6ee5c-58a8-51f8-af29-bd2c65cb59c7,2026-05-03,completed,USD
b3670511-7ae5-5c9a-baf6-a5c51f3ee467,SO-20260504-01182,b659317c-a6a4-5430-b551-b8318b240920,b43c8f02-1dcb-5f9d-af05-30c6c2153bd3,2026-05-04,completed,USD
de455c66-5b11-56ba-b759-e67fd86610cc,SO-20260504-01183,69343164-0d9f-5c31-a832-2a81958753bf,1db4a92b-a015-5bef-b875-c0931951c17a,2026-05-04,completed,USD
1b5d3c05-4fe7-5f07-b54f-493da5b3f9ae,SO-20260504-01184,639085c3-c8cf-5ada-a8ad-a24b7dd0c941,86d3dca2-5152-5ad7-ae43-709e43ab3982,2026-05-04,completed,USD
4563d014-8077-5fa6-ab11-a54bcd616c11,SO-20260504-01185,022518fc-c9ab-5ab7-89f9-7077b5801b6f,b43c8f02-1dcb-5f9d-af05-30c6c2153bd3,2026-05-04,shipped,USD
3b6cdb1b-d919-5fd0-9d96-9c5693774234,SO-20260504-01186,411e90c0-155c-596b-aaa6-0c0619bc80e1,d01beb24-6f80-5c71-a71d-d3854411ab72,2026-05-04,completed,USD
161f80ff-2cb6-5f4f-9449-5947a4158f7d,SO-20260504-01187,5eec2e12-42ee-500b-9664-ed7cef2230f3,080af047-634c-5a70-8a42-a7a196cc9cce,2026-05-04,shipped,USD
f5e775e5-f44d-5843-b0a4-43c833bcddd6,SO-20260505-01188,00ec496a-96dc-5e8f-a2f4-e34e1e87ab2c,3a4f62a5-f7a0-56c0-bb79-7d8de38aa58f,2026-05-05,completed,USD
9b13102d-2b9a-5d13-97d9-0cc76b4ea1e3,SO-20260505-01189,bfe531f3-7881-5f16-b241-20f069111509,113cd4ad-991e-5b3e-884a-1e169847c916,2026-05-05,completed,USD
c51749cf-8315-5dbf-bf26-7e9f2dde38bf,SO-20260505-01190,f2f81d66-d8d7-5fe9-b9f5-5dca2fbd4faf,37859317-2dbb-5c62-97d3-49217bdf045c,2026-05-05,completed,USD
08b82e78-ec8f-5dc8-9f5d-269063f44ffe,SO-20260505-01191,5ad01617-30cc-5924-9145-9331df0736c8,651eacb8-633a-519f-84a8-bdc47df160f3,2026-05-05,completed,USD
03cc1d75-d3e0-5aee-8de1-38e6dba1a64e,SO-20260506-01192,b659317c-a6a4-5430-b551-b8318b240920,080af047-634c-5a70-8a42-a7a196cc9cce,2026-05-06,completed,USD
ea45da65-fbc8-535d-a945-190ccd6a6eaf,SO-20260506-01193,5b8abb09-4a9c-53c0-af7e-2b86d19dd652,e3c6ee5c-58a8-51f8-af29-bd2c65cb59c7,2026-05-06,shipped,USD
aa9cf5cf-059f-585a-bcd7-34a1d1d45e3e,SO-20260506-01194,02fd1e04-d5ac-5004-a5c4-72fccf654ea6,0122cfd5-2a20-5508-ad03-779342281d57,2026-05-06,completed,USD
7800c72d-95a1-51a5-b402-9d3dc4ec5394,SO-20260506-01195,ddd5d6f4-4a6d-5157-a994-b4656ff3daf6,49ea2856-023c-5ffd-b3bf-82960190c959,2026-05-06,completed,USD
f7cafc09-87e8-5c70-8936-21bce9d1ba7f,SO-20260507-01196,e1601e4b-9021-56e3-bb1d-fef14dbe7f8d,118ee768-2257-5fc9-80c7-fc0361eca54b,2026-05-07,completed,USD
fcdea270-e3e2-5450-b478-fa506aa07aa4,SO-20260507-01197,aa3eabe4-24b7-5773-b850-3f1255577ef8,113cd4ad-991e-5b3e-884a-1e169847c916,2026-05-07,completed,USD
9b90846e-21e4-56d9-8073-b9d8146286c8,SO-20260507-01198,4cb9f885-7dff-525b-bf16-eaf306617430,ea94a58b-c854-5627-b53a-80296dac8550,2026-05-07,completed,USD
624d1bf4-5c13-5249-9def-05852ee78163,SO-20260507-01199,4edd4353-ea41-5f28-a532-c57780412c41,e95eb441-8390-5f2a-8300-5c0129b7d7a2,2026-05-07,completed,USD
1100f887-81b8-5a14-81b0-1df1fb2d6c5a,SO-20260507-01200,022518fc-c9ab-5ab7-89f9-7077b5801b6f,c33f2117-7695-5b57-b98a-567287832ce1,2026-05-07,completed,USD
64ba8fbf-1bc7-5798-a870-165ffc2f5893,SO-20260507-01201,e8dd6aa3-8bd7-58ac-8da3-1d1981dcb4d8,60616d64-bde6-5323-8231-8cacb3eaa96d,2026-05-07,completed,USD
c1839f6b-a7a8-534d-8b5b-08ac577db1cc,SO-20260507-01202,2c1841c7-6bab-59e0-aef7-bcda2f80dd86,00b1eaa3-aff6-52f5-8539-ac4cb785322a,2026-05-07,processing,USD
24187380-8654-5f64-ad07-667f7447b609,SO-20260507-01203,0c6b4432-a2aa-5a08-aa98-037878e0a135,720c7389-880e-5928-a765-7ad18e1dd3c3,2026-05-07,completed,USD
22916dff-b638-5ccb-b3d2-ffb1b04af68d,SO-20260508-01204,e6d92daf-dcd2-58ca-90d7-636261dd7bbc,dc883f2f-eb02-53a1-90cb-467dbf6ff455,2026-05-08,cancelled,USD
7565c7a1-4d31-5cba-a4ef-1557ccb4ec42,SO-20260508-01205,619e7c22-b0d6-5bc9-a6a0-ceb9e0a340e3,ea94a58b-c854-5627-b53a-80296dac8550,2026-05-08,completed,USD
2efa508c-7e5d-5437-b07e-4b756844cf37,SO-20260508-01206,9b5e283a-de19-5c2b-86ae-74edf53feb32,5935a2ab-e820-55bf-a36c-ef0ae035c00e,2026-05-08,completed,USD
706cba17-03ad-5855-aff9-4695b7539022,SO-20260508-01207,6ad6d4cf-225a-5827-8d44-2584bc83022a,60616d64-bde6-5323-8231-8cacb3eaa96d,2026-05-08,completed,USD
b3ba367d-ee54-5f5e-9413-b653c74c0caf,SO-20260508-01208,306f57ff-40e0-510d-a6d4-f7d03b736925,1db4a92b-a015-5bef-b875-c0931951c17a,2026-05-08,completed,USD
98a42da2-ae6d-5f58-8f11-c3f2a6edb36a,SO-20260509-01209,01e5eb13-be9c-50d0-90dd-28a9cce2c901,c33f2117-7695-5b57-b98a-567287832ce1,2026-05-09,completed,USD
f07892b0-4521-54c0-9531-92ac5a72eaa2,SO-20260509-01210,52d6db95-2df5-508d-a394-02136262050d,d6c5842b-b70d-5897-8b57-947e5ff2f3a3,2026-05-09,completed,USD
9053b8c0-b46f-5511-9d68-97f30dd57767,SO-20260510-01211,5f66cc88-02bc-5518-a0dd-c2d1c09b1585,37859317-2dbb-5c62-97d3-49217bdf045c,2026-05-10,completed,USD
92e4a7fb-f5bb-502f-9d37-68ccad30d193,SO-20260511-01212,022518fc-c9ab-5ab7-89f9-7077b5801b6f,3f24970e-8ea4-57ed-8660-e26444c13e5d,2026-05-11,cancelled,USD
b7a47b5a-df6f-58d3-9c5a-213c4701c061,SO-20260511-01213,03369d23-5aef-5f2c-8d18-b3477b5d178a,e8de5e72-dfef-5439-a069-3da83d10c24b,2026-05-11,shipped,USD
db0ffd12-51cc-52ef-aa49-ab96f990921a,SO-20260511-01214,69343164-0d9f-5c31-a832-2a81958753bf,d1d43115-96f8-53a1-bad2-7d9446d8e118,2026-05-11,completed,USD
f9ca615b-4e10-5228-b758-983f919cc69b,SO-20260511-01215,e45ef230-a000-5b1f-a26b-abd2492609e6,91ded739-a072-5e06-95f0-c2fec8339a2a,2026-05-11,shipped,USD
e2f292e6-06a1-5fbd-a387-cd71f5ed22e0,SO-20260511-01216,ab4c85bb-634b-5969-957b-afa538a0a0d3,5935a2ab-e820-55bf-a36c-ef0ae035c00e,2026-05-11,completed,USD
3e0cc2e0-4a32-5df6-b413-cb5fdca4cc38,SO-20260511-01217,f35c94b5-66ed-5ba9-9a85-f01472c4c269,113cd4ad-991e-5b3e-884a-1e169847c916,2026-05-11,processing,USD
3a71157e-a6b2-5b1a-a6f4-275bd893967c,SO-20260511-01218,727345d1-4693-517b-a329-04edd848b658,e95eb441-8390-5f2a-8300-5c0129b7d7a2,2026-05-11,shipped,USD
0d7efbc2-9128-5045-8898-13372957747a,SO-20260512-01219,7004f89a-407f-5257-885a-50bfaca6f7a1,dc883f2f-eb02-53a1-90cb-467dbf6ff455,2026-05-12,completed,USD
2ae76653-af64-52e4-b8b1-d2829f5638a3,SO-20260512-01220,d9654a4c-376a-5bc2-92ca-51f4276b990a,118ee768-2257-5fc9-80c7-fc0361eca54b,2026-05-12,completed,USD
f5c24456-e26c-5d22-99d1-f4b476e9d7c8,SO-20260512-01221,7130589f-8f9f-5b9b-bdd0-ddfc15e09956,00b1eaa3-aff6-52f5-8539-ac4cb785322a,2026-05-12,completed,USD
f8cead5a-0a36-545c-86c6-364a86834ed4,SO-20260512-01222,b0d9dc71-db6b-54ca-83de-6f0bb41b90d3,651eacb8-633a-519f-84a8-bdc47df160f3,2026-05-12,shipped,USD
47bdf02c-27c9-5da5-b708-265fbcabf242,SO-20260512-01223,0c6b4432-a2aa-5a08-aa98-037878e0a135,dc883f2f-eb02-53a1-90cb-467dbf6ff455,2026-05-12,completed,USD
90e33644-a65b-5513-808f-1eacd006f72a,SO-20260512-01224,900e7d64-6e77-517b-85bd-a7a01e69fa56,d1d43115-96f8-53a1-bad2-7d9446d8e118,2026-05-12,completed,USD
5b2b44af-1df8-5981-af1a-2325f5a92e5e,SO-20260513-01225,5f66cc88-02bc-5518-a0dd-c2d1c09b1585,29f89627-9934-5916-acef-ed156172909d,2026-05-13,completed,USD
94486466-4343-5990-94a8-72f45e93303f,SO-20260513-01226,306f57ff-40e0-510d-a6d4-f7d03b736925,0122cfd5-2a20-5508-ad03-779342281d57,2026-05-13,completed,USD
256941f5-9c64-5069-8bc8-14af4ebcf544,SO-20260513-01227,7cd8f59a-b1f3-5d2e-8caf-bf094111530c,f7b726d6-d8b2-53bd-977c-4a572be5deb2,2026-05-13,completed,USD
55b9ef90-a704-59d9-ba1c-ab88ca41c566,SO-20260513-01228,d9654a4c-376a-5bc2-92ca-51f4276b990a,5935a2ab-e820-55bf-a36c-ef0ae035c00e,2026-05-13,completed,USD
8bb250b5-7120-5885-8609-0f54a3e18c9a,SO-20260513-01229,40514aaa-f2d7-54e1-925b-f96e2ce00054,e95eb441-8390-5f2a-8300-5c0129b7d7a2,2026-05-13,shipped,USD
b0f3e005-479b-53c3-96dd-b09907632c9b,SO-20260513-01230,be07142d-7058-522d-b8dd-7fc784639659,d1d43115-96f8-53a1-bad2-7d9446d8e118,2026-05-13,cancelled,USD
3a811d7d-0203-56ae-b219-391b0698ae67,SO-20260513-01231,9f76bfad-d135-58ad-92f6-6a87e5dc378f,113cd4ad-991e-5b3e-884a-1e169847c916,2026-05-13,completed,USD
8f8d23a7-872c-5a50-8f88-cc48bc5fda46,SO-20260514-01232,b3398a43-50be-54d0-b982-9c62184be451,86d3dca2-5152-5ad7-ae43-709e43ab3982,2026-05-14,completed,USD
86bc8477-d343-54d8-a4c8-20f7c5c8e79e,SO-20260514-01233,2fcd5fdd-2d0c-5819-a291-64fefad299fd,05970209-0410-562d-a0ac-22a01e4f9690,2026-05-14,shipped,USD
3d6ffbe8-11af-571a-a1e5-974792f1a748,SO-20260514-01234,79efd663-c0a0-59c6-a6e0-a220eeec4c58,1e61b996-144a-5c9f-9271-3bcf378e3ae1,2026-05-14,completed,USD
9ebb00e8-1fae-5034-b108-57c26908d65c,SO-20260514-01235,441412c9-4946-5136-b1dc-b971c3175c8f,60616d64-bde6-5323-8231-8cacb3eaa96d,2026-05-14,completed,USD
f8499a97-792c-51ba-b25e-93f8890c6099,SO-20260514-01236,a0f41799-d018-5980-95cb-9d8f5c11ead0,0122cfd5-2a20-5508-ad03-779342281d57,2026-05-14,completed,USD
8e173705-648d-5e9d-818d-ef99aee1c707,SO-20260515-01237,e483cfea-9d2d-52b7-92b3-54c40b036175,b43c8f02-1dcb-5f9d-af05-30c6c2153bd3,2026-05-15,completed,USD
62401a66-6a04-5de5-919e-39655851cd60,SO-20260515-01238,22f217fd-923a-58e0-87e4-7840e9984351,e35ba822-27e1-5a54-9b0a-89a1cde4c322,2026-05-15,shipped,USD
6bf72c61-4920-58e8-9540-a2f6647b39e7,SO-20260515-01239,386b1daf-8e64-5b8e-8c48-36b4f45e4676,00b1eaa3-aff6-52f5-8539-ac4cb785322a,2026-05-15,completed,USD
1a223cbb-66fe-53a8-8528-dc2d7ac727a6,SO-20260516-01240,b24f3844-d851-58bf-96a0-1484395ce08c,3a4f62a5-f7a0-56c0-bb79-7d8de38aa58f,2026-05-16,cancelled,USD
0fb3d03c-94a3-5d48-a27d-fc1bf3298cb0,SO-20260517-01241,fc886c33-609e-58ba-9c2b-27308ba7b1a5,1db4a92b-a015-5bef-b875-c0931951c17a,2026-05-17,completed,USD
c35cda3b-9c94-5e0f-a646-5450c801d83c,SO-20260517-01242,5aee8f2d-fad8-5f72-897b-558e19b91816,3f24970e-8ea4-57ed-8660-e26444c13e5d,2026-05-17,completed,USD
a6c72d83-c908-5be0-8f42-4cd3c33ec962,SO-20260517-01243,f86387ed-fd14-52ca-a24d-736799edf380,1e61b996-144a-5c9f-9271-3bcf378e3ae1,2026-05-17,completed,USD
9d55cfd0-8a88-5b8a-827c-18748ed19316,SO-20260518-01244,f8c7eff7-a4df-5068-a000-f19c3841a85b,49ea2856-023c-5ffd-b3bf-82960190c959,2026-05-18,completed,USD
82f8a8ae-9859-51d4-93bc-6032196406ea,SO-20260518-01245,35b16062-11a6-5c7b-bb2c-1728ff821eb0,45c84ee9-d61c-56ff-858b-dd3a68c51c93,2026-05-18,shipped,USD
8e0e7385-eb07-526b-896f-184ec5952f2e,SO-20260518-01246,386b1daf-8e64-5b8e-8c48-36b4f45e4676,37859317-2dbb-5c62-97d3-49217bdf045c,2026-05-18,completed,USD
066b0be0-53e5-507f-8877-ecbc62283202,SO-20260518-01247,47384714-e1b7-5e0f-92ca-9cc7b429d98f,dc883f2f-eb02-53a1-90cb-467dbf6ff455,2026-05-18,shipped,USD
00adf203-fc39-57ed-844d-52cd8a6b12ec,SO-20260518-01248,51813e7b-b521-5ada-8c7e-13ea9b551a15,008aa683-c142-586d-8cba-7423f86323a7,2026-05-18,completed,USD
c6d913e8-3a9b-51af-81cf-13bf2dbfffea,SO-20260518-01249,36b5bc99-770b-564c-9cc1-4822b00d0ba5,1e61b996-144a-5c9f-9271-3bcf378e3ae1,2026-05-18,completed,USD
57295db8-60be-5b20-adc7-94b1dcdd57da,SO-20260518-01250,bf320b53-233b-52d0-9acb-443e2fd61e84,45c84ee9-d61c-56ff-858b-dd3a68c51c93,2026-05-18,completed,USD
b84b10aa-2357-5c55-9ad2-db15b3843389,SO-20260518-01251,330fc81d-4b93-5eee-a4c6-c7a662017c96,b43c8f02-1dcb-5f9d-af05-30c6c2153bd3,2026-05-18,completed,USD
7e62e320-eef4-5389-ae8a-4d6057610f0e,SO-20260519-01252,ad50ff8a-1dec-5f15-9b85-48bef28b785c,1a8cb147-1585-587f-932d-d9ea83a26048,2026-05-19,completed,USD
7b821be3-57dc-5b1f-96b3-ad5490cc627b,SO-20260519-01253,a301724f-db9c-53d1-8e7a-a1f8196a2859,3a4f62a5-f7a0-56c0-bb79-7d8de38aa58f,2026-05-19,completed,USD
ae376f3d-77dc-57e0-8ce7-3ba151be7abc,SO-20260519-01254,f68b1bf8-566b-599a-816f-a2d153d02af8,d1d43115-96f8-53a1-bad2-7d9446d8e118,2026-05-19,shipped,USD
3f4bbea2-46ac-5efb-9d7b-a807fed4add5,SO-20260519-01255,d32c591e-40f3-580a-ba9e-b940e2ef427c,d6c5842b-b70d-5897-8b57-947e5ff2f3a3,2026-05-19,completed,USD
87c7b9f4-4363-575b-a248-8643792a31c5,SO-20260519-01256,98720647-5e5b-52f7-b8a1-84433d1df38e,45c84ee9-d61c-56ff-858b-dd3a68c51c93,2026-05-19,processing,USD
cf2d5f88-def8-507a-9776-7d4a8ea4a773,SO-20260519-01257,12ebb61a-7a75-5376-aab2-7ceb1eeaaa74,8b8ac295-ff38-552a-a208-339acee0cbf8,2026-05-19,completed,USD
d516d767-b095-571f-8749-7f88cc67d977,SO-20260519-01258,e886f002-0850-544e-bbc7-6a62c8afd4c2,dcf4314c-e3bf-59be-b647-4c36396750b1,2026-05-19,completed,USD
3c8ab4f0-51f0-5003-b80e-4b2b5c144c45,SO-20260520-01259,0723f889-4315-5df1-b33d-408167c715c2,ea94a58b-c854-5627-b53a-80296dac8550,2026-05-20,shipped,USD
129f324f-9f35-5b9c-b5a6-c82b229a6075,SO-20260520-01260,0fae5ac6-afb9-5b81-99c4-d80d51446c73,8b8ac295-ff38-552a-a208-339acee0cbf8,2026-05-20,completed,USD
60c0f381-700a-5600-a784-11cd3886ee8d,SO-20260520-01261,19320701-b239-5638-97f2-e5e7ef202f73,651eacb8-633a-519f-84a8-bdc47df160f3,2026-05-20,completed,USD
4c87d03a-b874-5525-996b-813f53a700a3,SO-20260520-01262,00d1bcd5-ebf3-50a2-a791-067e9cd2a147,d6c5842b-b70d-5897-8b57-947e5ff2f3a3,2026-05-20,completed,USD
ee48b96c-0d9e-5054-acfe-a537853cde0d,SO-20260520-01263,b703766e-29da-5a0c-ab16-d0b8918643f5,f07cf853-c39a-5a4a-ba49-9c85935326bc,2026-05-20,completed,USD
7c9f512b-ce60-5267-941d-32853e966e9f,SO-20260520-01264,0c8950ed-4171-5694-8ff0-3a4425ff5fa6,ea94a58b-c854-5627-b53a-80296dac8550,2026-05-20,cancelled,USD
13bafb69-80bd-593f-8704-e6d858a51b9d,SO-20260520-01265,efc6d6e2-3820-5513-8123-558be8fd8390,29f89627-9934-5916-acef-ed156172909d,2026-05-20,completed,USD
09401c35-ead7-5edf-ac39-7c94ba0c39a1,SO-20260521-01266,3070a1af-5ed0-5cad-98f4-647e810fdaad,1db4a92b-a015-5bef-b875-c0931951c17a,2026-05-21,completed,USD
0055f3c1-ffd9-5755-a7af-1ffe5b145916,SO-20260521-01267,0495ddd2-4276-5189-9c75-2cb81e46b7e1,1a8cb147-1585-587f-932d-d9ea83a26048,2026-05-21,completed,USD
888e36c9-1fe0-5284-9353-9ffb47a1963b,SO-20260521-01268,68eb2f5b-2bea-5024-94a5-93b5f4e1218d,e8de5e72-dfef-5439-a069-3da83d10c24b,2026-05-21,completed,USD
623ba003-f794-5e1e-8279-16cf4c3b436b,SO-20260521-01269,0d34bfa4-fcc6-59f8-9652-5e0affb1d4f4,37859317-2dbb-5c62-97d3-49217bdf045c,2026-05-21,shipped,USD
f74a7c24-8b13-5bce-9f2e-46a9b9c1cff0,SO-20260521-01270,6b62e287-4f45-5a76-9fda-ac07b8a4a484,86d3dca2-5152-5ad7-ae43-709e43ab3982,2026-05-21,completed,USD
5b7abab2-e517-5f7b-ae40-3c4ba56d433d,SO-20260521-01271,170e259d-c209-5ec6-8c12-ce5433ab4e22,e8de5e72-dfef-5439-a069-3da83d10c24b,2026-05-21,completed,USD
6f921604-6ea5-5ca2-8fd9-d45d142bffd6,SO-20260522-01272,d32c591e-40f3-580a-ba9e-b940e2ef427c,e35ba822-27e1-5a54-9b0a-89a1cde4c322,2026-05-22,completed,USD
cdf59569-03c6-5f7b-9141-2096671b77b9,SO-20260522-01273,81243744-dd13-5a29-aa58-34fe371a7b6a,5935a2ab-e820-55bf-a36c-ef0ae035c00e,2026-05-22,completed,USD
c5a7ebeb-a897-5f72-8aeb-551fc4b8f219,SO-20260522-01274,be07142d-7058-522d-b8dd-7fc784639659,91ded739-a072-5e06-95f0-c2fec8339a2a,2026-05-22,completed,USD
82c1ffe6-05df-5e44-84fc-01fc49336d9f,SO-20260522-01275,78e4723d-ded1-5a57-88c3-ec9efe2efc1e,45c84ee9-d61c-56ff-858b-dd3a68c51c93,2026-05-22,completed,USD
c368e821-0f5f-5ff8-baab-a98497f56769,SO-20260523-01276,ea6e9bfa-4eb3-55fb-aff4-4401646d50ef,dcf4314c-e3bf-59be-b647-4c36396750b1,2026-05-23,shipped,USD
40395a79-ce0b-516b-b4da-707d12ec2b40,SO-20260523-01277,6c0bfc10-bb3c-593c-9a18-e405560e8709,d01beb24-6f80-5c71-a71d-d3854411ab72,2026-05-23,completed,USD
5d1f9846-5e33-5c6c-b98a-981b3dd06683,SO-20260523-01278,9f7b7f01-a60c-5dc1-9967-c775a39903a8,b43c8f02-1dcb-5f9d-af05-30c6c2153bd3,2026-05-23,completed,USD
7c4af81e-259c-5be7-87e5-7089c4537913,SO-20260524-01279,4bd863dc-24bc-586d-aca7-7ca6c200c922,c33f2117-7695-5b57-b98a-567287832ce1,2026-05-24,completed,USD
bdf26eb0-fb7f-5d27-a243-531db912199d,SO-20260525-01280,5edca693-c9ea-5312-9c2a-a4730fbe5c81,d1d43115-96f8-53a1-bad2-7d9446d8e118,2026-05-25,processing,USD
067fbd96-844d-58e0-b932-5c8cd379be6c,SO-20260525-01281,4bdf7145-d5e2-5aca-a2cf-ead963af7d49,e95eb441-8390-5f2a-8300-5c0129b7d7a2,2026-05-25,completed,USD
bedec434-58f8-5c24-b07e-41e5c0143059,SO-20260525-01282,5b9a240a-08cf-5146-92b8-dc12785af04d,91ded739-a072-5e06-95f0-c2fec8339a2a,2026-05-25,completed,USD
3dace698-3d9f-5ee2-805d-96d11f6a495c,SO-20260526-01283,19320701-b239-5638-97f2-e5e7ef202f73,d01beb24-6f80-5c71-a71d-d3854411ab72,2026-05-26,shipped,USD
59203841-252a-5116-b5b2-db22af3fddfe,SO-20260526-01284,da64b36b-b5b6-555b-9093-3c014d6534ff,e8de5e72-dfef-5439-a069-3da83d10c24b,2026-05-26,completed,USD
b215d095-743a-5f8c-bb1f-b60d22ab15b3,SO-20260526-01285,a4fe1d50-055c-55b0-865e-a4d94101c9a6,e35ba822-27e1-5a54-9b0a-89a1cde4c322,2026-05-26,completed,USD
4349545e-6d2c-56fe-95a0-d9662bebca5a,SO-20260526-01286,25a987bf-d43f-5c6b-950a-3fd2f1513969,ea94a58b-c854-5627-b53a-80296dac8550,2026-05-26,completed,USD
0222c4f1-03a2-538c-9a93-d5d1b6f602e8,SO-20260526-01287,02fd1e04-d5ac-5004-a5c4-72fccf654ea6,3a4f62a5-f7a0-56c0-bb79-7d8de38aa58f,2026-05-26,completed,USD
76757891-2ad5-51dd-99f6-188083c572b0,SO-20260527-01288,939cc1b1-b2b9-5377-8a1f-b66bf84b5aab,29f89627-9934-5916-acef-ed156172909d,2026-05-27,completed,USD
f36e4fc0-c5ab-54cf-90a4-824996b91ac1,SO-20260527-01289,87eaed28-29f4-55cd-9771-91e40da15720,e95eb441-8390-5f2a-8300-5c0129b7d7a2,2026-05-27,processing,USD
7bc175ee-a0fa-59db-87bf-707585b877a0,SO-20260527-01290,328c00d1-8d31-56fc-b118-f14451e8e83e,d01beb24-6f80-5c71-a71d-d3854411ab72,2026-05-27,completed,USD
02cafc86-ae3b-5c35-a558-ec76f686381e,SO-20260528-01291,75c72440-ddbf-5bff-8e8c-8488b4c35b35,c99464d9-22c8-5917-b9c1-871ca488eabc,2026-05-28,completed,USD
1cb95bea-c06c-5dd6-95ad-7a6c39ec805a,SO-20260528-01292,1055b7e8-8538-5966-86ca-9f9cce8f490b,49ea2856-023c-5ffd-b3bf-82960190c959,2026-05-28,completed,USD
8a007253-e32e-5817-a9af-ddaa2e5db7ea,SO-20260528-01293,2ca6c1cf-f742-57f7-b43e-589510bd781f,dc883f2f-eb02-53a1-90cb-467dbf6ff455,2026-05-28,completed,USD
0289fc1d-794f-58bb-a028-fad5be0732b8,SO-20260528-01294,12ebb61a-7a75-5376-aab2-7ceb1eeaaa74,008aa683-c142-586d-8cba-7423f86323a7,2026-05-28,completed,USD
d11528bc-a43d-5874-a3ad-272f9c12c3cd,SO-20260528-01295,00d1bcd5-ebf3-50a2-a791-067e9cd2a147,118ee768-2257-5fc9-80c7-fc0361eca54b,2026-05-28,processing,USD
6ab0fd54-87cf-5700-b72e-244897cf0704,SO-20260528-01296,d17126ee-524e-53b1-a028-ff5ab774ccea,49ea2856-023c-5ffd-b3bf-82960190c959,2026-05-28,completed,USD
4aea2efb-a1e2-5381-997e-000c42069bd3,SO-20260528-01297,eace5daf-67c4-5404-840f-64be4f98d51e,0122cfd5-2a20-5508-ad03-779342281d57,2026-05-28,shipped,USD
0b4c68be-c925-5556-9da8-aaa45d4ebc91,SO-20260528-01298,00b4dc72-e96a-58bf-aa4a-9f770c79ebde,118ee768-2257-5fc9-80c7-fc0361eca54b,2026-05-28,cancelled,USD
3f9c23a3-a3f3-5d6b-b4ac-ea2ee1b3f9ad,SO-20260529-01299,37abbf5e-03da-5827-a286-803358b02c78,60616d64-bde6-5323-8231-8cacb3eaa96d,2026-05-29,completed,USD
4989cca8-7e5c-5f52-9d69-d663969d5c9c,SO-20260529-01300,55d9e34f-0219-5915-bc14-28a0ba915bd3,008aa683-c142-586d-8cba-7423f86323a7,2026-05-29,completed,USD
3af0587f-b3bb-5d3b-8aa4-6800a5c5b1df,SO-20260529-01301,29caa4a7-72db-50d1-95f2-39c2135c883a,49ea2856-023c-5ffd-b3bf-82960190c959,2026-05-29,completed,USD
dad2fc10-b078-51d5-ac7f-755ef549a448,SO-20260529-01302,e67cb05f-774e-56d3-92c5-d1c5b33ddb46,f7b726d6-d8b2-53bd-977c-4a572be5deb2,2026-05-29,completed,USD
8b5f0f93-7bc7-54b6-8a4b-20a1548c7d9c,SO-20260529-01303,ea454c85-b607-5c71-a84f-ec84919fb709,ea94a58b-c854-5627-b53a-80296dac8550,2026-05-29,completed,USD
d1e254dd-24a3-508d-9f6b-eb91549cd4eb,SO-20260529-01304,3dbf251a-a5bf-5807-a6f3-caa0dc206be5,ea94a58b-c854-5627-b53a-80296dac8550,2026-05-29,shipped,USD
911fc051-5838-5ae8-b761-346946c51df5,SO-20260530-01305,5cad41fc-a2d2-509b-93eb-b3342281c57c,dcf4314c-e3bf-59be-b647-4c36396750b1,2026-05-30,shipped,USD
e7b9d293-86de-5056-ab61-1927697b6a66,SO-20260531-01306,6ad6d4cf-225a-5827-8d44-2584bc83022a,e3c6ee5c-58a8-51f8-af29-bd2c65cb59c7,2026-05-31,completed,USD
7a156148-2af5-5212-a1fa-40882bf476a5,SO-20260601-01307,36c082a8-15a4-56eb-8b03-66465706414f,29f89627-9934-5916-acef-ed156172909d,2026-06-01,completed,USD
98a0ffe3-d13f-5acb-b407-9c7dd7feaf6a,SO-20260601-01308,3477d02c-6fdf-5d7c-8357-b54812dd8855,d6c5842b-b70d-5897-8b57-947e5ff2f3a3,2026-06-01,completed,USD
8bb053da-fbbb-577c-b036-ce2e1021af12,SO-20260601-01309,0229bf32-83e3-5e7c-8306-8db796b70f33,e3c6ee5c-58a8-51f8-af29-bd2c65cb59c7,2026-06-01,completed,USD
fe9a98de-0d90-5767-be0d-a45221d8d925,SO-20260601-01310,39110d84-8485-5cb3-84d7-c181db1c1ca5,720c7389-880e-5928-a765-7ad18e1dd3c3,2026-06-01,completed,USD
e45b73b9-cc7f-581b-8752-f86a71d563d4,SO-20260601-01311,ebc4e9d9-750c-5601-83a5-2e8ac97ba602,00b1eaa3-aff6-52f5-8539-ac4cb785322a,2026-06-01,completed,USD
0e55a3dd-47d2-51e3-a5a5-38b7b3f4aca1,SO-20260601-01312,74f10365-790c-52e0-96a2-a32d6c70ce60,113cd4ad-991e-5b3e-884a-1e169847c916,2026-06-01,completed,USD
0d5aa3d0-35e3-54a1-805e-0bdd70274c2b,SO-20260601-01313,1b7886f4-413e-503f-b140-c48d42f2310e,0122cfd5-2a20-5508-ad03-779342281d57,2026-06-01,completed,USD
ff1533f8-fd0a-5e0b-8e42-2f8e008a64e7,SO-20260602-01314,4b7ba232-e074-5665-806c-2804861df655,c99464d9-22c8-5917-b9c1-871ca488eabc,2026-06-02,completed,USD
270ab034-cbaa-5824-83bd-d90470639d2c,SO-20260602-01315,1f48efe8-c8e7-59af-8890-40a5c5019e42,e35ba822-27e1-5a54-9b0a-89a1cde4c322,2026-06-02,completed,USD
72ef9600-ea11-5381-9cbb-d3c6e438be59,SO-20260602-01316,d5a937e0-465f-5545-9b29-6adefd29ce71,080af047-634c-5a70-8a42-a7a196cc9cce,2026-06-02,completed,USD
2600785b-c961-52cb-9827-be2697e32ee3,SO-20260603-01317,0c869bee-b1b5-5f47-9bd4-287fb4f684a7,f1511ed8-40f6-544e-a21d-9ab52d3f1a34,2026-06-03,completed,USD
e2460296-a968-5100-98f9-935d41d6ae81,SO-20260603-01318,022518fc-c9ab-5ab7-89f9-7077b5801b6f,f7b726d6-d8b2-53bd-977c-4a572be5deb2,2026-06-03,completed,USD
10fc9de4-4452-5174-a272-7a302d11047c,SO-20260603-01319,e886f002-0850-544e-bbc7-6a62c8afd4c2,e5a340fe-9b66-5cfe-809c-fab320a511e2,2026-06-03,completed,USD
99f8cdb6-72b5-5dfa-9a1f-dd992ffbccee,SO-20260603-01320,225ac19b-ce5f-585c-b5e4-1f431f510a79,dcf4314c-e3bf-59be-b647-4c36396750b1,2026-06-03,completed,USD
971b1437-bfe4-5e87-96bf-51dff73fc8bf,SO-20260603-01321,68eb2f5b-2bea-5024-94a5-93b5f4e1218d,dcf4314c-e3bf-59be-b647-4c36396750b1,2026-06-03,completed,USD
53ebc494-ffc8-5767-855b-ea0d1e3b1bcd,SO-20260603-01322,1d3846cd-4352-506c-a7ab-f5bec4f3f116,f1511ed8-40f6-544e-a21d-9ab52d3f1a34,2026-06-03,shipped,USD
de5e81dc-37a2-5f4a-bebd-26c52d741a25,SO-20260603-01323,f71423cb-38e5-59b6-ba2e-a49c11cf652a,f07cf853-c39a-5a4a-ba49-9c85935326bc,2026-06-03,completed,USD
d9bb0fbe-fc5c-5c9a-b90f-ff1c2845f1b3,SO-20260603-01324,a834bea2-ce91-50c8-9038-7c4a38933628,dc883f2f-eb02-53a1-90cb-467dbf6ff455,2026-06-03,completed,USD
49b78507-0cf1-50d8-a986-5ca2120e43f3,SO-20260604-01325,f602a6a2-3a5a-50db-8935-3d2a6f4c76e3,1db4a92b-a015-5bef-b875-c0931951c17a,2026-06-04,cancelled,USD
50b108e2-eb18-52db-bdd7-79ed50eb38c6,SO-20260604-01326,87eaed28-29f4-55cd-9771-91e40da15720,d6c5842b-b70d-5897-8b57-947e5ff2f3a3,2026-06-04,completed,USD
15a38b92-c805-58dc-9dc2-4b8d2ce51784,SO-20260604-01327,238c4b69-138e-5f45-ac27-13ef8d5a4207,86d3dca2-5152-5ad7-ae43-709e43ab3982,2026-06-04,cancelled,USD
5e33b091-34ec-522a-bab3-187176d47b57,SO-20260604-01328,8baf19c7-db64-5221-93e0-52e621bdd5a6,60616d64-bde6-5323-8231-8cacb3eaa96d,2026-06-04,completed,USD
a700e426-de42-598f-8b26-670fd309ef23,SO-20260604-01329,82bdf2c6-fb02-526a-b9f4-ce7bbbbfc3d1,651eacb8-633a-519f-84a8-bdc47df160f3,2026-06-04,completed,USD
ba6cd090-6ed7-5dbe-9e3c-aef41a715cbc,SO-20260605-01330,798042e6-6e8d-5878-a20a-04d8a7d0277c,e3c6ee5c-58a8-51f8-af29-bd2c65cb59c7,2026-06-05,completed,USD
9c5883e3-ddf8-5a08-8bee-311941e55408,SO-20260605-01331,aa3eabe4-24b7-5773-b850-3f1255577ef8,e3c6ee5c-58a8-51f8-af29-bd2c65cb59c7,2026-06-05,processing,USD
6a756995-0977-52bd-b274-6aeeec6d3e65,SO-20260605-01332,d6aa22ab-3615-5c51-bbf3-9de40c1c9fab,3a4f62a5-f7a0-56c0-bb79-7d8de38aa58f,2026-06-05,cancelled,USD
1acf8bac-301c-5871-b6d3-4ed63a5cdb5d,SO-20260605-01333,f0648a7a-1f33-5d5c-a484-653be39260f5,37859317-2dbb-5c62-97d3-49217bdf045c,2026-06-05,completed,USD
fc512dd1-7179-50f4-9074-c3a44bbf05b1,SO-20260605-01334,82d3547e-402b-58f3-8568-daab678823eb,05970209-0410-562d-a0ac-22a01e4f9690,2026-06-05,completed,USD
6c4e9d4a-9613-5fb8-b9fb-a8dcf2f0803b,SO-20260605-01335,5b9a240a-08cf-5146-92b8-dc12785af04d,e5a340fe-9b66-5cfe-809c-fab320a511e2,2026-06-05,completed,USD
c874ad2e-b2e3-5151-a8e0-6885a215ea11,SO-20260605-01336,f35c94b5-66ed-5ba9-9a85-f01472c4c269,e8de5e72-dfef-5439-a069-3da83d10c24b,2026-06-05,processing,USD
75fc82c0-fa44-5bd1-ae65-e57f97bc0472,SO-20260606-01337,b703766e-29da-5a0c-ab16-d0b8918643f5,d1d43115-96f8-53a1-bad2-7d9446d8e118,2026-06-06,completed,USD
91cd2684-613e-5fce-abee-48683ecc0d69,SO-20260607-01338,74443b9c-c37e-521d-9d96-fbf0604f7124,113cd4ad-991e-5b3e-884a-1e169847c916,2026-06-07,completed,USD
63c9de01-f94e-559b-b7c4-a6272038bad5,SO-20260607-01339,f1dea065-29d1-559a-8ab4-891657df2249,37859317-2dbb-5c62-97d3-49217bdf045c,2026-06-07,completed,USD
2a4073df-998c-5627-bd30-45313a18a239,SO-20260607-01340,8baf19c7-db64-5221-93e0-52e621bdd5a6,c99464d9-22c8-5917-b9c1-871ca488eabc,2026-06-07,completed,USD
ff96cf18-a312-59f2-9c17-2da0f103b4ed,SO-20260608-01341,030d6a9b-4f25-5c78-aaee-abe5875bec1f,651eacb8-633a-519f-84a8-bdc47df160f3,2026-06-08,completed,USD
c94675b9-b649-564e-a828-ec5fc1816ebf,SO-20260608-01342,75c72440-ddbf-5bff-8e8c-8488b4c35b35,c33f2117-7695-5b57-b98a-567287832ce1,2026-06-08,shipped,USD
266cf25d-938c-5098-9988-f78f59d1e3d2,SO-20260608-01343,7e50da50-b5fb-52e0-832e-32137912d98f,118ee768-2257-5fc9-80c7-fc0361eca54b,2026-06-08,completed,USD
da6be8df-ef73-5fb7-881a-088aa07de082,SO-20260608-01344,c89828a6-9f17-55e0-be6e-63697f108439,45c84ee9-d61c-56ff-858b-dd3a68c51c93,2026-06-08,completed,USD
19eaa5f2-b3d2-5016-818c-2277f525d114,SO-20260608-01345,219adb0d-08f2-5951-a5c0-5fda355c7032,113cd4ad-991e-5b3e-884a-1e169847c916,2026-06-08,completed,USD
feae78df-3345-5b59-bd1d-0ecd21116a92,SO-20260609-01346,c45e7545-e687-59bc-bfcb-8aa1781a915a,e8de5e72-dfef-5439-a069-3da83d10c24b,2026-06-09,processing,USD
72120ba5-3013-55a8-8cb1-b658bf4dc51d,SO-20260609-01347,aa3eabe4-24b7-5773-b850-3f1255577ef8,45c84ee9-d61c-56ff-858b-dd3a68c51c93,2026-06-09,completed,USD
ccf17a3c-a064-5c04-a242-e83c63936daf,SO-20260609-01348,ebbe7ebd-6675-5967-8807-1e99ebe9f4d5,d01beb24-6f80-5c71-a71d-d3854411ab72,2026-06-09,completed,USD
e8d25828-e622-597f-ab41-a543e01944ec,SO-20260610-01349,4ecf8661-bfeb-53ad-bb64-08a5b5154e5e,1e61b996-144a-5c9f-9271-3bcf378e3ae1,2026-06-10,completed,USD
4c97d2f9-60c9-5c75-81ee-a5f1916131ef,SO-20260610-01350,0f77fa23-6a98-5f4c-a249-8a889a41687d,3a4f62a5-f7a0-56c0-bb79-7d8de38aa58f,2026-06-10,completed,USD
db2971aa-7b8c-52a4-95ab-174f37270d9d,SO-20260610-01351,75acbee6-d99a-5ec5-a2ac-5e5eae838250,008aa683-c142-586d-8cba-7423f86323a7,2026-06-10,shipped,USD
6dabc12f-f953-5e31-8c5d-834f965dd341,SO-20260610-01352,66174413-8e10-5c51-b577-3068e8d05432,45c84ee9-d61c-56ff-858b-dd3a68c51c93,2026-06-10,completed,USD
af71018a-6cf9-532d-8446-3bb4737c347b,SO-20260611-01353,95bfaafb-a1fc-5609-ad7a-0f6ec343b951,720c7389-880e-5928-a765-7ad18e1dd3c3,2026-06-11,completed,USD
9125d996-ac95-5bd5-a46e-039bdc82bcb5,SO-20260611-01354,5edca693-c9ea-5312-9c2a-a4730fbe5c81,b43c8f02-1dcb-5f9d-af05-30c6c2153bd3,2026-06-11,completed,USD
12ac70bd-3d08-59f0-b3c1-13ac6d235df2,SO-20260611-01355,d2f6b061-ebf1-58ea-80d0-8bba279f21c4,008aa683-c142-586d-8cba-7423f86323a7,2026-06-11,completed,USD
23e2bf6b-cf76-5717-832d-ac1095e76eb0,SO-20260611-01356,b3119163-f064-5448-bec8-27bccef6526c,3a4f62a5-f7a0-56c0-bb79-7d8de38aa58f,2026-06-11,cancelled,USD
c6a11cb0-ff82-58e0-88c7-cacdbd32c785,SO-20260611-01357,74f10365-790c-52e0-96a2-a32d6c70ce60,29f89627-9934-5916-acef-ed156172909d,2026-06-11,completed,USD
c5c79d55-f42c-55f5-a39c-9b287c811243,SO-20260611-01358,6d5dbc60-2c04-539f-b340-5d35e2b8268f,d1d43115-96f8-53a1-bad2-7d9446d8e118,2026-06-11,completed,USD
6c51c4ea-bd19-5a3d-af89-182c21618d2f,SO-20260611-01359,0ef49f4d-7bf6-5984-b7c6-1597a2c4f2d4,05970209-0410-562d-a0ac-22a01e4f9690,2026-06-11,completed,USD
de203539-6306-5fe2-be3f-7e44ea2bd0f4,SO-20260611-01360,aea5f911-2a06-5494-9dfe-cb34f0a60dc6,113cd4ad-991e-5b3e-884a-1e169847c916,2026-06-11,completed,USD
925bbcb4-48bc-5f2d-bce8-bd0d578e3485,SO-20260612-01361,eb561ad0-9380-5a85-8731-9b83a34616f8,05970209-0410-562d-a0ac-22a01e4f9690,2026-06-12,completed,USD
60a6a035-4b01-5270-8b35-e6e1d3878650,SO-20260612-01362,de2eaee2-a489-5d91-a5f3-d7b041fed771,00b1eaa3-aff6-52f5-8539-ac4cb785322a,2026-06-12,shipped,USD
8b32f3e6-83af-5b03-982e-bf9f2e0b74c0,SO-20260612-01363,75c72440-ddbf-5bff-8e8c-8488b4c35b35,e35ba822-27e1-5a54-9b0a-89a1cde4c322,2026-06-12,processing,USD
3e21e97e-9897-5329-b30f-ddfd7b03b3b1,SO-20260612-01364,3923c549-808a-5dc6-8250-8df33e5e339d,d01beb24-6f80-5c71-a71d-d3854411ab72,2026-06-12,completed,USD
e9f9675a-d11b-5d8f-b1ba-c362ff66e8d3,SO-20260612-01365,7e4272d4-f864-5687-b0cf-72e011a55fc2,c33f2117-7695-5b57-b98a-567287832ce1,2026-06-12,cancelled,USD
344a43fa-2d49-5036-86db-07fe1f1f553f,SO-20260612-01366,ed94c90f-0279-5414-bdbf-8f0c432575cd,3a4f62a5-f7a0-56c0-bb79-7d8de38aa58f,2026-06-12,shipped,USD
d54fcb33-b40c-586f-9291-6ceecbc77548,SO-20260612-01367,d9533595-0144-5a73-940a-e2b49fda4bcb,113cd4ad-991e-5b3e-884a-1e169847c916,2026-06-12,completed,USD
a6af0535-6c49-5301-9e2b-2412cd510d9b,SO-20260613-01368,87c644ab-4a08-59ae-8d46-46413cec7d15,008aa683-c142-586d-8cba-7423f86323a7,2026-06-13,completed,USD
293bff3f-541b-5e96-95df-455ce66f3e33,SO-20260613-01369,5dadb797-e2ca-59d9-b8ee-77ec85628d0b,37859317-2dbb-5c62-97d3-49217bdf045c,2026-06-13,shipped,USD
9445171c-3586-5420-a39d-0ac57b73eb04,SO-20260614-01370,e2796e24-73bc-50d9-8592-d2444a8ec1ff,651eacb8-633a-519f-84a8-bdc47df160f3,2026-06-14,completed,USD
5ba54930-9412-50f1-9aad-fd8bc45fde01,SO-20260615-01371,3dbd17c9-c1a7-5150-9f9c-032157d5e21c,720c7389-880e-5928-a765-7ad18e1dd3c3,2026-06-15,completed,USD
c4863672-8941-58cf-b7ce-e1f3cbe59ef8,SO-20260615-01372,22f217fd-923a-58e0-87e4-7840e9984351,e5a340fe-9b66-5cfe-809c-fab320a511e2,2026-06-15,completed,USD
25db580c-c21e-50bc-afa9-1f26e33efcca,SO-20260615-01373,00ec496a-96dc-5e8f-a2f4-e34e1e87ab2c,29f89627-9934-5916-acef-ed156172909d,2026-06-15,processing,USD
33e7ff3e-d608-591a-99c5-733a57d998ba,SO-20260615-01374,e34220b6-615a-5201-8434-eddf14b32a02,29f89627-9934-5916-acef-ed156172909d,2026-06-15,completed,USD
9c9cec77-896a-5f78-a519-f8d12bf16a65,SO-20260615-01375,3fda2c6c-c926-56d4-a25f-f2e7e2f4bc34,d01beb24-6f80-5c71-a71d-d3854411ab72,2026-06-15,completed,USD
2e4a4052-9fdc-5dba-aa6d-d148e67802be,SO-20260615-01376,00b4dc72-e96a-58bf-aa4a-9f770c79ebde,8b8ac295-ff38-552a-a208-339acee0cbf8,2026-06-15,cancelled,USD
feed48e3-8447-599e-865c-313223705d64,SO-20260615-01377,23d58a1d-7f26-55e7-a59d-b1b41e692582,113cd4ad-991e-5b3e-884a-1e169847c916,2026-06-15,cancelled,USD
35d43645-8b38-50ed-84d3-1abf472eaa19,SO-20260615-01378,542d6269-bd1a-56c2-98a9-2504da4fec78,1e61b996-144a-5c9f-9271-3bcf378e3ae1,2026-06-15,completed,USD
a3c2b15e-0633-5a99-a9f0-a944532a6c4a,SO-20260616-01379,79e273c0-69c6-51de-8517-f3521ed8a328,c33f2117-7695-5b57-b98a-567287832ce1,2026-06-16,completed,USD
cbaa5355-b465-5024-8132-ae0f0f7d0d6f,SO-20260616-01380,3b4b169a-98ee-50cb-8fc8-a090b124d298,dcf4314c-e3bf-59be-b647-4c36396750b1,2026-06-16,completed,USD
4766e43a-add9-5d4a-8095-87878bce20ad,SO-20260616-01381,a0f41799-d018-5980-95cb-9d8f5c11ead0,e5a340fe-9b66-5cfe-809c-fab320a511e2,2026-06-16,completed,USD
2b22f95a-7f01-5769-a534-0d4641a75d68,SO-20260616-01382,48fd5b5a-6215-5e05-88fd-ff210cb17a6c,720c7389-880e-5928-a765-7ad18e1dd3c3,2026-06-16,completed,USD
2ae9ac6e-7865-5004-928f-a1ba22e6c27a,SO-20260617-01383,143876d1-7806-5041-b6ec-f88b1624387d,e3c6ee5c-58a8-51f8-af29-bd2c65cb59c7,2026-06-17,completed,USD
7adc7c7c-002a-535a-8bee-19e7e6fb603f,SO-20260617-01384,f2b634ca-cd08-51b5-bc53-6b0d79e912e1,45c84ee9-d61c-56ff-858b-dd3a68c51c93,2026-06-17,completed,USD
23762e54-206f-51b3-ac7f-63ad3db1d30b,SO-20260617-01385,005ffe4b-0e2f-53cd-acdb-4bfb76bb1b72,45c84ee9-d61c-56ff-858b-dd3a68c51c93,2026-06-17,completed,USD
de905c8c-efa1-520b-8e90-c21fd35e1c50,SO-20260617-01386,a4fe1d50-055c-55b0-865e-a4d94101c9a6,5935a2ab-e820-55bf-a36c-ef0ae035c00e,2026-06-17,completed,USD
03e0bbc3-a593-5e4b-a244-30805ea40c59,SO-20260617-01387,01e5eb13-be9c-50d0-90dd-28a9cce2c901,f7b726d6-d8b2-53bd-977c-4a572be5deb2,2026-06-17,completed,USD
1d1dcee7-6a5e-5b4a-97fa-512bf5b3baa7,SO-20260618-01388,75acbee6-d99a-5ec5-a2ac-5e5eae838250,49ea2856-023c-5ffd-b3bf-82960190c959,2026-06-18,completed,USD
a50d5051-054e-578f-9e40-1103e6de72dd,SO-20260618-01389,6ad6d4cf-225a-5827-8d44-2584bc83022a,1a8cb147-1585-587f-932d-d9ea83a26048,2026-06-18,completed,USD
83752b19-b530-5898-9c3b-e4b4f26ebd69,SO-20260618-01390,1888901a-2aa8-5cf0-afb6-d48a0822f2c1,c33f2117-7695-5b57-b98a-567287832ce1,2026-06-18,completed,USD
6107312f-3598-5a9a-b9f5-122392139006,SO-20260618-01391,59404051-6e1f-5c07-92ce-c1b7d5876fc1,e95eb441-8390-5f2a-8300-5c0129b7d7a2,2026-06-18,completed,USD
7e8c7f33-c655-5ddd-83c4-b0bb404097e0,SO-20260618-01392,f2f81d66-d8d7-5fe9-b9f5-5dca2fbd4faf,e95eb441-8390-5f2a-8300-5c0129b7d7a2,2026-06-18,shipped,USD
9e23f8fc-ff35-581f-ae81-35d173710b55,SO-20260618-01393,038b44e4-f191-5366-b99c-2c5aeddbb13b,dcf4314c-e3bf-59be-b647-4c36396750b1,2026-06-18,completed,USD
1b672ee5-1731-5b60-af5f-832138f2b788,SO-20260618-01394,3fda2c6c-c926-56d4-a25f-f2e7e2f4bc34,f1511ed8-40f6-544e-a21d-9ab52d3f1a34,2026-06-18,processing,USD
9d514969-5ee9-5d12-b977-fc3b9467f48c,SO-20260619-01395,038b44e4-f191-5366-b99c-2c5aeddbb13b,d01beb24-6f80-5c71-a71d-d3854411ab72,2026-06-19,shipped,USD
9e4868f3-6378-5b61-af84-e6fe78237627,SO-20260619-01396,93129e2a-807c-5cb5-ab31-86ccf1638805,d01beb24-6f80-5c71-a71d-d3854411ab72,2026-06-19,completed,USD
f0cda2c5-2d5d-54e6-9120-532630c81c98,SO-20260619-01397,ea89d463-10a8-5c69-9e48-a00cfc942028,d1d43115-96f8-53a1-bad2-7d9446d8e118,2026-06-19,completed,USD
7900e7df-a2ae-53c7-b2ba-796a3805d7ab,SO-20260619-01398,387db0fb-71df-5889-b6b4-cc6802693cba,c33f2117-7695-5b57-b98a-567287832ce1,2026-06-19,completed,USD
8a2a8ef5-9512-5b0c-ae5c-12461b304b4f,SO-20260619-01399,2467f2db-4a4a-5856-9a40-f2a6fb9df68b,91ded739-a072-5e06-95f0-c2fec8339a2a,2026-06-19,shipped,USD
57877947-89b0-5630-9001-581552922ac7,SO-20260619-01400,d9db03df-2d6b-54b9-a7f4-723fe446ffa4,8b8ac295-ff38-552a-a208-339acee0cbf8,2026-06-19,completed,USD
e21aed84-21f7-5df2-bae4-1e1677eae298,SO-20260619-01401,72b1e8bc-0905-5b54-9feb-da127b614396,0122cfd5-2a20-5508-ad03-779342281d57,2026-06-19,completed,USD
484ebf19-6d3c-5bc5-8af4-ac69e63190fa,SO-20260619-01402,72b1e8bc-0905-5b54-9feb-da127b614396,1e61b996-144a-5c9f-9271-3bcf378e3ae1,2026-06-19,completed,USD
722d309a-7003-5a2c-b703-b8d91f2b3ac8,SO-20260620-01403,e45ca602-8e8b-569b-a3d0-0ca587abad08,080af047-634c-5a70-8a42-a7a196cc9cce,2026-06-20,completed,USD
37f6ba00-3b7b-52d4-958e-93767a45cbc8,SO-20260620-01404,b2abf452-14bc-53db-999b-1f4ea0829d09,86d3dca2-5152-5ad7-ae43-709e43ab3982,2026-06-20,completed,USD
e0106ab3-7fbe-598c-a6ba-055cbfba3e02,SO-20260620-01405,c977064b-11eb-59d5-973f-5594f41a3651,91ded739-a072-5e06-95f0-c2fec8339a2a,2026-06-20,completed,USD
4379cd8f-d1ac-5ea1-bed2-5f41314791b5,SO-20260621-01406,2df9d00a-36d1-5377-aec2-5548b2971241,f1511ed8-40f6-544e-a21d-9ab52d3f1a34,2026-06-21,shipped,USD
2887bccb-58fd-526c-a31d-c80708e292ff,SO-20260622-01407,c89828a6-9f17-55e0-be6e-63697f108439,e3c6ee5c-58a8-51f8-af29-bd2c65cb59c7,2026-06-22,completed,USD
8abff979-d2d6-551e-827b-0b39faa07821,SO-20260622-01408,0495ddd2-4276-5189-9c75-2cb81e46b7e1,60616d64-bde6-5323-8231-8cacb3eaa96d,2026-06-22,completed,USD
00f361e0-b639-5006-a1d7-9d735b6cc098,SO-20260622-01409,f055a98f-c476-5dcf-a370-33fc7510ae5f,c99464d9-22c8-5917-b9c1-871ca488eabc,2026-06-22,completed,USD
5af80a03-0459-5545-81c9-9697ca8dbeab,SO-20260622-01410,fefa5234-83d9-575b-a0d1-d013bef7d309,5935a2ab-e820-55bf-a36c-ef0ae035c00e,2026-06-22,completed,USD
5d3d5e70-cbc5-5a5b-8eab-a2bf4a762f22,SO-20260622-01411,a98419ea-5e76-56d6-b39c-febe5a5fe8ff,29f89627-9934-5916-acef-ed156172909d,2026-06-22,completed,USD
fe462ed9-956f-5718-a330-e6d1a73e699c,SO-20260622-01412,d32c591e-40f3-580a-ba9e-b940e2ef427c,05970209-0410-562d-a0ac-22a01e4f9690,2026-06-22,completed,USD
9ab30ee9-d1ac-5f82-9beb-09c8c2ca5fc3,SO-20260623-01413,9151b88d-025c-5d8c-b6f6-f1e7d1472395,3a4f62a5-f7a0-56c0-bb79-7d8de38aa58f,2026-06-23,completed,USD
5644b60a-365e-5818-8c32-7a97aa7eed32,SO-20260623-01414,503b9322-80b5-5bfc-9b7b-7bace874d064,1e61b996-144a-5c9f-9271-3bcf378e3ae1,2026-06-23,completed,USD
8db47adb-7a6c-5421-8c1b-3f79f87de618,SO-20260623-01415,71bffb0b-1248-57ce-bee3-6f5ef54b1bfc,118ee768-2257-5fc9-80c7-fc0361eca54b,2026-06-23,shipped,USD
16519de2-3cdd-50a9-9bae-94664cdd6d63,SO-20260623-01416,14ed1888-e5c8-56b2-987f-eaadbbd628a8,f7b726d6-d8b2-53bd-977c-4a572be5deb2,2026-06-23,completed,USD
ac73e843-fce2-5285-a151-3deaf2d9088e,SO-20260623-01417,6858fae9-7ed7-5f04-8ab6-e5ee88ba4b38,e95eb441-8390-5f2a-8300-5c0129b7d7a2,2026-06-23,completed,USD
eb026ea1-2411-5103-8ebf-ee6bb8c3b0b0,SO-20260624-01418,eace5daf-67c4-5404-840f-64be4f98d51e,e5a340fe-9b66-5cfe-809c-fab320a511e2,2026-06-24,completed,USD
942da97e-3720-5b14-b120-cc4197485bc1,SO-20260624-01419,6b62e287-4f45-5a76-9fda-ac07b8a4a484,49ea2856-023c-5ffd-b3bf-82960190c959,2026-06-24,completed,USD
36b55c6e-e892-55eb-be07-4accbe9ac4d9,SO-20260624-01420,2dc3a094-7673-5a36-8eda-09ce2921d716,651eacb8-633a-519f-84a8-bdc47df160f3,2026-06-24,completed,USD
b1f557ed-e9ab-5076-b745-8abd5fbb8af7,SO-20260624-01421,40514aaa-f2d7-54e1-925b-f96e2ce00054,91ded739-a072-5e06-95f0-c2fec8339a2a,2026-06-24,completed,USD
2cfd22a3-4321-5cb6-ae01-30a306801e6b,SO-20260624-01422,030d6a9b-4f25-5c78-aaee-abe5875bec1f,118ee768-2257-5fc9-80c7-fc0361eca54b,2026-06-24,completed,USD
a81f7d7f-a2c5-51d8-b071-8072b27044e2,SO-20260624-01423,6d5dbc60-2c04-539f-b340-5d35e2b8268f,f07cf853-c39a-5a4a-ba49-9c85935326bc,2026-06-24,shipped,USD
70ee72a5-96f9-57d6-96df-512228ea06e4,SO-20260624-01424,22f217fd-923a-58e0-87e4-7840e9984351,1db4a92b-a015-5bef-b875-c0931951c17a,2026-06-24,completed,USD
e22fcf28-4cbb-5d3f-84f7-d139679a0902,SO-20260625-01425,41ac330f-ba74-5e82-a265-9bd30e071559,e95eb441-8390-5f2a-8300-5c0129b7d7a2,2026-06-25,completed,USD
31142f2a-3d8f-5060-a51b-de522807addb,SO-20260625-01426,033ffeb0-b055-5c7e-88aa-85ce598880bd,5935a2ab-e820-55bf-a36c-ef0ae035c00e,2026-06-25,completed,USD
14c64024-6a0a-5a95-a8ae-e975b2d606ed,SO-20260625-01427,b3398a43-50be-54d0-b982-9c62184be451,3f24970e-8ea4-57ed-8660-e26444c13e5d,2026-06-25,completed,USD
e34729fe-9acb-5321-bbc3-18d53a90ea21,SO-20260625-01428,9d0f2869-bc81-5ddc-ac5b-0afe4a393c00,113cd4ad-991e-5b3e-884a-1e169847c916,2026-06-25,cancelled,USD
57c9d468-6166-50a6-8220-ea198e87a0bc,SO-20260625-01429,325d16ba-eea1-5758-9c8a-54636e31f8a8,d01beb24-6f80-5c71-a71d-d3854411ab72,2026-06-25,processing,USD
c2b4e5ae-71c7-5b2f-b350-a539136cc502,SO-20260625-01430,cc9131a9-5014-5684-a229-810deffab2f7,86d3dca2-5152-5ad7-ae43-709e43ab3982,2026-06-25,completed,USD
aaa08a3c-6f28-5926-9c65-d2beb58482f8,SO-20260625-01431,a7b7d28d-8038-5a31-9253-199e0498df20,29f89627-9934-5916-acef-ed156172909d,2026-06-25,completed,USD
2bddc8b0-a03c-582a-9698-a5947779cf85,SO-20260626-01432,44f662d2-5cf7-5f6a-ba8a-b043ec347536,3f24970e-8ea4-57ed-8660-e26444c13e5d,2026-06-26,completed,USD
0adf4a41-8b66-5fc9-8053-43eb3415f8ee,SO-20260626-01433,e50f9cce-0ecf-5ff6-a0b0-15205794aa06,118ee768-2257-5fc9-80c7-fc0361eca54b,2026-06-26,completed,USD
f861200c-0297-5ae6-ac78-1a82aec23f58,SO-20260626-01434,7130589f-8f9f-5b9b-bdd0-ddfc15e09956,5935a2ab-e820-55bf-a36c-ef0ae035c00e,2026-06-26,completed,USD
119bc04d-502a-5553-ad26-3c562813b9e4,SO-20260626-01435,983d05f9-03e8-5e36-b2ac-6f84e0fad364,c99464d9-22c8-5917-b9c1-871ca488eabc,2026-06-26,completed,USD
51f7571e-ad00-5230-9cef-182f7b649db4,SO-20260627-01436,3cacb34c-375e-5074-bf40-b4908ec72ccc,0122cfd5-2a20-5508-ad03-779342281d57,2026-06-27,completed,USD
5d4825c7-068b-5931-a5af-4d661e7b46f1,SO-20260627-01437,89eeb7f7-e2dd-593f-89e1-c716b7c38fd0,1e61b996-144a-5c9f-9271-3bcf378e3ae1,2026-06-27,shipped,USD
80e84e2b-ef90-5efe-8a84-6aefbef99b0e,SO-20260628-01438,7b4e4282-74df-5df9-b2bd-7c0c893b80db,ea94a58b-c854-5627-b53a-80296dac8550,2026-06-28,cancelled,USD
684229bc-b4e2-5120-bac9-cd4525d5ec3d,SO-20260629-01439,36c082a8-15a4-56eb-8b03-66465706414f,d01beb24-6f80-5c71-a71d-d3854411ab72,2026-06-29,completed,USD
132350a6-9dfd-5f7b-9a5b-10d9b7893a62,SO-20260629-01440,e67cb05f-774e-56d3-92c5-d1c5b33ddb46,0122cfd5-2a20-5508-ad03-779342281d57,2026-06-29,completed,USD
065a294d-a108-5718-a9fb-4e705db6ee76,SO-20260629-01441,01ff9cad-dfbc-5aa4-b0cb-9146d48f095b,e3c6ee5c-58a8-51f8-af29-bd2c65cb59c7,2026-06-29,completed,USD
1b75a585-286a-5370-a1c1-4f13afe91d3e,SO-20260629-01442,0fae5ac6-afb9-5b81-99c4-d80d51446c73,e35ba822-27e1-5a54-9b0a-89a1cde4c322,2026-06-29,completed,USD
4142bb80-0299-52ac-9335-da0b98cb2545,SO-20260629-01443,ab14f6e6-87ff-58e4-ac00-46e50d96fddc,d1d43115-96f8-53a1-bad2-7d9446d8e118,2026-06-29,completed,USD
770ed0a9-c68f-5db8-8e00-36611f108738,SO-20260629-01444,d9db03df-2d6b-54b9-a7f4-723fe446ffa4,dc883f2f-eb02-53a1-90cb-467dbf6ff455,2026-06-29,completed,USD
137faec3-54ec-5b28-b427-d40c0f0f8075,SO-20260629-01445,bf320b53-233b-52d0-9acb-443e2fd61e84,d01beb24-6f80-5c71-a71d-d3854411ab72,2026-06-29,completed,USD
7657eed3-28cd-50a4-91a9-0fad05b7c2a7,SO-20260629-01446,e45ca602-8e8b-569b-a3d0-0ca587abad08,dcf4314c-e3bf-59be-b647-4c36396750b1,2026-06-29,processing,USD
cb28bce5-1388-5b2f-ad17-5ee9adca0992,SO-20260630-01447,2630094e-3017-5eb7-a597-40f99100a14c,c33f2117-7695-5b57-b98a-567287832ce1,2026-06-30,completed,USD
dc3bf91e-ea0f-5af8-9744-f72d4f074364,SO-20260630-01448,f01eb0d3-1237-5eb2-9493-3a08abd1d822,008aa683-c142-586d-8cba-7423f86323a7,2026-06-30,completed,USD
5c05281e-efba-5c9e-b7cf-700c372ad353,SO-20260630-01449,8cde1c9d-f5f7-509d-ae3f-e5278667f0f5,008aa683-c142-586d-8cba-7423f86323a7,2026-06-30,completed,USD
2433cd77-47ae-535d-8c61-0b8b44ccebde,SO-20260630-01450,1976b3dd-ea06-5684-a4c4-396fd7a0acae,1a8cb147-1585-587f-932d-d9ea83a26048,2026-06-30,completed,USD
a09e57d9-5b38-5b18-a417-4a3f0fe95d94,SO-20260701-01451,dbca9ad4-77ae-5d51-b3ca-657cf0356913,91ded739-a072-5e06-95f0-c2fec8339a2a,2026-07-01,cancelled,USD
bd2e56af-8fc7-51fc-9068-3ba82e205e01,SO-20260701-01452,604d18ac-e6bb-5ab1-ab92-569dfc0b5646,ea94a58b-c854-5627-b53a-80296dac8550,2026-07-01,completed,USD
88dcd3e4-56cf-5e79-b368-741b3e2da847,SO-20260701-01453,70be961d-aa79-5f28-a4c6-e908fe43d946,1a8cb147-1585-587f-932d-d9ea83a26048,2026-07-01,cancelled,USD
be2840b8-87f6-5f53-9b8e-7ff1b9ece8c7,SO-20260701-01454,184031f6-2b7f-5fc8-a2dc-3a0529ec90bd,080af047-634c-5a70-8a42-a7a196cc9cce,2026-07-01,completed,USD
4d49d279-c554-5672-b57a-5bfe3831d200,SO-20260701-01455,70be961d-aa79-5f28-a4c6-e908fe43d946,008aa683-c142-586d-8cba-7423f86323a7,2026-07-01,completed,USD
a595c176-3488-55b2-bcc6-2694260769e3,SO-20260701-01456,2a4ad27a-6ab9-51d1-be27-99feb2c2b3b4,f1511ed8-40f6-544e-a21d-9ab52d3f1a34,2026-07-01,completed,USD
95cbec38-4be0-5f65-9214-28a79127b047,SO-20260701-01457,f15b9a43-7cbc-58dc-82db-d266c5f7afb5,c99464d9-22c8-5917-b9c1-871ca488eabc,2026-07-01,completed,USD
2767bbb5-be81-531e-9c8c-f172f10b82c0,SO-20260701-01458,0229bf32-83e3-5e7c-8306-8db796b70f33,8b8ac295-ff38-552a-a208-339acee0cbf8,2026-07-01,completed,USD
2808a95e-1aab-55bb-b30b-a21acb836fcd,SO-20260702-01459,51813e7b-b521-5ada-8c7e-13ea9b551a15,ea94a58b-c854-5627-b53a-80296dac8550,2026-07-02,shipped,USD
74ae216f-39b2-568d-93ae-d23fefebb878,SO-20260702-01460,a301724f-db9c-53d1-8e7a-a1f8196a2859,86d3dca2-5152-5ad7-ae43-709e43ab3982,2026-07-02,completed,USD
8dee1eb7-f1e2-5aa6-8de7-306144045f7b,SO-20260702-01461,efc6d6e2-3820-5513-8123-558be8fd8390,1db4a92b-a015-5bef-b875-c0931951c17a,2026-07-02,completed,USD
9c61c325-2054-50a5-b31f-e53ae4beba68,SO-20260702-01462,81af2ab0-055e-50df-83a2-49b78ffd7097,e35ba822-27e1-5a54-9b0a-89a1cde4c322,2026-07-02,completed,USD
2f1986ba-3c90-5de8-a904-1c4723e94c9e,SO-20260702-01463,4045a68b-1241-5c21-8e3a-549371864bb8,5935a2ab-e820-55bf-a36c-ef0ae035c00e,2026-07-02,completed,USD
4e05f386-e499-58d7-b931-d5cd99e4372a,SO-20260702-01464,0c8950ed-4171-5694-8ff0-3a4425ff5fa6,dc883f2f-eb02-53a1-90cb-467dbf6ff455,2026-07-02,completed,USD
1ddc1e8e-8077-5efe-9ff2-e401122662a5,SO-20260702-01465,030d6a9b-4f25-5c78-aaee-abe5875bec1f,118ee768-2257-5fc9-80c7-fc0361eca54b,2026-07-02,completed,USD
f42f1b78-2fd5-57f4-acee-a128e4ba889d,SO-20260703-01466,d8ec780d-d529-5e46-9ba8-c938ad38acc1,60616d64-bde6-5323-8231-8cacb3eaa96d,2026-07-03,shipped,USD
b19e1f9b-5aed-5696-8b1c-7f1ada98ba45,SO-20260703-01467,1319795d-ef0b-5067-93ce-2bd5fa4fc6cf,1db4a92b-a015-5bef-b875-c0931951c17a,2026-07-03,completed,USD
2f53dda3-680b-5d73-85b7-283cf2b84b02,SO-20260703-01468,e366214c-6aa6-5aee-8dc2-20932cc4fea2,1db4a92b-a015-5bef-b875-c0931951c17a,2026-07-03,completed,USD
ff2988ac-ec2f-5baa-9c78-c41aea47b4e1,SO-20260704-01469,8f063b1c-877c-506b-88d7-67009830268c,080af047-634c-5a70-8a42-a7a196cc9cce,2026-07-04,completed,USD
052d4e86-d8b3-5426-a8d5-0a4f7672bb58,SO-20260704-01470,700e5794-56b9-584e-aa85-d8674fda964c,05970209-0410-562d-a0ac-22a01e4f9690,2026-07-04,completed,USD
50ba662e-50fa-5498-bac3-b5cf20ac7496,SO-20260704-01471,911d2ac5-b705-55b1-b535-20defd046120,720c7389-880e-5928-a765-7ad18e1dd3c3,2026-07-04,shipped,USD
1b354c4f-dee7-56cc-995d-591f17bd2b38,SO-20260705-01472,a19efc6f-37e7-5457-9301-3409697b7ceb,00b1eaa3-aff6-52f5-8539-ac4cb785322a,2026-07-05,shipped,USD
10335996-e2c3-5df9-9328-7093c01d9d4d,SO-20260706-01473,913375e2-0480-5ccc-a43a-c352e976d07b,91ded739-a072-5e06-95f0-c2fec8339a2a,2026-07-06,completed,USD
4d80028f-da09-50a7-b3ab-9c8f8482005b,SO-20260706-01474,3d6fe6ad-62d2-5fa8-8190-6cfbf75ef15f,91ded739-a072-5e06-95f0-c2fec8339a2a,2026-07-06,completed,USD
cd175684-8d7e-5d5a-ab0d-24481fb45ec0,SO-20260706-01475,2d768cb8-e8f9-5822-8a73-8e550ffaef36,05970209-0410-562d-a0ac-22a01e4f9690,2026-07-06,completed,USD
c9f43f4a-41f5-5f69-9d15-83dc6818db65,SO-20260706-01476,da57bf8f-6000-5f3b-92db-f6c8f58424db,1e61b996-144a-5c9f-9271-3bcf378e3ae1,2026-07-06,completed,USD
68e66f04-8399-59f8-a02e-7d493e4afc78,SO-20260706-01477,00ec496a-96dc-5e8f-a2f4-e34e1e87ab2c,c33f2117-7695-5b57-b98a-567287832ce1,2026-07-06,processing,USD
a56b1a81-8824-5835-8630-34c6c9e659eb,SO-20260707-01478,9e37795c-761a-5907-8655-c9cc6614657e,29f89627-9934-5916-acef-ed156172909d,2026-07-07,processing,USD
a7d02e77-76ef-5747-94e3-d845179de42c,SO-20260707-01479,5534c501-8b7e-5366-b01c-0f6fb114cf12,720c7389-880e-5928-a765-7ad18e1dd3c3,2026-07-07,shipped,USD
be799022-86b9-5f3c-87ea-28983ca36301,SO-20260707-01480,1319795d-ef0b-5067-93ce-2bd5fa4fc6cf,d01beb24-6f80-5c71-a71d-d3854411ab72,2026-07-07,completed,USD
a2055aef-356b-51ef-9dd2-b629aa1c93a8,SO-20260707-01481,9b5e283a-de19-5c2b-86ae-74edf53feb32,e8de5e72-dfef-5439-a069-3da83d10c24b,2026-07-07,completed,USD
8199f83c-927b-50a4-a432-f83145eddf14,SO-20260708-01482,941f4689-b896-529f-8bfa-f2d7ce6001ee,8b8ac295-ff38-552a-a208-339acee0cbf8,2026-07-08,completed,USD
b0071339-dcd7-5589-a572-716395f69b4f,SO-20260708-01483,0501d962-3f43-51c1-b425-2ddc365d5054,008aa683-c142-586d-8cba-7423f86323a7,2026-07-08,shipped,USD
ebbc087f-f300-5298-bbef-3f909ae8cb17,SO-20260708-01484,5aee8f2d-fad8-5f72-897b-558e19b91816,d1d43115-96f8-53a1-bad2-7d9446d8e118,2026-07-08,shipped,USD
7e6c4207-4ac6-599d-a1e8-5b651250c841,SO-20260708-01485,4e710c59-f3b8-5937-827e-4e7682f006f8,05970209-0410-562d-a0ac-22a01e4f9690,2026-07-08,completed,USD
6ac25d1d-f9e9-5eb5-9b96-00f2d4023462,SO-20260708-01486,3cacb34c-375e-5074-bf40-b4908ec72ccc,1db4a92b-a015-5bef-b875-c0931951c17a,2026-07-08,completed,USD
88dd6e7a-ee4f-5051-925d-77ad40287e30,SO-20260708-01487,005ffe4b-0e2f-53cd-acdb-4bfb76bb1b72,080af047-634c-5a70-8a42-a7a196cc9cce,2026-07-08,cancelled,USD
9c8bfa35-4115-5c1f-bf4b-be129d3dd413,SO-20260709-01488,a85bd626-8a28-5fe3-8033-401cc6ee790e,0122cfd5-2a20-5508-ad03-779342281d57,2026-07-09,completed,USD
c2805e7a-c50e-5248-a080-c4c60bc80d98,SO-20260709-01489,14197d23-e062-50bc-baa6-3a2c3694a28c,c33f2117-7695-5b57-b98a-567287832ce1,2026-07-09,completed,USD
e38b3f27-1d54-5f00-bb06-06eda3eee90b,SO-20260709-01490,b82dd2d7-8bb8-539a-9e55-e96f4385a6d1,d6c5842b-b70d-5897-8b57-947e5ff2f3a3,2026-07-09,completed,USD
ee53e2a5-d07d-5e6e-a65a-3c03cac23228,SO-20260710-01491,e45ef230-a000-5b1f-a26b-abd2492609e6,651eacb8-633a-519f-84a8-bdc47df160f3,2026-07-10,completed,USD
5270cfbc-879b-5548-b773-fd5f455d13bc,SO-20260710-01492,2a15a126-84d8-555c-9e3c-17fe42636955,651eacb8-633a-519f-84a8-bdc47df160f3,2026-07-10,completed,USD
200b23f9-67d1-5556-936a-7bea4a81fb0c,SO-20260710-01493,d8b549d8-419b-52a0-ba9a-d7edfb7e0747,008aa683-c142-586d-8cba-7423f86323a7,2026-07-10,completed,USD
4f1d7023-b914-5d8b-99af-773dbf4b2cf5,SO-20260711-01494,65020f95-50fa-5b24-a17f-70eb235d9ae1,c33f2117-7695-5b57-b98a-567287832ce1,2026-07-11,completed,USD
30ff5a19-066c-53a6-b928-42331ddfffb9,SO-20260712-01495,1976b3dd-ea06-5684-a4c4-396fd7a0acae,c33f2117-7695-5b57-b98a-567287832ce1,2026-07-12,completed,USD
e02266bc-4e2b-566f-86f2-691c3c19c09a,SO-20260713-01496,1055b7e8-8538-5966-86ca-9f9cce8f490b,29f89627-9934-5916-acef-ed156172909d,2026-07-13,completed,USD
f4a8a90f-24cc-52bb-945c-b6be0c397816,SO-20260713-01497,74cf633d-26d0-5c3c-9200-656f0fe1bab7,e35ba822-27e1-5a54-9b0a-89a1cde4c322,2026-07-13,completed,USD
10bbb5d1-8477-5712-a051-74a097d72eae,SO-20260713-01498,56f4c86f-4e04-5b9c-8202-c386fedc6c3d,91ded739-a072-5e06-95f0-c2fec8339a2a,2026-07-13,completed,USD
1f6bd632-40d1-50c4-a0d7-56096677147f,SO-20260713-01499,3cacb34c-375e-5074-bf40-b4908ec72ccc,3a4f62a5-f7a0-56c0-bb79-7d8de38aa58f,2026-07-13,cancelled,USD
d1c70901-bdfd-5fc3-97fa-44db1ce24fca,SO-20260714-01500,a8c99066-2209-5a24-8615-1a40a59c8b1b,1a8cb147-1585-587f-932d-d9ea83a26048,2026-07-14,completed,USD
36177adb-e7b4-5884-898b-15704fe5135c,SO-20260714-01501,6723025d-688e-5195-bedd-bcb932d3d17b,86d3dca2-5152-5ad7-ae43-709e43ab3982,2026-07-14,completed,USD
b5e05454-d53a-5048-9ac3-03d0f5f7ad70,SO-20260714-01502,492571cd-6c54-530b-8ecd-49c381ce4c96,e5a340fe-9b66-5cfe-809c-fab320a511e2,2026-07-14,cancelled,USD
67f97ee3-5b20-5724-b32c-a7dbac3d8c85,SO-20260714-01503,cf2226a8-1b7f-5eb6-8a4c-6bd84e7f34df,118ee768-2257-5fc9-80c7-fc0361eca54b,2026-07-14,completed,USD
a824db74-22f7-568d-8d72-6a0993ddd6fe,SO-20260715-01504,7ec6965c-e831-5848-861c-c35608f0693c,b43c8f02-1dcb-5f9d-af05-30c6c2153bd3,2026-07-15,processing,USD
d0b08668-e688-5f86-9e58-460d54b5004f,SO-20260715-01505,54a27e6d-c7bf-5812-880e-1ed91c4da5a7,e35ba822-27e1-5a54-9b0a-89a1cde4c322,2026-07-15,shipped,USD
1de64791-6d69-5ea6-a52a-5659ad023e19,SO-20260715-01506,50d5ba2e-b0c3-524c-b66d-2e436641c796,f7b726d6-d8b2-53bd-977c-4a572be5deb2,2026-07-15,completed,USD
7bb8aa5b-38a1-58b0-b529-e634c6a7bdf0,SO-20260715-01507,913375e2-0480-5ccc-a43a-c352e976d07b,29f89627-9934-5916-acef-ed156172909d,2026-07-15,processing,USD
6a4ec012-a31b-54d1-8254-62cdb74d66ed,SO-20260715-01508,2467f2db-4a4a-5856-9a40-f2a6fb9df68b,720c7389-880e-5928-a765-7ad18e1dd3c3,2026-07-15,completed,USD
fa38a614-296b-5a0f-9ae7-9f74f9d6dc4b,SO-20260716-01509,e8a1b9ba-35c1-529a-943b-1259db57e727,0122cfd5-2a20-5508-ad03-779342281d57,2026-07-16,completed,USD
f9fc0562-e745-5d0d-984a-3d286f739118,SO-20260716-01510,e34220b6-615a-5201-8434-eddf14b32a02,3f24970e-8ea4-57ed-8660-e26444c13e5d,2026-07-16,completed,USD
b7978c49-6e00-5d19-84ed-3964e65c1c53,SO-20260716-01511,50d5ba2e-b0c3-524c-b66d-2e436641c796,60616d64-bde6-5323-8231-8cacb3eaa96d,2026-07-16,completed,USD
ab132b56-9b67-556c-9d89-7544531ebe92,SO-20260716-01512,5534c501-8b7e-5366-b01c-0f6fb114cf12,5935a2ab-e820-55bf-a36c-ef0ae035c00e,2026-07-16,completed,USD
231c4b92-047a-5dd2-b551-27aa3d2f1f3e,SO-20260716-01513,bf320b53-233b-52d0-9acb-443e2fd61e84,b43c8f02-1dcb-5f9d-af05-30c6c2153bd3,2026-07-16,shipped,USD
f9794882-b5a9-569d-9d60-4be412e3e8d8,SO-20260716-01514,1b7886f4-413e-503f-b140-c48d42f2310e,e8de5e72-dfef-5439-a069-3da83d10c24b,2026-07-16,shipped,USD
b7a1a062-9652-58ef-ad63-51bad8301a8d,SO-20260716-01515,a88055ea-7157-5cae-8a22-4a16e9df8b14,e5a340fe-9b66-5cfe-809c-fab320a511e2,2026-07-16,shipped,USD
0c3d52fa-3b9d-5522-bda4-086a9aa5b6fa,SO-20260716-01516,911d2ac5-b705-55b1-b535-20defd046120,3f24970e-8ea4-57ed-8660-e26444c13e5d,2026-07-16,processing,USD
f40655a1-4100-5586-8a38-3569941280c2,SO-20260717-01517,e6d92daf-dcd2-58ca-90d7-636261dd7bbc,651eacb8-633a-519f-84a8-bdc47df160f3,2026-07-17,shipped,USD
b6e0d8fa-e057-528f-a8bb-dab82583ee1b,SO-20260717-01518,299dee56-6ce6-5e19-82f2-22a504a2ef83,5935a2ab-e820-55bf-a36c-ef0ae035c00e,2026-07-17,completed,USD
76c9af2b-9275-5ee9-967d-2aa6d292d6f9,SO-20260717-01519,5eec2e12-42ee-500b-9664-ed7cef2230f3,0122cfd5-2a20-5508-ad03-779342281d57,2026-07-17,cancelled,USD
6cef1ca4-0437-51ed-81ea-22110bfe9fb9,SO-20260717-01520,1191f25c-c545-5e25-8e7a-b2817afc5cf0,49ea2856-023c-5ffd-b3bf-82960190c959,2026-07-17,completed,USD
8ba20e66-6770-5939-810a-4799cde2026a,SO-20260717-01521,d9654a4c-376a-5bc2-92ca-51f4276b990a,e5a340fe-9b66-5cfe-809c-fab320a511e2,2026-07-17,processing,USD
0b7ebfd5-bb34-5cc8-9966-15a1b5898745,SO-20260717-01522,4cb9f885-7dff-525b-bf16-eaf306617430,86d3dca2-5152-5ad7-ae43-709e43ab3982,2026-07-17,completed,USD
7169714c-1965-5c6b-bbfc-bc1194b376c8,SO-20260717-01523,5ad01617-30cc-5924-9145-9331df0736c8,f1511ed8-40f6-544e-a21d-9ab52d3f1a34,2026-07-17,completed,USD
332ba1b2-5280-5533-9462-75052905950b,SO-20260717-01524,2a8cbd56-0a98-594a-a572-aa5c527c3a0c,f1511ed8-40f6-544e-a21d-9ab52d3f1a34,2026-07-17,completed,USD
b319ae28-18df-5af7-9eac-5883b8951448,SO-20260718-01525,638b00ed-91cb-531d-b799-3b67878ac7b3,e95eb441-8390-5f2a-8300-5c0129b7d7a2,2026-07-18,completed,USD
d947c56b-efa8-56ed-8493-5ed1a0022dcf,SO-20260718-01526,ed735c55-6b10-5d15-b69f-7d806cf3575a,45c84ee9-d61c-56ff-858b-dd3a68c51c93,2026-07-18,completed,USD
2e4dee6b-d350-5fac-a7b6-dc9949ae64bf,SO-20260718-01527,c6d441aa-8d4f-5010-a0f1-0859c85abd66,651eacb8-633a-519f-84a8-bdc47df160f3,2026-07-18,completed,USD
a3f3707e-f04c-5b97-925e-6dd06c67d353,SO-20260719-01528,b703766e-29da-5a0c-ab16-d0b8918643f5,1db4a92b-a015-5bef-b875-c0931951c17a,2026-07-19,completed,USD
2df6976b-59be-5732-b34d-029554a62896,SO-20260719-01529,05a5c6bc-3c27-569a-8cfa-c848e070f23e,00b1eaa3-aff6-52f5-8539-ac4cb785322a,2026-07-19,completed,USD
01ffd59c-2f48-5ba1-a6e4-c642b2642303,SO-20260720-01530,d30c325b-2b58-5f3b-a941-2b9af3f064ce,720c7389-880e-5928-a765-7ad18e1dd3c3,2026-07-20,shipped,USD
c7647b69-c4d9-507c-bc0b-641470393a7e,SO-20260720-01531,320fdc16-d569-5a9b-9ab3-f605ebdf7411,113cd4ad-991e-5b3e-884a-1e169847c916,2026-07-20,completed,USD
b2bbcd37-362a-531f-bd66-46488a05819a,SO-20260720-01532,e8a1b9ba-35c1-529a-943b-1259db57e727,1db4a92b-a015-5bef-b875-c0931951c17a,2026-07-20,completed,USD
31a72544-6067-57d6-b9b4-e291b3a38e95,SO-20260720-01533,d9654a4c-376a-5bc2-92ca-51f4276b990a,dc883f2f-eb02-53a1-90cb-467dbf6ff455,2026-07-20,completed,USD
0291115f-ad49-5e77-a9a6-80adf75744d4,SO-20260720-01534,700e5794-56b9-584e-aa85-d8674fda964c,b43c8f02-1dcb-5f9d-af05-30c6c2153bd3,2026-07-20,processing,USD
a251b214-c7e6-517b-9b34-04f3bea9bdf0,SO-20260720-01535,44f662d2-5cf7-5f6a-ba8a-b043ec347536,651eacb8-633a-519f-84a8-bdc47df160f3,2026-07-20,shipped,USD
a5651d43-eac3-5ac0-b633-5179c612d415,SO-20260721-01536,12ebb61a-7a75-5376-aab2-7ceb1eeaaa74,d6c5842b-b70d-5897-8b57-947e5ff2f3a3,2026-07-21,completed,USD
95528616-ba35-5d23-98e7-64931e41a737,SO-20260721-01537,bffe2a6e-3224-59cf-a78a-767da38789d8,c33f2117-7695-5b57-b98a-567287832ce1,2026-07-21,shipped,USD
2d7e0670-5165-5119-b130-35181d4b4ccd,SO-20260721-01538,d30c325b-2b58-5f3b-a941-2b9af3f064ce,d1d43115-96f8-53a1-bad2-7d9446d8e118,2026-07-21,completed,USD
b56611c0-03c1-5217-9a8c-49abaddf0581,SO-20260722-01539,fdd1bf33-4026-5da5-8c98-a828d9ec7319,8b8ac295-ff38-552a-a208-339acee0cbf8,2026-07-22,completed,USD
de69f34e-3c25-52a2-8492-2b3a3ac3f620,SO-20260722-01540,a00a4326-61fb-505c-97b3-10a900ce3809,0122cfd5-2a20-5508-ad03-779342281d57,2026-07-22,completed,USD
73547adf-b291-5de8-9af5-e3089d6ca36d,SO-20260722-01541,9151b88d-025c-5d8c-b6f6-f1e7d1472395,00b1eaa3-aff6-52f5-8539-ac4cb785322a,2026-07-22,completed,USD
67147bd6-9491-5f5e-bf25-69217143c863,SO-20260723-01542,57d7232b-2833-5bf1-820e-f45ca061f08e,86d3dca2-5152-5ad7-ae43-709e43ab3982,2026-07-23,completed,USD
e74da8f0-1001-5a5f-a0ce-ea2f16f3e5fe,SO-20260723-01543,af5889bd-793d-5c81-8fd4-248376e371a9,5935a2ab-e820-55bf-a36c-ef0ae035c00e,2026-07-23,completed,USD
ff303f59-824e-56a2-91ef-70fc7315af81,SO-20260723-01544,01e5eb13-be9c-50d0-90dd-28a9cce2c901,113cd4ad-991e-5b3e-884a-1e169847c916,2026-07-23,completed,USD
5dce901d-4281-5e06-a7c7-1da297faeb39,SO-20260723-01545,62a26102-6613-5975-b5a6-f361a51ef984,05970209-0410-562d-a0ac-22a01e4f9690,2026-07-23,completed,USD
c8ce83be-649f-5572-b040-3f5cbd9b4ae6,SO-20260723-01546,b73c7bc3-14d4-53cf-a7a9-a9002d7bf9ab,dc883f2f-eb02-53a1-90cb-467dbf6ff455,2026-07-23,completed,USD
610c0ffd-f50a-5837-9122-e82db1799baa,SO-20260723-01547,c871b9d2-5aba-572d-af22-8b861bacda77,080af047-634c-5a70-8a42-a7a196cc9cce,2026-07-23,completed,USD
fdace8d3-cd4d-5024-b403-3ed7ce2ee8a3,SO-20260723-01548,d6aa22ab-3615-5c51-bbf3-9de40c1c9fab,e35ba822-27e1-5a54-9b0a-89a1cde4c322,2026-07-23,completed,USD
88c7dc14-0fda-58d0-a67b-11e84919c558,SO-20260724-01549,d9db03df-2d6b-54b9-a7f4-723fe446ffa4,5935a2ab-e820-55bf-a36c-ef0ae035c00e,2026-07-24,completed,USD
14522cc2-0916-52a1-9a64-42bca180445d,SO-20260724-01550,3070a1af-5ed0-5cad-98f4-647e810fdaad,91ded739-a072-5e06-95f0-c2fec8339a2a,2026-07-24,completed,USD
6b77e6fa-ee89-5369-80e3-007701cb3fb5,SO-20260724-01551,3477d02c-6fdf-5d7c-8357-b54812dd8855,1a8cb147-1585-587f-932d-d9ea83a26048,2026-07-24,completed,USD
ecc859f8-4b72-546b-acdc-3e3435d93b73,SO-20260725-01552,3b4b169a-98ee-50cb-8fc8-a090b124d298,dc883f2f-eb02-53a1-90cb-467dbf6ff455,2026-07-25,completed,USD
0102ce60-ed0d-5fc8-9063-3e1a951221b3,SO-20260725-01553,604d18ac-e6bb-5ab1-ab92-569dfc0b5646,008aa683-c142-586d-8cba-7423f86323a7,2026-07-25,shipped,USD
ffa6f8b6-8a7a-5579-a479-8f9810fb6ef2,SO-20260726-01554,9151b88d-025c-5d8c-b6f6-f1e7d1472395,3f24970e-8ea4-57ed-8660-e26444c13e5d,2026-07-26,completed,USD
8823a377-39ea-5ebc-b70e-64dd0ddc18b9,SO-20260726-01555,f68b1bf8-566b-599a-816f-a2d153d02af8,1e61b996-144a-5c9f-9271-3bcf378e3ae1,2026-07-26,completed,USD
9d0de916-c5d5-55a7-876e-717af808bfd2,SO-20260726-01556,88e5084f-966c-54ad-ac34-25c62330bc2f,d6c5842b-b70d-5897-8b57-947e5ff2f3a3,2026-07-26,completed,USD
8eb2047c-8387-5be5-b170-bc2920d574cb,SO-20260727-01557,f01fb266-be0e-529e-8004-92cdf4cc9317,91ded739-a072-5e06-95f0-c2fec8339a2a,2026-07-27,completed,USD
61dc289c-5052-5f04-af9e-ccaaf79eeaed,SO-20260727-01558,d5a937e0-465f-5545-9b29-6adefd29ce71,118ee768-2257-5fc9-80c7-fc0361eca54b,2026-07-27,processing,USD
6aa691a6-77f3-51e2-b200-88c811d5dc02,SO-20260727-01559,ae2db326-af20-5343-8590-65c805d0128f,080af047-634c-5a70-8a42-a7a196cc9cce,2026-07-27,completed,USD
15f933e7-6232-5582-8f8f-ec2d65ea0d95,SO-20260727-01560,23d58a1d-7f26-55e7-a59d-b1b41e692582,45c84ee9-d61c-56ff-858b-dd3a68c51c93,2026-07-27,completed,USD
0d291368-df01-50f9-8444-536ad537dbaa,SO-20260728-01561,ce0413ce-813a-5b58-badb-103775b6d962,e8de5e72-dfef-5439-a069-3da83d10c24b,2026-07-28,shipped,USD
24ac10e7-32e3-58c6-a046-dd29aa88b7af,SO-20260728-01562,e483cfea-9d2d-52b7-92b3-54c40b036175,f1511ed8-40f6-544e-a21d-9ab52d3f1a34,2026-07-28,completed,USD
d83140cc-55f8-5a60-b7a3-a44dca228400,SO-20260728-01563,93284c51-89ec-5b3a-9213-6c86ea224de2,651eacb8-633a-519f-84a8-bdc47df160f3,2026-07-28,completed,USD
71f749c4-eb4e-5908-9c1e-8263107e5885,SO-20260729-01564,0d34bfa4-fcc6-59f8-9652-5e0affb1d4f4,e3c6ee5c-58a8-51f8-af29-bd2c65cb59c7,2026-07-29,completed,USD
758d4395-5026-58b5-bbff-d44edd5aee42,SO-20260729-01565,ad50ff8a-1dec-5f15-9b85-48bef28b785c,e95eb441-8390-5f2a-8300-5c0129b7d7a2,2026-07-29,completed,USD
a477b773-07f2-5667-a7f2-742c79db9e67,SO-20260729-01566,4d282e22-c517-59c5-9ca0-622477c0905c,91ded739-a072-5e06-95f0-c2fec8339a2a,2026-07-29,completed,USD
b55a070f-8fc3-5ea0-ab30-d1687f30dd5a,SO-20260729-01567,51172e6f-d077-58a4-8184-b9b56e540b8c,5935a2ab-e820-55bf-a36c-ef0ae035c00e,2026-07-29,completed,USD
14a6f234-1a27-5be8-89cd-6cd1082a0d01,SO-20260729-01568,6aea5a07-6ece-51ab-b807-9b678bb5b1d1,f1511ed8-40f6-544e-a21d-9ab52d3f1a34,2026-07-29,completed,USD
cf778779-2343-5a9e-a5f2-98cc3a595103,SO-20260729-01569,0229bf32-83e3-5e7c-8306-8db796b70f33,45c84ee9-d61c-56ff-858b-dd3a68c51c93,2026-07-29,completed,USD
b7eadb32-eb2e-5df6-915d-b5015c3271da,SO-20260729-01570,1f48efe8-c8e7-59af-8890-40a5c5019e42,05970209-0410-562d-a0ac-22a01e4f9690,2026-07-29,completed,USD
2b94bd5f-3e45-5008-af1e-259f6aeb05a2,SO-20260730-01571,aa3eabe4-24b7-5773-b850-3f1255577ef8,b43c8f02-1dcb-5f9d-af05-30c6c2153bd3,2026-07-30,completed,USD
3a58d010-47f2-53a3-b59a-0a7936ce7c40,SO-20260730-01572,af5889bd-793d-5c81-8fd4-248376e371a9,e8de5e72-dfef-5439-a069-3da83d10c24b,2026-07-30,shipped,USD
f41c8896-18c7-5fc1-a100-3587e8066ea8,SO-20260730-01573,619e7c22-b0d6-5bc9-a6a0-ceb9e0a340e3,d1d43115-96f8-53a1-bad2-7d9446d8e118,2026-07-30,completed,USD
172069cc-e351-51f3-bfb4-c9c0c7672d7f,SO-20260731-01574,2a15a126-84d8-555c-9e3c-17fe42636955,37859317-2dbb-5c62-97d3-49217bdf045c,2026-07-31,processing,USD
d46541fe-2f13-5a52-b3e7-9377405c1562,SO-20260731-01575,d0912a42-5e15-50d0-bbe2-7065c5632e55,8b8ac295-ff38-552a-a208-339acee0cbf8,2026-07-31,completed,USD
ad8a3c98-7b56-56fa-88ad-52f21cd20f0a,SO-20260731-01576,53e40369-8557-5ee4-8257-fdf32d502ce4,dc883f2f-eb02-53a1-90cb-467dbf6ff455,2026-07-31,processing,USD
d4fa79a2-62d5-5f6d-b878-99ee122785da,SO-20260731-01577,a7995a27-133e-513f-ad52-42c967bf1a74,49ea2856-023c-5ffd-b3bf-82960190c959,2026-07-31,cancelled,USD
9496f5bf-a5ff-5cd1-8f8f-b26e92c8dea7,SO-20260731-01578,5b8abb09-4a9c-53c0-af7e-2b86d19dd652,dcf4314c-e3bf-59be-b647-4c36396750b1,2026-07-31,shipped,USD
02cefc57-182b-5c24-a412-bc1d1fcd2ebc,SO-20260731-01579,325d16ba-eea1-5758-9c8a-54636e31f8a8,118ee768-2257-5fc9-80c7-fc0361eca54b,2026-07-31,completed,USD
0c6f9e45-3180-59ee-828a-5ca718ae7978,SO-20260731-01580,35019a47-5783-58b9-bbe4-4f79b5ced9cd,dcf4314c-e3bf-59be-b647-4c36396750b1,2026-07-31,cancelled,USD
257348ef-45b0-5dcd-af58-f69366b3493d,SO-20260731-01581,abdc1779-4100-596b-8d77-e8c9b1c5ba82,e35ba822-27e1-5a54-9b0a-89a1cde4c322,2026-07-31,shipped,USD
e06fbd89-d4bf-5815-b3c5-ef190e72f9a0,SO-20260801-01582,82bdf2c6-fb02-526a-b9f4-ce7bbbbfc3d1,118ee768-2257-5fc9-80c7-fc0361eca54b,2026-08-01,shipped,USD
4199cc09-f1de-581e-8bab-e5d321910465,SO-20260801-01583,6d5dbc60-2c04-539f-b340-5d35e2b8268f,e8de5e72-dfef-5439-a069-3da83d10c24b,2026-08-01,completed,USD
2909d17a-095d-509d-97df-44fdba68910e,SO-20260801-01584,5b77eb0f-fbc0-5382-865a-db5941867a32,080af047-634c-5a70-8a42-a7a196cc9cce,2026-08-01,processing,USD
e6b55a13-b22c-5449-8d53-a61a98cdd6c8,SO-20260802-01585,913375e2-0480-5ccc-a43a-c352e976d07b,118ee768-2257-5fc9-80c7-fc0361eca54b,2026-08-02,completed,USD
ed264d74-c516-5ae3-b8cd-bb2a418ce1ab,SO-20260803-01586,6723025d-688e-5195-bedd-bcb932d3d17b,ea94a58b-c854-5627-b53a-80296dac8550,2026-08-03,completed,USD
947ca1a1-dc7d-55fa-99a9-46a65c3363b2,SO-20260803-01587,497cb1c0-768f-58c2-901a-4e193a0b67da,e35ba822-27e1-5a54-9b0a-89a1cde4c322,2026-08-03,cancelled,USD
53766658-a8df-5965-bd07-228ab8fb0b76,SO-20260803-01588,ce0413ce-813a-5b58-badb-103775b6d962,1db4a92b-a015-5bef-b875-c0931951c17a,2026-08-03,completed,USD
98dbe245-3426-53f8-a383-52c6984eec13,SO-20260804-01589,63534638-a926-5a7e-845f-8612ee936aae,ea94a58b-c854-5627-b53a-80296dac8550,2026-08-04,cancelled,USD
2f37f8e7-7e09-5f9d-b311-10d170f993ce,SO-20260804-01590,09a8c0ba-422d-54f5-93d2-2db3265bd30f,86d3dca2-5152-5ad7-ae43-709e43ab3982,2026-08-04,completed,USD
df4324a9-03e8-591f-97c9-1d442a099951,SO-20260804-01591,798042e6-6e8d-5878-a20a-04d8a7d0277c,91ded739-a072-5e06-95f0-c2fec8339a2a,2026-08-04,shipped,USD
032493c6-62f8-567b-94c4-09501c182517,SO-20260804-01592,98c4b38d-c8fd-5043-ac5f-38ada8b0589c,1a8cb147-1585-587f-932d-d9ea83a26048,2026-08-04,completed,USD
1e22c4e7-d950-5a7e-89d1-7616d61c7208,SO-20260804-01593,e34220b6-615a-5201-8434-eddf14b32a02,5935a2ab-e820-55bf-a36c-ef0ae035c00e,2026-08-04,completed,USD
e93743c6-f6c9-50df-8ec8-6ded828866ca,SO-20260804-01594,0ed325ad-dc2c-56e0-bd0f-314849308cd2,8b8ac295-ff38-552a-a208-339acee0cbf8,2026-08-04,cancelled,USD
e8c8f7d6-ef36-5fc2-9dcc-3b872b254654,SO-20260804-01595,1528185b-cf40-5ae0-bf34-08cf9ed4d3d3,113cd4ad-991e-5b3e-884a-1e169847c916,2026-08-04,completed,USD
26d88220-e258-5d3a-b4c5-d37f08956b9f,SO-20260804-01596,332f3a64-ba26-5dc9-88bf-4b722a6dee9d,60616d64-bde6-5323-8231-8cacb3eaa96d,2026-08-04,cancelled,USD
4187c386-aa2d-5081-8f7f-7599d68a4989,SO-20260805-01597,00d1bcd5-ebf3-50a2-a791-067e9cd2a147,0122cfd5-2a20-5508-ad03-779342281d57,2026-08-05,completed,USD
208d05a9-734d-5564-9da8-784fb255ec02,SO-20260805-01598,93462d1f-c965-536d-a89a-5bbb9014fd6f,37859317-2dbb-5c62-97d3-49217bdf045c,2026-08-05,completed,USD
4f61ba31-d52c-531b-ab8a-98bb45608601,SO-20260805-01599,79c0aefc-5401-5768-acf7-3d92461e78f8,dcf4314c-e3bf-59be-b647-4c36396750b1,2026-08-05,completed,USD
700f443c-101b-54db-97b2-6252aff6b390,SO-20260805-01600,ba75f812-6df0-51cd-974c-2c3e45c78227,720c7389-880e-5928-a765-7ad18e1dd3c3,2026-08-05,processing,USD
b86b8cd6-5021-5fe0-81e7-5d8bd3ccb235,SO-20260805-01601,32a20227-b521-57c2-8043-1a0717dc15a9,c99464d9-22c8-5917-b9c1-871ca488eabc,2026-08-05,completed,USD
9e6db734-d0fc-5484-a5cd-164113b1b667,SO-20260805-01602,e8dd6aa3-8bd7-58ac-8da3-1d1981dcb4d8,d1d43115-96f8-53a1-bad2-7d9446d8e118,2026-08-05,completed,USD
a12d60c5-2bb3-527b-90ef-ed55261d05d3,SO-20260806-01603,f2604e64-ceef-58d5-8f2a-17a0c5d81c44,91ded739-a072-5e06-95f0-c2fec8339a2a,2026-08-06,completed,USD
c12b2ef4-551d-53bc-b29e-d01ffeb349a1,SO-20260806-01604,497cb1c0-768f-58c2-901a-4e193a0b67da,1e61b996-144a-5c9f-9271-3bcf378e3ae1,2026-08-06,completed,USD
5f462e43-2312-5a3c-acde-0fa2bbda5c39,SO-20260806-01605,f01fb266-be0e-529e-8004-92cdf4cc9317,05970209-0410-562d-a0ac-22a01e4f9690,2026-08-06,shipped,USD
8a7a18da-23b4-547b-ab14-62eafac4db2c,SO-20260806-01606,781869ae-9d51-528d-8d7b-21897d2236d8,e5a340fe-9b66-5cfe-809c-fab320a511e2,2026-08-06,completed,USD
d3536aab-b64e-5a69-8389-60efa95aac0f,SO-20260806-01607,1f48efe8-c8e7-59af-8890-40a5c5019e42,651eacb8-633a-519f-84a8-bdc47df160f3,2026-08-06,completed,USD
9d9f61a8-dad3-5470-9639-c17d76b840c1,SO-20260806-01608,715f4c06-3281-5c35-a117-2eca4c007df9,0122cfd5-2a20-5508-ad03-779342281d57,2026-08-06,completed,USD
a393cac7-7aa7-5afb-bc04-227b92933454,SO-20260806-01609,dbca9ad4-77ae-5d51-b3ca-657cf0356913,5935a2ab-e820-55bf-a36c-ef0ae035c00e,2026-08-06,completed,USD
