id,sales_order_id,product_id,quantity,unit_price,discount_amount
f499fa2c-52e1-5044-8e15-0774c9001474,6cc139ed-2f56-526c-b071-e773430852d0,c3e9c7fb-d6ab-5171-a827-7aad6b6d2342,11,1198.11,1317.92
56d4dc9d-c31a-5c08-a659-72e0c4f6ff6e,6cc139ed-2f56-526c-b071-e773430852d0,80450a39-8a90-55da-adf7-0b6a1b84aeeb,5,1385.41,346.35
039d9ebf-a9c3-5f34-8ddd-96e054bbc6d6,6cc139ed-2f56-526c-b071-e773430852d0,7169fcc7-7527-510c-b88d-bdcd257ce105,6,1025.31,922.78
937f12d6-5c7c-51e6-8b86-2a0fb1e25a1d,6cc139ed-2f56-526c-b071-e773430852d0,5d79cff2-0e77-58a2-b1bf-c506ed3c98bd,3,822.40,370.08
d100640a-6c6b-5921-bf69-2a53dca10c7a,20b760f7-eaa9-55b7-baa1-21e50701940b,ac03c1f7-3948-530e-8de5-80756984ab20,9,564.84,0.00
2afc02d0-f0d1-56b0-8382-2c717cdc0a16,20b760f7-eaa9-55b7-baa1-21e50701940b,228ccd2f-642c-5fdf-abf0-129af98a3568,8,148.91,178.69
a8d31bb3-0cd3-5941-b22a-0f6c8595eec5,20b760f7-eaa9-55b7-baa1-21e50701940b,12003734-bab7-5410-8c89-f9a8c4967dea,5,1269.66,317.42
755ddb56-9ae6-51de-a27b-cdda943e3b1d,a05611cb-72e4-5a7a-9bcc-e3f90fa64b24,8dfa6632-930f-5fdc-b7cd-8d5908a33d66,9,271.74,366.85
6a03a140-d1cc-5944-a0f1-30b4bf2169fd,a05611cb-72e4-5a7a-9bcc-e3f90fa64b24,8d6058a9-d9fb-546e-b841-e6b4a0978311,5,1083.86,0.00
8afca671-05a1-5af9-b86f-fd57bfd0f9e7,a05611cb-72e4-5a7a-9bcc-e3f90fa64b24,1cc795b2-21b3-5c5e-84f0-8f1fa20a6dd4,1,668.78,100.32
1aa1ee67-e519-550d-b0fe-e5be89cff8d3,a05611cb-72e4-5a7a-9bcc-e3f90fa64b24,9f7bfd37-85ae-5a17-9b9f-5dafe3ec68ee,7,1138.16,0.00
266b07cb-bfac-5414-9237-2560cdc9aeef,a05611cb-72e4-5a7a-9bcc-e3f90fa64b24,9b6b9203-f582-59b6-b64c-309881607c86,2,876.23,0.00
aadc430f-bae4-5278-9528-39c53a4c2c89,38ba5f81-50e4-5d09-94fd-78a622e26f57,1ac8de35-b264-5704-978e-ce8dc08dd02d,2,452.98,0.00
1e8042af-6d46-542b-8990-619918a82b70,38ba5f81-50e4-5d09-94fd-78a622e26f57,cd410e43-ec3c-524b-84c6-84482a7b1204,2,549.24,0.00
97145f75-e372-55f4-88bf-ac93845f7f26,38ba5f81-50e4-5d09-94fd-78a622e26f57,12003734-bab7-5410-8c89-f9a8c4967dea,1,1269.66,190.45
85b1848e-7a9a-5f2a-94da-ce18ceea58b0,38ba5f81-50e4-5d09-94fd-78a622e26f57,d4214473-2bf7-5b77-bb1f-734e590c4014,1,1245.02,0.00
c771da1c-8456-5392-8db1-873f998b48b8,38ba5f81-50e4-5d09-94fd-78a622e26f57,e53c7da2-eb34-5499-8fd8-380dd673ea82,12,1587.45,0.00
2e73f0d2-e505-5504-bfcf-f6e54f2e3733,06f34f38-83ba-58f0-9801-5f33b6ae4e0c,559ab41c-d860-5ab1-aaa1-483577af7b67,12,305.73,183.44
bf08dd32-a2f2-514e-aa1a-47f6e2ba6d06,06f34f38-83ba-58f0-9801-5f33b6ae4e0c,508dfc85-5bf2-5709-b1e3-06ff86d5acb8,12,387.07,696.73
1811fede-e1f7-5c28-a32a-6319e52cda17,b3255965-6408-50e6-832f-356db88d64b4,8b12c834-e054-5502-85aa-99d1eb81eee0,9,1393.76,627.19
a0531712-1e75-5b8a-803f-54309e830251,b3255965-6408-50e6-832f-356db88d64b4,9a2e8c5f-4d3e-5cb8-ba78-f2bd562ee61b,1,688.27,34.41
ecc71c60-c39f-53c4-a192-e7d706f8b8bf,058d3d09-8eeb-5de5-b60d-bb21fead5bf0,f9fe7a6c-9a44-59e2-a4cc-fef69cc2e48e,7,684.00,239.40
835daf21-1bf1-5881-99f1-89507a5be379,0f53093f-1c1a-54ff-bdc4-baed2160cbfa,db630ac7-839d-5331-93df-dc621d8357b6,3,582.16,87.32
2119462b-a0f5-5a37-a087-7bcf81aa79fd,0f53093f-1c1a-54ff-bdc4-baed2160cbfa,2f2113cc-589a-55b5-846a-78fddce3a3c9,12,688.27,0.00
38b236fb-7fbd-5cdd-b56c-2d38062f2409,0f53093f-1c1a-54ff-bdc4-baed2160cbfa,9a2e8c5f-4d3e-5cb8-ba78-f2bd562ee61b,9,688.27,0.00
c0408ac8-87e9-5083-8123-e2350c32c241,d43fb360-7033-5ab1-8a2e-5505cac4b7d8,5d79cff2-0e77-58a2-b1bf-c506ed3c98bd,12,822.40,0.00
e7ace679-2cd7-58a3-a861-88208695d942,d43fb360-7033-5ab1-8a2e-5505cac4b7d8,88f79184-2cf9-5f72-8e4a-cedfa68d9d06,5,475.83,0.00
fa58b7b6-c360-5a49-8ccf-edd59b7e4ad3,d43fb360-7033-5ab1-8a2e-5505cac4b7d8,39cb20a1-5dca-5b11-90c4-3e96e441ed0c,4,447.96,0.00
c14d82a9-a9fa-53a0-a23a-8f4ee11b0dd9,c2747a68-2a11-55a7-8d46-a008d4725df6,d4214473-2bf7-5b77-bb1f-734e590c4014,3,1245.02,186.75
c27b2860-5e98-589c-8fcb-8d26b036f4bd,411528e3-1cbc-56d8-babe-41588197b7e6,45669348-c1a3-5956-bbf2-d29bd438fbdc,7,536.14,562.95
892b8d1d-9b36-50ad-b850-e6727a0cc479,411528e3-1cbc-56d8-babe-41588197b7e6,241d3cd0-ef2c-56b8-bb75-b039a61b370a,8,378.32,302.66
5166f9b4-b0be-5841-a69c-0344c6f371c3,411528e3-1cbc-56d8-babe-41588197b7e6,1ac8de35-b264-5704-978e-ce8dc08dd02d,2,452.98,0.00
f073539c-f5bb-53e1-b5b5-45c7bef9dfb6,facd015b-577a-5fb9-8c81-6c047a55a60f,617fd070-2fb8-5ff6-8eaa-308844dc97ac,9,1871.53,2526.57
c1f22431-b2b9-5c52-ba42-b3ab1be9434e,facd015b-577a-5fb9-8c81-6c047a55a60f,34baeb4c-81dc-5b29-bc76-0b8fd47cdbed,8,262.62,0.00
431e398d-10f6-53aa-924b-3d25e6292ead,f54ac4da-c527-5ebb-98d4-a8347fe7d31e,559ab41c-d860-5ab1-aaa1-483577af7b67,4,305.73,61.15
6d64c372-6a87-5e21-a3c3-5dc64021becf,0ec37c07-5e83-51d7-8d2c-cb86794957ed,3205bb8a-e766-5617-a3d4-78aaa9883bc8,1,1355.84,135.58
446a23dd-3d9f-5b28-80bf-03eb8cb4406f,4b93bc4c-1342-579b-b857-3e84676d9a11,af3fc15f-c662-5a5e-9e9c-3b2d4e1b6029,6,1539.94,923.96
3fb5d0cb-bcd2-57fc-9d8b-68d910868ed0,4b93bc4c-1342-579b-b857-3e84676d9a11,f65edfe2-43ae-59f6-b37a-f98344e1a998,6,1061.75,637.05
d90dbc9e-8027-5707-90db-1989d63aebcd,4b93bc4c-1342-579b-b857-3e84676d9a11,bab29423-27f9-5732-bd8b-a403c95b1a96,6,947.18,0.00
e06b62bb-603f-52fb-a549-d3029399ffaa,4b93bc4c-1342-579b-b857-3e84676d9a11,1ac8de35-b264-5704-978e-ce8dc08dd02d,10,452.98,226.49
8564d6f6-b562-50db-9605-a03b4bb35bb9,4b93bc4c-1342-579b-b857-3e84676d9a11,13ea52a1-6b55-57c7-b84e-acf7fb92f106,5,368.84,276.63
eb90b053-b7ae-5920-9a2a-383a9edd111a,033d3c9e-b880-5cb9-b7ca-abe7958e5bd6,31a97c6b-10cf-54c1-b463-f81683a437cc,11,1252.58,688.92
c91ce0e8-6962-53b3-817b-5607c190be03,033d3c9e-b880-5cb9-b7ca-abe7958e5bd6,1760c2e4-563f-5bac-abcd-baf5317434c8,12,1665.26,2997.47
7954ba57-eba4-5651-be82-fb0979b07488,76d7da21-a33b-54da-8f9c-6ffe8b0ff87a,d68351a2-cf36-5984-a091-28a9f5b6bb7e,10,1017.79,1017.79
c1f30b6c-aed1-5095-b0f2-a1f71d7d3f2a,2276dde0-2b54-5bdd-b8d6-812f31a9c918,80450a39-8a90-55da-adf7-0b6a1b84aeeb,8,1385.41,1662.49
51f1a69c-7baa-58bb-9b3e-64326f60db56,2276dde0-2b54-5bdd-b8d6-812f31a9c918,c3e9c7fb-d6ab-5171-a827-7aad6b6d2342,12,1198.11,2156.60
caa1d0e7-e4f4-5c4a-8241-6c23a1c6618e,2276dde0-2b54-5bdd-b8d6-812f31a9c918,f350d57a-8885-50f1-b76a-29f7a8057a35,1,1251.43,62.57
5b5ceb2c-3de0-535e-a5bd-bf74dce7b2dd,37b99369-7955-5f5b-b7f2-c06883adf57e,43d6da55-777b-55ef-8cf5-d4cc7bfa63ad,12,1159.60,1391.52
54d4a754-1cb5-58d6-bf16-548f2c51204f,37b99369-7955-5f5b-b7f2-c06883adf57e,228ccd2f-642c-5fdf-abf0-129af98a3568,4,148.91,59.56
2f0e9526-b4f7-51ac-9dba-de73df04bb2b,37b99369-7955-5f5b-b7f2-c06883adf57e,eff08d1d-eb3b-559a-8ca9-60c7b365af52,9,1515.93,1364.34
eec2cd4e-2a4e-5095-a556-e3de6bd1628b,37b99369-7955-5f5b-b7f2-c06883adf57e,9e165d6f-802f-5694-a25a-20885ba2aa7f,5,433.03,0.00
f4541db8-8b1d-500c-b81a-38c620d7b35f,f524e97e-93ab-57fd-9348-f744dfa07b47,fb4140fc-b3c1-5a6a-8613-9b068fdd2b39,3,931.77,0.00
1d00fad2-43a9-557e-b7da-bd8f68d02e4f,f524e97e-93ab-57fd-9348-f744dfa07b47,45669348-c1a3-5956-bbf2-d29bd438fbdc,5,536.14,0.00
9199a864-e124-5a13-903b-c4528c2e4bd6,29a34a65-19d3-5eac-8d69-a20643c55de0,43d6da55-777b-55ef-8cf5-d4cc7bfa63ad,10,1159.60,1159.60
f64241e2-a81b-5100-a9b0-447f5dd80cbc,29a34a65-19d3-5eac-8d69-a20643c55de0,31a97c6b-10cf-54c1-b463-f81683a437cc,12,1252.58,1503.10
ce56790b-a002-5d3b-b311-f940718848a6,29a34a65-19d3-5eac-8d69-a20643c55de0,8b12c834-e054-5502-85aa-99d1eb81eee0,1,1393.76,69.69
621bf2da-a21e-59bd-a8c1-4d61e4687c81,29a34a65-19d3-5eac-8d69-a20643c55de0,e691a6a3-7dd7-5d95-b97e-997e3af77227,3,551.10,82.66
0857e3dd-1598-5f50-9c76-2e47d19ce8d6,4a25cfd6-35e8-5b47-ac05-a6bd62de33d5,88f79184-2cf9-5f72-8e4a-cedfa68d9d06,9,475.83,0.00
aaa644c1-b5f5-5a0f-8772-50bd123bc642,8af93781-20cc-59e4-97d5-eb33077e0900,3d307d78-b10f-5539-a951-7bcc9fd17161,8,1342.24,0.00
daf4697d-76fe-552d-95ec-0763449eca85,8af93781-20cc-59e4-97d5-eb33077e0900,f78fc905-81d2-5f52-8c77-1cff3a4b42b7,12,290.47,0.00
3abc65bf-d565-590f-a912-b31ffb543c38,8af93781-20cc-59e4-97d5-eb33077e0900,dee51c26-0113-56c0-a9c6-edbcfc488df1,7,83.53,0.00
14ddf6b8-970b-5a47-87e6-44235888494d,48ab66ba-14bd-57df-a1a2-8c981dbf55c0,4dbc0e6b-ab10-5b67-a928-f87e1ed2bb9a,1,233.65,23.36
9b790643-d302-538a-8eb0-fb9c68914321,c917e900-9271-584c-bc7d-95f11f94de17,c3e9c7fb-d6ab-5171-a827-7aad6b6d2342,11,1198.11,0.00
be007070-9344-5993-8db6-f258d1fa2e71,c917e900-9271-584c-bc7d-95f11f94de17,0caef625-914f-5fea-8e59-19b212bfbd46,9,1252.51,1690.89
f2e53002-0251-58ec-b099-0025903b402f,c917e900-9271-584c-bc7d-95f11f94de17,8a195dd5-491c-532c-9a61-886a24d451c0,3,1141.76,0.00
4d090818-a357-5b6d-93bb-4331c5ee031c,c917e900-9271-584c-bc7d-95f11f94de17,0eb49bc4-406e-5d63-a28c-3e5b6ef668e4,3,1139.13,512.61
48a9f7cd-d039-52a0-9106-bf5b08bdfa08,23782f0c-17e2-5d1d-9046-b770e1818e1e,f78fc905-81d2-5f52-8c77-1cff3a4b42b7,2,290.47,0.00
c13bde6d-ade5-5a3b-b808-22cc6f8efb32,23782f0c-17e2-5d1d-9046-b770e1818e1e,9e165d6f-802f-5694-a25a-20885ba2aa7f,5,433.03,0.00
4b16fb68-efe3-5471-ab28-5cacb9bd7358,23782f0c-17e2-5d1d-9046-b770e1818e1e,de536700-41fe-55c3-beb9-bfb9849c872b,2,1685.26,0.00
d47887cb-9816-5a75-8de2-23a2de72aff3,f72b6248-aa9d-507c-9921-bc02429bc0b2,8ac2c18a-5896-572a-9f44-f5d60109258d,1,270.85,0.00
e5ee5e15-628d-54c3-a06a-de687b2dc086,f72b6248-aa9d-507c-9921-bc02429bc0b2,31a97c6b-10cf-54c1-b463-f81683a437cc,3,1252.58,563.66
6d037fc3-290a-5740-8150-4ac6cc57820c,f72b6248-aa9d-507c-9921-bc02429bc0b2,d6b2e2d8-f41b-5418-ba12-fcffc0aa6508,2,1950.05,0.00
228cb958-0b86-5614-8f4a-12e4c160ed9b,f72b6248-aa9d-507c-9921-bc02429bc0b2,80450a39-8a90-55da-adf7-0b6a1b84aeeb,9,1385.41,1246.87
c1b4789c-b7ea-50fc-a234-a6a4546d4fc7,f72b6248-aa9d-507c-9921-bc02429bc0b2,3d307d78-b10f-5539-a951-7bcc9fd17161,2,1342.24,268.45
697ae7d1-1b81-51ac-a241-59ed832d13ab,2c1397fa-e7af-53e6-a8b9-1cc006b6f82f,9b6b9203-f582-59b6-b64c-309881607c86,1,876.23,131.43
1b7e4d06-0f1a-5cff-8870-414c37a36aad,2c1397fa-e7af-53e6-a8b9-1cc006b6f82f,7169fcc7-7527-510c-b88d-bdcd257ce105,8,1025.31,0.00
0e1f4792-7c7b-55d7-a996-310f2a40bd58,2c1397fa-e7af-53e6-a8b9-1cc006b6f82f,b6464168-fc86-5543-9805-0861ea9c66cc,2,1065.14,213.03
a705784c-0a41-569c-a6fa-a0d84eeb0eb1,2c1397fa-e7af-53e6-a8b9-1cc006b6f82f,91bd15e4-105e-5926-abe6-7ceaf8c07375,12,393.96,0.00
0b4f6d57-2269-596e-9ab0-f904c7d2c544,795e01a0-2435-53b2-a54e-2cb9afc226ec,6469a098-75a3-5b3b-839a-ad075a8e67ad,2,728.47,145.69
ce5219ee-3ad8-58c5-8620-7fa0ee0acad4,8c883a44-74ba-5605-b6fd-fdedee79f93c,1dd457fd-1d71-5eb5-b684-6f07d43e876c,5,897.97,448.98
18e196ff-8678-5594-95df-5ca042fd1c6f,8c883a44-74ba-5605-b6fd-fdedee79f93c,0137b3c3-db39-5e56-abf7-8ae43bc349ad,7,1129.31,0.00
7db0e455-9f10-5498-ae6a-61fc47dc37af,8c883a44-74ba-5605-b6fd-fdedee79f93c,d3739878-986b-5b5f-a096-4452493d6cbb,2,869.60,86.96
9d2f24a1-c62f-585b-afaa-ecd15f08de93,24493de8-fb78-5efa-968d-01b5f8237843,ac03c1f7-3948-530e-8de5-80756984ab20,6,564.84,0.00
503b7215-9aa6-587e-97fe-d5bc7fd7375f,24493de8-fb78-5efa-968d-01b5f8237843,b4065918-1c4b-50b6-b69a-d859f24bfe23,5,1132.17,283.04
8a57c731-772b-5e6f-a4e4-01e75ede6f03,24493de8-fb78-5efa-968d-01b5f8237843,e3b2c918-6a66-5db3-87f9-e5c71515f2ab,5,1297.73,973.30
f145d858-1060-5108-8819-f97e1313f31b,24493de8-fb78-5efa-968d-01b5f8237843,559ab41c-d860-5ab1-aaa1-483577af7b67,6,305.73,0.00
cfed63ec-f74f-5de2-800d-53908e8bd568,24493de8-fb78-5efa-968d-01b5f8237843,db630ac7-839d-5331-93df-dc621d8357b6,2,582.16,0.00
5f35f149-56a1-5c40-bcc0-010cbce78ef7,5cc13774-28ae-5ee8-bcba-6f9558bc00c4,1cc795b2-21b3-5c5e-84f0-8f1fa20a6dd4,1,668.78,0.00
dfe071af-d729-51bd-9cd3-28d68f8f4212,5cc13774-28ae-5ee8-bcba-6f9558bc00c4,7169fcc7-7527-510c-b88d-bdcd257ce105,3,1025.31,153.80
d7e9f2ea-5cc0-54c8-a204-8103a73f2de5,b49188eb-3e15-54f3-b763-ced8d08a8e69,8dfa6632-930f-5fdc-b7cd-8d5908a33d66,3,271.74,81.52
334b24e7-a140-572b-8dd3-30988916052a,b49188eb-3e15-54f3-b763-ced8d08a8e69,af3fc15f-c662-5a5e-9e9c-3b2d4e1b6029,5,1539.94,769.97
85031577-0cb2-5565-8262-744a223f879e,b49188eb-3e15-54f3-b763-ced8d08a8e69,1fa2b768-1b9d-5b9c-befa-fac1ccb97563,4,771.34,462.80
52beded5-e2d4-5917-b346-47000950c6fc,b49188eb-3e15-54f3-b763-ced8d08a8e69,cdea42fb-ee49-5a22-a213-56a8f9fcb148,8,1597.00,0.00
b9850579-ffca-5e53-bd63-7a756b644d7c,b49188eb-3e15-54f3-b763-ced8d08a8e69,39cb20a1-5dca-5b11-90c4-3e96e441ed0c,5,447.96,0.00
c9e547a0-fc1e-5147-8968-c64d64c5d246,3327880e-9527-5262-88a9-5eb62c7ee982,43d6da55-777b-55ef-8cf5-d4cc7bfa63ad,10,1159.60,0.00
ce3b3a56-e86e-5321-a895-759bcbc00b77,3327880e-9527-5262-88a9-5eb62c7ee982,d96da70b-0cb5-58c8-928a-aafb2d90b154,3,1827.60,0.00
e9ff2223-a489-5223-a57c-144358117809,3327880e-9527-5262-88a9-5eb62c7ee982,13ea52a1-6b55-57c7-b84e-acf7fb92f106,12,368.84,0.00
cb56f459-a48c-54ee-846b-34075d64b22f,b1ba2623-c224-54d4-9f7e-d3621645c0d8,1657c1e2-1668-5957-a5e5-822140c08707,10,1260.09,0.00
d08609d7-7dd4-5d0b-bc26-23d3ac5c0ff1,b1ba2623-c224-54d4-9f7e-d3621645c0d8,2f2113cc-589a-55b5-846a-78fddce3a3c9,5,688.27,516.20
e2d7917b-f498-548a-ba9c-0bda9a74f5de,b1ba2623-c224-54d4-9f7e-d3621645c0d8,1dd10a82-5cdc-539f-af3f-d3f255171973,12,107.50,64.50
177f03ce-7b7d-5762-b156-feab8a286db6,b0328090-67b6-5443-a2ac-7c2d35151cb6,1c3b9a21-09fa-5c21-bdad-35f2eb8a273f,3,1126.26,506.82
ef1c2faa-5396-583d-a5b8-8c5d07269b6a,2c7762cf-b7cc-5a43-8761-12632994660e,db630ac7-839d-5331-93df-dc621d8357b6,10,582.16,0.00
d8579eb5-8638-5cc7-ae4b-9b09182c3c58,2c7762cf-b7cc-5a43-8761-12632994660e,559ab41c-d860-5ab1-aaa1-483577af7b67,9,305.73,137.58
fa4916c6-e2f7-572c-a0c8-ed20bb17977c,2c7762cf-b7cc-5a43-8761-12632994660e,1c3b9a21-09fa-5c21-bdad-35f2eb8a273f,10,1126.26,563.13
46f98ca1-4fdc-5212-9ec7-1fc131563360,0ee06f0e-7d3c-56d8-9b90-905aec1f78d7,8ac2c18a-5896-572a-9f44-f5d60109258d,5,270.85,0.00
5b878f04-6311-5d96-9f60-d68a650db46b,0ee06f0e-7d3c-56d8-9b90-905aec1f78d7,673811d5-2f11-5108-8b80-c9dd0dc2adda,2,503.75,0.00
b5977f28-44da-5612-9ea6-1ebb76bd61bc,0ee06f0e-7d3c-56d8-9b90-905aec1f78d7,aa67b9d9-b4e2-53f3-9447-ca933b53344f,10,1163.44,1163.44
eac44f99-281f-5076-8cdf-4271226a1da5,0ee06f0e-7d3c-56d8-9b90-905aec1f78d7,0f2c8ffe-5a45-5cfc-afbf-417553294a54,9,237.59,106.92
d7bbb545-af93-5ac8-8771-ce9f96cbdff4,b2d05d73-125d-57b2-964e-04e99d3ab174,5d79cff2-0e77-58a2-b1bf-c506ed3c98bd,12,822.40,0.00
4263d465-ce56-5b8c-97c2-b0ba71f4b65f,b2d05d73-125d-57b2-964e-04e99d3ab174,3d307d78-b10f-5539-a951-7bcc9fd17161,10,1342.24,0.00
a3bd1349-9a94-51d0-9051-8908eaed4fae,c3049a67-df02-5aab-9904-7a324055ad80,5d462a8e-32e0-59ad-ae5c-9d66eda72663,5,326.98,0.00
93c64438-8aa5-5ae8-91ac-e58e9947c49e,4cbd2e29-a5cd-5c7c-81d9-176a46e57c0a,d37c44df-541b-5bf4-b395-65b41bac88a8,9,1334.93,1802.16
c7be001d-8167-504e-b90c-bce1c2c04abd,4cbd2e29-a5cd-5c7c-81d9-176a46e57c0a,2e263bcd-bacc-5f51-b35b-70d1674f4dc5,2,370.19,0.00
ae2d604f-3f6a-51db-8f41-27757f001c4e,4cbd2e29-a5cd-5c7c-81d9-176a46e57c0a,0eb49bc4-406e-5d63-a28c-3e5b6ef668e4,6,1139.13,341.74
fbd07b12-cf40-5eea-83c6-d5beae9a8a75,4cbd2e29-a5cd-5c7c-81d9-176a46e57c0a,673811d5-2f11-5108-8b80-c9dd0dc2adda,10,503.75,251.88
6d217811-3c24-5e14-96e4-8fb84c9fde59,4cbd2e29-a5cd-5c7c-81d9-176a46e57c0a,9a2e8c5f-4d3e-5cb8-ba78-f2bd562ee61b,11,688.27,0.00
9d73b506-e7da-5335-97a8-a1b015faee89,a417ecd5-d1a4-556f-9c15-d5a8fa746bc6,8a195dd5-491c-532c-9a61-886a24d451c0,1,1141.76,114.18
1d00e113-377f-5c65-b4cd-01b98793aa23,a417ecd5-d1a4-556f-9c15-d5a8fa746bc6,12003734-bab7-5410-8c89-f9a8c4967dea,2,1269.66,253.93
1dbffc1c-6f6f-5da1-ad57-4a7b4c726aed,a417ecd5-d1a4-556f-9c15-d5a8fa746bc6,2e263bcd-bacc-5f51-b35b-70d1674f4dc5,2,370.19,111.06
e6525cbb-4742-5c47-993a-210434f8b7b6,a417ecd5-d1a4-556f-9c15-d5a8fa746bc6,aa67b9d9-b4e2-53f3-9447-ca933b53344f,5,1163.44,0.00
9d74ad34-c50c-5061-997a-380e772c996d,a417ecd5-d1a4-556f-9c15-d5a8fa746bc6,f218ba8f-81cf-5efd-ad55-5f4ef76110c2,1,1484.37,0.00
4016a9b3-7b86-5da5-99c6-69465cd24e6a,756613d1-edf5-5f40-a30c-2d4eed0bd90f,d3739878-986b-5b5f-a096-4452493d6cbb,8,869.60,347.84
e2b053d4-d3b9-5bd1-8e54-ed2c2eadd850,548c4f18-b4a3-5270-9ee6-8550989e3585,9a2e8c5f-4d3e-5cb8-ba78-f2bd562ee61b,4,688.27,0.00
026277af-5eb5-59bd-ae37-efe2b15bd70a,122be80b-c1ba-52a9-a3b8-d3eb52768f19,80450a39-8a90-55da-adf7-0b6a1b84aeeb,9,1385.41,0.00
125e4f5e-96dd-52ac-8f9b-475ccdcf01b2,122be80b-c1ba-52a9-a3b8-d3eb52768f19,d6b2e2d8-f41b-5418-ba12-fcffc0aa6508,6,1950.05,585.02
2499251b-336a-5993-b177-1c6e1c1145dc,122be80b-c1ba-52a9-a3b8-d3eb52768f19,b6464168-fc86-5543-9805-0861ea9c66cc,8,1065.14,1278.17
67aa5774-7ad1-5b64-8f83-974e51eef8ae,634a1bb7-cc66-5a51-85bd-8302cdaa5a17,39cb20a1-5dca-5b11-90c4-3e96e441ed0c,6,447.96,0.00
71ade7fb-1ace-5e99-b015-1c3bd9ba9876,634a1bb7-cc66-5a51-85bd-8302cdaa5a17,bab29423-27f9-5732-bd8b-a403c95b1a96,2,947.18,189.44
1449361d-322d-578a-a3d2-31311ba24405,634a1bb7-cc66-5a51-85bd-8302cdaa5a17,1cc795b2-21b3-5c5e-84f0-8f1fa20a6dd4,10,668.78,0.00
d1513dd8-56e9-5bf6-8506-17a0ec25d5d7,25c97d57-ef59-5bb8-ac04-e2e0d08539ef,c0bff87f-f764-5151-8aec-dda48ea91847,1,437.68,43.77
fc0a042d-8b6a-5303-8822-e6664498dfc0,25c97d57-ef59-5bb8-ac04-e2e0d08539ef,673811d5-2f11-5108-8b80-c9dd0dc2adda,2,503.75,50.38
13d84a95-c45f-527d-b3c3-50f3616ca445,25c97d57-ef59-5bb8-ac04-e2e0d08539ef,617fd070-2fb8-5ff6-8eaa-308844dc97ac,8,1871.53,0.00
fc9a3dcb-72c7-575a-b1b0-e3527a9098b4,25c97d57-ef59-5bb8-ac04-e2e0d08539ef,1cc795b2-21b3-5c5e-84f0-8f1fa20a6dd4,4,668.78,0.00
58ad94eb-e9f8-5519-9367-b79bbc1c3ccc,25c97d57-ef59-5bb8-ac04-e2e0d08539ef,ac03c1f7-3948-530e-8de5-80756984ab20,3,564.84,84.73
f5e4aecb-ce0e-5738-81a4-e1069ec1b438,bcd20b45-28c5-5066-877a-892d34876f4d,952e981c-e5c2-53da-984a-78dc5e3b1ad4,5,130.99,0.00
92798435-f12e-5ae2-9105-a5e141e5d9a1,bcd20b45-28c5-5066-877a-892d34876f4d,f9fe7a6c-9a44-59e2-a4cc-fef69cc2e48e,4,684.00,0.00
752ec7f8-c83c-5aba-956c-d8664e2e9275,0baf2914-d64d-5b04-946b-f21640ff83e9,3d307d78-b10f-5539-a951-7bcc9fd17161,4,1342.24,0.00
9b5c7eff-c7f6-53a3-8a80-348ca6f82349,0baf2914-d64d-5b04-946b-f21640ff83e9,75679cf6-5497-5e69-b773-db773bc6a245,2,1441.14,144.11
02951e60-960c-5520-ac51-7482412f40af,0baf2914-d64d-5b04-946b-f21640ff83e9,b6464168-fc86-5543-9805-0861ea9c66cc,12,1065.14,1917.25
ff7e2b4b-feb2-5b5e-8a37-111ca5bfeb9b,0baf2914-d64d-5b04-946b-f21640ff83e9,3205bb8a-e766-5617-a3d4-78aaa9883bc8,1,1355.84,67.79
a579d6ad-d98a-5a79-9f0a-c937662d6788,0baf2914-d64d-5b04-946b-f21640ff83e9,896e7662-34d0-5631-bb0f-b5ce6b0ad1ba,10,1691.47,0.00
0ec9e7a4-60b9-5eb5-8663-80948750a4b7,e228ac06-7ddc-5ed1-83f8-5b77f08c845c,aa67b9d9-b4e2-53f3-9447-ca933b53344f,9,1163.44,0.00
433193bc-c268-5656-a25e-534a96630582,e228ac06-7ddc-5ed1-83f8-5b77f08c845c,952e981c-e5c2-53da-984a-78dc5e3b1ad4,1,130.99,0.00
918c9444-f784-55cd-9d11-3c06ae2e2b4e,e228ac06-7ddc-5ed1-83f8-5b77f08c845c,deaf9542-d65c-5f41-b22e-b1d033baea7a,4,1236.17,494.47
ca8ed12d-d6b8-50bc-9ae8-92d60479e13e,e228ac06-7ddc-5ed1-83f8-5b77f08c845c,e3b2c918-6a66-5db3-87f9-e5c71515f2ab,11,1297.73,0.00
46e7fa97-be31-538a-b9b6-69be3c4e3554,e228ac06-7ddc-5ed1-83f8-5b77f08c845c,0137b3c3-db39-5e56-abf7-8ae43bc349ad,10,1129.31,1693.96
b0e5d3ec-4ce4-544c-9a09-681ac9ed0d8e,da5764d2-979c-5a4f-90d6-7157b7d27c04,d4214473-2bf7-5b77-bb1f-734e590c4014,7,1245.02,871.51
4bc8357b-1b4d-5c55-9712-baae49941d8b,da5764d2-979c-5a4f-90d6-7157b7d27c04,241d3cd0-ef2c-56b8-bb75-b039a61b370a,2,378.32,37.83
8a637c60-96d7-58d7-9df0-148ff94d2ec3,7827c302-1418-53e4-81ec-e1828b177ec1,deaf9542-d65c-5f41-b22e-b1d033baea7a,8,1236.17,988.94
572bcff2-a752-5694-969e-f36b6c20bb86,7827c302-1418-53e4-81ec-e1828b177ec1,b6464168-fc86-5543-9805-0861ea9c66cc,5,1065.14,266.28
2bb6e220-c82f-508d-a7e3-b918328c9ce6,7c6d084a-2ed9-5298-ab1a-74dcaab85c12,cb09f248-037d-5a0d-9970-99cb102c05d8,10,1006.42,0.00
58317bbb-4a6d-5a06-8b06-42669540f0fe,7c6d084a-2ed9-5298-ab1a-74dcaab85c12,fb4140fc-b3c1-5a6a-8613-9b068fdd2b39,12,931.77,1118.12
3a20528a-5250-54d2-ab8f-3b059c2844b4,7c6d084a-2ed9-5298-ab1a-74dcaab85c12,559ab41c-d860-5ab1-aaa1-483577af7b67,6,305.73,183.44
edbde7bc-c6e5-5603-97a7-efc0a7d283fe,d7e064ea-cfdc-56a6-a7cc-b4a5402d0922,af3fc15f-c662-5a5e-9e9c-3b2d4e1b6029,11,1539.94,1693.93
53f64351-5100-55ac-8d90-4668269a1bb4,e33970db-fbdc-579f-bfd1-73f0b0e51c79,d96da70b-0cb5-58c8-928a-aafb2d90b154,9,1827.60,822.42
2af24619-38fa-53a8-b7cc-a772744b6ec0,e33970db-fbdc-579f-bfd1-73f0b0e51c79,8b12c834-e054-5502-85aa-99d1eb81eee0,1,1393.76,139.38
8a08746c-9b26-536c-b2dd-9164835b01e8,e33970db-fbdc-579f-bfd1-73f0b0e51c79,1ac8de35-b264-5704-978e-ce8dc08dd02d,3,452.98,67.95
43aadc3a-631f-5334-955a-46fbf2ee1f1b,e33970db-fbdc-579f-bfd1-73f0b0e51c79,9f7bfd37-85ae-5a17-9b9f-5dafe3ec68ee,9,1138.16,1536.52
071a59af-093b-5cc0-b6ba-92dc700cdc6f,b96aefbb-14da-5b40-bd79-4110cc48e0fa,9a2e8c5f-4d3e-5cb8-ba78-f2bd562ee61b,9,688.27,929.16
b7592aa6-8601-51a3-892f-7ab82f5a2577,b96aefbb-14da-5b40-bd79-4110cc48e0fa,2f2113cc-589a-55b5-846a-78fddce3a3c9,12,688.27,825.92
8fc91b49-ec96-5399-9df3-c731580cbc6f,b96aefbb-14da-5b40-bd79-4110cc48e0fa,f350d57a-8885-50f1-b76a-29f7a8057a35,6,1251.43,0.00
b1c302f5-6df2-5b54-985b-8f097057ed9d,73648bba-3441-5550-b5d3-988fa494f107,c3e9c7fb-d6ab-5171-a827-7aad6b6d2342,2,1198.11,359.43
b44517d3-d7d5-519c-ae09-167b7a616727,73648bba-3441-5550-b5d3-988fa494f107,591abda9-fd16-5958-b0e9-586f0dfa6e54,2,875.54,87.55
fca9c430-b5d8-5427-8ac1-5ccb3ec5460d,73648bba-3441-5550-b5d3-988fa494f107,80450a39-8a90-55da-adf7-0b6a1b84aeeb,3,1385.41,207.81
26786b48-22c9-5e76-b2b5-0e93f62be805,73648bba-3441-5550-b5d3-988fa494f107,228ccd2f-642c-5fdf-abf0-129af98a3568,2,148.91,0.00
7601ee40-a91a-50a5-a0a9-3353823ff1e8,73648bba-3441-5550-b5d3-988fa494f107,c0bff87f-f764-5151-8aec-dda48ea91847,1,437.68,0.00
6c5ca59c-8525-5204-900d-d93416862057,a71f370c-e4f9-544a-b2df-afa77c4fa337,eff08d1d-eb3b-559a-8ca9-60c7b365af52,10,1515.93,0.00
2f04542f-cd78-5a1c-9125-0fd66092da43,00eb48b2-58ff-5f70-8757-aa6f6792a151,613ff8f3-9a2b-5f66-8d3e-3e05d5391002,7,474.67,0.00
ddf60303-498c-5a3f-8f5d-79811bbf4095,8c83f202-bbfa-5bc7-9ebb-f47181364dde,9f7bfd37-85ae-5a17-9b9f-5dafe3ec68ee,12,1138.16,2048.69
fb5f27c8-19ab-5fe9-91fd-51bd54263eb8,7a223668-ede9-5a08-addc-dea3b2781737,829935ce-9ec7-5afb-a542-873877c9ce31,12,378.45,227.07
d5808ec4-545c-568a-8fc1-a14951a7f320,7a223668-ede9-5a08-addc-dea3b2781737,1ac8de35-b264-5704-978e-ce8dc08dd02d,6,452.98,135.89
544e4f35-1ab1-5661-af38-ac0970e719e8,7a223668-ede9-5a08-addc-dea3b2781737,a042ed60-9218-5159-876b-6c4dd0e5f934,11,381.33,0.00
8d83be73-0505-52c6-b994-ebb1912009db,7a223668-ede9-5a08-addc-dea3b2781737,2e263bcd-bacc-5f51-b35b-70d1674f4dc5,1,370.19,0.00
e5a8d05a-b2df-553f-95ed-17e555a148fc,7a223668-ede9-5a08-addc-dea3b2781737,673811d5-2f11-5108-8b80-c9dd0dc2adda,11,503.75,831.19
faa61abe-f77b-5ed5-bf4c-2688ab2ca86b,22a32a25-6a1e-5172-8ad6-4af7c80398c7,f350d57a-8885-50f1-b76a-29f7a8057a35,10,1251.43,0.00
1335307e-a173-5fef-b183-fb77810ad94d,22a32a25-6a1e-5172-8ad6-4af7c80398c7,43d6da55-777b-55ef-8cf5-d4cc7bfa63ad,11,1159.60,1275.56
49e64657-8430-5113-a13a-f63d839d19af,c515461f-6211-5454-940a-8f7294bd5d35,3d307d78-b10f-5539-a951-7bcc9fd17161,6,1342.24,0.00
0518acc9-2230-5256-a4e1-cd9ed65c95c8,e930853d-5acb-5725-a0a7-fa0ca9b820b9,cb09f248-037d-5a0d-9970-99cb102c05d8,1,1006.42,0.00
a6a76af0-fbc3-5544-8e8d-8cf21a7e35f1,e930853d-5acb-5725-a0a7-fa0ca9b820b9,31a97c6b-10cf-54c1-b463-f81683a437cc,10,1252.58,0.00
296e5d84-92e4-5848-83c8-9afb4c8998e4,e930853d-5acb-5725-a0a7-fa0ca9b820b9,829935ce-9ec7-5afb-a542-873877c9ce31,5,378.45,283.84
94528645-fb92-5fe5-8230-e49633210ad9,e930853d-5acb-5725-a0a7-fa0ca9b820b9,b5386670-1687-5260-ad33-97e5d697c425,2,902.07,180.41
0ef0ff01-54a1-5d3d-8540-0f8109c06060,4b9caa8d-40a2-55ae-9415-551cb632c9c6,43d6da55-777b-55ef-8cf5-d4cc7bfa63ad,10,1159.60,1739.40
174a95cd-0e16-514c-b37e-34d6c6d7795a,4b9caa8d-40a2-55ae-9415-551cb632c9c6,5d462a8e-32e0-59ad-ae5c-9d66eda72663,6,326.98,0.00
47dbd5d4-081c-5cac-bb84-d365823f27a0,4b9caa8d-40a2-55ae-9415-551cb632c9c6,01351cb5-bcf4-52ee-88a1-c6442df67004,9,1268.11,0.00
1c5256a1-9a1e-561a-96cd-484b5886266b,4f3617d3-1ae7-5155-abb2-078ba7d66cd3,8ac2c18a-5896-572a-9f44-f5d60109258d,7,270.85,0.00
2c9ccf44-aac9-5b77-9755-2e6ce75f1ce4,6c8c674c-ed9b-525b-9ded-3fcd20a2ff11,f218ba8f-81cf-5efd-ad55-5f4ef76110c2,9,1484.37,0.00
f1545378-ca3a-5d32-a7bd-3dde90764c61,6c8c674c-ed9b-525b-9ded-3fcd20a2ff11,d37c44df-541b-5bf4-b395-65b41bac88a8,11,1334.93,1468.42
5940f228-d36c-5b91-ab7d-ce8d003bc538,c611a6fa-68f5-5044-8a74-4d04ad09d76c,fb4140fc-b3c1-5a6a-8613-9b068fdd2b39,9,931.77,1257.89
a653127f-816c-5deb-a093-741923cdc7db,c611a6fa-68f5-5044-8a74-4d04ad09d76c,c3e9c7fb-d6ab-5171-a827-7aad6b6d2342,9,1198.11,0.00
acbb80e9-f46f-50b9-9e7c-da860128cc16,c611a6fa-68f5-5044-8a74-4d04ad09d76c,2e263bcd-bacc-5f51-b35b-70d1674f4dc5,7,370.19,0.00
b91f80a8-a6e4-53a0-b623-025e11d5f284,25e5ca41-591f-5584-ac0d-d06fad62a5fa,1ac8de35-b264-5704-978e-ce8dc08dd02d,2,452.98,0.00
28745168-6e8b-5417-837b-ffc3c794bd1b,681194c3-7595-5dc4-8778-ea725ccf1f39,c3e9c7fb-d6ab-5171-a827-7aad6b6d2342,4,1198.11,0.00
11ffb0c1-cca1-5164-963e-f6938acf6f7b,681194c3-7595-5dc4-8778-ea725ccf1f39,3205bb8a-e766-5617-a3d4-78aaa9883bc8,7,1355.84,474.54
3979919e-6cda-5938-8c6c-57a071625cd0,2371b467-606e-5796-9bb0-dbbf4547d725,af3fc15f-c662-5a5e-9e9c-3b2d4e1b6029,3,1539.94,692.97
3dc0fbfa-ae48-525d-bd4c-d24729381a65,3668d87a-6011-5902-8dbc-5a017b08bb22,599db343-a607-5259-8af1-adde7b1a86ce,4,1047.10,418.84
d83346ea-7062-5910-b574-02a0f850c3af,3668d87a-6011-5902-8dbc-5a017b08bb22,9b6b9203-f582-59b6-b64c-309881607c86,1,876.23,87.62
497fe59b-0283-5e49-bbab-45afb061dacd,fe65b97f-8df9-58ee-9fba-1af243d45c79,201fb8e4-2c24-5483-b44d-4063694486b2,6,1026.69,616.01
55d44091-6000-5b83-8cea-5b74a4942efa,fe65b97f-8df9-58ee-9fba-1af243d45c79,13ea52a1-6b55-57c7-b84e-acf7fb92f106,8,368.84,295.07
1ef0a71d-1347-53cf-be48-45925ffeef6d,fe65b97f-8df9-58ee-9fba-1af243d45c79,613ff8f3-9a2b-5f66-8d3e-3e05d5391002,8,474.67,379.74
6ed94939-9bd6-58c4-8723-63804b041217,fe65b97f-8df9-58ee-9fba-1af243d45c79,0eb49bc4-406e-5d63-a28c-3e5b6ef668e4,9,1139.13,1025.22
b39667af-45d7-5ffc-a191-85569c609b5d,fe65b97f-8df9-58ee-9fba-1af243d45c79,9f7bfd37-85ae-5a17-9b9f-5dafe3ec68ee,12,1138.16,2048.69
34be4764-099f-5e8e-a542-b6fe5d5e3c1b,4bf4e6b5-c40f-58e0-b463-99144e7025e5,2f2113cc-589a-55b5-846a-78fddce3a3c9,1,688.27,103.24
b003af49-ad11-5fe3-8fa8-71a0aa2f9957,4bf4e6b5-c40f-58e0-b463-99144e7025e5,c0bff87f-f764-5151-8aec-dda48ea91847,2,437.68,0.00
6867e4e1-6e43-51eb-b0b4-bb9f03f53860,b369700d-a490-5789-b2c1-606dcda13da5,7169fcc7-7527-510c-b88d-bdcd257ce105,3,1025.31,0.00
20478faf-22a7-5625-b022-12e0b32974ed,b369700d-a490-5789-b2c1-606dcda13da5,8ac2c18a-5896-572a-9f44-f5d60109258d,3,270.85,81.26
119e2b76-6c3e-5ce5-a04d-9adf22f3371c,aab3b844-3ad9-5149-be19-290810f59593,b6edaedb-a02c-5fbc-b05c-2b5d8deb20c4,5,1512.83,756.42
f752d11a-6125-5d46-b980-2b81d367fca1,aab3b844-3ad9-5149-be19-290810f59593,1dd457fd-1d71-5eb5-b684-6f07d43e876c,11,897.97,1481.65
7b4de966-2ef3-5cba-b6e5-c87e5c5fda54,aab3b844-3ad9-5149-be19-290810f59593,39cb20a1-5dca-5b11-90c4-3e96e441ed0c,5,447.96,111.99
3d9bac63-bba3-5ed6-8e12-a06b02bdc63f,aab3b844-3ad9-5149-be19-290810f59593,7169fcc7-7527-510c-b88d-bdcd257ce105,1,1025.31,0.00
5f40b7b0-be05-5e15-9505-2000f43d41e9,e2a064e0-5053-5ffe-942a-a3adba0e9f56,d520aef1-b021-5cf0-a1d3-9e7e6d31aab7,10,568.52,852.78
99d9fb1a-84a5-5321-89fb-601c6ac8cec7,f9c8f5a8-4c4e-5f40-8505-053a8c6b2d00,88f79184-2cf9-5f72-8e4a-cedfa68d9d06,11,475.83,0.00
635d82ce-3dcc-5289-8be8-8d744e610429,f9c8f5a8-4c4e-5f40-8505-053a8c6b2d00,eff08d1d-eb3b-559a-8ca9-60c7b365af52,2,1515.93,454.78
bb0dab6a-bfec-5114-9bd1-d79153a6239f,f9c8f5a8-4c4e-5f40-8505-053a8c6b2d00,e53c7da2-eb34-5499-8fd8-380dd673ea82,8,1587.45,0.00
86de262e-0229-51ee-a056-80b14e842bb0,f9c8f5a8-4c4e-5f40-8505-053a8c6b2d00,75679cf6-5497-5e69-b773-db773bc6a245,2,1441.14,0.00
e75fbb25-8d88-5adf-8cdb-764486825316,f9c8f5a8-4c4e-5f40-8505-053a8c6b2d00,241d3cd0-ef2c-56b8-bb75-b039a61b370a,7,378.32,0.00
8a7942e0-dc78-5463-9caf-63f55a1350ee,26e9264e-64d0-5cf4-817f-e7053ce852d8,7169fcc7-7527-510c-b88d-bdcd257ce105,6,1025.31,922.78
f23cc768-b06e-5b31-824b-97acd7c4a369,26e9264e-64d0-5cf4-817f-e7053ce852d8,9b6b9203-f582-59b6-b64c-309881607c86,8,876.23,0.00
cea8ab7f-bdd7-5234-8b4a-03b6658dc477,26e9264e-64d0-5cf4-817f-e7053ce852d8,86eda21c-1dbc-500a-9201-b7d6b0786cc8,5,1060.50,0.00
149aeaa7-98fb-51a9-9a0a-ff26efa23340,26e9264e-64d0-5cf4-817f-e7053ce852d8,af3fc15f-c662-5a5e-9e9c-3b2d4e1b6029,5,1539.94,1154.96
212dbbbe-5adf-5e63-a308-df95959151f2,20947a2c-1062-5b0a-80e5-1ca68768f937,c3e9c7fb-d6ab-5171-a827-7aad6b6d2342,9,1198.11,539.15
20e6d86b-8a52-5491-ad03-8731fa6e7063,20947a2c-1062-5b0a-80e5-1ca68768f937,a042ed60-9218-5159-876b-6c4dd0e5f934,1,381.33,57.20
68d344e7-52f0-5aa2-939a-d24147709145,20947a2c-1062-5b0a-80e5-1ca68768f937,86eda21c-1dbc-500a-9201-b7d6b0786cc8,7,1060.50,1113.52
55aa2332-503b-5554-a39f-2bc978fc406c,b8fb8ccc-36de-5d37-a535-4d508d986fc4,201fb8e4-2c24-5483-b44d-4063694486b2,1,1026.69,0.00
f3f70bf3-bb49-528b-8d89-856a146a3b6c,2b3bcb60-6f22-5322-8806-d8e5e284f62b,b6464168-fc86-5543-9805-0861ea9c66cc,2,1065.14,0.00
54f10fce-d47f-5699-a123-292887c5a958,2b3bcb60-6f22-5322-8806-d8e5e284f62b,cd410e43-ec3c-524b-84c6-84482a7b1204,2,549.24,109.85
01fef279-3c48-55e8-b90b-27415ff89cc1,2b3bcb60-6f22-5322-8806-d8e5e284f62b,86eda21c-1dbc-500a-9201-b7d6b0786cc8,2,1060.50,106.05
c301f425-b273-5eb9-810e-e973a0e01254,2b3bcb60-6f22-5322-8806-d8e5e284f62b,d3739878-986b-5b5f-a096-4452493d6cbb,1,869.60,0.00
5d5c67a2-f823-594a-8c68-3147f058a4c7,2b3bcb60-6f22-5322-8806-d8e5e284f62b,d96da70b-0cb5-58c8-928a-aafb2d90b154,2,1827.60,0.00
b3fc9cd2-d29f-50ef-98ad-f0ee4fee8a4e,3ac743a8-4117-5187-b854-62c05ae3ecc3,deaf9542-d65c-5f41-b22e-b1d033baea7a,1,1236.17,123.62
d6b7df38-f31e-53da-a18b-d092e54fad54,3ac743a8-4117-5187-b854-62c05ae3ecc3,34baeb4c-81dc-5b29-bc76-0b8fd47cdbed,11,262.62,0.00
665d544e-87e9-53e9-a14b-e77173e7aac0,3ac743a8-4117-5187-b854-62c05ae3ecc3,aa67b9d9-b4e2-53f3-9447-ca933b53344f,12,1163.44,0.00
04bee878-7dcf-5c6e-92b8-ddd276cc360d,3ac743a8-4117-5187-b854-62c05ae3ecc3,e3b2c918-6a66-5db3-87f9-e5c71515f2ab,12,1297.73,0.00
61d4b718-2cd0-534f-a862-20e3ec9a6b40,0d9d5e49-4b79-513a-8761-ef94a5936efc,0f2c8ffe-5a45-5cfc-afbf-417553294a54,11,237.59,261.35
42def470-8fd7-5c23-a267-11ce7a2774dd,96092c6b-0225-5a00-a4c8-185cffbc4c20,673811d5-2f11-5108-8b80-c9dd0dc2adda,8,503.75,0.00
68c9fe5b-4c6f-5aaf-9470-d89988a6359a,96092c6b-0225-5a00-a4c8-185cffbc4c20,228ccd2f-642c-5fdf-abf0-129af98a3568,1,148.91,7.45
589934ae-23fb-5955-812f-b6f8be1dc874,96092c6b-0225-5a00-a4c8-185cffbc4c20,1fa2b768-1b9d-5b9c-befa-fac1ccb97563,6,771.34,231.40
1320ec30-0d2f-5f2b-8918-23cb517a8687,eb945b0b-7610-57e1-8bba-6bf226c8ffe6,599db343-a607-5259-8af1-adde7b1a86ce,11,1047.10,1727.72
1fcd3c80-525c-573c-9798-e80bbe2a8469,bf11c47e-2a6b-5cd7-b72c-1884c9ef5c35,39cb20a1-5dca-5b11-90c4-3e96e441ed0c,3,447.96,0.00
14744067-29da-5ec4-b4fa-eb6646652b8d,bf11c47e-2a6b-5cd7-b72c-1884c9ef5c35,75679cf6-5497-5e69-b773-db773bc6a245,9,1441.14,0.00
701039ee-4314-58c2-a09b-812c39fda8ed,bf11c47e-2a6b-5cd7-b72c-1884c9ef5c35,1ac8de35-b264-5704-978e-ce8dc08dd02d,1,452.98,67.95
fc440357-e7fe-594b-847d-11b7ddd0ad5e,bf11c47e-2a6b-5cd7-b72c-1884c9ef5c35,9b6b9203-f582-59b6-b64c-309881607c86,1,876.23,0.00
b81a8350-04bc-5a68-9129-ae340229b7f2,bf11c47e-2a6b-5cd7-b72c-1884c9ef5c35,fb4140fc-b3c1-5a6a-8613-9b068fdd2b39,5,931.77,0.00
5417561a-81bf-5642-a651-661db1d0d46d,4ccc322f-5b01-537b-bfba-c466a64f676e,db43f9b2-c956-5785-8950-8287c47db3ae,10,894.98,894.98
9f96c576-2f57-5c4b-9c80-3949318799a6,dbc3a279-26ec-5e3c-b833-313f3b31812a,4dbc0e6b-ab10-5b67-a928-f87e1ed2bb9a,4,233.65,0.00
e96b0f90-e892-5fab-b496-20fe07f79ba9,dbc3a279-26ec-5e3c-b833-313f3b31812a,f9fe7a6c-9a44-59e2-a4cc-fef69cc2e48e,9,684.00,615.60
8a35dafe-7dad-5d41-88a1-6d02e1bed4f2,dbc3a279-26ec-5e3c-b833-313f3b31812a,c2be7cd9-f7ee-544a-9ceb-7052826da8ce,3,183.13,82.41
80e5cb9d-1395-5508-bf9d-446573ef1d99,dbc3a279-26ec-5e3c-b833-313f3b31812a,6469a098-75a3-5b3b-839a-ad075a8e67ad,6,728.47,218.54
862e65c7-ba0f-5bca-bc66-3632eddd5213,dbc3a279-26ec-5e3c-b833-313f3b31812a,0f2c8ffe-5a45-5cfc-afbf-417553294a54,5,237.59,118.80
09ddd5d0-e9bf-5e56-bf23-cb1674739af1,9c4283ec-f90f-599d-bbd6-bbc776bbe765,91bd15e4-105e-5926-abe6-7ceaf8c07375,1,393.96,39.40
ee2f29fe-3d0e-5c72-b4ea-efd7521b1dfa,9c4283ec-f90f-599d-bbd6-bbc776bbe765,1cc795b2-21b3-5c5e-84f0-8f1fa20a6dd4,3,668.78,200.63
7ff2a1ba-22fb-5379-af8f-a5357c0ec968,9c4283ec-f90f-599d-bbd6-bbc776bbe765,86eda21c-1dbc-500a-9201-b7d6b0786cc8,4,1060.50,0.00
edd65c0f-850e-51d4-9cc4-63a7c3ea3e03,9c4283ec-f90f-599d-bbd6-bbc776bbe765,1dd10a82-5cdc-539f-af3f-d3f255171973,1,107.50,16.12
ef25e9d4-21e0-50ee-b59d-aac24ef97bd4,9c4283ec-f90f-599d-bbd6-bbc776bbe765,b5386670-1687-5260-ad33-97e5d697c425,7,902.07,631.45
b3aa6306-5483-5f9a-9e8c-a4b1ea695ccf,61883c76-46e3-5dc4-9d59-0576e15764f1,6469a098-75a3-5b3b-839a-ad075a8e67ad,4,728.47,291.39
6aac33de-541e-5664-a6f4-985efc93c95c,61883c76-46e3-5dc4-9d59-0576e15764f1,c2be7cd9-f7ee-544a-9ceb-7052826da8ce,4,183.13,0.00
84937f7c-91b7-5354-a580-f5a7c89fcf10,61883c76-46e3-5dc4-9d59-0576e15764f1,d6b2e2d8-f41b-5418-ba12-fcffc0aa6508,4,1950.05,0.00
8233fa02-2ded-52e7-8438-7ecbb1d796f0,5463d129-33a5-5e07-a02a-cbdda990c07b,f78fc905-81d2-5f52-8c77-1cff3a4b42b7,8,290.47,0.00
4ef3d6fd-c6fa-5a05-a3a1-c0ec63641d83,5463d129-33a5-5e07-a02a-cbdda990c07b,559ab41c-d860-5ab1-aaa1-483577af7b67,5,305.73,152.86
32245349-33d3-5e61-a5bf-e88a96962812,5463d129-33a5-5e07-a02a-cbdda990c07b,508dfc85-5bf2-5709-b1e3-06ff86d5acb8,12,387.07,232.24
f9e97336-646f-592f-af80-80aaa6fe4091,9be34c72-5972-50ab-a04b-cf48e0a1d708,f78fc905-81d2-5f52-8c77-1cff3a4b42b7,2,290.47,58.09
75e23530-fea8-5c9c-b6bc-da0d2b98220e,9be34c72-5972-50ab-a04b-cf48e0a1d708,88f79184-2cf9-5f72-8e4a-cedfa68d9d06,3,475.83,71.37
5d3ba9bd-9e09-574f-8202-c87c8323936b,ebef3c99-3b47-5759-831a-2f51a5da2376,45669348-c1a3-5956-bbf2-d29bd438fbdc,3,536.14,241.26
63f045ba-f216-5b56-ae20-db67fb9aa40a,72deda71-1409-5859-a4f3-ab560d751cf9,8a195dd5-491c-532c-9a61-886a24d451c0,4,1141.76,0.00
6fbffd9b-23ff-5c36-aedb-3045b7f297b0,72deda71-1409-5859-a4f3-ab560d751cf9,1ac8de35-b264-5704-978e-ce8dc08dd02d,9,452.98,0.00
40877dfa-9254-5589-b8eb-fa9187c8abf3,72deda71-1409-5859-a4f3-ab560d751cf9,2f2113cc-589a-55b5-846a-78fddce3a3c9,6,688.27,0.00
29e49cba-e7b4-50ad-9b12-2398411e4670,72deda71-1409-5859-a4f3-ab560d751cf9,b4065918-1c4b-50b6-b69a-d859f24bfe23,7,1132.17,0.00
a570f81d-ae07-5651-b710-d5f29b62e90b,72deda71-1409-5859-a4f3-ab560d751cf9,b6edaedb-a02c-5fbc-b05c-2b5d8deb20c4,2,1512.83,151.28
2efeb421-5e38-590d-92bf-0a7b91028fa3,25ee9c7c-7452-57a5-8911-74b8dc54d917,80450a39-8a90-55da-adf7-0b6a1b84aeeb,5,1385.41,0.00
519f84fa-3d02-58ed-8b18-12ad7193f1ff,25ee9c7c-7452-57a5-8911-74b8dc54d917,3d307d78-b10f-5539-a951-7bcc9fd17161,8,1342.24,1073.79
b1c677d0-0247-5bbf-9299-1db4ba9e671c,25ee9c7c-7452-57a5-8911-74b8dc54d917,f218ba8f-81cf-5efd-ad55-5f4ef76110c2,4,1484.37,0.00
5a9e7737-3699-55a3-a7e9-092b827a4e17,25ee9c7c-7452-57a5-8911-74b8dc54d917,cdea42fb-ee49-5a22-a213-56a8f9fcb148,10,1597.00,0.00
b3b67d4d-32c1-5482-a11a-8087e9b8a466,be7933f5-aa4d-577e-86e0-f0ac0f3277cc,c3e9c7fb-d6ab-5171-a827-7aad6b6d2342,2,1198.11,0.00
3eba37cc-5a48-5564-a44c-45f3a90dead0,be7933f5-aa4d-577e-86e0-f0ac0f3277cc,43d6da55-777b-55ef-8cf5-d4cc7bfa63ad,6,1159.60,1043.64
264ba5e7-6991-5c4f-9251-0695f3af986c,be7933f5-aa4d-577e-86e0-f0ac0f3277cc,b4065918-1c4b-50b6-b69a-d859f24bfe23,2,1132.17,0.00
fabd7a46-586d-5d3b-9c8b-27f1f9bdcc94,c79b6578-664e-5491-951e-159e195150e0,e69a7c0b-6875-5a37-a379-abbc430fb47b,12,1211.55,0.00
2e986554-d065-54c4-8f09-a7e1b7917490,f69603f7-f627-52e2-8c9a-2050a6cf5ae7,f78fc905-81d2-5f52-8c77-1cff3a4b42b7,5,290.47,217.85
fa357762-5f9b-5f40-81e1-8534a11c632e,f69603f7-f627-52e2-8c9a-2050a6cf5ae7,b5386670-1687-5260-ad33-97e5d697c425,3,902.07,135.31
d19bfeda-14bb-5756-8e5e-614703a16f34,f69603f7-f627-52e2-8c9a-2050a6cf5ae7,aa67b9d9-b4e2-53f3-9447-ca933b53344f,11,1163.44,1279.78
c894e818-c8ea-57dd-9a70-3469a70bfd4e,8d518cee-eb36-5698-9d0d-e6e8d9617290,241d3cd0-ef2c-56b8-bb75-b039a61b370a,4,378.32,0.00
c406f98f-e834-5b9c-bd6d-aa45b58b9e0c,8d518cee-eb36-5698-9d0d-e6e8d9617290,d68351a2-cf36-5984-a091-28a9f5b6bb7e,9,1017.79,0.00
2241b378-e924-5110-84c7-5faf0476009b,8d518cee-eb36-5698-9d0d-e6e8d9617290,4dbc0e6b-ab10-5b67-a928-f87e1ed2bb9a,3,233.65,35.05
57128e53-5cc6-5417-afc1-42f7b7ad2bb7,8d518cee-eb36-5698-9d0d-e6e8d9617290,952e981c-e5c2-53da-984a-78dc5e3b1ad4,7,130.99,45.85
be2ba375-78ad-549f-8ed6-476abc559844,6bc35713-78e8-57f4-a1c7-d8773ae133a5,851c23cd-3716-5170-b9ac-0c25ddc7c95c,11,497.01,820.07
4ccabcc8-d1e9-5390-8172-09563b67b2f4,6bc35713-78e8-57f4-a1c7-d8773ae133a5,b6464168-fc86-5543-9805-0861ea9c66cc,4,1065.14,426.06
ccdda811-a8d4-5746-bb32-90a1dbcee524,6bc35713-78e8-57f4-a1c7-d8773ae133a5,9a2e8c5f-4d3e-5cb8-ba78-f2bd562ee61b,8,688.27,275.31
3c2ccc74-a420-52ba-95ab-4881fd02c778,6bc35713-78e8-57f4-a1c7-d8773ae133a5,db630ac7-839d-5331-93df-dc621d8357b6,7,582.16,0.00
91f3c946-6e00-5654-a19b-aafbff6aefbf,0f7c05b9-4ec6-53f3-af0d-0808649f6b28,d37c44df-541b-5bf4-b395-65b41bac88a8,10,1334.93,0.00
8cb33341-be12-550b-885c-8a55db0417b9,0f7c05b9-4ec6-53f3-af0d-0808649f6b28,b4065918-1c4b-50b6-b69a-d859f24bfe23,7,1132.17,0.00
377cffdb-673d-519a-bbd1-7025aff1a0b3,e03e1fb1-08f8-53b4-9884-c91f9cd472df,228ccd2f-642c-5fdf-abf0-129af98a3568,7,148.91,0.00
7c9b5133-b2d1-589e-8b41-9423e9b6e007,e03e1fb1-08f8-53b4-9884-c91f9cd472df,3205bb8a-e766-5617-a3d4-78aaa9883bc8,8,1355.84,0.00
1187824d-52c8-52c1-8955-5a6fff9e2adb,e03e1fb1-08f8-53b4-9884-c91f9cd472df,f65edfe2-43ae-59f6-b37a-f98344e1a998,4,1061.75,0.00
f08cfce8-3ad3-54b0-86c1-e709efccd8c0,e03e1fb1-08f8-53b4-9884-c91f9cd472df,b4b5a0e3-641b-562e-8386-bff3564cf295,9,158.25,0.00
a6b4db9d-158d-5812-ad88-d133220cfb57,e03e1fb1-08f8-53b4-9884-c91f9cd472df,2e263bcd-bacc-5f51-b35b-70d1674f4dc5,3,370.19,111.06
fcd44c85-eaff-54a7-933f-3e13bff19209,f13e18d0-2fc9-53a8-8396-e7214e4b7691,1dd457fd-1d71-5eb5-b684-6f07d43e876c,4,897.97,359.19
fd8154bd-f38d-5204-b449-add521d9871d,f13e18d0-2fc9-53a8-8396-e7214e4b7691,c3e9c7fb-d6ab-5171-a827-7aad6b6d2342,5,1198.11,0.00
9187d3e0-7ced-5b8e-bb3c-1cb37b8a2c00,f13e18d0-2fc9-53a8-8396-e7214e4b7691,aa67b9d9-b4e2-53f3-9447-ca933b53344f,1,1163.44,0.00
d9ec683b-14c6-517c-ad5f-5a61bb2f2bc3,f13e18d0-2fc9-53a8-8396-e7214e4b7691,12003734-bab7-5410-8c89-f9a8c4967dea,2,1269.66,253.93
aa622db0-de5b-575c-9e15-5d5f7262a593,ea6b56bc-5851-5cbc-9cd9-15f3c9e40b0d,591abda9-fd16-5958-b0e9-586f0dfa6e54,4,875.54,350.22
ca518401-3090-5fcf-a83a-1914e2f6a1f6,ea6b56bc-5851-5cbc-9cd9-15f3c9e40b0d,0f2c8ffe-5a45-5cfc-afbf-417553294a54,5,237.59,178.19
420d7afe-7bf8-5ac9-a69d-911af92d31aa,ea6b56bc-5851-5cbc-9cd9-15f3c9e40b0d,e3b2c918-6a66-5db3-87f9-e5c71515f2ab,12,1297.73,778.64
8ee01520-aa2d-59ab-a399-c88c38042aac,ea6b56bc-5851-5cbc-9cd9-15f3c9e40b0d,9f7bfd37-85ae-5a17-9b9f-5dafe3ec68ee,4,1138.16,227.63
278801a2-ca77-5432-9f24-90fc39c5295b,ea6b56bc-5851-5cbc-9cd9-15f3c9e40b0d,e691a6a3-7dd7-5d95-b97e-997e3af77227,6,551.10,0.00
1dda3f2c-7e87-5778-adad-b7dfb6dad7e9,2af744c4-6fe3-5f4a-a8e7-7c18a1f9e221,45669348-c1a3-5956-bbf2-d29bd438fbdc,12,536.14,0.00
dbfa7e9b-0b72-53ef-b08f-8ef461a60f53,2af744c4-6fe3-5f4a-a8e7-7c18a1f9e221,88f79184-2cf9-5f72-8e4a-cedfa68d9d06,8,475.83,0.00
d6882162-ded7-542c-b834-4349e751ff7a,2af744c4-6fe3-5f4a-a8e7-7c18a1f9e221,cb09f248-037d-5a0d-9970-99cb102c05d8,4,1006.42,0.00
ad285e96-2abc-5b0e-88fe-38db6eec5df2,2af744c4-6fe3-5f4a-a8e7-7c18a1f9e221,0caef625-914f-5fea-8e59-19b212bfbd46,10,1252.51,0.00
9d3d77fd-ffaf-5e3a-b244-6bac7e90264c,998a26d1-1b90-5865-ac39-f240b69f9055,d520aef1-b021-5cf0-a1d3-9e7e6d31aab7,3,568.52,85.28
7c99c491-d254-5732-944d-6364d4be4021,998a26d1-1b90-5865-ac39-f240b69f9055,d6b2e2d8-f41b-5418-ba12-fcffc0aa6508,8,1950.05,0.00
a0be96a9-5aa1-531d-b77b-4d52a749f800,998a26d1-1b90-5865-ac39-f240b69f9055,8dfa6632-930f-5fdc-b7cd-8d5908a33d66,11,271.74,0.00
1c239e05-4d85-54e6-a6b3-0b61b3e8b982,0f9af9c7-38ac-5806-a4b9-9311aa4d21d6,0caef625-914f-5fea-8e59-19b212bfbd46,9,1252.51,1690.89
3f7147ed-7c1a-539a-8fc9-8079023387df,0f9af9c7-38ac-5806-a4b9-9311aa4d21d6,75679cf6-5497-5e69-b773-db773bc6a245,11,1441.14,0.00
766aa0e5-eb21-589f-8e2d-e9b589dc9088,0f9af9c7-38ac-5806-a4b9-9311aa4d21d6,d37c44df-541b-5bf4-b395-65b41bac88a8,11,1334.93,734.21
f0a4d4cf-d01b-5e6f-be18-5b8fdeb3ca5f,0f9af9c7-38ac-5806-a4b9-9311aa4d21d6,d4214473-2bf7-5b77-bb1f-734e590c4014,4,1245.02,747.01
abd943a3-4090-596f-b840-5deaefb44392,491530bd-1d3c-55e5-a9d1-5431747873c9,80450a39-8a90-55da-adf7-0b6a1b84aeeb,5,1385.41,692.70
a43fe4b4-21e9-522b-83c1-f27621244ca7,491530bd-1d3c-55e5-a9d1-5431747873c9,de536700-41fe-55c3-beb9-bfb9849c872b,2,1685.26,337.05
c87f2ba8-c758-5094-8f5d-9c1574c96883,491530bd-1d3c-55e5-a9d1-5431747873c9,a042ed60-9218-5159-876b-6c4dd0e5f934,6,381.33,0.00
8357f807-6438-5531-a5c5-a3a658bcd0f0,491530bd-1d3c-55e5-a9d1-5431747873c9,e139b0f5-6ca3-5ccb-8610-5a52b4b0eb6c,9,1053.19,0.00
6e540c20-2c14-542d-971f-08abc2e135ca,93109f48-563d-550f-94d8-4a59db86e391,fd5d29e1-571f-589d-be31-aa00127c02aa,2,943.56,94.36
650f479d-3a2c-5704-ae95-7379bc12f7b4,05b8a3e8-c160-54f0-b13d-7eac1e9243fc,1c3b9a21-09fa-5c21-bdad-35f2eb8a273f,3,1126.26,0.00
7811a540-0a10-56c9-aacf-ea485c9831d9,05b8a3e8-c160-54f0-b13d-7eac1e9243fc,b6464168-fc86-5543-9805-0861ea9c66cc,9,1065.14,958.63
3d6c9095-7049-553d-957f-6317ddd8be64,05b8a3e8-c160-54f0-b13d-7eac1e9243fc,c0bff87f-f764-5151-8aec-dda48ea91847,5,437.68,109.42
27eb4705-8b04-5597-9bcc-95e8fd749a04,05b8a3e8-c160-54f0-b13d-7eac1e9243fc,45669348-c1a3-5956-bbf2-d29bd438fbdc,4,536.14,321.68
9d471430-4a89-54b9-a74e-dcb177819f0e,545c5897-43cd-5fbd-9ac6-62993049ec4f,559ab41c-d860-5ab1-aaa1-483577af7b67,2,305.73,0.00
acaecb2d-bed1-5204-a19b-a9ef039bddf1,545c5897-43cd-5fbd-9ac6-62993049ec4f,228ccd2f-642c-5fdf-abf0-129af98a3568,10,148.91,0.00
82174fe0-6a82-54dd-97cf-365f529e304e,545c5897-43cd-5fbd-9ac6-62993049ec4f,deaf9542-d65c-5f41-b22e-b1d033baea7a,5,1236.17,618.08
79dbe0a0-9684-51a9-b95a-c5099f151f10,2e44d74f-8dd5-5e91-be99-5269a6b181f6,86eda21c-1dbc-500a-9201-b7d6b0786cc8,4,1060.50,424.20
4e836e2c-8f5b-5f38-b670-b182961cfdc4,5f7acccd-15bb-51a1-99f1-9fc5192b5ed3,2f2113cc-589a-55b5-846a-78fddce3a3c9,12,688.27,825.92
550d0406-8641-594e-8dd4-85b167e01f19,5f7acccd-15bb-51a1-99f1-9fc5192b5ed3,0137b3c3-db39-5e56-abf7-8ae43bc349ad,6,1129.31,0.00
f0079725-0720-51d9-bc96-6d15927b5239,b1c725c3-7e23-5a1a-89c8-b51d0d1cc529,673811d5-2f11-5108-8b80-c9dd0dc2adda,2,503.75,0.00
a1d660fc-4667-5147-b136-e9a41e322c8c,c6c32ea6-489b-52a6-b7d8-731fa6c595cb,d520aef1-b021-5cf0-a1d3-9e7e6d31aab7,6,568.52,0.00
f2865531-d815-57f8-b590-27d8ad624fcc,c6c32ea6-489b-52a6-b7d8-731fa6c595cb,dee51c26-0113-56c0-a9c6-edbcfc488df1,2,83.53,25.06
051151a7-1d6d-5410-8b67-151d6e305e6a,c6c32ea6-489b-52a6-b7d8-731fa6c595cb,c3e9c7fb-d6ab-5171-a827-7aad6b6d2342,1,1198.11,0.00
933a3408-c418-59e5-a3dc-62657d1b9d09,c6c32ea6-489b-52a6-b7d8-731fa6c595cb,559ab41c-d860-5ab1-aaa1-483577af7b67,2,305.73,0.00
3d655243-4471-5049-827c-324937c91459,55f03a6c-2015-5e15-9667-5faff14b0d05,fb4140fc-b3c1-5a6a-8613-9b068fdd2b39,12,931.77,0.00
cc40e32d-01d8-5e44-a1d8-6235b31a95b0,55f03a6c-2015-5e15-9667-5faff14b0d05,9b6b9203-f582-59b6-b64c-309881607c86,7,876.23,613.36
e333983b-040f-594a-beff-7cdb68b2a701,55f03a6c-2015-5e15-9667-5faff14b0d05,b4065918-1c4b-50b6-b69a-d859f24bfe23,6,1132.17,679.30
7df048ba-9315-5d36-b16d-e764de132741,55f03a6c-2015-5e15-9667-5faff14b0d05,3d307d78-b10f-5539-a951-7bcc9fd17161,10,1342.24,2013.36
6c652bd8-fd93-50df-a0e0-b18c5e11fc10,a91f0967-db75-5148-9f0f-b58663f61f1c,12003734-bab7-5410-8c89-f9a8c4967dea,1,1269.66,190.45
4cbfeb92-18e0-50b7-9436-b9d2cb4080ec,a91f0967-db75-5148-9f0f-b58663f61f1c,f9fe7a6c-9a44-59e2-a4cc-fef69cc2e48e,2,684.00,0.00
d8c6d211-1d9a-5e07-8c2a-d631f8afc43b,8372625f-2fe0-5dd8-a0f3-cd758f23068d,1c3b9a21-09fa-5c21-bdad-35f2eb8a273f,5,1126.26,281.56
6f190015-ec1b-5469-96c6-230d63f225ee,8372625f-2fe0-5dd8-a0f3-cd758f23068d,559ab41c-d860-5ab1-aaa1-483577af7b67,5,305.73,0.00
9a7d8a84-3519-59f6-b501-ec02d81b6e42,8372625f-2fe0-5dd8-a0f3-cd758f23068d,e69a7c0b-6875-5a37-a379-abbc430fb47b,6,1211.55,0.00
ebb39071-0b0d-5253-899e-4db02ee701ee,8372625f-2fe0-5dd8-a0f3-cd758f23068d,c3e9c7fb-d6ab-5171-a827-7aad6b6d2342,8,1198.11,958.49
1dede637-f4e0-5e11-9712-f7f3d3bea42b,8372625f-2fe0-5dd8-a0f3-cd758f23068d,f65edfe2-43ae-59f6-b37a-f98344e1a998,4,1061.75,424.70
2681335c-3131-595d-86e4-956aebba4caa,a44dd44d-b7b8-5907-befa-b2f2c10b7fd1,3205bb8a-e766-5617-a3d4-78aaa9883bc8,5,1355.84,1016.88
3c9a8ad8-a39e-5b05-9efd-83bf0e591f91,58112d41-7b2a-56bd-bb33-80c37b882aed,8a195dd5-491c-532c-9a61-886a24d451c0,1,1141.76,57.09
d3f80dfe-478e-59f0-9ebe-a9bed039f9f3,58112d41-7b2a-56bd-bb33-80c37b882aed,39cb20a1-5dca-5b11-90c4-3e96e441ed0c,4,447.96,89.59
e4cd5330-dcec-57f5-b834-af712710e7fa,58112d41-7b2a-56bd-bb33-80c37b882aed,8ac2c18a-5896-572a-9f44-f5d60109258d,5,270.85,0.00
a446f2ae-bede-57f9-b821-218b189193f2,31f71970-fc49-5273-b7c0-ba6d2cd22a8b,2f2113cc-589a-55b5-846a-78fddce3a3c9,10,688.27,688.27
b720905c-e620-554e-9b47-c3fd5c08113a,31f71970-fc49-5273-b7c0-ba6d2cd22a8b,8ac2c18a-5896-572a-9f44-f5d60109258d,11,270.85,148.97
4620d4c7-b640-5376-96c0-4df810aadede,31f71970-fc49-5273-b7c0-ba6d2cd22a8b,1dd457fd-1d71-5eb5-b684-6f07d43e876c,11,897.97,987.77
16c724f3-df74-5975-964c-d87f42afbcc7,73e04a07-377e-5a6d-a64c-66948c512123,e53c7da2-eb34-5499-8fd8-380dd673ea82,12,1587.45,0.00
f26138e4-fb06-5231-a649-12d77b7ab911,73e04a07-377e-5a6d-a64c-66948c512123,1dd457fd-1d71-5eb5-b684-6f07d43e876c,4,897.97,538.78
4f1b65c0-1ba0-5bb3-a3e5-ea65984c0f97,73e04a07-377e-5a6d-a64c-66948c512123,db43f9b2-c956-5785-8950-8287c47db3ae,2,894.98,0.00
6863386c-30c6-5190-b6f8-5739edc46b7b,cffd18a3-0012-5cb2-bb8f-7a58c401aa42,13ea52a1-6b55-57c7-b84e-acf7fb92f106,6,368.84,221.30
32efd45a-ab7f-5d8c-883a-eb8112f4516a,cffd18a3-0012-5cb2-bb8f-7a58c401aa42,12003734-bab7-5410-8c89-f9a8c4967dea,4,1269.66,0.00
cc8839f4-cfa5-5314-96bc-339dce2c55cc,c3467c20-4cbd-5156-9251-05942c3da061,43d6da55-777b-55ef-8cf5-d4cc7bfa63ad,6,1159.60,1043.64
efe65c5f-2295-50a2-b5f2-6b27bf7fd6c1,c3467c20-4cbd-5156-9251-05942c3da061,1cc795b2-21b3-5c5e-84f0-8f1fa20a6dd4,5,668.78,501.58
5f0263da-5b6c-5c49-a4b2-240cd96344b0,c3467c20-4cbd-5156-9251-05942c3da061,8dfa6632-930f-5fdc-b7cd-8d5908a33d66,9,271.74,122.28
a57611df-2514-5ee0-a35e-4e8eb869f1d2,c3467c20-4cbd-5156-9251-05942c3da061,c3e9c7fb-d6ab-5171-a827-7aad6b6d2342,6,1198.11,1078.30
aa7382dd-8715-5d0d-836e-67186e322833,bc77da61-ff8e-5ec5-93d0-687a90b9e95c,fd5d29e1-571f-589d-be31-aa00127c02aa,6,943.56,0.00
119e8bc7-f00f-5cad-99e3-d89cbe4267b7,bc77da61-ff8e-5ec5-93d0-687a90b9e95c,591abda9-fd16-5958-b0e9-586f0dfa6e54,7,875.54,612.88
70f8ef81-c1a4-592e-bdd6-80b5d36c7f07,bc77da61-ff8e-5ec5-93d0-687a90b9e95c,deaf9542-d65c-5f41-b22e-b1d033baea7a,4,1236.17,494.47
65c4b068-d047-50eb-bd0b-150c46b98340,bc77da61-ff8e-5ec5-93d0-687a90b9e95c,cb09f248-037d-5a0d-9970-99cb102c05d8,5,1006.42,0.00
a83c1ea3-24a8-5b2c-9fe6-6b07a813a4f0,bc77da61-ff8e-5ec5-93d0-687a90b9e95c,ac03c1f7-3948-530e-8de5-80756984ab20,4,564.84,0.00
64fb7803-457e-5f7b-91cc-c92ddf5e5ea8,1559e55e-8ba3-5b80-b08e-ee385116030a,75679cf6-5497-5e69-b773-db773bc6a245,5,1441.14,0.00
0200c3a2-f9fd-566f-9430-52c56680f934,1559e55e-8ba3-5b80-b08e-ee385116030a,2f2113cc-589a-55b5-846a-78fddce3a3c9,9,688.27,619.44
d904a39f-7f56-502f-84ec-2c8b31f476b5,1559e55e-8ba3-5b80-b08e-ee385116030a,deaf9542-d65c-5f41-b22e-b1d033baea7a,6,1236.17,0.00
713a7418-68e1-50f2-900a-c5ecaacf3435,30714baa-bac3-5d97-b9ee-272650b16862,1760c2e4-563f-5bac-abcd-baf5317434c8,4,1665.26,0.00
be282b37-20bc-5c45-b280-f75217180d40,30714baa-bac3-5d97-b9ee-272650b16862,e139b0f5-6ca3-5ccb-8610-5a52b4b0eb6c,12,1053.19,0.00
5e541db4-7f9a-576c-8f3e-1a68b712b692,6a01d2e1-5acf-524d-ba6b-aeb53a197dd7,1fa2b768-1b9d-5b9c-befa-fac1ccb97563,2,771.34,77.13
126b5979-79e2-5623-8c77-a217db79debb,6a01d2e1-5acf-524d-ba6b-aeb53a197dd7,01351cb5-bcf4-52ee-88a1-c6442df67004,10,1268.11,0.00
19ab7b32-59aa-588d-8011-719d79edb110,6a01d2e1-5acf-524d-ba6b-aeb53a197dd7,1dd457fd-1d71-5eb5-b684-6f07d43e876c,10,897.97,1346.96
f6acfb79-1771-51c8-b9fe-0e97cc299ede,6a01d2e1-5acf-524d-ba6b-aeb53a197dd7,d68351a2-cf36-5984-a091-28a9f5b6bb7e,6,1017.79,0.00
cf8aca14-cf4a-58bd-afad-9c71152902f8,68b45f8c-327f-5d8c-8584-79649ad4af63,591abda9-fd16-5958-b0e9-586f0dfa6e54,2,875.54,87.55
10d4d559-b0b2-5732-8135-959d6d8c4ac1,68b45f8c-327f-5d8c-8584-79649ad4af63,d37c44df-541b-5bf4-b395-65b41bac88a8,9,1334.93,0.00
1a52cddc-cf52-558a-b5e2-305655f31a82,68b45f8c-327f-5d8c-8584-79649ad4af63,b6edaedb-a02c-5fbc-b05c-2b5d8deb20c4,11,1512.83,1664.11
8ee4bf52-50ee-5433-a976-7152930eb456,57b84fba-e8c8-52ee-af54-76e286a69886,bab29423-27f9-5732-bd8b-a403c95b1a96,10,947.18,473.59
8ba698d5-98a9-5503-bd8e-72d2d2cf264e,57b84fba-e8c8-52ee-af54-76e286a69886,228ccd2f-642c-5fdf-abf0-129af98a3568,1,148.91,22.34
75f2bcc8-d65b-5141-b187-9708fdacd4a3,d061c8dd-0d99-5ed7-9fcd-f1271b10156a,eff08d1d-eb3b-559a-8ca9-60c7b365af52,7,1515.93,0.00
6ec29ff1-20f2-5140-b464-2043ec65cc2d,522362a9-5063-50f0-b46d-d38c85ce249d,1dd10a82-5cdc-539f-af3f-d3f255171973,6,107.50,32.25
5d46bcef-c1c6-57de-8441-1b4777ee10f7,522362a9-5063-50f0-b46d-d38c85ce249d,8a195dd5-491c-532c-9a61-886a24d451c0,6,1141.76,0.00
67f8c4d7-5c9d-5a62-9484-b1c5f03b9055,522362a9-5063-50f0-b46d-d38c85ce249d,1c3b9a21-09fa-5c21-bdad-35f2eb8a273f,2,1126.26,225.25
83b078bb-c1a0-5ce5-aee2-dee65feb0557,522362a9-5063-50f0-b46d-d38c85ce249d,952e981c-e5c2-53da-984a-78dc5e3b1ad4,10,130.99,65.50
39644396-d85c-57a5-baeb-3e6e2e6e1650,f4ace144-ac0d-5fde-8137-3778fb95edce,591abda9-fd16-5958-b0e9-586f0dfa6e54,7,875.54,612.88
166367bb-c8fc-5de3-9825-94d59889e906,f4ace144-ac0d-5fde-8137-3778fb95edce,e691a6a3-7dd7-5d95-b97e-997e3af77227,3,551.10,248.00
0a6ef714-a1b7-5c24-bea2-e4df753a9ac9,f4ace144-ac0d-5fde-8137-3778fb95edce,39cb20a1-5dca-5b11-90c4-3e96e441ed0c,12,447.96,0.00
daa25be3-e450-556e-a392-da103db56a13,f4ace144-ac0d-5fde-8137-3778fb95edce,3d307d78-b10f-5539-a951-7bcc9fd17161,5,1342.24,1006.68
86df9959-e105-5ade-8189-c4bc0ee96b7f,f811ed1b-361d-5b4a-9262-ac2822975635,d6b2e2d8-f41b-5418-ba12-fcffc0aa6508,4,1950.05,390.01
775ec6d0-7abd-56b1-ab7a-4aa6ba737774,f811ed1b-361d-5b4a-9262-ac2822975635,e53c7da2-eb34-5499-8fd8-380dd673ea82,9,1587.45,0.00
e4c99d12-054e-5fa4-9d93-36a25305dbaa,f811ed1b-361d-5b4a-9262-ac2822975635,0caef625-914f-5fea-8e59-19b212bfbd46,4,1252.51,0.00
331ae5eb-e35f-5156-822a-f52f3e1ac792,f811ed1b-361d-5b4a-9262-ac2822975635,5d462a8e-32e0-59ad-ae5c-9d66eda72663,10,326.98,326.98
fc08c4e5-b18b-520c-804a-183836a30168,44d4b4a6-b3ad-55a4-8ea4-64db2882204b,cd410e43-ec3c-524b-84c6-84482a7b1204,5,549.24,0.00
6e5b60a0-2ab4-50c1-8112-caefb7cbde00,44d4b4a6-b3ad-55a4-8ea4-64db2882204b,6469a098-75a3-5b3b-839a-ad075a8e67ad,10,728.47,364.24
4b1927be-1ab9-5908-ac68-157ed85d9b5b,44d4b4a6-b3ad-55a4-8ea4-64db2882204b,3d307d78-b10f-5539-a951-7bcc9fd17161,10,1342.24,0.00
6146c947-ae04-587d-91ee-e412e8bf65ae,44d4b4a6-b3ad-55a4-8ea4-64db2882204b,c0bff87f-f764-5151-8aec-dda48ea91847,6,437.68,393.91
7e75646a-c337-57ce-9b5c-114eaac33ab5,f357d957-e854-5a39-9c61-9a1bb7db1997,39cb20a1-5dca-5b11-90c4-3e96e441ed0c,9,447.96,201.58
819a411e-e39a-56d7-b085-0db7e3a7bf38,f357d957-e854-5a39-9c61-9a1bb7db1997,de536700-41fe-55c3-beb9-bfb9849c872b,1,1685.26,252.79
388dd5b4-4526-54a0-bf64-ba4f4c28b355,d637c96c-f2d7-5795-8398-4ac10b02858c,dee51c26-0113-56c0-a9c6-edbcfc488df1,5,83.53,41.76
70bccb6e-2d2c-56aa-911c-16a0898e529e,d637c96c-f2d7-5795-8398-4ac10b02858c,851c23cd-3716-5170-b9ac-0c25ddc7c95c,12,497.01,298.21
6bc69d3d-e99a-54f5-a075-3ba41d8bf233,d637c96c-f2d7-5795-8398-4ac10b02858c,b4b5a0e3-641b-562e-8386-bff3564cf295,1,158.25,23.74
0b18e099-18a6-56fc-88a2-cc82400d7fcb,1930c110-cffe-5046-97cd-b00fa4d3cad0,d520aef1-b021-5cf0-a1d3-9e7e6d31aab7,6,568.52,341.11
04742c0f-455b-5dfb-ad58-a538807c9cf2,1930c110-cffe-5046-97cd-b00fa4d3cad0,0eb49bc4-406e-5d63-a28c-3e5b6ef668e4,5,1139.13,569.56
04bdf14e-dd59-5706-8322-fa793b5bc676,1930c110-cffe-5046-97cd-b00fa4d3cad0,75679cf6-5497-5e69-b773-db773bc6a245,6,1441.14,1297.03
72d236f7-0f23-5aff-a947-4f8591a476dc,1930c110-cffe-5046-97cd-b00fa4d3cad0,9e165d6f-802f-5694-a25a-20885ba2aa7f,11,433.03,0.00
f524e3c8-7dc5-5143-bfa9-3d657cd3f46e,1930c110-cffe-5046-97cd-b00fa4d3cad0,88f79184-2cf9-5f72-8e4a-cedfa68d9d06,2,475.83,47.58
3dcf6855-fabe-50e4-9e78-7944e2a555d8,02fd67ba-19da-5287-b5fb-a2dedc99f9e3,d96da70b-0cb5-58c8-928a-aafb2d90b154,12,1827.60,1096.56
d2612512-9584-5ed1-95f4-b78d80ac8138,02fd67ba-19da-5287-b5fb-a2dedc99f9e3,e3b2c918-6a66-5db3-87f9-e5c71515f2ab,12,1297.73,0.00
ebb7a196-ea15-5e95-9624-4a1978e838df,02fd67ba-19da-5287-b5fb-a2dedc99f9e3,db43f9b2-c956-5785-8950-8287c47db3ae,9,894.98,0.00
211ea24f-de34-55cb-8bf9-31bafc146250,4ea27b95-67ba-543c-aad8-13d5b13c5c94,cdea42fb-ee49-5a22-a213-56a8f9fcb148,11,1597.00,1756.70
81f4ff2c-0f7d-51be-805f-bd6ce480bbb8,4ea27b95-67ba-543c-aad8-13d5b13c5c94,f350d57a-8885-50f1-b76a-29f7a8057a35,5,1251.43,625.72
1889daf8-1ed1-5fee-a08a-058df28c16e4,d2853e9f-e634-5918-98df-321aae750ca6,e3b2c918-6a66-5db3-87f9-e5c71515f2ab,5,1297.73,0.00
96ddfe8d-4a55-5354-9539-859340a3bbff,d2853e9f-e634-5918-98df-321aae750ca6,241d3cd0-ef2c-56b8-bb75-b039a61b370a,11,378.32,0.00
f19c1c79-9c74-5128-a8b4-5f6e524f4989,d2853e9f-e634-5918-98df-321aae750ca6,b6464168-fc86-5543-9805-0861ea9c66cc,8,1065.14,1278.17
96014ae3-1f78-59f5-92e9-0f44c08f2e2d,d2853e9f-e634-5918-98df-321aae750ca6,f65edfe2-43ae-59f6-b37a-f98344e1a998,11,1061.75,583.96
d2153ba8-0cac-55f3-bc8c-65996c112c4e,218af52f-fad5-52df-bc8c-49316c45ae5e,1760c2e4-563f-5bac-abcd-baf5317434c8,4,1665.26,333.05
d787cf55-ebfa-5cc4-9551-fc4517b2ec99,f03a8104-0cf8-5e34-a988-b6ba429d4f26,af3fc15f-c662-5a5e-9e9c-3b2d4e1b6029,7,1539.94,0.00
2476d296-38cf-5700-8537-4f1aeddf9310,52c9f35b-918f-530c-ba0b-22864cd74b82,cb09f248-037d-5a0d-9970-99cb102c05d8,2,1006.42,0.00
c48eb4cb-02d1-50ee-a804-bab822a73a21,52c9f35b-918f-530c-ba0b-22864cd74b82,e3b2c918-6a66-5db3-87f9-e5c71515f2ab,3,1297.73,194.66
51c00b9a-7d4f-5031-b7e2-4eb9e57646f6,52c9f35b-918f-530c-ba0b-22864cd74b82,9b6b9203-f582-59b6-b64c-309881607c86,6,876.23,788.61
3fe62db9-bb76-5d8b-afdf-e773eb21666b,6e278aaf-0488-520d-8d55-b92dccd41785,43d6da55-777b-55ef-8cf5-d4cc7bfa63ad,1,1159.60,0.00
7952f51f-4a2a-5a9c-8028-3150fb3d11e2,6e278aaf-0488-520d-8d55-b92dccd41785,8d892cdc-d358-5f2b-a85b-cbecc7e0a664,9,1003.20,0.00
ba64e4c0-8364-51fa-86a2-08f98d5da18b,6e278aaf-0488-520d-8d55-b92dccd41785,b5386670-1687-5260-ad33-97e5d697c425,2,902.07,0.00
18e2cf07-1ecc-5136-bfe1-b9502db68a09,6e278aaf-0488-520d-8d55-b92dccd41785,829935ce-9ec7-5afb-a542-873877c9ce31,11,378.45,208.15
5251fe23-0464-52b3-8b12-fb2f3da0e717,4f562b87-6fd2-57e9-ae37-8481d0d953c3,f218ba8f-81cf-5efd-ad55-5f4ef76110c2,12,1484.37,1781.24
7f4fde80-cfaf-5f37-8661-2baabbcfea80,b750b8b9-1915-5b9e-bfda-69cc126eac2c,1ac8de35-b264-5704-978e-ce8dc08dd02d,12,452.98,271.79
df764c3e-3d1f-505d-9c4b-15a86944fd36,b750b8b9-1915-5b9e-bfda-69cc126eac2c,91bd15e4-105e-5926-abe6-7ceaf8c07375,6,393.96,0.00
b9dc7d12-6f2a-56be-ad6a-af28982e8949,139bcfde-cded-51f6-8008-1fcffe37a056,1cc795b2-21b3-5c5e-84f0-8f1fa20a6dd4,5,668.78,167.20
ec8847af-7b01-53bf-a1c8-4e6540416fa0,139bcfde-cded-51f6-8008-1fcffe37a056,f218ba8f-81cf-5efd-ad55-5f4ef76110c2,8,1484.37,1187.50
30c5a9d9-95bd-5474-b7c8-f0a2a8576af9,139bcfde-cded-51f6-8008-1fcffe37a056,508dfc85-5bf2-5709-b1e3-06ff86d5acb8,3,387.07,174.18
6cfd64ae-704e-5a0f-94b9-f2081538f285,139bcfde-cded-51f6-8008-1fcffe37a056,45669348-c1a3-5956-bbf2-d29bd438fbdc,12,536.14,0.00
60f6e3f4-a3b7-5b1c-9049-60a3b269833c,139bcfde-cded-51f6-8008-1fcffe37a056,1c3b9a21-09fa-5c21-bdad-35f2eb8a273f,7,1126.26,394.19
7f5e8172-43e3-5647-8762-3026c501628c,87b7c43b-67bb-5398-af39-3a9c88e4a450,a042ed60-9218-5159-876b-6c4dd0e5f934,1,381.33,0.00
277d118a-8eab-594e-bf2a-b711e30b0420,87b7c43b-67bb-5398-af39-3a9c88e4a450,952e981c-e5c2-53da-984a-78dc5e3b1ad4,12,130.99,0.00
1bb2ea42-402c-51ce-a8cf-d02aed35f3a2,87b7c43b-67bb-5398-af39-3a9c88e4a450,cb09f248-037d-5a0d-9970-99cb102c05d8,3,1006.42,301.93
7daaa2b1-1866-5e0a-b559-673f39830632,87b7c43b-67bb-5398-af39-3a9c88e4a450,f350d57a-8885-50f1-b76a-29f7a8057a35,6,1251.43,375.43
fabe9163-49dc-54a1-addb-29d1ae15e610,87b7c43b-67bb-5398-af39-3a9c88e4a450,deaf9542-d65c-5f41-b22e-b1d033baea7a,4,1236.17,247.23
c87bd423-760a-56a4-972a-ae9d2030a634,74e0704a-3989-53fd-817c-d8a2e452a6ff,2f2113cc-589a-55b5-846a-78fddce3a3c9,3,688.27,103.24
6df459ec-985b-5a12-ba66-2b8f3db0a9a4,74e0704a-3989-53fd-817c-d8a2e452a6ff,896e7662-34d0-5631-bb0f-b5ce6b0ad1ba,1,1691.47,84.57
6cfef0a9-09f2-5ac7-9016-323d3484bd31,74e0704a-3989-53fd-817c-d8a2e452a6ff,1657c1e2-1668-5957-a5e5-822140c08707,11,1260.09,693.05
3abd0f03-8e72-5370-afc6-1a8470f4961c,74e0704a-3989-53fd-817c-d8a2e452a6ff,fb4140fc-b3c1-5a6a-8613-9b068fdd2b39,5,931.77,465.88
7ed6d677-5f19-5b9b-a3c8-4381440e96f8,7c80a217-34b4-5d0c-bd76-b4ee16cc4c6f,8d892cdc-d358-5f2b-a85b-cbecc7e0a664,2,1003.20,300.96
3d2d9895-247a-5b92-bc71-ae857b99cc15,7c80a217-34b4-5d0c-bd76-b4ee16cc4c6f,fd5d29e1-571f-589d-be31-aa00127c02aa,3,943.56,141.53
13a31fbc-be37-588e-8a94-be1850a62adb,7c80a217-34b4-5d0c-bd76-b4ee16cc4c6f,e69a7c0b-6875-5a37-a379-abbc430fb47b,7,1211.55,0.00
3ee14f72-76cd-5ed8-ab71-d0335dac2dff,7c80a217-34b4-5d0c-bd76-b4ee16cc4c6f,0caef625-914f-5fea-8e59-19b212bfbd46,12,1252.51,1503.01
cccf98b4-c44d-5f3c-8712-7369ee2a5d9b,2658b57e-62e2-5543-9418-1932879b6413,1760c2e4-563f-5bac-abcd-baf5317434c8,8,1665.26,1332.21
df6d1f3e-940d-533f-b9df-477d9f87e782,92ce60df-d98e-589c-877d-3c1aabee102e,db630ac7-839d-5331-93df-dc621d8357b6,11,582.16,320.19
3d6c1fa3-b174-533b-8365-7c158c1d9957,92ce60df-d98e-589c-877d-3c1aabee102e,8a195dd5-491c-532c-9a61-886a24d451c0,3,1141.76,0.00
6a057373-ea94-5f2e-9d7a-6ae5a16ec3e0,92ce60df-d98e-589c-877d-3c1aabee102e,f350d57a-8885-50f1-b76a-29f7a8057a35,7,1251.43,876.00
bfb16f4a-0b7f-574d-8bfd-9d21ef0033d1,92ce60df-d98e-589c-877d-3c1aabee102e,241d3cd0-ef2c-56b8-bb75-b039a61b370a,7,378.32,0.00
72d8b8fd-ac56-5835-a75b-e75f68b301dc,92ce60df-d98e-589c-877d-3c1aabee102e,6469a098-75a3-5b3b-839a-ad075a8e67ad,3,728.47,0.00
b2534a16-dd9b-5ff9-9cf1-47ffacca6240,5d0bb71e-21aa-52c7-839b-a2149609d446,fd5d29e1-571f-589d-be31-aa00127c02aa,4,943.56,188.71
6da08cce-7c91-50fb-91e9-91b885d06b9b,5d0bb71e-21aa-52c7-839b-a2149609d446,86eda21c-1dbc-500a-9201-b7d6b0786cc8,11,1060.50,1749.82
c819b970-6121-500e-bb63-5acd9997299d,5d0bb71e-21aa-52c7-839b-a2149609d446,e3b2c918-6a66-5db3-87f9-e5c71515f2ab,3,1297.73,0.00
35afef41-18d5-5229-82c4-8b51278a941e,d187951b-a818-5799-806f-dec20933f207,1fa2b768-1b9d-5b9c-befa-fac1ccb97563,1,771.34,0.00
f3b6402f-8b86-5868-a060-d2458bc42d06,d187951b-a818-5799-806f-dec20933f207,8d6058a9-d9fb-546e-b841-e6b4a0978311,12,1083.86,0.00
4da6b629-d058-53b5-84c1-79c63b724ae7,d187951b-a818-5799-806f-dec20933f207,d520aef1-b021-5cf0-a1d3-9e7e6d31aab7,1,568.52,85.28
71ddcd1e-353b-5500-8607-4ec5f5e9e247,d187951b-a818-5799-806f-dec20933f207,1c3b9a21-09fa-5c21-bdad-35f2eb8a273f,11,1126.26,1238.89
90099440-720b-5fb5-b1d1-d705afc54207,e1111981-9d1f-51e2-b62f-40299068084e,b6464168-fc86-5543-9805-0861ea9c66cc,6,1065.14,0.00
99aeb88c-e8c6-5d6b-a024-cbcc8ee5b327,e1111981-9d1f-51e2-b62f-40299068084e,3d307d78-b10f-5539-a951-7bcc9fd17161,9,1342.24,1208.02
c7a2444e-8229-50d2-b385-f627268d216f,e0a7e0e4-f261-5725-9880-b9b1cd238001,cd410e43-ec3c-524b-84c6-84482a7b1204,5,549.24,137.31
e5caa7c5-ce2c-5f8a-af1a-4e04d206fb04,e0a7e0e4-f261-5725-9880-b9b1cd238001,13e04507-297b-56af-85d7-75b609d982a1,2,652.61,130.52
10278227-805f-50f9-bba9-7b088413a0aa,e0a7e0e4-f261-5725-9880-b9b1cd238001,e139b0f5-6ca3-5ccb-8610-5a52b4b0eb6c,6,1053.19,631.91
79b8bb71-0a03-5676-9136-c31e917c1217,e0a7e0e4-f261-5725-9880-b9b1cd238001,c0bff87f-f764-5151-8aec-dda48ea91847,2,437.68,131.30
179bd881-6d04-5b63-ac75-eb9e49b2c47a,290004e3-d981-5956-b23a-9f27d284edd3,591abda9-fd16-5958-b0e9-586f0dfa6e54,9,875.54,1181.98
39186e10-2a65-5053-8fa9-92fc37bc7f97,290004e3-d981-5956-b23a-9f27d284edd3,c2be7cd9-f7ee-544a-9ceb-7052826da8ce,5,183.13,0.00
b981d8b2-8d17-5759-8778-2e83ea243e9c,290004e3-d981-5956-b23a-9f27d284edd3,1fa2b768-1b9d-5b9c-befa-fac1ccb97563,4,771.34,0.00
6f6260a1-d60c-5c13-bda0-0c0e26f04233,290004e3-d981-5956-b23a-9f27d284edd3,a042ed60-9218-5159-876b-6c4dd0e5f934,4,381.33,0.00
bcf720e6-dd5a-5b4d-8a32-6f59b64343a3,290004e3-d981-5956-b23a-9f27d284edd3,1dd457fd-1d71-5eb5-b684-6f07d43e876c,3,897.97,269.39
68493b33-d785-5167-8cbf-9a725edb3431,e1ee90c5-9251-5dd4-81fa-a1a6fdd66513,e53c7da2-eb34-5499-8fd8-380dd673ea82,1,1587.45,0.00
0507656d-2302-520a-89d5-da99b78302b9,e1ee90c5-9251-5dd4-81fa-a1a6fdd66513,cd410e43-ec3c-524b-84c6-84482a7b1204,1,549.24,0.00
5071acd6-36f3-526b-9ddb-b35ed5f78fa2,e1ee90c5-9251-5dd4-81fa-a1a6fdd66513,8b12c834-e054-5502-85aa-99d1eb81eee0,11,1393.76,1533.14
47e52110-d916-5ae5-9f42-576a7d06de42,e1ee90c5-9251-5dd4-81fa-a1a6fdd66513,db43f9b2-c956-5785-8950-8287c47db3ae,8,894.98,0.00
29e94934-a391-56d5-8dfc-99920d791992,bf15fc14-d40e-5725-9125-c36a8100f109,228ccd2f-642c-5fdf-abf0-129af98a3568,5,148.91,37.23
eec2b1b8-12d1-5391-8f91-8b71d8d96b92,5f2e6bc0-b766-5527-89b7-de6aec8d9349,c0bff87f-f764-5151-8aec-dda48ea91847,5,437.68,218.84
23c68bfc-c371-5a68-94bc-51aebb15d6ff,5f2e6bc0-b766-5527-89b7-de6aec8d9349,1dd457fd-1d71-5eb5-b684-6f07d43e876c,8,897.97,1077.56
adbdd523-7f12-5d31-a657-9161258157a0,5f2e6bc0-b766-5527-89b7-de6aec8d9349,b6edaedb-a02c-5fbc-b05c-2b5d8deb20c4,4,1512.83,907.70
096fc732-0c1e-57fd-8ef8-65db9ab2a93e,e566ef49-3049-57b0-81df-69242d134517,13ea52a1-6b55-57c7-b84e-acf7fb92f106,5,368.84,92.21
8f73e6ae-6cad-52cb-9dca-e8aae8696231,e566ef49-3049-57b0-81df-69242d134517,7169fcc7-7527-510c-b88d-bdcd257ce105,4,1025.31,0.00
2e205996-c0b4-5fb1-a194-2d9e7b76a985,9bd7750d-c2f0-5326-ab70-17bd46198057,f350d57a-8885-50f1-b76a-29f7a8057a35,2,1251.43,125.14
b4693b5e-6afc-5ff0-a204-ef13ae9bfa86,9bd7750d-c2f0-5326-ab70-17bd46198057,8a195dd5-491c-532c-9a61-886a24d451c0,8,1141.76,456.70
53d23d49-a57f-55f4-b1dc-6ed420b0c6f0,9bd7750d-c2f0-5326-ab70-17bd46198057,9f7bfd37-85ae-5a17-9b9f-5dafe3ec68ee,1,1138.16,56.91
a6306c12-1fae-5743-b47c-b2689338a40b,9bd7750d-c2f0-5326-ab70-17bd46198057,3d307d78-b10f-5539-a951-7bcc9fd17161,1,1342.24,67.11
fcb7424a-4deb-5c49-aaa5-2023aada0a36,15b5470d-6988-585f-9250-c67a2a5d1ad8,228ccd2f-642c-5fdf-abf0-129af98a3568,12,148.91,0.00
7ccaf0b6-9487-5b00-a60a-86aedbc33254,15b5470d-6988-585f-9250-c67a2a5d1ad8,8d6058a9-d9fb-546e-b841-e6b4a0978311,1,1083.86,54.19
8163d682-7b5c-5945-9808-b97aa64066e7,15b5470d-6988-585f-9250-c67a2a5d1ad8,d96da70b-0cb5-58c8-928a-aafb2d90b154,1,1827.60,274.14
7fe42b68-99f9-5236-9ba0-ba33b088c548,67ec7478-de48-516f-b843-a804e6fb8962,9a2e8c5f-4d3e-5cb8-ba78-f2bd562ee61b,4,688.27,0.00
7a861ab4-1ee4-5a83-a92c-c6795c66374f,67ec7478-de48-516f-b843-a804e6fb8962,c0bff87f-f764-5151-8aec-dda48ea91847,2,437.68,43.77
aa0918b4-88e6-5dd0-8215-efa665246cd5,67ec7478-de48-516f-b843-a804e6fb8962,7169fcc7-7527-510c-b88d-bdcd257ce105,10,1025.31,1025.31
1aeff444-2397-5ae5-9168-0e9132cc7a49,67ec7478-de48-516f-b843-a804e6fb8962,0eb49bc4-406e-5d63-a28c-3e5b6ef668e4,10,1139.13,1708.70
a898f769-d7a4-5d25-ada1-63535a7b08fa,67ec7478-de48-516f-b843-a804e6fb8962,1dd457fd-1d71-5eb5-b684-6f07d43e876c,4,897.97,179.59
abc8ec37-afdf-53ea-b3e2-dc0e3940f574,077aa2af-62f9-5f24-94d5-20094c1c9add,f65edfe2-43ae-59f6-b37a-f98344e1a998,9,1061.75,955.58
9cd5815b-7d59-5f75-88f2-26d287bf9fa5,077aa2af-62f9-5f24-94d5-20094c1c9add,2f2113cc-589a-55b5-846a-78fddce3a3c9,9,688.27,309.72
2edc2c99-3a37-512d-af8f-f2249345a480,077aa2af-62f9-5f24-94d5-20094c1c9add,e139b0f5-6ca3-5ccb-8610-5a52b4b0eb6c,2,1053.19,0.00
b9fc8560-b711-5b75-9369-e43dc5e40e23,077aa2af-62f9-5f24-94d5-20094c1c9add,e691a6a3-7dd7-5d95-b97e-997e3af77227,8,551.10,661.32
1902f000-1296-5597-a184-bd46a5d84087,077aa2af-62f9-5f24-94d5-20094c1c9add,ac03c1f7-3948-530e-8de5-80756984ab20,12,564.84,0.00
986df20b-5298-581f-891e-3fb925669a4c,af230458-6e1e-5baf-bfc0-2af131eb565e,fb4140fc-b3c1-5a6a-8613-9b068fdd2b39,2,931.77,0.00
edd91722-7638-5d36-a25e-e30597031538,af230458-6e1e-5baf-bfc0-2af131eb565e,8d892cdc-d358-5f2b-a85b-cbecc7e0a664,10,1003.20,1504.80
b1a5b904-4f79-5b67-93ef-53ca185a1240,af230458-6e1e-5baf-bfc0-2af131eb565e,9e165d6f-802f-5694-a25a-20885ba2aa7f,1,433.03,43.30
a372eabc-314c-573f-9bb4-e43004c259dc,52b60236-7644-5ec1-92ee-75b6a2b007f6,1ac8de35-b264-5704-978e-ce8dc08dd02d,3,452.98,135.89
59e41a03-7e90-51ee-84cc-bbe4618e1f7a,43465b6c-9f7a-564d-93d2-d81d161df076,aa67b9d9-b4e2-53f3-9447-ca933b53344f,10,1163.44,0.00
0f8d8ffa-4f4a-568a-be32-9f5cdff909eb,98de493e-c48f-54c7-a8ea-b7e0e1119510,cdea42fb-ee49-5a22-a213-56a8f9fcb148,12,1597.00,1916.40
d7320626-7793-5897-857a-a4281cbfc52a,98de493e-c48f-54c7-a8ea-b7e0e1119510,851c23cd-3716-5170-b9ac-0c25ddc7c95c,8,497.01,0.00
f847d93c-c884-5100-bb7c-c427ea1938c1,98de493e-c48f-54c7-a8ea-b7e0e1119510,5d462a8e-32e0-59ad-ae5c-9d66eda72663,5,326.98,81.74
449fc1ee-f8cd-512a-bad2-92b590983749,91e05df5-f324-5e70-96dd-7b09553fcde6,cdea42fb-ee49-5a22-a213-56a8f9fcb148,5,1597.00,399.25
0f8d848e-bb12-5afb-945d-db257de07a31,16149a3c-cfe2-5500-a2d9-207e73881e83,f350d57a-8885-50f1-b76a-29f7a8057a35,8,1251.43,1501.72
b5dbc01f-e464-5f75-a052-658dc1ebbf6a,16149a3c-cfe2-5500-a2d9-207e73881e83,0137b3c3-db39-5e56-abf7-8ae43bc349ad,4,1129.31,225.86
1ed8143a-bb6e-510d-b15c-cbb2ba5cfd0a,16149a3c-cfe2-5500-a2d9-207e73881e83,7169fcc7-7527-510c-b88d-bdcd257ce105,11,1025.31,0.00
ee561f24-8864-59cf-b9e3-0c733439e5e9,70884f09-ac20-57d6-a347-295aaae95f99,aa67b9d9-b4e2-53f3-9447-ca933b53344f,8,1163.44,1396.13
85cc8da3-90b3-55e8-848b-f99b54e0e285,70884f09-ac20-57d6-a347-295aaae95f99,5d79cff2-0e77-58a2-b1bf-c506ed3c98bd,7,822.40,287.84
6149208d-202e-51cf-8f56-3bb0040f6ddb,70884f09-ac20-57d6-a347-295aaae95f99,b5386670-1687-5260-ad33-97e5d697c425,10,902.07,451.04
b958ad46-579a-5f91-a41c-ba1c8a862f40,70884f09-ac20-57d6-a347-295aaae95f99,12003734-bab7-5410-8c89-f9a8c4967dea,8,1269.66,1523.59
0367575e-a1ed-54b0-a814-13cd573b2758,d65bd83d-c29f-5445-b594-97251447a05b,2e263bcd-bacc-5f51-b35b-70d1674f4dc5,3,370.19,0.00
4bac36b4-6005-5491-9744-843768686b6c,d65bd83d-c29f-5445-b594-97251447a05b,12003734-bab7-5410-8c89-f9a8c4967dea,7,1269.66,0.00
5bbed782-dfdb-598b-97fc-f92a98450900,d65bd83d-c29f-5445-b594-97251447a05b,591abda9-fd16-5958-b0e9-586f0dfa6e54,8,875.54,0.00
35c4a0eb-739c-5ba6-9352-8e04d480b4d6,d65bd83d-c29f-5445-b594-97251447a05b,b4b5a0e3-641b-562e-8386-bff3564cf295,2,158.25,31.65
88756699-be4b-549a-b072-5a89deed6717,07d92488-ab89-5af6-a513-950433ec18f0,39cb20a1-5dca-5b11-90c4-3e96e441ed0c,10,447.96,0.00
9ccdba00-5151-5b8e-bfda-7c03aadf2d5a,07d92488-ab89-5af6-a513-950433ec18f0,4dbc0e6b-ab10-5b67-a928-f87e1ed2bb9a,11,233.65,257.02
b08dafd9-5f2d-5b75-8d7f-20baba935a5e,07d92488-ab89-5af6-a513-950433ec18f0,cb09f248-037d-5a0d-9970-99cb102c05d8,6,1006.42,905.78
fba952b1-ce69-5a10-a31c-9c4c524638f9,07d92488-ab89-5af6-a513-950433ec18f0,c2be7cd9-f7ee-544a-9ceb-7052826da8ce,1,183.13,27.47
76241da9-8d46-57ec-9dcc-49ca2bf5e451,f55f3529-d2f6-5b8e-8308-46e6af74c0e4,b4b5a0e3-641b-562e-8386-bff3564cf295,5,158.25,0.00
e04afe08-7d54-52cc-8295-bc25d5e4b83b,f55f3529-d2f6-5b8e-8308-46e6af74c0e4,e3b2c918-6a66-5db3-87f9-e5c71515f2ab,6,1297.73,778.64
5ea8f3c3-bce0-5995-9670-c8fe80afc4f1,f55f3529-d2f6-5b8e-8308-46e6af74c0e4,12003734-bab7-5410-8c89-f9a8c4967dea,3,1269.66,380.90
1d51f006-19ee-5b9d-8447-d9a966f258c1,f55f3529-d2f6-5b8e-8308-46e6af74c0e4,13e04507-297b-56af-85d7-75b609d982a1,12,652.61,1174.70
ed82c1bc-c1e4-56c5-9b86-ebe490c5b5ba,f55f3529-d2f6-5b8e-8308-46e6af74c0e4,b4065918-1c4b-50b6-b69a-d859f24bfe23,11,1132.17,0.00
f838523b-32eb-5d93-9c70-5e2fbeabe6e5,55b63c9b-d145-55e2-8561-882b6a11f306,88f79184-2cf9-5f72-8e4a-cedfa68d9d06,3,475.83,142.75
0cfb1d07-0b26-5d77-9d0e-5ba082fce441,e15321b0-be9a-5c54-84de-c597b5d9a950,c0bff87f-f764-5151-8aec-dda48ea91847,10,437.68,437.68
a9561aee-0398-5db6-b6a1-e4bd9d0a4c5b,7b8e34ad-21cc-5622-8c4f-b922ac54be98,af3fc15f-c662-5a5e-9e9c-3b2d4e1b6029,7,1539.94,0.00
ee710485-b609-54fe-9df1-d1d60c7e0db1,7b8e34ad-21cc-5622-8c4f-b922ac54be98,39cb20a1-5dca-5b11-90c4-3e96e441ed0c,2,447.96,0.00
22db2577-88f9-501f-a4b5-de2695b69fb4,7b8e34ad-21cc-5622-8c4f-b922ac54be98,1fa2b768-1b9d-5b9c-befa-fac1ccb97563,2,771.34,0.00
ec38ed2d-585b-5a13-bba5-01616d17467e,3c94bc72-5945-5146-8611-35023428c143,cd410e43-ec3c-524b-84c6-84482a7b1204,11,549.24,0.00
b31b45ab-e707-567a-a9ca-dcdc0953c2e3,926f78b8-2c88-5c22-9275-dc9c594e3d64,db43f9b2-c956-5785-8950-8287c47db3ae,6,894.98,268.49
1f3e4f28-20d9-5d6a-85d4-2823060bffaf,926f78b8-2c88-5c22-9275-dc9c594e3d64,0137b3c3-db39-5e56-abf7-8ae43bc349ad,7,1129.31,1185.78
bd1f14b5-45f0-53d0-98d1-4855d923c45a,f6844a7f-9219-5fba-9ef7-b53286217025,e3b2c918-6a66-5db3-87f9-e5c71515f2ab,3,1297.73,194.66
4edf0e27-4a08-5589-9030-12a831660041,f6844a7f-9219-5fba-9ef7-b53286217025,7169fcc7-7527-510c-b88d-bdcd257ce105,9,1025.31,1384.17
36a04e52-a980-59be-ad25-e008a7bff995,2dfa4983-2542-5abb-98a1-ec3dee984540,591abda9-fd16-5958-b0e9-586f0dfa6e54,3,875.54,131.33
068bdb8f-8a5a-578a-a49d-0cd02d73afad,2dfa4983-2542-5abb-98a1-ec3dee984540,8dfa6632-930f-5fdc-b7cd-8d5908a33d66,6,271.74,163.04
8ec1b21b-6297-5d0a-9e23-2d0cebf8d1e5,2dfa4983-2542-5abb-98a1-ec3dee984540,fb4140fc-b3c1-5a6a-8613-9b068fdd2b39,12,931.77,559.06
01bf918b-5fd9-5f0f-8e05-c51218de9315,2dfa4983-2542-5abb-98a1-ec3dee984540,e53c7da2-eb34-5499-8fd8-380dd673ea82,10,1587.45,0.00
864e2fd2-ce2b-5163-ba0c-feee30fe3f3a,02176726-1ac1-5d34-b134-dc583584d8d4,45669348-c1a3-5956-bbf2-d29bd438fbdc,2,536.14,107.23
ae5626ca-4ddc-50f6-bd9a-a06ead6bb914,02176726-1ac1-5d34-b134-dc583584d8d4,cdea42fb-ee49-5a22-a213-56a8f9fcb148,6,1597.00,1437.30
a82c5cec-d986-5514-9489-0c714ac23812,02176726-1ac1-5d34-b134-dc583584d8d4,f218ba8f-81cf-5efd-ad55-5f4ef76110c2,6,1484.37,890.62
54ce26ea-fb1b-57f1-b93d-131450e07289,02176726-1ac1-5d34-b134-dc583584d8d4,fb4140fc-b3c1-5a6a-8613-9b068fdd2b39,1,931.77,0.00
1e307186-3363-5ef4-9821-c281c8e2a176,daf0131e-04ce-58e1-b633-a2b71778aed6,e691a6a3-7dd7-5d95-b97e-997e3af77227,10,551.10,551.10
4fc8f683-0c49-5296-8b46-437c4dc095f8,daf0131e-04ce-58e1-b633-a2b71778aed6,80450a39-8a90-55da-adf7-0b6a1b84aeeb,12,1385.41,831.25
d3370e10-2137-5a29-a90c-d81120618726,daf0131e-04ce-58e1-b633-a2b71778aed6,f218ba8f-81cf-5efd-ad55-5f4ef76110c2,8,1484.37,593.75
6f7bf427-3001-53d8-99c7-3b975c2d8aa8,ad133858-e5b7-5c4e-a67a-6f5d359460e2,8b12c834-e054-5502-85aa-99d1eb81eee0,7,1393.76,0.00
1c7c3088-59a3-5728-a880-c45a010acd88,ad133858-e5b7-5c4e-a67a-6f5d359460e2,7169fcc7-7527-510c-b88d-bdcd257ce105,4,1025.31,615.19
8cb93a6f-d7e0-5407-bae0-5a248cbeb59b,ad133858-e5b7-5c4e-a67a-6f5d359460e2,201fb8e4-2c24-5483-b44d-4063694486b2,11,1026.69,564.68
49df0456-3ca9-51d5-ae7f-92a17099bf5c,ad133858-e5b7-5c4e-a67a-6f5d359460e2,1dd457fd-1d71-5eb5-b684-6f07d43e876c,11,897.97,1481.65
7d733996-94b7-52ba-9895-218fc1395d25,e2edc8de-f396-53f8-bb8a-4d35eccf2186,1760c2e4-563f-5bac-abcd-baf5317434c8,11,1665.26,2747.68
a20c3854-008e-582e-bee2-949c8a36fdc9,ba6c01d9-d764-5bd8-bfaa-163c6de76421,e139b0f5-6ca3-5ccb-8610-5a52b4b0eb6c,11,1053.19,0.00
1ced1e20-f5ee-57b4-b379-7639130eb436,82073c01-9bac-5e3b-beee-15601c2ce0a2,b6edaedb-a02c-5fbc-b05c-2b5d8deb20c4,10,1512.83,0.00
372c36a9-5c77-5245-9b80-448278690efd,82073c01-9bac-5e3b-beee-15601c2ce0a2,91bd15e4-105e-5926-abe6-7ceaf8c07375,1,393.96,0.00
2af89636-8612-5da2-9cf8-5f8138a8d608,82073c01-9bac-5e3b-beee-15601c2ce0a2,0137b3c3-db39-5e56-abf7-8ae43bc349ad,6,1129.31,0.00
4139def6-1306-56d4-9c8e-5b4cce97ab03,82073c01-9bac-5e3b-beee-15601c2ce0a2,01351cb5-bcf4-52ee-88a1-c6442df67004,5,1268.11,0.00
3ca8e814-1ecf-560b-ac6b-80278e45295b,631cca8a-e547-5a51-aaba-a9ad3088d0b0,508dfc85-5bf2-5709-b1e3-06ff86d5acb8,2,387.07,0.00
2b06930b-060f-5abf-83a8-f4703a611f20,631cca8a-e547-5a51-aaba-a9ad3088d0b0,86eda21c-1dbc-500a-9201-b7d6b0786cc8,7,1060.50,0.00
2011af95-b268-5953-b39c-b444f5ef6d0a,cc261e59-d549-5aaf-b75e-4f4997b59746,de536700-41fe-55c3-beb9-bfb9849c872b,8,1685.26,1348.21
2fb5c964-2713-5753-90c9-969580171013,cc261e59-d549-5aaf-b75e-4f4997b59746,45669348-c1a3-5956-bbf2-d29bd438fbdc,2,536.14,107.23
e131f040-890c-5352-b8a6-9ba5827f8282,cc261e59-d549-5aaf-b75e-4f4997b59746,613ff8f3-9a2b-5f66-8d3e-3e05d5391002,9,474.67,0.00
ef7d3bf7-67c1-5f92-9d6b-e84cfb72d9b3,cc261e59-d549-5aaf-b75e-4f4997b59746,f350d57a-8885-50f1-b76a-29f7a8057a35,5,1251.43,938.57
0b964496-c27e-553f-bcba-39637ad77e0b,c8adaafd-75dc-5e11-9d8f-ca821faa785f,ac03c1f7-3948-530e-8de5-80756984ab20,3,564.84,169.45
4a3719cf-5065-569a-9a02-39b406b3bf4f,c8adaafd-75dc-5e11-9d8f-ca821faa785f,599db343-a607-5259-8af1-adde7b1a86ce,9,1047.10,0.00
477b70fd-99c5-59db-b6b6-aa4c296a0db8,c8adaafd-75dc-5e11-9d8f-ca821faa785f,a042ed60-9218-5159-876b-6c4dd0e5f934,11,381.33,0.00
a337ecac-f8c1-5e4c-b82c-d5107f47f102,c8adaafd-75dc-5e11-9d8f-ca821faa785f,2e263bcd-bacc-5f51-b35b-70d1674f4dc5,4,370.19,0.00
1780b305-087d-598f-bb4d-1ac952c49f88,c8adaafd-75dc-5e11-9d8f-ca821faa785f,c0bff87f-f764-5151-8aec-dda48ea91847,8,437.68,0.00
ab134797-c68c-52de-9ab6-b78fe412e69e,55edbacf-4eac-5adb-be6b-6a97bd399c10,952e981c-e5c2-53da-984a-78dc5e3b1ad4,9,130.99,58.95
d0728f93-a261-5548-959d-d6e9fbcb6151,09eb0418-499b-54b0-81fe-93d891118375,617fd070-2fb8-5ff6-8eaa-308844dc97ac,7,1871.53,1310.07
3281a58e-105e-53f2-8ae7-c027c5d6210b,09eb0418-499b-54b0-81fe-93d891118375,d96da70b-0cb5-58c8-928a-aafb2d90b154,9,1827.60,822.42
cac9f202-3f30-5d34-b532-7e69219e16f0,df95f5ef-70df-5701-88d4-87edd8556dd5,f350d57a-8885-50f1-b76a-29f7a8057a35,6,1251.43,375.43
06a6272b-2011-521f-8fcf-45d1c55e64e8,c4d9ccf2-092d-5b0b-8ca9-3d9c021bdd04,45669348-c1a3-5956-bbf2-d29bd438fbdc,9,536.14,482.53
12d172a8-9f22-5cb2-b639-3a4f4844e1db,c4d9ccf2-092d-5b0b-8ca9-3d9c021bdd04,88f79184-2cf9-5f72-8e4a-cedfa68d9d06,2,475.83,47.58
48db6a38-b677-596b-b7b1-3c480751f100,c4d9ccf2-092d-5b0b-8ca9-3d9c021bdd04,c0bff87f-f764-5151-8aec-dda48ea91847,2,437.68,0.00
f1a9f6b2-e820-51a7-b15a-42d10a0895b0,c4d9ccf2-092d-5b0b-8ca9-3d9c021bdd04,db43f9b2-c956-5785-8950-8287c47db3ae,3,894.98,134.25
101f0d18-17c8-5210-8e52-0470d90cefd2,c4d9ccf2-092d-5b0b-8ca9-3d9c021bdd04,508dfc85-5bf2-5709-b1e3-06ff86d5acb8,2,387.07,0.00
e05ada37-b1f1-5d26-b5f6-34fafaeae1e9,cbf69fca-dfa9-54b5-8f6e-bacdd293ca9a,39cb20a1-5dca-5b11-90c4-3e96e441ed0c,2,447.96,44.80
6a294236-271b-5342-98a9-19e9bf80839e,dec5ee7c-19d3-5f8c-b992-9119f7a440f9,559ab41c-d860-5ab1-aaa1-483577af7b67,4,305.73,0.00
ae5a0af7-03ea-542b-927a-ed46b9a58d49,6fe4bd14-c75b-55d5-add5-6c162a953be3,3205bb8a-e766-5617-a3d4-78aaa9883bc8,2,1355.84,135.58
c1631c65-e087-5fa7-acd7-e0af1977da75,910689a4-f893-531f-a9cc-e699d0153513,673811d5-2f11-5108-8b80-c9dd0dc2adda,10,503.75,755.62
69ef13c5-192a-5431-a04c-e9ca6f92a3a0,910689a4-f893-531f-a9cc-e699d0153513,f65edfe2-43ae-59f6-b37a-f98344e1a998,1,1061.75,159.26
27ae178c-64f6-5b7f-98b9-6c6235fd23d5,cd535228-2bcd-59f8-8940-61d6eff8cf1e,201fb8e4-2c24-5483-b44d-4063694486b2,6,1026.69,924.02
8c31b329-4232-50c8-89c4-c5dc7273971b,cd535228-2bcd-59f8-8940-61d6eff8cf1e,9b6b9203-f582-59b6-b64c-309881607c86,8,876.23,700.98
ef8b3eb2-0e8f-5e16-84a5-35cda20bd6ce,cd535228-2bcd-59f8-8940-61d6eff8cf1e,851c23cd-3716-5170-b9ac-0c25ddc7c95c,6,497.01,149.10
40470601-4e8e-5177-8ea1-e2aee16713dc,cd535228-2bcd-59f8-8940-61d6eff8cf1e,01351cb5-bcf4-52ee-88a1-c6442df67004,1,1268.11,0.00
478f1753-40d7-50ea-af85-ee6e97732796,1e8134f6-8dae-5227-a7c7-6b9b238ccded,3d307d78-b10f-5539-a951-7bcc9fd17161,12,1342.24,0.00
36f33511-6ca5-5095-9303-6a806077ae22,1e8134f6-8dae-5227-a7c7-6b9b238ccded,9a2e8c5f-4d3e-5cb8-ba78-f2bd562ee61b,9,688.27,0.00
8a998d8c-1cad-5645-83a3-be1ea0ce9b3b,1e8134f6-8dae-5227-a7c7-6b9b238ccded,1fa2b768-1b9d-5b9c-befa-fac1ccb97563,9,771.34,347.10
8b3178d6-7c4e-5b37-9c2e-a00753f24c2e,1e8134f6-8dae-5227-a7c7-6b9b238ccded,f350d57a-8885-50f1-b76a-29f7a8057a35,12,1251.43,0.00
aaecf197-01ec-5dcb-8330-beea7b3b4ef0,f2ca05b1-7581-5d40-af58-320e77609962,1ac8de35-b264-5704-978e-ce8dc08dd02d,6,452.98,0.00
8fa78ec7-64e8-5a6d-987a-e62a955f9d06,f2ca05b1-7581-5d40-af58-320e77609962,1657c1e2-1668-5957-a5e5-822140c08707,8,1260.09,1512.11
28553aeb-95bc-50b3-8955-aa311f793234,f2ca05b1-7581-5d40-af58-320e77609962,bab29423-27f9-5732-bd8b-a403c95b1a96,6,947.18,852.46
9d77ac8f-542a-51bf-9f5d-24ba8169dc3c,230f6b9a-c47a-5b52-a609-c0d784b0cc5e,2f2113cc-589a-55b5-846a-78fddce3a3c9,11,688.27,0.00
807dd1d7-23ff-5c10-b23f-098644e06895,a2364813-f45f-5e1b-a740-9c414e322077,fd5d29e1-571f-589d-be31-aa00127c02aa,11,943.56,1037.92
19719a0d-6edf-5f56-ad30-7a59813e38e5,a2364813-f45f-5e1b-a740-9c414e322077,7169fcc7-7527-510c-b88d-bdcd257ce105,9,1025.31,0.00
0a9b7a44-217a-55ce-9af1-d063a2603c22,a2364813-f45f-5e1b-a740-9c414e322077,8dfa6632-930f-5fdc-b7cd-8d5908a33d66,3,271.74,0.00
152cdb28-185b-52b3-aaa8-9a9cca36fe23,a2364813-f45f-5e1b-a740-9c414e322077,d4214473-2bf7-5b77-bb1f-734e590c4014,3,1245.02,0.00
c770361a-d2e2-563f-a924-62d4f60785ef,a2364813-f45f-5e1b-a740-9c414e322077,3d307d78-b10f-5539-a951-7bcc9fd17161,12,1342.24,2416.03
5299ed6a-140e-565f-84ec-d8569b3adebc,c7102141-c7f9-54aa-abaa-94e10db60c43,e69a7c0b-6875-5a37-a379-abbc430fb47b,4,1211.55,726.93
dab9bdf1-3d48-5421-b70f-3b92dde990d0,c7102141-c7f9-54aa-abaa-94e10db60c43,952e981c-e5c2-53da-984a-78dc5e3b1ad4,11,130.99,144.09
13734c39-ab97-5262-b1f5-2614c9195ac4,c7102141-c7f9-54aa-abaa-94e10db60c43,de536700-41fe-55c3-beb9-bfb9849c872b,1,1685.26,252.79
cd97747c-2096-5c55-87a7-82afaa721483,3bd51e82-4880-503c-90c4-07a143b9b89c,d4214473-2bf7-5b77-bb1f-734e590c4014,1,1245.02,124.50
aa3626e7-c2b9-5722-9e71-316fba7ec1b5,3bd51e82-4880-503c-90c4-07a143b9b89c,201fb8e4-2c24-5483-b44d-4063694486b2,2,1026.69,102.67
a29566e0-ec27-5e89-a473-7e3a0f931dbc,3bd51e82-4880-503c-90c4-07a143b9b89c,0caef625-914f-5fea-8e59-19b212bfbd46,10,1252.51,1878.76
dcce9d15-1766-5981-a3bc-bb1a91a966c3,3bd51e82-4880-503c-90c4-07a143b9b89c,6469a098-75a3-5b3b-839a-ad075a8e67ad,11,728.47,0.00
20bd880d-9023-585f-9ce5-e2fd39977d39,3bd51e82-4880-503c-90c4-07a143b9b89c,ac03c1f7-3948-530e-8de5-80756984ab20,5,564.84,282.42
810ab506-0ec5-59ad-92ee-d51f689b6e14,d9f4bb69-b22e-5051-97fb-8fe7d4f3d5f8,9b6b9203-f582-59b6-b64c-309881607c86,9,876.23,394.30
3a9fa2b7-b7dd-565b-b6c2-4b29ca79caac,b4bee31b-789a-5dc4-a626-33a049854b15,952e981c-e5c2-53da-984a-78dc5e3b1ad4,12,130.99,235.78
51c0fe19-8a2d-591b-9d48-643dcb1c5775,9964d069-4afd-537a-acfd-f22ec7167fef,4dbc0e6b-ab10-5b67-a928-f87e1ed2bb9a,6,233.65,140.19
0734a493-874f-53bd-9877-39c0417cb6c5,9964d069-4afd-537a-acfd-f22ec7167fef,f350d57a-8885-50f1-b76a-29f7a8057a35,8,1251.43,500.57
df792aa3-59c2-5a15-a8a7-4fb895716452,9964d069-4afd-537a-acfd-f22ec7167fef,896e7662-34d0-5631-bb0f-b5ce6b0ad1ba,3,1691.47,0.00
c994665d-e13b-5ca3-b2e1-eb585702bb60,9964d069-4afd-537a-acfd-f22ec7167fef,d4214473-2bf7-5b77-bb1f-734e590c4014,7,1245.02,871.51
dea146f9-10e8-587f-ae7b-95d2a46568bf,9964d069-4afd-537a-acfd-f22ec7167fef,db43f9b2-c956-5785-8950-8287c47db3ae,4,894.98,357.99
6d20f756-edac-5ecf-acd9-9652bf9b6a28,2e75cf55-dbb3-5b01-9fec-ff74a89f3b66,829935ce-9ec7-5afb-a542-873877c9ce31,10,378.45,0.00
ed7d2b87-2187-54e5-81c1-3664bfba50ea,2e75cf55-dbb3-5b01-9fec-ff74a89f3b66,559ab41c-d860-5ab1-aaa1-483577af7b67,7,305.73,0.00
298bf01f-3b28-5de1-a896-7e2de5580a35,2e75cf55-dbb3-5b01-9fec-ff74a89f3b66,8a195dd5-491c-532c-9a61-886a24d451c0,3,1141.76,342.53
f87b0528-a27f-5db7-b16d-ee1bee94bf3f,2e75cf55-dbb3-5b01-9fec-ff74a89f3b66,13e04507-297b-56af-85d7-75b609d982a1,7,652.61,456.83
04c7f46b-b0d1-5b5e-b0d6-45c0b2944ae0,4a328853-595d-5015-b359-6b93dfe2c15a,f78fc905-81d2-5f52-8c77-1cff3a4b42b7,11,290.47,0.00
8d947401-c1e6-529b-9864-b763c97cf1b2,4a328853-595d-5015-b359-6b93dfe2c15a,80450a39-8a90-55da-adf7-0b6a1b84aeeb,6,1385.41,415.62
cd386fbf-ee17-5f77-b3ff-6cd952d4022b,4a328853-595d-5015-b359-6b93dfe2c15a,673811d5-2f11-5108-8b80-c9dd0dc2adda,2,503.75,50.38
135dc910-af22-5d3a-84e3-c51c8ffd25ab,4a328853-595d-5015-b359-6b93dfe2c15a,d520aef1-b021-5cf0-a1d3-9e7e6d31aab7,5,568.52,0.00
e9430ff3-4f7a-500b-8619-64d76fd73237,4a328853-595d-5015-b359-6b93dfe2c15a,12003734-bab7-5410-8c89-f9a8c4967dea,6,1269.66,1142.69
10647762-9c6c-5236-bd4b-bb226c2fab25,77389c50-2afc-5192-be3c-9c5a7e263e2e,617fd070-2fb8-5ff6-8eaa-308844dc97ac,12,1871.53,1122.92
c1957ad6-c14f-5b85-b024-8aeaa4fed588,77389c50-2afc-5192-be3c-9c5a7e263e2e,c3e9c7fb-d6ab-5171-a827-7aad6b6d2342,1,1198.11,0.00
e3893374-3f77-5144-858a-f703d9a3a6f5,5b27976c-b13b-5f27-9b03-2e885b2dd970,db43f9b2-c956-5785-8950-8287c47db3ae,3,894.98,0.00
8d64fc30-1ded-505e-afa5-36e539a9f086,5b27976c-b13b-5f27-9b03-2e885b2dd970,1657c1e2-1668-5957-a5e5-822140c08707,6,1260.09,0.00
963adc82-35d2-5345-9214-94ebaa1226aa,5b27976c-b13b-5f27-9b03-2e885b2dd970,45669348-c1a3-5956-bbf2-d29bd438fbdc,6,536.14,482.53
134b96f8-2d7f-5976-b408-11c19d2563a3,5b27976c-b13b-5f27-9b03-2e885b2dd970,13e04507-297b-56af-85d7-75b609d982a1,8,652.61,522.09
0d944b03-a421-5878-89e4-63305789c050,5b27976c-b13b-5f27-9b03-2e885b2dd970,4dbc0e6b-ab10-5b67-a928-f87e1ed2bb9a,8,233.65,0.00
46b0e230-27f5-5317-8041-b0b7155446ea,eb96bf5a-cc92-5a4f-9a93-10a6159b1671,ac03c1f7-3948-530e-8de5-80756984ab20,6,564.84,0.00
448d93ce-b22d-5fc5-8225-9757e7990f65,eb96bf5a-cc92-5a4f-9a93-10a6159b1671,a042ed60-9218-5159-876b-6c4dd0e5f934,2,381.33,0.00
52b93a97-a99a-5fab-9095-8649486face3,eda9845d-2afd-50f2-a5b5-161d97ab325d,613ff8f3-9a2b-5f66-8d3e-3e05d5391002,5,474.67,237.34
2b12bd14-ad1b-5989-b1ac-a7318d849336,eda9845d-2afd-50f2-a5b5-161d97ab325d,1dd10a82-5cdc-539f-af3f-d3f255171973,6,107.50,0.00
fa9ceb58-eeae-5db1-a07e-8156a6e4c6e0,529dd379-5918-5c99-90ce-1831d9b44649,e139b0f5-6ca3-5ccb-8610-5a52b4b0eb6c,8,1053.19,0.00
cdf2b950-b054-5ee6-bcf0-87baae3ae7a0,529dd379-5918-5c99-90ce-1831d9b44649,228ccd2f-642c-5fdf-abf0-129af98a3568,4,148.91,89.35
9e0ca723-f4fe-54c9-b99c-b13eedebf800,10e06b47-6c75-5fbb-a63c-a48a43e27913,b5386670-1687-5260-ad33-97e5d697c425,2,902.07,90.21
9ec21620-8e02-5fb7-9744-67ec4b1ad6c9,10e06b47-6c75-5fbb-a63c-a48a43e27913,bab29423-27f9-5732-bd8b-a403c95b1a96,10,947.18,473.59
011d79c1-a657-5ba0-b5a7-7d68fb8c09d4,10e06b47-6c75-5fbb-a63c-a48a43e27913,6469a098-75a3-5b3b-839a-ad075a8e67ad,7,728.47,0.00
96e9cb98-3ac4-5ad3-ac1e-d54df01cc5b5,10e06b47-6c75-5fbb-a63c-a48a43e27913,f78fc905-81d2-5f52-8c77-1cff3a4b42b7,1,290.47,29.05
1e6c190f-2ba5-5cac-8d3b-cf07b9254ebe,d3430b04-0a81-5141-a083-a96ea1b9ad75,8b12c834-e054-5502-85aa-99d1eb81eee0,6,1393.76,0.00
824bc8f6-cb8e-5c80-8d6a-1cedeed3fc8a,d3430b04-0a81-5141-a083-a96ea1b9ad75,75679cf6-5497-5e69-b773-db773bc6a245,3,1441.14,0.00
4d0635bb-e047-5d57-8e1a-3bc83ea06563,d3430b04-0a81-5141-a083-a96ea1b9ad75,c2be7cd9-f7ee-544a-9ceb-7052826da8ce,1,183.13,0.00
d2e9635f-b6b5-5dd2-bf8c-42f9c744bae3,d3430b04-0a81-5141-a083-a96ea1b9ad75,e69a7c0b-6875-5a37-a379-abbc430fb47b,5,1211.55,302.89
fbdcb378-84b1-5495-8144-d2b8e16dcefe,d3430b04-0a81-5141-a083-a96ea1b9ad75,1760c2e4-563f-5bac-abcd-baf5317434c8,8,1665.26,1998.31
4a7eb3ab-66a8-5b3f-baf7-bdea05329d7f,db9e1301-9b40-5e57-8a43-fe43c3a4a7bc,b6464168-fc86-5543-9805-0861ea9c66cc,10,1065.14,1597.71
df94e5d8-2854-5f19-aa79-cf5315b0410c,db9e1301-9b40-5e57-8a43-fe43c3a4a7bc,1cc795b2-21b3-5c5e-84f0-8f1fa20a6dd4,10,668.78,334.39
f6819091-734d-5c8e-a596-589f3c57230f,db9e1301-9b40-5e57-8a43-fe43c3a4a7bc,5d79cff2-0e77-58a2-b1bf-c506ed3c98bd,1,822.40,82.24
e87181b2-050c-59df-906b-29aef2a38548,2dfe5b4a-4c39-5fa3-a630-96b4b7e48581,0f2c8ffe-5a45-5cfc-afbf-417553294a54,3,237.59,71.28
c29a9469-6a71-5f56-828e-ad4a086299b0,777be094-8e75-529a-8b84-26893a0d6044,b4065918-1c4b-50b6-b69a-d859f24bfe23,5,1132.17,283.04
cdf3e965-0761-55dc-af57-1bd851bbafb5,777be094-8e75-529a-8b84-26893a0d6044,599db343-a607-5259-8af1-adde7b1a86ce,5,1047.10,785.32
7364a80a-fd21-533d-8821-acf429eba781,777be094-8e75-529a-8b84-26893a0d6044,cb09f248-037d-5a0d-9970-99cb102c05d8,6,1006.42,905.78
7e09919d-5d21-5c39-9c79-7cbdef199da0,777be094-8e75-529a-8b84-26893a0d6044,34baeb4c-81dc-5b29-bc76-0b8fd47cdbed,4,262.62,0.00
85b7951a-9137-514c-ad22-416c2a09c331,777be094-8e75-529a-8b84-26893a0d6044,deaf9542-d65c-5f41-b22e-b1d033baea7a,7,1236.17,0.00
11816ceb-46b5-53f2-be87-4085b2ed3179,212f2191-9e37-57de-b816-c9252b29e5cf,5d462a8e-32e0-59ad-ae5c-9d66eda72663,5,326.98,81.74
74703f4d-55ac-54ec-96b8-489205190678,18c91728-b1a2-5043-b9ab-1f533f1be550,34baeb4c-81dc-5b29-bc76-0b8fd47cdbed,4,262.62,0.00
82e6c713-0365-5153-88b4-551546b3caad,18c91728-b1a2-5043-b9ab-1f533f1be550,d4214473-2bf7-5b77-bb1f-734e590c4014,10,1245.02,1245.02
a99aae65-ed0e-5ea5-a193-1714ad33d21d,18c91728-b1a2-5043-b9ab-1f533f1be550,7169fcc7-7527-510c-b88d-bdcd257ce105,3,1025.31,307.59
04e7013e-e2b8-5ec7-9e81-3760947be61f,18c91728-b1a2-5043-b9ab-1f533f1be550,d68351a2-cf36-5984-a091-28a9f5b6bb7e,12,1017.79,610.67
925bbbf2-47ec-521d-bb86-a61637fecbf5,18c91728-b1a2-5043-b9ab-1f533f1be550,952e981c-e5c2-53da-984a-78dc5e3b1ad4,7,130.99,0.00
65877d59-14b9-585f-95a6-7dbe330d1767,7bdc5e3b-48ff-571a-adb5-dcfa751182a6,bab29423-27f9-5732-bd8b-a403c95b1a96,11,947.18,0.00
d2b720c5-7b8f-5a24-b4de-ca47e7e9c79b,10791f46-84e2-558d-8765-70c1d2a7b837,fd5d29e1-571f-589d-be31-aa00127c02aa,2,943.56,0.00
020e5d14-e812-5531-8c4e-4de710fa7c07,10791f46-84e2-558d-8765-70c1d2a7b837,8d6058a9-d9fb-546e-b841-e6b4a0978311,10,1083.86,0.00
ac50585a-23e2-5dbd-9b0d-9dedb4cefdb2,10791f46-84e2-558d-8765-70c1d2a7b837,d37c44df-541b-5bf4-b395-65b41bac88a8,1,1334.93,200.24
aa9ac441-127b-5f4d-9326-a1c06e6d0cfa,10791f46-84e2-558d-8765-70c1d2a7b837,e139b0f5-6ca3-5ccb-8610-5a52b4b0eb6c,5,1053.19,526.60
db41dbb9-3446-5f50-aebe-985843de7002,10791f46-84e2-558d-8765-70c1d2a7b837,b4b5a0e3-641b-562e-8386-bff3564cf295,8,158.25,63.30
06a44152-d5f6-58c6-a14f-3d19d606193f,c4f532a4-bbf3-59b4-894e-17171e06b072,de536700-41fe-55c3-beb9-bfb9849c872b,5,1685.26,842.63
3383f471-5286-5e58-824c-2b5cbef4e246,c4f532a4-bbf3-59b4-894e-17171e06b072,13ea52a1-6b55-57c7-b84e-acf7fb92f106,10,368.84,368.84
b2371205-d467-5fcd-b971-865831ed32f5,c4f532a4-bbf3-59b4-894e-17171e06b072,4dbc0e6b-ab10-5b67-a928-f87e1ed2bb9a,7,233.65,245.33
522bfd1b-8c33-5774-89bd-9da3cd000de8,465f3779-7a06-587e-a0dd-56a9436fb5a5,db43f9b2-c956-5785-8950-8287c47db3ae,4,894.98,179.00
bafe3510-9968-5d3d-bf44-62acb0f0e6dd,465f3779-7a06-587e-a0dd-56a9436fb5a5,9f7bfd37-85ae-5a17-9b9f-5dafe3ec68ee,6,1138.16,0.00
3f03be90-ddc3-5588-89ed-7fc54a2ccecf,465f3779-7a06-587e-a0dd-56a9436fb5a5,dee51c26-0113-56c0-a9c6-edbcfc488df1,8,83.53,0.00
0660360d-9bd1-52c7-b532-ef48130727ca,465f3779-7a06-587e-a0dd-56a9436fb5a5,599db343-a607-5259-8af1-adde7b1a86ce,2,1047.10,314.13
85f803d3-067d-5715-b7c6-4c9a2e6170d6,6d70e427-5fdf-59f2-b4df-e9e731c6afca,1dd10a82-5cdc-539f-af3f-d3f255171973,7,107.50,37.62
805c8cff-37d0-551f-8cbd-87d2c4056053,6d70e427-5fdf-59f2-b4df-e9e731c6afca,829935ce-9ec7-5afb-a542-873877c9ce31,6,378.45,0.00
aa3b98dd-1dd7-52cf-994d-48727c22cf0b,6d70e427-5fdf-59f2-b4df-e9e731c6afca,e69a7c0b-6875-5a37-a379-abbc430fb47b,9,1211.55,0.00
a691aa9f-43cf-5f2d-a5ac-7d4439651992,6d70e427-5fdf-59f2-b4df-e9e731c6afca,6469a098-75a3-5b3b-839a-ad075a8e67ad,7,728.47,0.00
467912f7-6d28-5ccc-a155-24f928efd632,6d70e427-5fdf-59f2-b4df-e9e731c6afca,851c23cd-3716-5170-b9ac-0c25ddc7c95c,9,497.01,447.31
af813bc2-abc5-5f1a-b670-8122159daa35,62d8feaf-7be5-5145-b479-ba78a07d0db7,e3b2c918-6a66-5db3-87f9-e5c71515f2ab,6,1297.73,1167.96
6ceb4c04-be30-55d9-924b-156778820963,62d8feaf-7be5-5145-b479-ba78a07d0db7,d68351a2-cf36-5984-a091-28a9f5b6bb7e,8,1017.79,0.00
66fb12dd-3632-56c5-9306-f280f6e48dc8,ed3b080a-9e81-5efe-98c6-d150eaed4d31,80450a39-8a90-55da-adf7-0b6a1b84aeeb,9,1385.41,623.43
b1e68c74-306c-51ee-aaa1-9e38911483ec,ed3b080a-9e81-5efe-98c6-d150eaed4d31,673811d5-2f11-5108-8b80-c9dd0dc2adda,4,503.75,201.50
7c7adac2-879f-5b81-b6c5-98aeed79f834,bbe4ae5a-8bdc-5537-8761-7bc70a6a67d5,559ab41c-d860-5ab1-aaa1-483577af7b67,11,305.73,0.00
e7fd4687-716c-540e-8704-c0b4bab80f3a,bbe4ae5a-8bdc-5537-8761-7bc70a6a67d5,1dd457fd-1d71-5eb5-b684-6f07d43e876c,4,897.97,0.00
f344e974-2220-5eec-a924-a4fbfceb711b,bbe4ae5a-8bdc-5537-8761-7bc70a6a67d5,34baeb4c-81dc-5b29-bc76-0b8fd47cdbed,12,262.62,472.72
95e7e84f-ce6f-5852-8d86-2c21d6863811,7ed6783f-2403-5256-9d2f-3a6fb749119a,8a195dd5-491c-532c-9a61-886a24d451c0,4,1141.76,0.00
c656ea7d-5c65-5761-b6a6-722f9f538eaa,2ebd8b99-68a0-5d02-8204-f6238661e432,0137b3c3-db39-5e56-abf7-8ae43bc349ad,7,1129.31,0.00
03d9c298-bb3a-5055-8a53-6a1ea0eb3f54,2ebd8b99-68a0-5d02-8204-f6238661e432,43d6da55-777b-55ef-8cf5-d4cc7bfa63ad,9,1159.60,1043.64
85ae0b9a-3f4a-506d-af19-41fa211d4a5a,2ebd8b99-68a0-5d02-8204-f6238661e432,9e165d6f-802f-5694-a25a-20885ba2aa7f,11,433.03,238.17
3f0f793c-21fb-549e-8ed1-5b5b1ddb2211,18a5e858-9a9e-5f2e-97e7-b13e5f2eadcf,86eda21c-1dbc-500a-9201-b7d6b0786cc8,5,1060.50,530.25
e8c886ee-16e8-507c-a403-0a53c7df856e,18a5e858-9a9e-5f2e-97e7-b13e5f2eadcf,e53c7da2-eb34-5499-8fd8-380dd673ea82,3,1587.45,714.35
6e64fcf3-04f6-5ddc-9a2c-ae79062b3a93,18a5e858-9a9e-5f2e-97e7-b13e5f2eadcf,f78fc905-81d2-5f52-8c77-1cff3a4b42b7,6,290.47,174.28
8535ed0f-9b7b-59fa-a7ff-d7cc4b385be4,6add44bd-82ab-5153-b829-b37aa6bc4c54,1dd10a82-5cdc-539f-af3f-d3f255171973,10,107.50,0.00
41dc87cc-f57d-5b1e-9c60-59cd8fad3d02,06cc796b-d3ac-5ead-878e-c2b336b1e851,43d6da55-777b-55ef-8cf5-d4cc7bfa63ad,9,1159.60,1043.64
110536da-dd37-541e-aa65-40d21e9c91dc,06cc796b-d3ac-5ead-878e-c2b336b1e851,613ff8f3-9a2b-5f66-8d3e-3e05d5391002,6,474.67,0.00
45626e4c-8dca-52d1-a025-cb1d85e2ba8a,e1f6361b-f826-5866-af14-a74207082ee7,613ff8f3-9a2b-5f66-8d3e-3e05d5391002,3,474.67,0.00
f35ff83b-8ee2-50d3-bd0b-bb5b4c6f5d1e,e1f6361b-f826-5866-af14-a74207082ee7,b6edaedb-a02c-5fbc-b05c-2b5d8deb20c4,11,1512.83,0.00
02ee41b3-3a57-5713-81c1-014a3fd84736,b53a29f3-cc89-5802-95c6-f60a7079f073,591abda9-fd16-5958-b0e9-586f0dfa6e54,3,875.54,393.99
8900e5ad-c46c-5f76-888e-337604ed0cf8,b53a29f3-cc89-5802-95c6-f60a7079f073,01351cb5-bcf4-52ee-88a1-c6442df67004,4,1268.11,253.62
c15ac755-4d5b-590e-8870-b5c9c9d6eeb2,b53a29f3-cc89-5802-95c6-f60a7079f073,6469a098-75a3-5b3b-839a-ad075a8e67ad,8,728.47,874.16
6e71fa5f-128c-5808-9809-f9a0a624d278,b53a29f3-cc89-5802-95c6-f60a7079f073,e691a6a3-7dd7-5d95-b97e-997e3af77227,5,551.10,0.00
d2d0a1aa-766f-5543-91df-60524576deb9,b53a29f3-cc89-5802-95c6-f60a7079f073,39cb20a1-5dca-5b11-90c4-3e96e441ed0c,5,447.96,111.99
c9d67e94-ae8e-5751-9282-d61e9840966b,53f74e32-58bd-5e49-a79a-fbb45c107546,1fa2b768-1b9d-5b9c-befa-fac1ccb97563,6,771.34,231.40
49c87f54-7dfe-552f-aeef-5fd8df4140af,53f74e32-58bd-5e49-a79a-fbb45c107546,f78fc905-81d2-5f52-8c77-1cff3a4b42b7,4,290.47,0.00
d470e99a-b611-5bea-937c-fba6964c0467,53f74e32-58bd-5e49-a79a-fbb45c107546,80450a39-8a90-55da-adf7-0b6a1b84aeeb,5,1385.41,0.00
35a52992-45ad-5e23-8b16-505350a80e9f,53f74e32-58bd-5e49-a79a-fbb45c107546,829935ce-9ec7-5afb-a542-873877c9ce31,4,378.45,227.07
14394ca6-4c4d-558d-b8e3-677fa056312c,53f74e32-58bd-5e49-a79a-fbb45c107546,201fb8e4-2c24-5483-b44d-4063694486b2,2,1026.69,205.34
ffd69b7b-2086-5750-837d-5fff71beeea7,981e5491-ad29-5d45-94df-4a6af8fd4a2f,8ac2c18a-5896-572a-9f44-f5d60109258d,10,270.85,0.00
88e7c1e7-72ea-54f6-8e5f-c1e8caa06a71,981e5491-ad29-5d45-94df-4a6af8fd4a2f,896e7662-34d0-5631-bb0f-b5ce6b0ad1ba,1,1691.47,84.57
0933e442-00ba-5c26-9baa-397ae59f269f,981e5491-ad29-5d45-94df-4a6af8fd4a2f,b4065918-1c4b-50b6-b69a-d859f24bfe23,11,1132.17,1245.39
98243ac9-bf86-5da5-9d54-317164bcef1b,981e5491-ad29-5d45-94df-4a6af8fd4a2f,3205bb8a-e766-5617-a3d4-78aaa9883bc8,4,1355.84,0.00
8c525461-8a59-5edf-ab61-17ea992af348,0b9c8534-0f19-5fa6-ba1a-9390e23d81d5,eff08d1d-eb3b-559a-8ca9-60c7b365af52,1,1515.93,227.39
c70f4a89-dfec-5002-bdbf-6d9379eee9eb,6d27453e-da7f-5f02-8b50-6ee40c7f99d0,1cc795b2-21b3-5c5e-84f0-8f1fa20a6dd4,10,668.78,334.39
7cb8dea9-1479-5cb1-a6a7-78e81524d796,a056ee3e-2e85-5641-a366-35e651e10ec4,f78fc905-81d2-5f52-8c77-1cff3a4b42b7,5,290.47,0.00
2659d7c5-1fc8-5d74-ad03-c713db5c802b,a056ee3e-2e85-5641-a366-35e651e10ec4,c0bff87f-f764-5151-8aec-dda48ea91847,2,437.68,0.00
65815676-02dc-513f-87d5-9fac117dc642,a056ee3e-2e85-5641-a366-35e651e10ec4,b5386670-1687-5260-ad33-97e5d697c425,9,902.07,1217.79
206c27f2-4562-5c18-88a6-71198e7a9c56,a056ee3e-2e85-5641-a366-35e651e10ec4,db630ac7-839d-5331-93df-dc621d8357b6,9,582.16,261.97
a342c21f-4ed3-5c85-8099-c202c6c04a17,a056ee3e-2e85-5641-a366-35e651e10ec4,1dd457fd-1d71-5eb5-b684-6f07d43e876c,3,897.97,269.39
e5cd540e-27ba-5b4d-999f-03882dac73f7,6d45b21e-6dfa-5641-84c7-0183cdd6caa7,13e04507-297b-56af-85d7-75b609d982a1,4,652.61,391.57
faa083d1-b969-509e-90a3-e2de3ad74a9f,6d45b21e-6dfa-5641-84c7-0183cdd6caa7,12003734-bab7-5410-8c89-f9a8c4967dea,2,1269.66,0.00
0e0222bb-60ee-5a5c-8af4-6c68e8c19c29,6d45b21e-6dfa-5641-84c7-0183cdd6caa7,0137b3c3-db39-5e56-abf7-8ae43bc349ad,7,1129.31,1185.78
2f2446ac-043c-5c23-8bdf-8fe348697338,6d45b21e-6dfa-5641-84c7-0183cdd6caa7,9f7bfd37-85ae-5a17-9b9f-5dafe3ec68ee,2,1138.16,113.82
6f3a95da-9e43-56f9-aa55-961c749c2aa9,6912d005-7c94-527a-8e6a-525a12c69b64,0caef625-914f-5fea-8e59-19b212bfbd46,2,1252.51,250.50
e12d23e5-de2c-56fe-a9a1-82399b1ddd35,6912d005-7c94-527a-8e6a-525a12c69b64,8b12c834-e054-5502-85aa-99d1eb81eee0,11,1393.76,0.00
ec4e953e-d0d4-5806-9489-f4df505c6285,6912d005-7c94-527a-8e6a-525a12c69b64,1760c2e4-563f-5bac-abcd-baf5317434c8,12,1665.26,0.00
9a851750-1aed-5af4-9423-8e0340f96006,28c696c8-c256-535a-83b1-66f9ec3a4bac,0137b3c3-db39-5e56-abf7-8ae43bc349ad,6,1129.31,0.00
56f36870-9642-5686-a79a-3c9a7698a2a9,28c696c8-c256-535a-83b1-66f9ec3a4bac,d520aef1-b021-5cf0-a1d3-9e7e6d31aab7,12,568.52,341.11
503f7361-32fc-5fc9-b758-7a5951724a0f,28c696c8-c256-535a-83b1-66f9ec3a4bac,1dd10a82-5cdc-539f-af3f-d3f255171973,10,107.50,107.50
fdc20553-022f-5ac0-9185-ff6d917b4ff3,28c696c8-c256-535a-83b1-66f9ec3a4bac,c0bff87f-f764-5151-8aec-dda48ea91847,9,437.68,590.87
78bdd482-6e8b-5010-9123-e26c6a9a9b7e,28c696c8-c256-535a-83b1-66f9ec3a4bac,f9fe7a6c-9a44-59e2-a4cc-fef69cc2e48e,10,684.00,342.00
6274f4b4-5b5e-5148-b917-3c1c7d56ed17,9568db32-5602-5462-a5cd-481a811f7a5c,d96da70b-0cb5-58c8-928a-aafb2d90b154,1,1827.60,0.00
48f5d1b2-1e0c-5148-bdc3-fce057f12f17,9568db32-5602-5462-a5cd-481a811f7a5c,d4214473-2bf7-5b77-bb1f-734e590c4014,6,1245.02,747.01
9b27b9a7-f731-5e35-9541-c8717c773ed7,9568db32-5602-5462-a5cd-481a811f7a5c,b5386670-1687-5260-ad33-97e5d697c425,7,902.07,947.17
aaa52c0c-62a8-5469-8d0e-7672c94bdca7,9568db32-5602-5462-a5cd-481a811f7a5c,508dfc85-5bf2-5709-b1e3-06ff86d5acb8,3,387.07,58.06
9b6db0cf-989e-5076-9865-2c22363470bb,9568db32-5602-5462-a5cd-481a811f7a5c,617fd070-2fb8-5ff6-8eaa-308844dc97ac,2,1871.53,187.15
95e7e3ad-5b4e-56fa-8d33-e882c820172a,182647fd-95b8-5d37-a74d-b1d0a15641f6,4dbc0e6b-ab10-5b67-a928-f87e1ed2bb9a,1,233.65,23.36
e6688799-bd9d-50f2-9ee2-8c2a60933669,182647fd-95b8-5d37-a74d-b1d0a15641f6,88f79184-2cf9-5f72-8e4a-cedfa68d9d06,9,475.83,0.00
f81c37bb-ffc5-5de1-8bc7-050d91f9b6bc,182647fd-95b8-5d37-a74d-b1d0a15641f6,8d892cdc-d358-5f2b-a85b-cbecc7e0a664,1,1003.20,100.32
89e5e4b4-b81b-59e1-a0f9-8b0e2688a18c,e81ddea1-f4b9-5845-b04c-534a80f735ca,cdea42fb-ee49-5a22-a213-56a8f9fcb148,3,1597.00,718.65
940b15f5-9d0d-5621-b7b4-5d3d865278ae,e81ddea1-f4b9-5845-b04c-534a80f735ca,c2be7cd9-f7ee-544a-9ceb-7052826da8ce,12,183.13,0.00
845802df-e326-5bf9-aa10-02953ceeff74,e81ddea1-f4b9-5845-b04c-534a80f735ca,1657c1e2-1668-5957-a5e5-822140c08707,6,1260.09,756.05
99fe9ada-8a0d-5952-9b9c-16278e6e809a,eefe58f8-ef10-5ddb-ba85-28cc3ab23d73,5d462a8e-32e0-59ad-ae5c-9d66eda72663,6,326.98,294.28
8b649ce0-d735-5de8-94d7-b05b13ae5ffb,6994a347-004a-5082-84ce-cc66c314d931,829935ce-9ec7-5afb-a542-873877c9ce31,8,378.45,0.00
39fc2c6a-2124-59e1-aa27-a7f11c2f5bd8,6994a347-004a-5082-84ce-cc66c314d931,c2be7cd9-f7ee-544a-9ceb-7052826da8ce,9,183.13,0.00
80f77ca1-2716-545b-827f-7c434ea1ed38,6994a347-004a-5082-84ce-cc66c314d931,d96da70b-0cb5-58c8-928a-aafb2d90b154,11,1827.60,2010.36
86b431bb-7aba-53a7-9531-ca00ce9602ed,6994a347-004a-5082-84ce-cc66c314d931,9e165d6f-802f-5694-a25a-20885ba2aa7f,6,433.03,0.00
bf4ac9cf-a5fa-5ab2-a81e-225d1f5038fc,6994a347-004a-5082-84ce-cc66c314d931,d68351a2-cf36-5984-a091-28a9f5b6bb7e,5,1017.79,0.00
f238fdab-95b4-501d-9a92-565b40d22b2f,c10373d7-006a-55d3-9759-b19800fba1be,7169fcc7-7527-510c-b88d-bdcd257ce105,7,1025.31,0.00
71433fb0-62c4-5fbb-87ba-1d7804c63c41,c10373d7-006a-55d3-9759-b19800fba1be,8dfa6632-930f-5fdc-b7cd-8d5908a33d66,10,271.74,271.74
f59a0da2-d698-511e-9468-137806c47aa1,c10373d7-006a-55d3-9759-b19800fba1be,673811d5-2f11-5108-8b80-c9dd0dc2adda,9,503.75,0.00
be5668f8-1e79-5cae-a171-e7ba9936efa9,9125adb8-8de6-5d85-a678-af3cc588de45,1c3b9a21-09fa-5c21-bdad-35f2eb8a273f,5,1126.26,281.56
89945823-b5f1-5237-aa19-6adb4f4eefc0,da07bf32-1b13-5e8c-a91d-92110226540e,2f2113cc-589a-55b5-846a-78fddce3a3c9,4,688.27,412.96
495b4ee0-3290-5598-92fc-c7e3fc4c2fea,da07bf32-1b13-5e8c-a91d-92110226540e,86eda21c-1dbc-500a-9201-b7d6b0786cc8,11,1060.50,0.00
b84b58cd-1fc0-586c-bce7-28e892888cdc,da07bf32-1b13-5e8c-a91d-92110226540e,f65edfe2-43ae-59f6-b37a-f98344e1a998,1,1061.75,0.00
156de5c5-dd26-506f-9b3c-384c26beae0a,f519ef5e-248b-5123-995d-93525d1eedcc,8dfa6632-930f-5fdc-b7cd-8d5908a33d66,7,271.74,285.33
59765ba7-7824-52dd-b6cd-1de144982b55,f519ef5e-248b-5123-995d-93525d1eedcc,3205bb8a-e766-5617-a3d4-78aaa9883bc8,5,1355.84,1016.88
464f0771-2310-5caf-8a9c-7db4a0d673b3,f519ef5e-248b-5123-995d-93525d1eedcc,673811d5-2f11-5108-8b80-c9dd0dc2adda,7,503.75,0.00
eaa4e146-83b0-54cc-b164-a39288199e52,f519ef5e-248b-5123-995d-93525d1eedcc,8d6058a9-d9fb-546e-b841-e6b4a0978311,2,1083.86,0.00
45feb799-cacb-500a-b23b-b940f9eb194a,f519ef5e-248b-5123-995d-93525d1eedcc,b4065918-1c4b-50b6-b69a-d859f24bfe23,5,1132.17,0.00
7dcc51bc-89d6-5342-99ce-87b034fca6ea,bf651372-264f-59f0-9dd3-c9757babdb0e,80450a39-8a90-55da-adf7-0b6a1b84aeeb,8,1385.41,0.00
4992c50d-7516-5066-8b66-c9f0c80376a7,bf651372-264f-59f0-9dd3-c9757babdb0e,e139b0f5-6ca3-5ccb-8610-5a52b4b0eb6c,7,1053.19,0.00
b3474784-61b0-54a9-9b0c-e5b4f1f00d48,bf651372-264f-59f0-9dd3-c9757babdb0e,9b6b9203-f582-59b6-b64c-309881607c86,11,876.23,1445.78
dc95284d-dc06-57e7-911a-e72c466e9527,bf651372-264f-59f0-9dd3-c9757babdb0e,e691a6a3-7dd7-5d95-b97e-997e3af77227,1,551.10,0.00
399f0f49-68fa-5fd3-9f7f-54fc4afd2c1a,bf651372-264f-59f0-9dd3-c9757babdb0e,d6b2e2d8-f41b-5418-ba12-fcffc0aa6508,12,1950.05,0.00
283aba04-9d62-51c0-9203-13541d023d13,064424bf-f08d-50dc-a9e4-6a10ef0f460e,eff08d1d-eb3b-559a-8ca9-60c7b365af52,6,1515.93,909.56
a4b6224d-7a28-5088-9659-f60b0b3a179b,064424bf-f08d-50dc-a9e4-6a10ef0f460e,8d6058a9-d9fb-546e-b841-e6b4a0978311,8,1083.86,433.54
7d7accb9-4aa4-515e-85e0-cff11a7dbafe,064424bf-f08d-50dc-a9e4-6a10ef0f460e,8dfa6632-930f-5fdc-b7cd-8d5908a33d66,4,271.74,54.35
7170fb16-f67f-5926-b75e-ab6d08dd52cb,064424bf-f08d-50dc-a9e4-6a10ef0f460e,673811d5-2f11-5108-8b80-c9dd0dc2adda,7,503.75,352.62
62d3fb9e-a1c6-570d-b44d-0ed692dc8a04,064424bf-f08d-50dc-a9e4-6a10ef0f460e,599db343-a607-5259-8af1-adde7b1a86ce,4,1047.10,0.00
ecac1025-847b-5d86-a6fb-6c893859bda2,c78b6fdb-1a1f-5827-ad00-ac93be2f73c1,cb09f248-037d-5a0d-9970-99cb102c05d8,11,1006.42,1107.06
30b39335-5a55-56da-927e-90ba490fe25a,c78b6fdb-1a1f-5827-ad00-ac93be2f73c1,0caef625-914f-5fea-8e59-19b212bfbd46,6,1252.51,1127.26
0608dd1c-3858-5178-8fad-4c1105be487a,bc2b7ad6-7e82-5c70-b91e-84f82ee3415b,e139b0f5-6ca3-5ccb-8610-5a52b4b0eb6c,8,1053.19,421.28
d703de0a-6e51-51b1-9fc7-84138e92c36e,4b1f3b9d-32d8-5762-bac9-7955d1694c3e,aa67b9d9-b4e2-53f3-9447-ca933b53344f,5,1163.44,290.86
f03fcac3-9a3c-57bd-a272-e8a326ed743f,4b1f3b9d-32d8-5762-bac9-7955d1694c3e,8dfa6632-930f-5fdc-b7cd-8d5908a33d66,1,271.74,13.59
0c67fb80-1e60-54e2-a5d3-bcf64d52198d,4b1f3b9d-32d8-5762-bac9-7955d1694c3e,f78fc905-81d2-5f52-8c77-1cff3a4b42b7,11,290.47,0.00
3f953a3d-993b-5c33-bc8c-e90d6f928aee,4b1f3b9d-32d8-5762-bac9-7955d1694c3e,e69a7c0b-6875-5a37-a379-abbc430fb47b,11,1211.55,1999.06
161da61a-4de8-5542-9969-7a8140f3710a,4b1f3b9d-32d8-5762-bac9-7955d1694c3e,228ccd2f-642c-5fdf-abf0-129af98a3568,9,148.91,0.00
fbbc2290-aeea-5b22-b81c-31400b941052,3723c3b2-eef6-543b-94d8-a4d87bde06ce,7169fcc7-7527-510c-b88d-bdcd257ce105,12,1025.31,0.00
707934ff-37e9-5f73-819a-5aa3beb4d237,45c21508-22c3-5128-ad82-fe53531b99fd,0f2c8ffe-5a45-5cfc-afbf-417553294a54,8,237.59,95.04
de8f344b-a1ce-5605-8e21-e3c28fb1e01b,3120a7f2-126b-50d1-9b7b-6fdf0670fead,1cc795b2-21b3-5c5e-84f0-8f1fa20a6dd4,8,668.78,802.54
e6928c5a-9e77-5b67-88bc-028eee173d0c,3120a7f2-126b-50d1-9b7b-6fdf0670fead,1760c2e4-563f-5bac-abcd-baf5317434c8,2,1665.26,0.00
d0eb4d60-889c-5bb7-8375-f944e7e14ff2,3120a7f2-126b-50d1-9b7b-6fdf0670fead,13e04507-297b-56af-85d7-75b609d982a1,11,652.61,0.00
7da0a365-8fbf-5f7a-89f7-d10ea533f773,9336d4f9-90bf-541e-bad2-c88dba37422e,1657c1e2-1668-5957-a5e5-822140c08707,1,1260.09,126.01
a4a398e6-a2b3-5a89-975f-6d52c20b3f26,9336d4f9-90bf-541e-bad2-c88dba37422e,599db343-a607-5259-8af1-adde7b1a86ce,11,1047.10,0.00
e91a5d0b-f626-5612-abe0-358d5596051f,9336d4f9-90bf-541e-bad2-c88dba37422e,9f7bfd37-85ae-5a17-9b9f-5dafe3ec68ee,2,1138.16,0.00
a03b5a9c-7362-5d35-8920-48431b76548f,bcdf65b3-6241-5989-a8f3-5ee148d839b9,508dfc85-5bf2-5709-b1e3-06ff86d5acb8,1,387.07,0.00
40f81c44-b137-52e3-a47e-7c35e39aef76,bcdf65b3-6241-5989-a8f3-5ee148d839b9,8d892cdc-d358-5f2b-a85b-cbecc7e0a664,8,1003.20,0.00
75036115-90c0-5729-881f-583178c754d5,e7492f75-6a5b-57fb-bd03-bfa0edb93904,1fa2b768-1b9d-5b9c-befa-fac1ccb97563,7,771.34,0.00
317a0b40-9ff6-5c63-b172-0db022c3fb11,037052af-311b-5b1b-81c0-0d862d0afc0c,1760c2e4-563f-5bac-abcd-baf5317434c8,2,1665.26,166.53
de1c562d-9302-597d-a3b9-2d864e2f49ff,037052af-311b-5b1b-81c0-0d862d0afc0c,d3739878-986b-5b5f-a096-4452493d6cbb,12,869.60,1565.28
ce127c0f-c0f4-50bc-9bfa-2be514bc8934,037052af-311b-5b1b-81c0-0d862d0afc0c,201fb8e4-2c24-5483-b44d-4063694486b2,11,1026.69,0.00
6581bd24-69d9-54ab-bea9-4eccd83ebd0c,e4c15c69-5dfb-5f74-901d-3d1cf1af8c51,9e165d6f-802f-5694-a25a-20885ba2aa7f,12,433.03,0.00
846dedf3-98c1-5fe3-877e-12ee914353cd,e4c15c69-5dfb-5f74-901d-3d1cf1af8c51,8b12c834-e054-5502-85aa-99d1eb81eee0,5,1393.76,348.44
6edd43ab-1dad-5773-813a-19d3f8a3a2de,e4c15c69-5dfb-5f74-901d-3d1cf1af8c51,b4b5a0e3-641b-562e-8386-bff3564cf295,9,158.25,213.64
1b58e736-623d-5855-9fe9-bbbe4513a67a,e4c15c69-5dfb-5f74-901d-3d1cf1af8c51,31a97c6b-10cf-54c1-b463-f81683a437cc,12,1252.58,751.55
1d115c3b-bbc4-59c0-bdf2-ab2565f188f4,e4c15c69-5dfb-5f74-901d-3d1cf1af8c51,8d6058a9-d9fb-546e-b841-e6b4a0978311,11,1083.86,1788.37
8f044a3b-e739-568c-8703-eb8e85139cae,6b71e224-b481-5045-9fed-44786c954b3c,a042ed60-9218-5159-876b-6c4dd0e5f934,12,381.33,0.00
af7b3c15-9af9-5e4e-8ba3-ffaa1d90ffb8,6b71e224-b481-5045-9fed-44786c954b3c,e691a6a3-7dd7-5d95-b97e-997e3af77227,7,551.10,192.88
ab89084e-110b-5b94-915f-3d76101f5eff,6b71e224-b481-5045-9fed-44786c954b3c,e69a7c0b-6875-5a37-a379-abbc430fb47b,11,1211.55,0.00
f63c417a-2a27-5fcb-a076-7004ca661285,6b71e224-b481-5045-9fed-44786c954b3c,45669348-c1a3-5956-bbf2-d29bd438fbdc,10,536.14,268.07
7b9420ad-a2ab-5367-bcf5-7b221c33b4d2,eb366407-c576-549d-a81d-d7a26dd853a2,1760c2e4-563f-5bac-abcd-baf5317434c8,9,1665.26,1498.73
32775f45-4b12-5e96-9634-40e9566ea673,c24149d8-66f1-572d-903e-ebf9152f8339,d520aef1-b021-5cf0-a1d3-9e7e6d31aab7,4,568.52,341.11
3a61c417-a9c7-5039-a248-3444bf5bbc2b,c24149d8-66f1-572d-903e-ebf9152f8339,3205bb8a-e766-5617-a3d4-78aaa9883bc8,10,1355.84,1355.84
5a83af80-ae12-533f-a770-2468bc897c85,f5041a52-bd19-5aae-b8e1-48dddf2a48d1,228ccd2f-642c-5fdf-abf0-129af98a3568,9,148.91,0.00
41016878-a0aa-5496-b675-ecf0ceeb4075,f5041a52-bd19-5aae-b8e1-48dddf2a48d1,2e263bcd-bacc-5f51-b35b-70d1674f4dc5,3,370.19,111.06
533e8ba1-5cb8-5455-81b1-691c0d5b57bf,f5041a52-bd19-5aae-b8e1-48dddf2a48d1,7169fcc7-7527-510c-b88d-bdcd257ce105,12,1025.31,1845.56
e0ffd8ad-b42e-51eb-abcd-cd991a1f48ca,f5041a52-bd19-5aae-b8e1-48dddf2a48d1,13ea52a1-6b55-57c7-b84e-acf7fb92f106,2,368.84,0.00
8aaee2d5-56b7-5214-b39f-8760e10530c5,cac9bba1-434b-5851-9560-ccb284a6f624,13e04507-297b-56af-85d7-75b609d982a1,8,652.61,522.09
ffa192db-884a-563f-9df1-892b252325a1,7cedf5b0-135a-5144-91d2-7486427d70ff,0eb49bc4-406e-5d63-a28c-3e5b6ef668e4,8,1139.13,455.65
2e732dae-3648-59af-bf7b-223ba2987155,7cedf5b0-135a-5144-91d2-7486427d70ff,8ac2c18a-5896-572a-9f44-f5d60109258d,9,270.85,243.76
99548b5e-ccea-5e88-b63b-7aa21843a618,7cedf5b0-135a-5144-91d2-7486427d70ff,75679cf6-5497-5e69-b773-db773bc6a245,11,1441.14,0.00
3c2d0eb5-e1f5-59d0-90ae-6d042776b29b,7cedf5b0-135a-5144-91d2-7486427d70ff,591abda9-fd16-5958-b0e9-586f0dfa6e54,6,875.54,262.66
6523bb9e-6693-523c-b651-42c74f589eed,7cedf5b0-135a-5144-91d2-7486427d70ff,e139b0f5-6ca3-5ccb-8610-5a52b4b0eb6c,3,1053.19,157.98
4d532cba-2945-56b6-8ba0-2691ff7ca4f7,746159f6-91ae-5b36-972d-58e15a728034,d3739878-986b-5b5f-a096-4452493d6cbb,11,869.60,0.00
1fc2c00c-9abc-51ff-ad32-ac1ab7c15310,746159f6-91ae-5b36-972d-58e15a728034,eff08d1d-eb3b-559a-8ca9-60c7b365af52,4,1515.93,303.19
be743ba5-eef9-5d32-8ea4-60af78b893ca,746159f6-91ae-5b36-972d-58e15a728034,851c23cd-3716-5170-b9ac-0c25ddc7c95c,10,497.01,497.01
c1ac4245-0056-534b-aeb2-bd013a58ac95,4917f7bb-a00c-5083-b094-1f5f3c68b9ab,851c23cd-3716-5170-b9ac-0c25ddc7c95c,9,497.01,223.65
46d501ea-de13-5195-ae8f-dde425a1f619,4917f7bb-a00c-5083-b094-1f5f3c68b9ab,8ac2c18a-5896-572a-9f44-f5d60109258d,6,270.85,243.76
70c6d716-f973-57a1-894e-9d1720571907,4917f7bb-a00c-5083-b094-1f5f3c68b9ab,241d3cd0-ef2c-56b8-bb75-b039a61b370a,3,378.32,0.00
1e8c2140-7751-5cac-ad7b-b5bef90e3d8d,4917f7bb-a00c-5083-b094-1f5f3c68b9ab,88f79184-2cf9-5f72-8e4a-cedfa68d9d06,8,475.83,190.33
0c778a90-9a19-5d3d-8f0f-5465ac7e0267,496cc8bd-67ba-5304-8cdb-5ddc28a4bedc,75679cf6-5497-5e69-b773-db773bc6a245,1,1441.14,144.11
fb88bc47-9924-5ed3-8233-6b07be3a5790,855a9255-c752-50f5-9b82-18b28789bec7,7169fcc7-7527-510c-b88d-bdcd257ce105,10,1025.31,0.00
465e5fe2-d33f-50d8-af90-cdcc2b1ff2d1,0b251a4d-ff8b-5575-9bdb-0822cd3cfd65,8dfa6632-930f-5fdc-b7cd-8d5908a33d66,3,271.74,0.00
b0719437-2d69-50f2-a771-8584a24f5314,0b251a4d-ff8b-5575-9bdb-0822cd3cfd65,12003734-bab7-5410-8c89-f9a8c4967dea,9,1269.66,0.00
16c4bd67-c75a-5f4f-b24d-2ad1b00f861e,0b251a4d-ff8b-5575-9bdb-0822cd3cfd65,d37c44df-541b-5bf4-b395-65b41bac88a8,4,1334.93,0.00
49cbed55-22de-5789-a415-609d68d50ca8,0b251a4d-ff8b-5575-9bdb-0822cd3cfd65,673811d5-2f11-5108-8b80-c9dd0dc2adda,1,503.75,0.00
6ee64069-b145-5aad-9787-4b5703f05f6e,7ab4f359-ef81-5dbc-9358-c23b8710f631,851c23cd-3716-5170-b9ac-0c25ddc7c95c,5,497.01,124.25
d33702d5-958b-5467-9bef-d4d0cd237f27,7ab4f359-ef81-5dbc-9358-c23b8710f631,f9fe7a6c-9a44-59e2-a4cc-fef69cc2e48e,7,684.00,239.40
8ad04078-25eb-52e9-8a66-9864b9c4b88a,7ab4f359-ef81-5dbc-9358-c23b8710f631,0f2c8ffe-5a45-5cfc-afbf-417553294a54,3,237.59,71.28
8dfdda69-15cb-5fe2-af5e-b60431b8a21a,1bac26b4-5a88-5c17-a61e-cf4b65f26a3c,e69a7c0b-6875-5a37-a379-abbc430fb47b,5,1211.55,0.00
9096f0c4-e2d8-5081-a11a-894dd5632a56,1bac26b4-5a88-5c17-a61e-cf4b65f26a3c,228ccd2f-642c-5fdf-abf0-129af98a3568,10,148.91,0.00
f364d004-7479-5964-af7d-8d44798fa0e0,1bac26b4-5a88-5c17-a61e-cf4b65f26a3c,eff08d1d-eb3b-559a-8ca9-60c7b365af52,3,1515.93,682.17
7a9f4db6-fdf0-5c81-9181-b55b0acb4f74,1bac26b4-5a88-5c17-a61e-cf4b65f26a3c,1cc795b2-21b3-5c5e-84f0-8f1fa20a6dd4,5,668.78,501.58
e5c70e88-3250-5526-a633-15699978428f,1bac26b4-5a88-5c17-a61e-cf4b65f26a3c,de536700-41fe-55c3-beb9-bfb9849c872b,9,1685.26,0.00
cc2fa48f-f72f-5ab1-9e2b-eaacff38b32d,445f2139-d69a-5c68-8885-7a56314a33cf,896e7662-34d0-5631-bb0f-b5ce6b0ad1ba,9,1691.47,1522.32
fa86dc41-3bcb-5ced-81db-3f89bd9484cf,e89720cc-81c3-5b52-bb76-414aa1c0c906,88f79184-2cf9-5f72-8e4a-cedfa68d9d06,4,475.83,95.17
35fe7f0d-f5c9-5d0c-9264-2f68295012b2,e89720cc-81c3-5b52-bb76-414aa1c0c906,39cb20a1-5dca-5b11-90c4-3e96e441ed0c,3,447.96,201.58
94f318f0-94d0-5a33-92f1-26cca63e0443,e89720cc-81c3-5b52-bb76-414aa1c0c906,9f7bfd37-85ae-5a17-9b9f-5dafe3ec68ee,12,1138.16,0.00
3a670cb8-22a9-5192-9526-d78376e1eedd,e89720cc-81c3-5b52-bb76-414aa1c0c906,4dbc0e6b-ab10-5b67-a928-f87e1ed2bb9a,10,233.65,116.82
8cc8d19d-4f0e-5630-959a-de1d8c735d41,77eec61e-7199-5954-9a2d-15d6b6cef654,75679cf6-5497-5e69-b773-db773bc6a245,7,1441.14,0.00
fdacd52d-3953-5759-b759-f2f22b5fd1fb,77eec61e-7199-5954-9a2d-15d6b6cef654,aa67b9d9-b4e2-53f3-9447-ca933b53344f,12,1163.44,1396.13
1710fed4-e5dd-5ce4-99ed-735085e337c7,77eec61e-7199-5954-9a2d-15d6b6cef654,d6b2e2d8-f41b-5418-ba12-fcffc0aa6508,8,1950.05,1560.04
3076a318-caa3-57f7-9888-79417d67799e,77eec61e-7199-5954-9a2d-15d6b6cef654,d520aef1-b021-5cf0-a1d3-9e7e6d31aab7,6,568.52,341.11
aa2439a1-af10-53a6-8bce-a132ecbcf0eb,77eec61e-7199-5954-9a2d-15d6b6cef654,9b6b9203-f582-59b6-b64c-309881607c86,5,876.23,219.06
076eb164-c871-558f-8791-bec3b291131e,13eb966f-9453-5694-8890-be4c4fb88274,db630ac7-839d-5331-93df-dc621d8357b6,7,582.16,0.00
fc346eca-97b9-585e-be12-9f99f9a55478,13eb966f-9453-5694-8890-be4c4fb88274,1657c1e2-1668-5957-a5e5-822140c08707,9,1260.09,0.00
eec99bf4-0e61-5330-b3d5-742785ff568c,427e80fa-f7a9-53b5-9811-def06a645431,b5386670-1687-5260-ad33-97e5d697c425,6,902.07,0.00
ddd71b0d-a12f-537a-8e36-65435a51b3ea,169f5c42-4583-58bd-bad5-1c78afcc05e6,fb4140fc-b3c1-5a6a-8613-9b068fdd2b39,1,931.77,0.00
b4f1ebae-8366-5b67-9f03-861e24f158e7,169f5c42-4583-58bd-bad5-1c78afcc05e6,80450a39-8a90-55da-adf7-0b6a1b84aeeb,1,1385.41,0.00
c78d5720-9cd3-504a-ae46-f7206d24eaa6,0e2f9992-e5ce-5d0d-af8b-fb617dadce50,a042ed60-9218-5159-876b-6c4dd0e5f934,4,381.33,76.27
45184ebd-bee9-5ba9-aa24-45c6183ae2c2,0e2f9992-e5ce-5d0d-af8b-fb617dadce50,1ac8de35-b264-5704-978e-ce8dc08dd02d,4,452.98,0.00
7629a92e-5ad4-5850-b2df-6602727a5539,0e2f9992-e5ce-5d0d-af8b-fb617dadce50,1cc795b2-21b3-5c5e-84f0-8f1fa20a6dd4,12,668.78,802.54
6aef11c3-e27b-59fe-af8d-deed022f3a55,0e2f9992-e5ce-5d0d-af8b-fb617dadce50,12003734-bab7-5410-8c89-f9a8c4967dea,7,1269.66,0.00
6323421a-3ecf-5bdd-971c-ef165655f539,0e2f9992-e5ce-5d0d-af8b-fb617dadce50,0137b3c3-db39-5e56-abf7-8ae43bc349ad,12,1129.31,0.00
7828b8cd-affa-515c-8a69-4887d4e44445,adc43a73-bc50-570e-b066-f209da95a962,ac03c1f7-3948-530e-8de5-80756984ab20,11,564.84,621.32
64056749-5d20-58e7-bf86-666169860fd4,adc43a73-bc50-570e-b066-f209da95a962,d3739878-986b-5b5f-a096-4452493d6cbb,11,869.60,0.00
af57a749-4837-5b66-bb07-e6c75ecd5c04,adc43a73-bc50-570e-b066-f209da95a962,e139b0f5-6ca3-5ccb-8610-5a52b4b0eb6c,5,1053.19,526.60
502603f1-9fbd-562e-bc65-3183a8e79729,5475a82a-cdcc-5751-a022-87af1722e8a5,1dd457fd-1d71-5eb5-b684-6f07d43e876c,4,897.97,538.78
fba4b809-8778-589b-ab85-6d25ac22f142,9b3bb1d3-85aa-57cd-bad1-6bd66f336257,a042ed60-9218-5159-876b-6c4dd0e5f934,3,381.33,114.40
2b7bf6f6-32ed-5520-9f51-2636474d778d,9b3bb1d3-85aa-57cd-bad1-6bd66f336257,9a2e8c5f-4d3e-5cb8-ba78-f2bd562ee61b,3,688.27,309.72
e0f4354a-ff91-525b-a73d-bff060aa7f2c,9b3bb1d3-85aa-57cd-bad1-6bd66f336257,86eda21c-1dbc-500a-9201-b7d6b0786cc8,8,1060.50,848.40
93c73332-615d-5171-8d7a-423bb19bf1b9,9b3bb1d3-85aa-57cd-bad1-6bd66f336257,1ac8de35-b264-5704-978e-ce8dc08dd02d,7,452.98,158.54
a92ab3e8-e87f-54b1-9631-d8e8ac3f35b0,9b3bb1d3-85aa-57cd-bad1-6bd66f336257,241d3cd0-ef2c-56b8-bb75-b039a61b370a,9,378.32,340.49
ae9100bd-b4d0-5abc-8c65-77cecf69a635,91aaf689-b8ba-5cc4-9a83-f9f005c1ec9d,e53c7da2-eb34-5499-8fd8-380dd673ea82,2,1587.45,0.00
d6a458e5-0e98-5cc2-b7cb-e485f637f329,91aaf689-b8ba-5cc4-9a83-f9f005c1ec9d,cdea42fb-ee49-5a22-a213-56a8f9fcb148,11,1597.00,0.00
460780aa-41ed-56e0-85d6-18a9a08ecdd2,91aaf689-b8ba-5cc4-9a83-f9f005c1ec9d,896e7662-34d0-5631-bb0f-b5ce6b0ad1ba,12,1691.47,2029.76
e5cebcd7-8654-5db2-a146-7abc34995568,91aaf689-b8ba-5cc4-9a83-f9f005c1ec9d,e69a7c0b-6875-5a37-a379-abbc430fb47b,5,1211.55,605.78
d9a6e851-597c-50c0-a4cf-8bf58f25bce9,20817e4d-9c15-5311-8ff0-a93cc1ebfd5d,cb09f248-037d-5a0d-9970-99cb102c05d8,7,1006.42,0.00
fbd27185-00c3-52b1-b681-4cebe00fa6d9,20817e4d-9c15-5311-8ff0-a93cc1ebfd5d,eff08d1d-eb3b-559a-8ca9-60c7b365af52,11,1515.93,0.00
68c06d08-953a-5160-8c66-3886954d2482,5cb9f69c-7431-5347-979f-555a064df4a0,1dd10a82-5cdc-539f-af3f-d3f255171973,9,107.50,0.00
3644bd3d-1536-507b-a949-4b19aaec0942,5cb9f69c-7431-5347-979f-555a064df4a0,9f7bfd37-85ae-5a17-9b9f-5dafe3ec68ee,3,1138.16,0.00
ee43d547-92e4-5b3b-b576-a7b9359522d9,5cb9f69c-7431-5347-979f-555a064df4a0,e691a6a3-7dd7-5d95-b97e-997e3af77227,10,551.10,275.55
afbf7255-cb36-540b-8080-e14638c6cdcf,5cb9f69c-7431-5347-979f-555a064df4a0,b4065918-1c4b-50b6-b69a-d859f24bfe23,1,1132.17,169.83
60160988-426d-5456-99cf-c0565404959a,a88aff4b-9e61-5528-8e25-7a49faeba1fe,c3e9c7fb-d6ab-5171-a827-7aad6b6d2342,10,1198.11,0.00
e18acac3-abee-5d54-a733-ebb7e9fc33f6,a88aff4b-9e61-5528-8e25-7a49faeba1fe,8ac2c18a-5896-572a-9f44-f5d60109258d,6,270.85,243.76
1d560a7c-49f6-59f5-9e22-6e4dc6bc7572,a88aff4b-9e61-5528-8e25-7a49faeba1fe,deaf9542-d65c-5f41-b22e-b1d033baea7a,9,1236.17,1112.55
353d06ba-b749-5b1a-8e64-1c8a514af786,955b3bd3-c770-5712-92cc-1f4ffec9e204,75679cf6-5497-5e69-b773-db773bc6a245,8,1441.14,576.46
f620ffd5-e1d6-5a55-9a54-e891936ec090,955b3bd3-c770-5712-92cc-1f4ffec9e204,5d462a8e-32e0-59ad-ae5c-9d66eda72663,7,326.98,0.00
4ef8faa1-7cfd-5fbe-97a4-c050d3c8cf51,955b3bd3-c770-5712-92cc-1f4ffec9e204,91bd15e4-105e-5926-abe6-7ceaf8c07375,5,393.96,98.49
a1e25fec-2a8f-58cc-afd7-1a6f40a0e93d,5cca9938-0ab7-5dc2-a040-09fcdf8c8f81,6469a098-75a3-5b3b-839a-ad075a8e67ad,3,728.47,0.00
b6e640e5-7077-57a3-bce8-58068a2ae4f7,5cca9938-0ab7-5dc2-a040-09fcdf8c8f81,f65edfe2-43ae-59f6-b37a-f98344e1a998,4,1061.75,212.35
35073c71-417e-58d3-86e0-2904f207dd93,5cca9938-0ab7-5dc2-a040-09fcdf8c8f81,b6464168-fc86-5543-9805-0861ea9c66cc,7,1065.14,0.00
164bbe72-c641-55d6-b352-69291ff46d7b,8d4bc68a-d691-598b-80cd-249ae1a2f12a,9f7bfd37-85ae-5a17-9b9f-5dafe3ec68ee,6,1138.16,0.00
20db5eb5-a3b5-5a0d-9605-02497e476295,fc5a4098-d5c3-5f1d-9c24-9764f157fb30,599db343-a607-5259-8af1-adde7b1a86ce,5,1047.10,523.55
33ce5132-315a-53df-b7d3-531d3b9429fc,fc5a4098-d5c3-5f1d-9c24-9764f157fb30,b5386670-1687-5260-ad33-97e5d697c425,2,902.07,270.62
9c6e5ca8-d152-54d0-a258-4d5183cb5794,7e35801a-c07a-57f4-9c35-94b9f4852d9e,b4b5a0e3-641b-562e-8386-bff3564cf295,10,158.25,0.00
f333edb3-f5b3-581c-ad0c-851e28f95a9b,6c7dd54e-1cdf-5134-bf68-62a68c815bb3,c0bff87f-f764-5151-8aec-dda48ea91847,5,437.68,109.42
890d283a-c20c-57fe-9fc0-b27b46c60761,c7bdc93d-e38d-5170-a432-59e980e95b48,13ea52a1-6b55-57c7-b84e-acf7fb92f106,12,368.84,221.30
344ee887-fe02-5c0b-806b-a5b5a2b4f78f,c7bdc93d-e38d-5170-a432-59e980e95b48,1dd457fd-1d71-5eb5-b684-6f07d43e876c,9,897.97,0.00
05e38e54-2c6c-55d8-9d84-fdbe72001fa5,c7bdc93d-e38d-5170-a432-59e980e95b48,0f2c8ffe-5a45-5cfc-afbf-417553294a54,1,237.59,11.88
a511aedc-1ae9-5c3e-b9ff-e1c930adb345,c7bdc93d-e38d-5170-a432-59e980e95b48,9e165d6f-802f-5694-a25a-20885ba2aa7f,9,433.03,194.86
52c60538-5832-5f9a-bbf7-e406344295b7,c7bdc93d-e38d-5170-a432-59e980e95b48,241d3cd0-ef2c-56b8-bb75-b039a61b370a,7,378.32,397.24
9f5e95ae-35f8-5654-b231-e4fb30bf2794,0b94bb27-20e4-52d3-81fd-60caad35e29b,a042ed60-9218-5159-876b-6c4dd0e5f934,9,381.33,514.80
7d852885-edd1-524b-be52-c250b5d186f2,0b94bb27-20e4-52d3-81fd-60caad35e29b,8d892cdc-d358-5f2b-a85b-cbecc7e0a664,5,1003.20,0.00
f810e3c6-fd51-5e62-a845-303f8014d1a1,0b94bb27-20e4-52d3-81fd-60caad35e29b,f78fc905-81d2-5f52-8c77-1cff3a4b42b7,6,290.47,0.00
1c223e0e-2624-5026-877b-5e8d9c1d2407,87fcf0bd-2480-5d9e-94c4-5fefea72c5db,c3e9c7fb-d6ab-5171-a827-7aad6b6d2342,2,1198.11,0.00
487e121d-00ff-5528-8b3d-d92dcae26f42,9f4d2c58-0a83-503a-8042-402bd53bcdf7,86eda21c-1dbc-500a-9201-b7d6b0786cc8,9,1060.50,0.00
9bcfbf24-1924-5cf6-86da-161de06ca886,9f4d2c58-0a83-503a-8042-402bd53bcdf7,617fd070-2fb8-5ff6-8eaa-308844dc97ac,7,1871.53,1965.11
331db937-4036-5962-a858-1c81f36143ad,9f4d2c58-0a83-503a-8042-402bd53bcdf7,0f2c8ffe-5a45-5cfc-afbf-417553294a54,3,237.59,0.00
df46c146-2d91-58f9-9536-6bee550c2716,333850f3-bc8f-5230-bda8-1d37d6b05612,2e263bcd-bacc-5f51-b35b-70d1674f4dc5,1,370.19,55.53
162a8500-a832-5eb7-8de1-22dd280b4119,333850f3-bc8f-5230-bda8-1d37d6b05612,0137b3c3-db39-5e56-abf7-8ae43bc349ad,3,1129.31,0.00
53fa1303-97d3-5b12-8a00-a1253b42ef01,6e1715b1-9494-584d-bc62-bc14e2b81c72,0caef625-914f-5fea-8e59-19b212bfbd46,9,1252.51,0.00
5612e4f3-2b12-581e-86f6-82582d33cec9,6e1715b1-9494-584d-bc62-bc14e2b81c72,3205bb8a-e766-5617-a3d4-78aaa9883bc8,12,1355.84,0.00
e7e627d5-8d5d-5576-96ce-bf765d2b0a95,6e1715b1-9494-584d-bc62-bc14e2b81c72,d520aef1-b021-5cf0-a1d3-9e7e6d31aab7,8,568.52,0.00
888f540f-75b3-580f-b4b3-4b6700f6c0b7,6e1715b1-9494-584d-bc62-bc14e2b81c72,aa67b9d9-b4e2-53f3-9447-ca933b53344f,11,1163.44,1279.78
e82e5ef0-41f7-5eea-9912-31f3128c7f99,89e75d34-ffed-52b0-83bb-6f5aa12c6d2f,fd5d29e1-571f-589d-be31-aa00127c02aa,6,943.56,0.00
ad40f23b-114e-56b0-ba22-47424586a809,89e75d34-ffed-52b0-83bb-6f5aa12c6d2f,45669348-c1a3-5956-bbf2-d29bd438fbdc,10,536.14,0.00
3d33cfda-b553-56c6-b088-8ca16c26a1e0,89e75d34-ffed-52b0-83bb-6f5aa12c6d2f,1c3b9a21-09fa-5c21-bdad-35f2eb8a273f,1,1126.26,112.63
a972a594-17b2-5eae-a44d-135a9d3fdcff,89e75d34-ffed-52b0-83bb-6f5aa12c6d2f,b5386670-1687-5260-ad33-97e5d697c425,3,902.07,0.00
52b943e0-7aa7-5f63-896c-335907be484e,89e75d34-ffed-52b0-83bb-6f5aa12c6d2f,2f2113cc-589a-55b5-846a-78fddce3a3c9,4,688.27,412.96
ecf88d6c-2f53-5731-a0bb-51100dedce14,0f8c7146-4f45-5938-a676-e8dfaf59b155,ac03c1f7-3948-530e-8de5-80756984ab20,5,564.84,0.00
203a6a8d-8f8f-5e9b-8c8b-e968c5fba95e,0f8c7146-4f45-5938-a676-e8dfaf59b155,b4065918-1c4b-50b6-b69a-d859f24bfe23,12,1132.17,679.30
7d95a173-214a-5975-9464-ca78ce7afa17,0f8c7146-4f45-5938-a676-e8dfaf59b155,e69a7c0b-6875-5a37-a379-abbc430fb47b,1,1211.55,0.00
cf22c69d-fbbe-57d6-9b9e-b2c38d4a6d6e,0f8c7146-4f45-5938-a676-e8dfaf59b155,6469a098-75a3-5b3b-839a-ad075a8e67ad,11,728.47,0.00
fad67acb-274a-5e91-b02f-c40cfda4d72d,0f8c7146-4f45-5938-a676-e8dfaf59b155,8d892cdc-d358-5f2b-a85b-cbecc7e0a664,7,1003.20,0.00
38adff9f-2541-5ee4-b2cc-07a321cc4556,97433148-8c0d-57f1-9266-9d2fd1963c54,e69a7c0b-6875-5a37-a379-abbc430fb47b,4,1211.55,0.00
93eeb3c3-f789-59a0-8dda-1b53dc9a93b8,9df20fcc-4734-52de-ac06-2c6d09209555,6469a098-75a3-5b3b-839a-ad075a8e67ad,6,728.47,655.62
a19e905e-8207-5779-9975-90ba0b194c6c,9df20fcc-4734-52de-ac06-2c6d09209555,8dfa6632-930f-5fdc-b7cd-8d5908a33d66,4,271.74,54.35
285100ad-ab83-5273-8d55-2cc4c1b71659,9df20fcc-4734-52de-ac06-2c6d09209555,91bd15e4-105e-5926-abe6-7ceaf8c07375,5,393.96,295.47
8b214178-7eab-5f69-837f-9d925649b9c8,9df20fcc-4734-52de-ac06-2c6d09209555,a042ed60-9218-5159-876b-6c4dd0e5f934,1,381.33,0.00
7546c042-9a39-5474-99d1-72049fcbe4c5,9df20fcc-4734-52de-ac06-2c6d09209555,d96da70b-0cb5-58c8-928a-aafb2d90b154,7,1827.60,0.00
69bbc0cf-f804-5010-8b40-4b41ae2688cd,9bd77eee-2c67-5c4d-a651-f7a1adf58c9d,a042ed60-9218-5159-876b-6c4dd0e5f934,8,381.33,152.53
8405c48c-0146-52cc-8cbb-6aa88d755199,9bd77eee-2c67-5c4d-a651-f7a1adf58c9d,228ccd2f-642c-5fdf-abf0-129af98a3568,1,148.91,0.00
039dd42a-a1ba-548d-8a9f-07aa5d285436,fa35a974-b60f-53f8-9c5f-4d2d8707cfdb,9e165d6f-802f-5694-a25a-20885ba2aa7f,8,433.03,346.42
57bd765a-b89c-5bb1-8380-a518fc8004f9,fa35a974-b60f-53f8-9c5f-4d2d8707cfdb,599db343-a607-5259-8af1-adde7b1a86ce,5,1047.10,523.55
b3c9aa99-8bb8-5582-8dc3-fc7a22714f69,fa35a974-b60f-53f8-9c5f-4d2d8707cfdb,241d3cd0-ef2c-56b8-bb75-b039a61b370a,12,378.32,226.99
d36a44cc-0e03-5e9d-9f28-090cdf6a7d6f,fa35a974-b60f-53f8-9c5f-4d2d8707cfdb,8ac2c18a-5896-572a-9f44-f5d60109258d,6,270.85,0.00
4a775afb-8b49-5e4f-81b0-28e4e804b035,fa35a974-b60f-53f8-9c5f-4d2d8707cfdb,7169fcc7-7527-510c-b88d-bdcd257ce105,11,1025.31,1127.84
0cd6e2f5-385f-5d3f-a3d9-f58e7e8327db,94a8efae-7b81-5367-8bdb-b9f313997442,9a2e8c5f-4d3e-5cb8-ba78-f2bd562ee61b,3,688.27,309.72
17a7e2bf-1765-5677-82d8-08f0f99d1eee,94a8efae-7b81-5367-8bdb-b9f313997442,9e165d6f-802f-5694-a25a-20885ba2aa7f,2,433.03,129.91
596df410-47c6-54a9-8d2a-b31ab9bf5ac8,94a8efae-7b81-5367-8bdb-b9f313997442,2e263bcd-bacc-5f51-b35b-70d1674f4dc5,4,370.19,74.04
63f8f741-1214-56fe-a43e-975b4f66cd54,94a8efae-7b81-5367-8bdb-b9f313997442,43d6da55-777b-55ef-8cf5-d4cc7bfa63ad,3,1159.60,173.94
910a20dd-3289-5cad-99b6-8097b8755a94,67128f04-ca9c-5c8e-9239-75e0be4096e6,9b6b9203-f582-59b6-b64c-309881607c86,4,876.23,175.25
0cd04e1d-e542-5cb6-82bb-9b548a16874c,67128f04-ca9c-5c8e-9239-75e0be4096e6,1c3b9a21-09fa-5c21-bdad-35f2eb8a273f,3,1126.26,337.88
a72288d5-e09e-5cd0-b841-e54f47654040,9973d567-97ca-543f-9ca1-2436c30c8782,2e263bcd-bacc-5f51-b35b-70d1674f4dc5,6,370.19,0.00
77ad9653-bb6c-5c74-b10d-552b17c14312,9973d567-97ca-543f-9ca1-2436c30c8782,ac03c1f7-3948-530e-8de5-80756984ab20,1,564.84,56.48
94b6054f-9ec8-53b4-85e3-e98b118232ea,9973d567-97ca-543f-9ca1-2436c30c8782,6469a098-75a3-5b3b-839a-ad075a8e67ad,1,728.47,36.42
6a5efc71-eba9-5a65-8991-b49117a74029,9973d567-97ca-543f-9ca1-2436c30c8782,db630ac7-839d-5331-93df-dc621d8357b6,11,582.16,0.00
85313295-7ddb-5f1d-aa6c-39b2031f7f0e,9973d567-97ca-543f-9ca1-2436c30c8782,d520aef1-b021-5cf0-a1d3-9e7e6d31aab7,9,568.52,767.50
89ab3853-2a61-51e0-945b-c01ed98a2784,09feeea7-b720-5110-af0f-a7f01a33ce56,1657c1e2-1668-5957-a5e5-822140c08707,12,1260.09,2268.16
bd68db4b-3e85-5f9b-be89-08df58873351,38f8b452-0aa6-528f-9590-427568198af0,13ea52a1-6b55-57c7-b84e-acf7fb92f106,9,368.84,0.00
a5797d62-7f85-5630-b114-496aec486c6a,38f8b452-0aa6-528f-9590-427568198af0,31a97c6b-10cf-54c1-b463-f81683a437cc,6,1252.58,0.00
d1d2d321-d28c-5214-81b2-b7234a1bdfbc,09b27e2d-c8a8-5fe6-bcba-61962ffdb6a3,b4065918-1c4b-50b6-b69a-d859f24bfe23,11,1132.17,1245.39
89942b65-f483-5a38-8201-c75e17724d8c,09b27e2d-c8a8-5fe6-bcba-61962ffdb6a3,13ea52a1-6b55-57c7-b84e-acf7fb92f106,6,368.84,0.00
294aa1e5-0040-5d29-bc80-33622d762c09,09b27e2d-c8a8-5fe6-bcba-61962ffdb6a3,e691a6a3-7dd7-5d95-b97e-997e3af77227,9,551.10,248.00
dc339011-4e68-5aa5-838a-fb3531f351f5,09b27e2d-c8a8-5fe6-bcba-61962ffdb6a3,aa67b9d9-b4e2-53f3-9447-ca933b53344f,6,1163.44,0.00
c2d2545a-1796-599f-9b5b-cd9bff218d60,09b27e2d-c8a8-5fe6-bcba-61962ffdb6a3,13e04507-297b-56af-85d7-75b609d982a1,12,652.61,0.00
607a5a9d-d20c-5d86-834b-c5919f13a408,10434de7-6360-5c07-a439-f1956f5e71e2,5d462a8e-32e0-59ad-ae5c-9d66eda72663,1,326.98,0.00
9fd11cd2-b7c4-5659-8557-ed886d53f09f,10434de7-6360-5c07-a439-f1956f5e71e2,1ac8de35-b264-5704-978e-ce8dc08dd02d,11,452.98,0.00
7588adb3-53a5-586b-a5b3-1e44e0f3a8ee,f6f0c348-a31f-5a80-80c0-db8083c06c45,1fa2b768-1b9d-5b9c-befa-fac1ccb97563,7,771.34,269.97
24bed05a-aeb3-5fb2-a5b7-f4a241b46734,f6f0c348-a31f-5a80-80c0-db8083c06c45,e69a7c0b-6875-5a37-a379-abbc430fb47b,4,1211.55,484.62
7f9adee2-93dc-5cd1-9573-8a38896202cf,f6f0c348-a31f-5a80-80c0-db8083c06c45,613ff8f3-9a2b-5f66-8d3e-3e05d5391002,11,474.67,522.14
95eed209-f1f4-58c3-8f94-0f3506b4a6b6,f6f0c348-a31f-5a80-80c0-db8083c06c45,f218ba8f-81cf-5efd-ad55-5f4ef76110c2,11,1484.37,0.00
aa28de23-466c-5401-9ec6-a9fca46ec8f0,a5a105ba-1f12-5f07-a8a9-6b3b4a9ee47e,4dbc0e6b-ab10-5b67-a928-f87e1ed2bb9a,1,233.65,0.00
6149467a-4712-5e55-8506-e965b3eee39a,a5a105ba-1f12-5f07-a8a9-6b3b4a9ee47e,201fb8e4-2c24-5483-b44d-4063694486b2,3,1026.69,154.00
6fa4b12c-1278-54ee-88fb-2ce9bb5f3f27,a5a105ba-1f12-5f07-a8a9-6b3b4a9ee47e,2f2113cc-589a-55b5-846a-78fddce3a3c9,9,688.27,929.16
e463997f-354e-5df6-80cb-5d707157cc9f,a5a105ba-1f12-5f07-a8a9-6b3b4a9ee47e,fb4140fc-b3c1-5a6a-8613-9b068fdd2b39,11,931.77,0.00
05fe5ad0-682b-591a-acbd-e335eb3b2b50,a5a105ba-1f12-5f07-a8a9-6b3b4a9ee47e,d68351a2-cf36-5984-a091-28a9f5b6bb7e,3,1017.79,0.00
859a021b-5b8c-5f79-810c-88da011a8333,81fcf601-fa03-5060-acd0-102e09a92f47,f65edfe2-43ae-59f6-b37a-f98344e1a998,12,1061.75,0.00
0d455b46-9a49-5929-89ea-2d173e2cdef8,81fcf601-fa03-5060-acd0-102e09a92f47,c0bff87f-f764-5151-8aec-dda48ea91847,3,437.68,131.30
06bf6de3-a6d7-5433-9625-e43998a79219,81fcf601-fa03-5060-acd0-102e09a92f47,2f2113cc-589a-55b5-846a-78fddce3a3c9,5,688.27,172.07
74afa2ce-749d-5088-a18e-1d3a62a6229a,81fcf601-fa03-5060-acd0-102e09a92f47,d520aef1-b021-5cf0-a1d3-9e7e6d31aab7,7,568.52,596.95
ebbf369c-a30c-5ae6-887c-e465f37f0e21,f6aeeebf-714f-5b63-b9c3-601f6a5f84ea,1dd457fd-1d71-5eb5-b684-6f07d43e876c,7,897.97,0.00
9a5c9db9-b3ed-5fe2-ae72-28f599b9ccaa,f6aeeebf-714f-5b63-b9c3-601f6a5f84ea,241d3cd0-ef2c-56b8-bb75-b039a61b370a,10,378.32,567.48
9fe9ac0c-4400-57b6-be4f-ed41932d6bf1,f6aeeebf-714f-5b63-b9c3-601f6a5f84ea,e139b0f5-6ca3-5ccb-8610-5a52b4b0eb6c,2,1053.19,210.64
5aa092b2-3872-5eee-a860-4ec5d693df2c,f6aeeebf-714f-5b63-b9c3-601f6a5f84ea,e53c7da2-eb34-5499-8fd8-380dd673ea82,3,1587.45,476.24
69ea38ed-2c3a-573a-9cd0-ef223b087b8f,95d7d819-5907-54c5-8fe1-2478a3ca4e65,829935ce-9ec7-5afb-a542-873877c9ce31,12,378.45,0.00
11fc021e-424a-562c-9c0c-dca121795a7e,95d7d819-5907-54c5-8fe1-2478a3ca4e65,4dbc0e6b-ab10-5b67-a928-f87e1ed2bb9a,11,233.65,257.02
a7fb782a-aad8-5a81-8e44-86e719c5fa53,36315361-36ca-5d01-bbda-3e35c40dc469,2f2113cc-589a-55b5-846a-78fddce3a3c9,3,688.27,206.48
b34f2225-8f24-5ec9-8e5d-873f9a2aca1b,36315361-36ca-5d01-bbda-3e35c40dc469,d3739878-986b-5b5f-a096-4452493d6cbb,5,869.60,0.00
783ee8cd-b188-5258-9605-a06f2fc6b86f,36315361-36ca-5d01-bbda-3e35c40dc469,e53c7da2-eb34-5499-8fd8-380dd673ea82,1,1587.45,0.00
e3b41a71-c4be-58f4-a03b-506dc43b39ea,36315361-36ca-5d01-bbda-3e35c40dc469,cb09f248-037d-5a0d-9970-99cb102c05d8,4,1006.42,603.85
5e1bb6d6-134c-51b1-b09d-f89e12f3c233,36315361-36ca-5d01-bbda-3e35c40dc469,1dd457fd-1d71-5eb5-b684-6f07d43e876c,1,897.97,0.00
b2c32ec1-b1d6-586c-bf21-7c18e1f83d7e,a3a67ef0-f2e9-513e-b9e2-721b0dbd0955,91bd15e4-105e-5926-abe6-7ceaf8c07375,12,393.96,472.75
e6d2189d-539d-5901-a512-51f749cdb588,a3a67ef0-f2e9-513e-b9e2-721b0dbd0955,f9fe7a6c-9a44-59e2-a4cc-fef69cc2e48e,12,684.00,820.80
5046f05b-7c08-5912-954f-8bd5372df523,a3a67ef0-f2e9-513e-b9e2-721b0dbd0955,cb09f248-037d-5a0d-9970-99cb102c05d8,4,1006.42,603.85
54c95440-3471-5950-b8fb-23e04baf4b0e,a3a67ef0-f2e9-513e-b9e2-721b0dbd0955,eff08d1d-eb3b-559a-8ca9-60c7b365af52,2,1515.93,151.59
07f854f3-4c29-58e7-bf13-a220acc35916,a3a67ef0-f2e9-513e-b9e2-721b0dbd0955,1dd10a82-5cdc-539f-af3f-d3f255171973,4,107.50,64.50
35073c9a-b43b-565c-97fe-621c6fc0c2ca,9ccaf56b-c585-59fd-88bb-d35deae97b99,dee51c26-0113-56c0-a9c6-edbcfc488df1,4,83.53,50.12
f8752a75-af8c-528e-a572-a13668ddafe0,6c7439fd-2a9c-57da-ac7c-31b43af7109b,613ff8f3-9a2b-5f66-8d3e-3e05d5391002,4,474.67,0.00
3e24b64f-2199-5f2f-b859-98fc2745287f,f43e3eab-69ec-599f-9dc1-3bb7e984f395,0eb49bc4-406e-5d63-a28c-3e5b6ef668e4,5,1139.13,284.78
be5d2902-199d-5893-b632-dd079610fe91,f43e3eab-69ec-599f-9dc1-3bb7e984f395,896e7662-34d0-5631-bb0f-b5ce6b0ad1ba,3,1691.47,507.44
38a68fb1-26e4-5941-bd3a-982e191fa69b,f43e3eab-69ec-599f-9dc1-3bb7e984f395,80450a39-8a90-55da-adf7-0b6a1b84aeeb,10,1385.41,2078.12
8cb76faf-3ee3-5a66-be8f-90d59ee89f1f,91287822-e717-5a7c-98a7-fc52aaba6b20,75679cf6-5497-5e69-b773-db773bc6a245,1,1441.14,0.00
f63a550e-f453-5a2b-b287-e74275afdc4d,91287822-e717-5a7c-98a7-fc52aaba6b20,8ac2c18a-5896-572a-9f44-f5d60109258d,3,270.85,0.00
d7f87277-eab7-515c-99d4-14caf7f27df3,91287822-e717-5a7c-98a7-fc52aaba6b20,cdea42fb-ee49-5a22-a213-56a8f9fcb148,5,1597.00,798.50
68aded7d-adb3-5ba8-a4a3-b3b3224162f1,91287822-e717-5a7c-98a7-fc52aaba6b20,9e165d6f-802f-5694-a25a-20885ba2aa7f,5,433.03,0.00
5f67d301-123b-5e0f-9745-6f06490a7efa,91287822-e717-5a7c-98a7-fc52aaba6b20,ac03c1f7-3948-530e-8de5-80756984ab20,11,564.84,0.00
55942dba-48dd-521d-b334-1fd9301f7789,3246401b-4df3-5afa-9be7-558d0440c4ea,8b12c834-e054-5502-85aa-99d1eb81eee0,8,1393.76,0.00
20e20c6c-9788-5978-b0aa-159b6744dd2b,2ab9f438-8785-5350-a182-07795edd1ad4,9f7bfd37-85ae-5a17-9b9f-5dafe3ec68ee,10,1138.16,1707.24
bed12fb5-d3b6-506a-8e9c-e00cbcd5ee58,f215dc82-b7fb-5ec9-8f12-0293c3a53893,e53c7da2-eb34-5499-8fd8-380dd673ea82,10,1587.45,0.00
051bb5f2-927c-54b7-95da-078cc38803be,f215dc82-b7fb-5ec9-8f12-0293c3a53893,228ccd2f-642c-5fdf-abf0-129af98a3568,5,148.91,37.23
efe9f943-3ff8-5b45-9eeb-92dc2e2d0cd9,31a8e2ef-6b3c-5d90-98a7-1350afdfca1b,201fb8e4-2c24-5483-b44d-4063694486b2,9,1026.69,924.02
2df2fa4c-f623-5ba1-8602-3bc4a11dc756,31a8e2ef-6b3c-5d90-98a7-1350afdfca1b,80450a39-8a90-55da-adf7-0b6a1b84aeeb,6,1385.41,415.62
6d920333-e76b-5105-9cc9-a11419eb4d35,31a8e2ef-6b3c-5d90-98a7-1350afdfca1b,ac03c1f7-3948-530e-8de5-80756984ab20,9,564.84,762.53
a12cc6b1-9e6b-56f3-90f3-8d7bfb58ac3e,31a8e2ef-6b3c-5d90-98a7-1350afdfca1b,0137b3c3-db39-5e56-abf7-8ae43bc349ad,4,1129.31,677.59
c35b24d6-cbce-5f85-bf70-c84c8155f2da,0a7016ac-ec0d-5db2-b2e2-7dbe296473de,896e7662-34d0-5631-bb0f-b5ce6b0ad1ba,6,1691.47,1522.32
46dd10a3-6569-53c4-9ad5-40ee2b9df5c1,1c8b217d-501f-5c1a-bfa6-29066d3d782a,3205bb8a-e766-5617-a3d4-78aaa9883bc8,6,1355.84,0.00
0e0f3e89-056b-5172-a3c3-597bbc3adf4d,1c8b217d-501f-5c1a-bfa6-29066d3d782a,0eb49bc4-406e-5d63-a28c-3e5b6ef668e4,11,1139.13,0.00
cc6736d2-f0e1-5764-bf2a-c04de26172a8,8ffac69f-dd21-58da-914d-36608869292b,d37c44df-541b-5bf4-b395-65b41bac88a8,1,1334.93,0.00
7f096c85-1e46-5d52-8c41-d75e8b4d93f8,8ffac69f-dd21-58da-914d-36608869292b,5d462a8e-32e0-59ad-ae5c-9d66eda72663,12,326.98,392.38
845c0fdc-2ef3-50d7-be52-87d8cc495943,8ffac69f-dd21-58da-914d-36608869292b,db630ac7-839d-5331-93df-dc621d8357b6,11,582.16,0.00
5b7f2197-e42e-5bb5-b07a-6ab28fb41d99,fa925611-948b-51c5-9943-ee292e91026a,af3fc15f-c662-5a5e-9e9c-3b2d4e1b6029,9,1539.94,1385.95
ab0a72c2-eacf-5092-9ba3-a16656f51d77,fa925611-948b-51c5-9943-ee292e91026a,1fa2b768-1b9d-5b9c-befa-fac1ccb97563,5,771.34,0.00
36d2ba71-e12c-5a2c-bcc9-2456bb4557cb,fa925611-948b-51c5-9943-ee292e91026a,91bd15e4-105e-5926-abe6-7ceaf8c07375,8,393.96,157.58
3fbacb25-0c63-59ca-9cbf-31bf13d7d9b1,fa925611-948b-51c5-9943-ee292e91026a,228ccd2f-642c-5fdf-abf0-129af98a3568,4,148.91,59.56
532688b7-4447-5b58-8c57-c27e5cfe90c4,fa925611-948b-51c5-9943-ee292e91026a,d68351a2-cf36-5984-a091-28a9f5b6bb7e,2,1017.79,305.34
7ceb338f-bf6d-5cf3-9491-eef6910d4cfd,45687c22-01cb-5669-9dab-b7bde1a17247,0137b3c3-db39-5e56-abf7-8ae43bc349ad,3,1129.31,0.00
ee168777-a4bb-540e-ae9b-49cd5125eb38,45687c22-01cb-5669-9dab-b7bde1a17247,1cc795b2-21b3-5c5e-84f0-8f1fa20a6dd4,4,668.78,0.00
7a2f2172-451f-50c5-b08a-59ea51eb04c4,45687c22-01cb-5669-9dab-b7bde1a17247,12003734-bab7-5410-8c89-f9a8c4967dea,6,1269.66,0.00
7a4fa68a-f589-5cd6-869f-6a8b25734a61,f8c0e15e-d8a3-5f29-afa9-4e52b1b6664d,9b6b9203-f582-59b6-b64c-309881607c86,9,876.23,788.61
f809b65c-07b8-5770-be07-dc50c2bd4fc9,f8c0e15e-d8a3-5f29-afa9-4e52b1b6664d,591abda9-fd16-5958-b0e9-586f0dfa6e54,1,875.54,43.78
8be694f2-c291-57b2-a686-b17f0ca4ad87,125efd54-4144-56d7-8bd3-81c5522f3762,1dd10a82-5cdc-539f-af3f-d3f255171973,6,107.50,96.75
bcef617a-dd43-5d6c-9929-eb5f01d97056,125efd54-4144-56d7-8bd3-81c5522f3762,e139b0f5-6ca3-5ccb-8610-5a52b4b0eb6c,6,1053.19,0.00
4f9128d9-6606-5853-8c82-54aaae48a550,125efd54-4144-56d7-8bd3-81c5522f3762,0caef625-914f-5fea-8e59-19b212bfbd46,5,1252.51,0.00
4ebbdbfe-0d2b-55ec-86c5-bcff2619b44a,125efd54-4144-56d7-8bd3-81c5522f3762,613ff8f3-9a2b-5f66-8d3e-3e05d5391002,9,474.67,0.00
8a6bdd36-0502-5602-88ae-cc17cb82c178,125efd54-4144-56d7-8bd3-81c5522f3762,eff08d1d-eb3b-559a-8ca9-60c7b365af52,9,1515.93,0.00
45275f32-620d-570a-8ca3-51d39d8bc776,adb03def-69e3-5eb8-812c-5e1878bb7ea4,e69a7c0b-6875-5a37-a379-abbc430fb47b,1,1211.55,181.73
d482819d-190c-5a78-90c8-dd0b56ad56a3,7c0ea418-b214-5b27-9a62-3969ea7ec0ad,1760c2e4-563f-5bac-abcd-baf5317434c8,11,1665.26,2747.68
a5298bd2-80db-55ea-85b7-f22e5daec7ac,7c0ea418-b214-5b27-9a62-3969ea7ec0ad,d3739878-986b-5b5f-a096-4452493d6cbb,7,869.60,608.72
1f160afa-6deb-5761-a7dc-c8d40150bae1,ce8ad349-0cf6-5bb9-87a0-8688d6b0236c,de536700-41fe-55c3-beb9-bfb9849c872b,5,1685.26,0.00
de141b0f-d683-5347-9059-2bb04f0f1420,ce8ad349-0cf6-5bb9-87a0-8688d6b0236c,c3e9c7fb-d6ab-5171-a827-7aad6b6d2342,2,1198.11,0.00
88ca0f40-456e-5b36-89b4-07181e663f98,ce8ad349-0cf6-5bb9-87a0-8688d6b0236c,91bd15e4-105e-5926-abe6-7ceaf8c07375,5,393.96,0.00
76ee463f-be59-5a29-8211-f9ead249c404,ce8ad349-0cf6-5bb9-87a0-8688d6b0236c,dee51c26-0113-56c0-a9c6-edbcfc488df1,12,83.53,150.35
cf712cc1-ccf7-5e78-a6e0-b0fb4c00f556,23afbaab-2eb0-576f-88aa-5db8139f448f,896e7662-34d0-5631-bb0f-b5ce6b0ad1ba,7,1691.47,0.00
1a5c977a-aa02-5802-aa11-94bd8fcfa908,23afbaab-2eb0-576f-88aa-5db8139f448f,7169fcc7-7527-510c-b88d-bdcd257ce105,4,1025.31,615.19
d0f9ac2a-d76e-5727-a985-56bb88c003bd,23afbaab-2eb0-576f-88aa-5db8139f448f,88f79184-2cf9-5f72-8e4a-cedfa68d9d06,10,475.83,0.00
714b1796-ccec-5080-926c-94c247749820,949aae4e-df55-597b-a8a0-b8f06f6b9c05,1ac8de35-b264-5704-978e-ce8dc08dd02d,10,452.98,0.00
ac1a908b-b2e3-5277-b86f-b9e91e679a43,949aae4e-df55-597b-a8a0-b8f06f6b9c05,c2be7cd9-f7ee-544a-9ceb-7052826da8ce,2,183.13,36.63
dfa09d84-d0b9-5a23-bee9-8d2d46a5a38f,76671162-26a3-59a5-9e6b-977de204bdc5,7169fcc7-7527-510c-b88d-bdcd257ce105,2,1025.31,0.00
bda2dc7e-6c10-5c6b-8cb5-c7ee00f3d19b,76671162-26a3-59a5-9e6b-977de204bdc5,8a195dd5-491c-532c-9a61-886a24d451c0,12,1141.76,0.00
56a35e23-3365-5341-8794-02b2ae19049a,b8f2c6be-3639-51e9-a766-d244add0043e,673811d5-2f11-5108-8b80-c9dd0dc2adda,5,503.75,251.88
6a15a92d-3ee1-5b99-a3d9-ed3f03b3e961,b8f2c6be-3639-51e9-a766-d244add0043e,deaf9542-d65c-5f41-b22e-b1d033baea7a,1,1236.17,61.81
83ea8a88-03f8-5e63-b03d-ffb7703a4d51,b8f2c6be-3639-51e9-a766-d244add0043e,5d79cff2-0e77-58a2-b1bf-c506ed3c98bd,6,822.40,0.00
4d5def6d-4ab4-5be7-a96b-1616a563719a,b8f2c6be-3639-51e9-a766-d244add0043e,b4b5a0e3-641b-562e-8386-bff3564cf295,11,158.25,0.00
26e37400-d23c-5479-911d-f1094839d2d5,8976b69a-2cb1-576c-ad11-8dbf51b86c27,d68351a2-cf36-5984-a091-28a9f5b6bb7e,6,1017.79,305.34
28192560-a31d-5af2-a0d3-e7ca7a07bb70,8976b69a-2cb1-576c-ad11-8dbf51b86c27,9f7bfd37-85ae-5a17-9b9f-5dafe3ec68ee,6,1138.16,341.45
c62f6e82-fa7a-57aa-925f-5006ae22f275,fb25e17c-e4b2-5aa1-8dae-0a1b7b544f69,617fd070-2fb8-5ff6-8eaa-308844dc97ac,2,1871.53,0.00
9b6d79bd-7c12-5971-bc5f-bbe599a3da03,fb25e17c-e4b2-5aa1-8dae-0a1b7b544f69,591abda9-fd16-5958-b0e9-586f0dfa6e54,12,875.54,525.32
832300f3-0785-56a0-bdca-abde0784ee93,2ece58b7-b344-51c5-8076-af8cda85b9ab,d4214473-2bf7-5b77-bb1f-734e590c4014,11,1245.02,2054.28
2a5758aa-9f94-5397-be72-1984b7f0c80f,2ece58b7-b344-51c5-8076-af8cda85b9ab,e69a7c0b-6875-5a37-a379-abbc430fb47b,12,1211.55,0.00
6e850e77-28f6-5cb2-ab5a-23d070c11cd5,2ece58b7-b344-51c5-8076-af8cda85b9ab,34baeb4c-81dc-5b29-bc76-0b8fd47cdbed,3,262.62,0.00
bbce9c99-3ac4-571e-84bf-eb90e0733f3e,2ece58b7-b344-51c5-8076-af8cda85b9ab,1dd10a82-5cdc-539f-af3f-d3f255171973,4,107.50,0.00
00de9356-5e5c-5466-83e0-d0750a9d9a6e,2ece58b7-b344-51c5-8076-af8cda85b9ab,ac03c1f7-3948-530e-8de5-80756984ab20,12,564.84,0.00
cb53f195-f2f6-565e-840b-66973bb71ee3,4d727fa9-4b56-5070-b20c-c81e5beba644,f9fe7a6c-9a44-59e2-a4cc-fef69cc2e48e,5,684.00,0.00
8cdb3bd4-8372-5337-9024-1e8074194c42,4d727fa9-4b56-5070-b20c-c81e5beba644,cb09f248-037d-5a0d-9970-99cb102c05d8,7,1006.42,352.25
03347d3b-d7ad-58da-b0be-931fc6c15d6f,4d727fa9-4b56-5070-b20c-c81e5beba644,b6edaedb-a02c-5fbc-b05c-2b5d8deb20c4,8,1512.83,1815.40
6c4ac228-2703-50f4-9582-9e489bdcec34,4d727fa9-4b56-5070-b20c-c81e5beba644,6469a098-75a3-5b3b-839a-ad075a8e67ad,8,728.47,582.78
ce77ffac-b10a-5c21-9273-6556e3d8a818,4d727fa9-4b56-5070-b20c-c81e5beba644,fd5d29e1-571f-589d-be31-aa00127c02aa,3,943.56,0.00
af67ef28-c3d3-5442-9179-77aea5eacff9,3ac90eda-1159-5b02-a529-b5730a40b5f8,b6464168-fc86-5543-9805-0861ea9c66cc,6,1065.14,0.00
39fe2128-cc6b-5d72-b019-b4b626862280,3ac90eda-1159-5b02-a529-b5730a40b5f8,13e04507-297b-56af-85d7-75b609d982a1,6,652.61,0.00
c2e323c7-af24-5aa3-90f8-882c7db51d6a,3ac90eda-1159-5b02-a529-b5730a40b5f8,8dfa6632-930f-5fdc-b7cd-8d5908a33d66,1,271.74,13.59
cf6c38a0-c926-5d3c-a14b-953e0b62e358,3ac90eda-1159-5b02-a529-b5730a40b5f8,d3739878-986b-5b5f-a096-4452493d6cbb,7,869.60,0.00
cd1e88f2-4203-555e-a89b-8e9a0da9b7fa,fd68e111-bb02-5380-a18f-f26b81ca22f7,b6edaedb-a02c-5fbc-b05c-2b5d8deb20c4,8,1512.83,0.00
7b5455d3-b3df-586a-8c8e-2d6be8b6114e,fd68e111-bb02-5380-a18f-f26b81ca22f7,75679cf6-5497-5e69-b773-db773bc6a245,2,1441.14,432.34
a6c6a0cd-3a3a-562a-b839-b1df996b132e,eddc830e-bfae-569d-9a15-ea240fd7df33,1dd10a82-5cdc-539f-af3f-d3f255171973,9,107.50,0.00
bada0f21-dfc3-5d2d-83b2-d306050999b8,eddc830e-bfae-569d-9a15-ea240fd7df33,c3e9c7fb-d6ab-5171-a827-7aad6b6d2342,11,1198.11,658.96
0c8ab5e6-1f89-532c-b1aa-478b3e86c2c3,eddc830e-bfae-569d-9a15-ea240fd7df33,80450a39-8a90-55da-adf7-0b6a1b84aeeb,9,1385.41,1246.87
f1430a32-0ea3-5d16-ad21-3d2f0f2f86bc,eddc830e-bfae-569d-9a15-ea240fd7df33,3d307d78-b10f-5539-a951-7bcc9fd17161,12,1342.24,805.34
75769cad-29a9-5c02-8ea5-1f21481ede55,937ff4e9-900a-56ba-a85d-18303a215145,2e263bcd-bacc-5f51-b35b-70d1674f4dc5,2,370.19,0.00
5b2a030d-8b05-5135-9e01-b9f3b5416135,937ff4e9-900a-56ba-a85d-18303a215145,2f2113cc-589a-55b5-846a-78fddce3a3c9,2,688.27,68.83
8dc68e34-9dd2-56bf-8d6f-10a47001b21b,937ff4e9-900a-56ba-a85d-18303a215145,e69a7c0b-6875-5a37-a379-abbc430fb47b,1,1211.55,181.73
4f0daa05-91a7-505a-b2b5-d170f3dee4c7,937ff4e9-900a-56ba-a85d-18303a215145,fd5d29e1-571f-589d-be31-aa00127c02aa,6,943.56,283.07
d7742350-b971-51ab-89ad-417d8642a959,b692afb1-4713-50c8-bcf1-5c5032792670,1ac8de35-b264-5704-978e-ce8dc08dd02d,12,452.98,815.36
f107d27c-8eb2-51de-91fc-6950415bd5f2,b692afb1-4713-50c8-bcf1-5c5032792670,b4065918-1c4b-50b6-b69a-d859f24bfe23,5,1132.17,566.08
7cb80204-6d19-583b-80fc-8b3296bb8ec6,b692afb1-4713-50c8-bcf1-5c5032792670,d520aef1-b021-5cf0-a1d3-9e7e6d31aab7,8,568.52,454.82
c6a64dde-785e-5231-b22e-84d810793275,b692afb1-4713-50c8-bcf1-5c5032792670,0f2c8ffe-5a45-5cfc-afbf-417553294a54,8,237.59,0.00
c1748ead-44ff-55ee-b982-a8352710e1e8,b692afb1-4713-50c8-bcf1-5c5032792670,75679cf6-5497-5e69-b773-db773bc6a245,4,1441.14,288.23
beb2e01f-8002-5106-873d-21d5d3fd5cca,0cf1c473-f31b-5906-aeb2-f4e24ec9313f,e139b0f5-6ca3-5ccb-8610-5a52b4b0eb6c,3,1053.19,315.96
9f893d12-2bc1-5ae7-b1e7-70d408359375,0cf1c473-f31b-5906-aeb2-f4e24ec9313f,d3739878-986b-5b5f-a096-4452493d6cbb,6,869.60,782.64
90093159-61ee-532c-9088-053a2a6c0450,0cf1c473-f31b-5906-aeb2-f4e24ec9313f,241d3cd0-ef2c-56b8-bb75-b039a61b370a,2,378.32,37.83
fba2ea81-ee00-5fc3-baa3-f9a23369757b,0cf1c473-f31b-5906-aeb2-f4e24ec9313f,1fa2b768-1b9d-5b9c-befa-fac1ccb97563,1,771.34,0.00
af8d3629-f2e7-5e0c-9b5e-83c27e82295d,0cf1c473-f31b-5906-aeb2-f4e24ec9313f,5d462a8e-32e0-59ad-ae5c-9d66eda72663,5,326.98,81.74
8bb9bbdb-b16c-5972-8e84-1e14144b16c4,e85258ae-5c65-594d-9c6a-75a7a8289710,db43f9b2-c956-5785-8950-8287c47db3ae,10,894.98,447.49
71f8c11d-2590-53f2-a9f9-1ffcb20cddfd,e85258ae-5c65-594d-9c6a-75a7a8289710,cb09f248-037d-5a0d-9970-99cb102c05d8,6,1006.42,301.93
0fd77d05-3e35-5ec1-9f7f-2da6b860f1e9,a249cad6-d13e-5c10-9f0f-8cf4eb5f432d,8b12c834-e054-5502-85aa-99d1eb81eee0,9,1393.76,627.19
94f9e6d0-8e4c-580f-a57c-25ccfd4f4b01,a249cad6-d13e-5c10-9f0f-8cf4eb5f432d,13e04507-297b-56af-85d7-75b609d982a1,10,652.61,652.61
141cf4a1-8576-53b7-8223-e2fec21eb041,a249cad6-d13e-5c10-9f0f-8cf4eb5f432d,8d892cdc-d358-5f2b-a85b-cbecc7e0a664,12,1003.20,0.00
f8d8ed2c-3e59-551c-94eb-9e9165eeff7b,a249cad6-d13e-5c10-9f0f-8cf4eb5f432d,9b6b9203-f582-59b6-b64c-309881607c86,10,876.23,438.12
d8d4d93d-15af-5eb2-a154-7f9833bbcb24,3a62cadc-b1c1-5617-9792-5d72fa92fd4b,eff08d1d-eb3b-559a-8ca9-60c7b365af52,1,1515.93,227.39
3a34e292-da8f-575e-b586-dcaf41293d65,3a62cadc-b1c1-5617-9792-5d72fa92fd4b,0f2c8ffe-5a45-5cfc-afbf-417553294a54,5,237.59,59.40
ee6dda50-9ea0-557c-9ae8-ebca21724ac4,3a62cadc-b1c1-5617-9792-5d72fa92fd4b,0137b3c3-db39-5e56-abf7-8ae43bc349ad,11,1129.31,0.00
2060f398-aea0-532f-88d1-9689d61ec5b5,3a62cadc-b1c1-5617-9792-5d72fa92fd4b,b6edaedb-a02c-5fbc-b05c-2b5d8deb20c4,3,1512.83,0.00
c07d85f8-a10e-549d-b9b3-a84d608265d0,84c36654-1231-55b1-9fa7-0398745a7c06,db630ac7-839d-5331-93df-dc621d8357b6,6,582.16,523.94
2f401c0f-e73a-5e16-a629-cd05a8c96527,84c36654-1231-55b1-9fa7-0398745a7c06,fd5d29e1-571f-589d-be31-aa00127c02aa,2,943.56,94.36
1a7f55cd-514b-5802-bc3c-44cd57f22bde,84c36654-1231-55b1-9fa7-0398745a7c06,617fd070-2fb8-5ff6-8eaa-308844dc97ac,5,1871.53,467.88
820248eb-a0c4-5366-b727-0edff9b23e14,0b6bd353-9d6c-5b20-bbd5-5fdec0db822a,d520aef1-b021-5cf0-a1d3-9e7e6d31aab7,5,568.52,0.00
16621486-f581-5298-a306-8aab7ccd150a,a7a8c16f-1456-54e1-bf35-986496dd0827,e53c7da2-eb34-5499-8fd8-380dd673ea82,5,1587.45,0.00
aa65fce8-4fe9-5a8c-9f94-885f65826c64,a7a8c16f-1456-54e1-bf35-986496dd0827,fb4140fc-b3c1-5a6a-8613-9b068fdd2b39,7,931.77,652.24
c6bf7e49-31d6-51b2-867e-6a4349da9814,a7a8c16f-1456-54e1-bf35-986496dd0827,86eda21c-1dbc-500a-9201-b7d6b0786cc8,2,1060.50,212.10
13c803ba-7c42-5dfc-9f71-ec95ab305fd6,a7a8c16f-1456-54e1-bf35-986496dd0827,0137b3c3-db39-5e56-abf7-8ae43bc349ad,4,1129.31,677.59
996cfab2-71af-5a0c-adb7-a3fa29dc49f0,f06e3472-c8b0-5a5c-a6c9-441d66c6d2d7,aa67b9d9-b4e2-53f3-9447-ca933b53344f,7,1163.44,407.20
3e06e878-115e-5700-945a-10026681a07f,f06e3472-c8b0-5a5c-a6c9-441d66c6d2d7,1dd10a82-5cdc-539f-af3f-d3f255171973,5,107.50,80.62
4422b773-51a5-5932-b97a-d3848ed02436,f06e3472-c8b0-5a5c-a6c9-441d66c6d2d7,1657c1e2-1668-5957-a5e5-822140c08707,9,1260.09,1701.12
64883b32-60d6-55cf-8b81-2a65ec758721,f06e3472-c8b0-5a5c-a6c9-441d66c6d2d7,3205bb8a-e766-5617-a3d4-78aaa9883bc8,7,1355.84,0.00
96e4c52b-559a-546e-8068-ed736afcf5cd,f8fec519-fbce-5fa6-b41a-02cd406d70ee,b4b5a0e3-641b-562e-8386-bff3564cf295,5,158.25,118.69
b5035ec8-8ec9-5f2e-8974-cd22c622b17e,f8fec519-fbce-5fa6-b41a-02cd406d70ee,c2be7cd9-f7ee-544a-9ceb-7052826da8ce,1,183.13,27.47
5efcf9f2-3dbc-5a42-90e7-3da79623ec2c,f8fec519-fbce-5fa6-b41a-02cd406d70ee,2e263bcd-bacc-5f51-b35b-70d1674f4dc5,7,370.19,0.00
5e50f664-0e9f-5bd1-a4e0-410860a68e20,8f40c661-0099-5e02-b928-26e789e23b32,1cc795b2-21b3-5c5e-84f0-8f1fa20a6dd4,1,668.78,66.88
d6e11aeb-0d6b-5b78-bc67-e9c3861da166,d76561a7-689b-5805-9299-7da5a4dd3bad,d96da70b-0cb5-58c8-928a-aafb2d90b154,2,1827.60,365.52
25c001f2-d616-5a5f-adfb-ae248f7fc105,35854c6c-5f4f-554c-ab57-9f302f2f46f1,f350d57a-8885-50f1-b76a-29f7a8057a35,5,1251.43,312.86
140f8f56-e055-59d1-b4a5-55f8b0a8e139,35854c6c-5f4f-554c-ab57-9f302f2f46f1,1fa2b768-1b9d-5b9c-befa-fac1ccb97563,7,771.34,269.97
97d66d21-4c03-5c3d-aad3-50a1f2a72d45,35854c6c-5f4f-554c-ab57-9f302f2f46f1,cdea42fb-ee49-5a22-a213-56a8f9fcb148,7,1597.00,0.00
ac451e42-4577-5625-9f38-d1635a0900cb,2d2dfd16-8200-5622-b569-1a506bf62e47,39cb20a1-5dca-5b11-90c4-3e96e441ed0c,8,447.96,0.00
ea3ceeb7-26f5-5c09-99c4-2f2ef05eb09d,2d2dfd16-8200-5622-b569-1a506bf62e47,0eb49bc4-406e-5d63-a28c-3e5b6ef668e4,10,1139.13,569.56
aa910ce5-3ed5-5aeb-9998-dfd2f527fb72,2d2dfd16-8200-5622-b569-1a506bf62e47,f350d57a-8885-50f1-b76a-29f7a8057a35,2,1251.43,250.29
944e2309-0bdc-5f55-abb8-2e8d1e8086b7,2d2dfd16-8200-5622-b569-1a506bf62e47,1c3b9a21-09fa-5c21-bdad-35f2eb8a273f,8,1126.26,1351.51
f204b732-4610-515f-b70b-add481ff7c75,fd9b4f43-717e-5609-a553-84ac87e7918b,0f2c8ffe-5a45-5cfc-afbf-417553294a54,2,237.59,0.00
6335e95b-6973-5b6a-83f7-481584cefab5,fd9b4f43-717e-5609-a553-84ac87e7918b,f65edfe2-43ae-59f6-b37a-f98344e1a998,12,1061.75,637.05
587da605-7b72-51d8-b5d6-3fb7c8225038,fd9b4f43-717e-5609-a553-84ac87e7918b,0caef625-914f-5fea-8e59-19b212bfbd46,5,1252.51,313.13
9e777ddd-0261-5e18-bca9-6c092c8ba663,fd9b4f43-717e-5609-a553-84ac87e7918b,43d6da55-777b-55ef-8cf5-d4cc7bfa63ad,9,1159.60,0.00
d110bcf2-de25-57cb-882c-5fcec9041b61,edb7390c-55bb-5570-a62c-d788edc9a532,9e165d6f-802f-5694-a25a-20885ba2aa7f,9,433.03,389.73
649f5261-11a8-5dad-bd65-14903a9a21ec,edb7390c-55bb-5570-a62c-d788edc9a532,3205bb8a-e766-5617-a3d4-78aaa9883bc8,9,1355.84,610.13
a9f94286-f181-5465-a38d-9994bc2498ca,edb7390c-55bb-5570-a62c-d788edc9a532,e53c7da2-eb34-5499-8fd8-380dd673ea82,7,1587.45,0.00
fafaf7c1-dd1a-5efa-9658-4b8bce144357,2e41c526-7525-5a2d-a9bd-11aa177a3581,cdea42fb-ee49-5a22-a213-56a8f9fcb148,10,1597.00,0.00
c6bcbb99-e332-5627-a4cd-59805424341a,2e41c526-7525-5a2d-a9bd-11aa177a3581,617fd070-2fb8-5ff6-8eaa-308844dc97ac,8,1871.53,1497.22
c86e90b0-444e-5562-b047-176ad1960667,c7178e86-b4a4-54e4-a141-d2b22fa10428,1657c1e2-1668-5957-a5e5-822140c08707,12,1260.09,0.00
ecca578a-cb46-549b-8b70-64ce89471721,c7178e86-b4a4-54e4-a141-d2b22fa10428,8d6058a9-d9fb-546e-b841-e6b4a0978311,3,1083.86,0.00
d0bb3814-ece9-5dca-bcf9-abc685e647ad,c7178e86-b4a4-54e4-a141-d2b22fa10428,201fb8e4-2c24-5483-b44d-4063694486b2,2,1026.69,0.00
81e713a1-903c-5ff3-a302-bc0b9bf7791e,c7178e86-b4a4-54e4-a141-d2b22fa10428,db630ac7-839d-5331-93df-dc621d8357b6,9,582.16,523.94
cffa6984-7201-5291-8dee-df32d50f59c4,c7178e86-b4a4-54e4-a141-d2b22fa10428,0137b3c3-db39-5e56-abf7-8ae43bc349ad,1,1129.31,112.93
3c0fe52f-0fdd-5913-921c-d69cc29f22ea,3643a8e5-d3a1-5780-ae1d-9a0ed02db1eb,ac03c1f7-3948-530e-8de5-80756984ab20,3,564.84,254.18
705c8e48-6ff6-5d5c-9497-74c8d3225315,3643a8e5-d3a1-5780-ae1d-9a0ed02db1eb,91bd15e4-105e-5926-abe6-7ceaf8c07375,10,393.96,590.94
ffa85222-bbb8-526b-9a35-594af3f57948,3643a8e5-d3a1-5780-ae1d-9a0ed02db1eb,9f7bfd37-85ae-5a17-9b9f-5dafe3ec68ee,8,1138.16,0.00
6bd8c20a-29d5-5f3a-b680-4a4268da8bdd,3643a8e5-d3a1-5780-ae1d-9a0ed02db1eb,8b12c834-e054-5502-85aa-99d1eb81eee0,10,1393.76,0.00
0a5b9322-f3f1-5699-9b0e-aa5ea7174800,3643a8e5-d3a1-5780-ae1d-9a0ed02db1eb,a042ed60-9218-5159-876b-6c4dd0e5f934,11,381.33,209.73
b51b796b-3d21-57ea-a072-11f51efd3785,c1b06c34-7630-508b-970e-c20b4fdf2e2c,0f2c8ffe-5a45-5cfc-afbf-417553294a54,10,237.59,237.59
63a7f540-5a6c-51d9-a6dc-4110181dc40d,c1b06c34-7630-508b-970e-c20b4fdf2e2c,45669348-c1a3-5956-bbf2-d29bd438fbdc,10,536.14,0.00
7e57c904-6b56-56ff-ad79-257f82eb9e1b,c1b06c34-7630-508b-970e-c20b4fdf2e2c,e69a7c0b-6875-5a37-a379-abbc430fb47b,6,1211.55,363.46
169481ff-1117-5189-b967-65b69bb3bc8f,c1b06c34-7630-508b-970e-c20b4fdf2e2c,d96da70b-0cb5-58c8-928a-aafb2d90b154,12,1827.60,0.00
2d37198d-4bdc-5c8a-aaa8-29a34258a600,c1b06c34-7630-508b-970e-c20b4fdf2e2c,508dfc85-5bf2-5709-b1e3-06ff86d5acb8,8,387.07,0.00
61bc2d2a-5c20-5a73-a337-84abf3c9ac58,9f909205-9b8d-5a51-a0c7-ec7d78834acf,f350d57a-8885-50f1-b76a-29f7a8057a35,9,1251.43,1126.29
ce730ebf-b854-545d-9c6d-b521457f29b4,9f909205-9b8d-5a51-a0c7-ec7d78834acf,c3e9c7fb-d6ab-5171-a827-7aad6b6d2342,8,1198.11,0.00
a1335f2d-2f56-58d4-833a-612f9f9c273c,9f909205-9b8d-5a51-a0c7-ec7d78834acf,ac03c1f7-3948-530e-8de5-80756984ab20,4,564.84,112.97
5a9bda28-dff8-50d0-8032-0d11486eae21,9f909205-9b8d-5a51-a0c7-ec7d78834acf,bab29423-27f9-5732-bd8b-a403c95b1a96,8,947.18,1136.62
68b5747b-fede-5619-90ab-f9fc9e598637,9f909205-9b8d-5a51-a0c7-ec7d78834acf,dee51c26-0113-56c0-a9c6-edbcfc488df1,3,83.53,25.06
23c6d88f-fd67-5531-97e9-2a75b1c20887,3177ccbd-65af-57af-b053-f8e1f66874a0,228ccd2f-642c-5fdf-abf0-129af98a3568,8,148.91,0.00
a7760d64-836d-53f7-be62-11acc00e487e,cb028ea5-9c1b-52a5-9901-e980080ccba9,3d307d78-b10f-5539-a951-7bcc9fd17161,9,1342.24,0.00
be6fc183-53e4-5994-b58c-8efc4a0a6281,cb028ea5-9c1b-52a5-9901-e980080ccba9,8d892cdc-d358-5f2b-a85b-cbecc7e0a664,9,1003.20,451.44
735fcc87-b6c6-52e5-b0f0-3c9b3496e698,cb028ea5-9c1b-52a5-9901-e980080ccba9,13ea52a1-6b55-57c7-b84e-acf7fb92f106,9,368.84,0.00
95271ca7-5d18-5f40-9275-c1257e011fca,cb028ea5-9c1b-52a5-9901-e980080ccba9,9f7bfd37-85ae-5a17-9b9f-5dafe3ec68ee,3,1138.16,512.17
9a004ddd-12d4-5a45-b2b8-6f68a93cda9f,cb028ea5-9c1b-52a5-9901-e980080ccba9,1fa2b768-1b9d-5b9c-befa-fac1ccb97563,2,771.34,0.00
6e7b2aa0-23db-57d3-bbb3-ff0057b34226,51732202-96df-51db-9486-8b4d003a49cf,b4b5a0e3-641b-562e-8386-bff3564cf295,6,158.25,142.42
c4b98ebd-993c-5b53-bbce-03e082661cc0,51732202-96df-51db-9486-8b4d003a49cf,cdea42fb-ee49-5a22-a213-56a8f9fcb148,4,1597.00,319.40
9edd348a-2bbd-5222-b21c-6346d748eaaa,51732202-96df-51db-9486-8b4d003a49cf,673811d5-2f11-5108-8b80-c9dd0dc2adda,10,503.75,503.75
c42cd533-de56-50da-ac1c-a16578a0cc84,51732202-96df-51db-9486-8b4d003a49cf,a042ed60-9218-5159-876b-6c4dd0e5f934,10,381.33,381.33
83b85263-a92d-546e-aff2-c4f29a3c03d7,51732202-96df-51db-9486-8b4d003a49cf,12003734-bab7-5410-8c89-f9a8c4967dea,3,1269.66,190.45
14be2772-3ee7-5b81-b3b2-47c8cd765978,a010dd51-45fe-5aec-92b9-074eb0c14a8c,d4214473-2bf7-5b77-bb1f-734e590c4014,12,1245.02,0.00
d146b34d-8920-5e4c-8a16-f9ff6b221c5b,a010dd51-45fe-5aec-92b9-074eb0c14a8c,241d3cd0-ef2c-56b8-bb75-b039a61b370a,3,378.32,0.00
c4ad6756-3e9a-5641-891e-5313131102ea,be257cb8-9849-56c3-b512-4538b3410936,ac03c1f7-3948-530e-8de5-80756984ab20,10,564.84,847.26
03975348-9d50-5298-b4a0-861196e16b40,be257cb8-9849-56c3-b512-4538b3410936,c2be7cd9-f7ee-544a-9ceb-7052826da8ce,3,183.13,27.47
7be74c17-7b39-5758-ab36-29554148a1d9,be257cb8-9849-56c3-b512-4538b3410936,201fb8e4-2c24-5483-b44d-4063694486b2,11,1026.69,564.68
bc61213b-3b21-58ca-a3ba-a29dfc5e1fe2,be257cb8-9849-56c3-b512-4538b3410936,8dfa6632-930f-5fdc-b7cd-8d5908a33d66,12,271.74,0.00
35933572-57ea-5866-8d1d-5606b41a7437,46464f76-d7ae-5399-8758-745da8a03bea,6469a098-75a3-5b3b-839a-ad075a8e67ad,9,728.47,0.00
73438b96-86a5-5e84-9658-fe83038a4ed0,3a87c1c1-1b1b-56c9-ada1-2b305ea3bb6d,91bd15e4-105e-5926-abe6-7ceaf8c07375,6,393.96,236.38
3ed92672-5988-5f63-859c-360c46eb25fd,6ab035bf-3076-501d-aac6-820e43d8ee26,9f7bfd37-85ae-5a17-9b9f-5dafe3ec68ee,10,1138.16,0.00
7d945a3f-0a0d-56ac-a39f-b2fb979c3170,6ab035bf-3076-501d-aac6-820e43d8ee26,4dbc0e6b-ab10-5b67-a928-f87e1ed2bb9a,2,233.65,70.10
5df81dfa-4679-51f5-852f-4a7e31966e9c,d7d4cceb-1af5-522b-b8dd-156f8f635ceb,86eda21c-1dbc-500a-9201-b7d6b0786cc8,4,1060.50,0.00
51ad97cb-b4db-534a-9032-ef742802395c,d7d4cceb-1af5-522b-b8dd-156f8f635ceb,1dd10a82-5cdc-539f-af3f-d3f255171973,8,107.50,43.00
5303521d-456e-5ae2-99af-12374f6a60e4,d7d4cceb-1af5-522b-b8dd-156f8f635ceb,e691a6a3-7dd7-5d95-b97e-997e3af77227,11,551.10,0.00
9985af63-cae5-5e89-aac2-d9e73692a7d6,d7d4cceb-1af5-522b-b8dd-156f8f635ceb,af3fc15f-c662-5a5e-9e9c-3b2d4e1b6029,7,1539.94,0.00
2a35446d-9245-53a1-be2e-aefffcfe93fb,d7d4cceb-1af5-522b-b8dd-156f8f635ceb,75679cf6-5497-5e69-b773-db773bc6a245,1,1441.14,72.06
708bc581-462e-5bdf-9e48-68eab1ce0af0,4bc3e7d0-55f1-5eb3-a278-6dbfa0a9cc19,75679cf6-5497-5e69-b773-db773bc6a245,2,1441.14,144.11
b40bad32-ef99-50bb-b9e7-992c7cac485d,65ce7313-6f61-53c8-8e94-f5860e27d5b5,d68351a2-cf36-5984-a091-28a9f5b6bb7e,5,1017.79,508.90
5656261f-b3ed-517a-a624-c6edd9f083ab,65ce7313-6f61-53c8-8e94-f5860e27d5b5,86eda21c-1dbc-500a-9201-b7d6b0786cc8,5,1060.50,265.12
53f5f38a-1202-5094-b93f-90eee99620e4,65ce7313-6f61-53c8-8e94-f5860e27d5b5,a042ed60-9218-5159-876b-6c4dd0e5f934,9,381.33,514.80
f4b75d7e-b7f8-5a28-b982-5acf114cd5c2,65ce7313-6f61-53c8-8e94-f5860e27d5b5,e3b2c918-6a66-5db3-87f9-e5c71515f2ab,6,1297.73,778.64
e24f59a6-320a-51b5-931c-d1a94d6c3997,65ce7313-6f61-53c8-8e94-f5860e27d5b5,31a97c6b-10cf-54c1-b463-f81683a437cc,1,1252.58,187.89
df00b7d5-3b11-5dc1-85cf-df6f24dc1034,86c6f0ed-8a98-5100-a9db-fb6f0c6e342f,5d79cff2-0e77-58a2-b1bf-c506ed3c98bd,5,822.40,0.00
6cd3074b-14d3-5a83-bd21-e9c23126f82d,86c6f0ed-8a98-5100-a9db-fb6f0c6e342f,43d6da55-777b-55ef-8cf5-d4cc7bfa63ad,5,1159.60,579.80
5893ca8b-3cc6-5dd2-afa1-e0810d8c075b,86c6f0ed-8a98-5100-a9db-fb6f0c6e342f,39cb20a1-5dca-5b11-90c4-3e96e441ed0c,4,447.96,179.18
2a83ba0b-fbb8-5629-a8d1-7cd4bba85f20,cbe77a79-9c01-531b-b2f6-7062b3a75e3a,dee51c26-0113-56c0-a9c6-edbcfc488df1,10,83.53,83.53
6f174bd8-b3e8-55b6-a327-950978592fb2,cbe77a79-9c01-531b-b2f6-7062b3a75e3a,deaf9542-d65c-5f41-b22e-b1d033baea7a,1,1236.17,61.81
72ce2ac1-a2d1-5226-a201-e3a2a9da63f9,cbe77a79-9c01-531b-b2f6-7062b3a75e3a,af3fc15f-c662-5a5e-9e9c-3b2d4e1b6029,5,1539.94,0.00
57eccf2f-d1ae-5422-b8f9-82a62565e11a,cbe77a79-9c01-531b-b2f6-7062b3a75e3a,c3e9c7fb-d6ab-5171-a827-7aad6b6d2342,11,1198.11,0.00
727578e3-2e8b-5bdb-adb6-2e5670fc91c8,cbe77a79-9c01-531b-b2f6-7062b3a75e3a,559ab41c-d860-5ab1-aaa1-483577af7b67,12,305.73,550.31
4fe00353-2673-5544-b4ed-ce6c074129c2,373755bb-e742-5fc7-9d69-daad0427b10a,bab29423-27f9-5732-bd8b-a403c95b1a96,5,947.18,0.00
5d4cd07e-5002-5210-b5e1-b4475779b3e3,373755bb-e742-5fc7-9d69-daad0427b10a,1fa2b768-1b9d-5b9c-befa-fac1ccb97563,1,771.34,0.00
d4f0a6c6-70a7-56aa-b088-32e166e9d953,373755bb-e742-5fc7-9d69-daad0427b10a,851c23cd-3716-5170-b9ac-0c25ddc7c95c,11,497.01,0.00
0f9c3708-5065-5618-8cc3-2123ca9e34f8,373755bb-e742-5fc7-9d69-daad0427b10a,12003734-bab7-5410-8c89-f9a8c4967dea,5,1269.66,0.00
e49163bb-2937-539e-91f9-634836c221cc,373755bb-e742-5fc7-9d69-daad0427b10a,1dd10a82-5cdc-539f-af3f-d3f255171973,3,107.50,32.25
c27d8505-fe2d-5e9a-8dce-edd05f996ed7,59a652c4-c1d6-518d-87b7-f34b8ec10e40,c3e9c7fb-d6ab-5171-a827-7aad6b6d2342,8,1198.11,958.49
99d3f894-351a-5aec-9b5c-d2a4ab31509c,59a652c4-c1d6-518d-87b7-f34b8ec10e40,db43f9b2-c956-5785-8950-8287c47db3ae,2,894.98,0.00
367e50ff-1530-5e60-a686-04b0e590040e,82f27ca9-30eb-5196-9063-05ed9cdd4a1a,5d462a8e-32e0-59ad-ae5c-9d66eda72663,9,326.98,0.00
dc745222-c63d-5765-bf79-9cce242e31bd,82f27ca9-30eb-5196-9063-05ed9cdd4a1a,43d6da55-777b-55ef-8cf5-d4cc7bfa63ad,6,1159.60,0.00
ab14402f-7399-5c98-a7e6-9de2fb38ec79,82f27ca9-30eb-5196-9063-05ed9cdd4a1a,b4b5a0e3-641b-562e-8386-bff3564cf295,7,158.25,0.00
5ffe2b4b-a928-5ba4-8aae-47397d3a487e,eb440f8c-9383-5683-a2fc-8ae86d22a462,eff08d1d-eb3b-559a-8ca9-60c7b365af52,11,1515.93,2501.28
a5d26161-901d-5a36-a6fd-89116c8f80c8,eb440f8c-9383-5683-a2fc-8ae86d22a462,1ac8de35-b264-5704-978e-ce8dc08dd02d,10,452.98,0.00
5a81d373-b8e4-56d3-99bd-f4b998b7a0a5,eb440f8c-9383-5683-a2fc-8ae86d22a462,e69a7c0b-6875-5a37-a379-abbc430fb47b,1,1211.55,0.00
ba86fc28-f914-5033-95f3-88d344bb06ca,eb440f8c-9383-5683-a2fc-8ae86d22a462,1fa2b768-1b9d-5b9c-befa-fac1ccb97563,2,771.34,0.00
9e52da38-ca97-5f25-9a4f-dc1638dea9be,58c29ef3-0904-541f-8e05-ae893353f9ea,01351cb5-bcf4-52ee-88a1-c6442df67004,5,1268.11,951.08
7b74d7aa-4c91-51ca-9322-339b79d9e634,58c29ef3-0904-541f-8e05-ae893353f9ea,de536700-41fe-55c3-beb9-bfb9849c872b,2,1685.26,168.53
9e4bf884-a97b-5055-9d46-b4be641e4f6e,58c29ef3-0904-541f-8e05-ae893353f9ea,559ab41c-d860-5ab1-aaa1-483577af7b67,10,305.73,305.73
446fa85d-0638-55d1-a6b4-3750ef739a14,f1d1d983-e97c-53c5-8b88-f4e56b620a27,9e165d6f-802f-5694-a25a-20885ba2aa7f,5,433.03,324.77
a3d20970-7a3d-52c2-ac26-2089fed5d97c,f74c4d0f-ba59-5dc4-a924-5f11fb3659bf,b4b5a0e3-641b-562e-8386-bff3564cf295,12,158.25,0.00
320d3bed-6435-5bd3-a4f9-7d9c2db77c05,f74c4d0f-ba59-5dc4-a924-5f11fb3659bf,ac03c1f7-3948-530e-8de5-80756984ab20,8,564.84,677.81
ff54dcba-d14e-5c28-8c40-53cbf68cc436,f74c4d0f-ba59-5dc4-a924-5f11fb3659bf,4dbc0e6b-ab10-5b67-a928-f87e1ed2bb9a,7,233.65,0.00
d2b84e2f-5c92-59c9-a1eb-f3a9ef253d67,b5b6186a-bb3a-52e4-824f-1e869af44f77,43d6da55-777b-55ef-8cf5-d4cc7bfa63ad,4,1159.60,463.84
0c3b6847-67e1-53e3-ac3b-aef2b3ba91f8,b5b6186a-bb3a-52e4-824f-1e869af44f77,0137b3c3-db39-5e56-abf7-8ae43bc349ad,6,1129.31,0.00
ccf1e11f-71b5-5e23-8bb2-bc225c45870c,b5b6186a-bb3a-52e4-824f-1e869af44f77,3205bb8a-e766-5617-a3d4-78aaa9883bc8,1,1355.84,203.38
4328be06-bc1f-5ad2-b0ae-7bd3b3c2787e,b5b6186a-bb3a-52e4-824f-1e869af44f77,aa67b9d9-b4e2-53f3-9447-ca933b53344f,8,1163.44,0.00
30469cde-80da-5ffa-bf52-c78d67bf7ddc,a2bbeb48-3f75-58ee-b500-a59ef3476071,1dd10a82-5cdc-539f-af3f-d3f255171973,12,107.50,129.00
4a1df905-85d8-58a7-a786-b3039b24f973,a2bbeb48-3f75-58ee-b500-a59ef3476071,d96da70b-0cb5-58c8-928a-aafb2d90b154,12,1827.60,3289.68
4ce35de1-1696-55ae-8861-33eb2e213e25,a2bbeb48-3f75-58ee-b500-a59ef3476071,75679cf6-5497-5e69-b773-db773bc6a245,3,1441.14,0.00
f0282658-1c68-5975-bdb0-1e64a0ad8fe0,a2bbeb48-3f75-58ee-b500-a59ef3476071,4dbc0e6b-ab10-5b67-a928-f87e1ed2bb9a,11,233.65,257.02
b105b182-ebe2-5b06-95d2-9eaed2657213,a2bbeb48-3f75-58ee-b500-a59ef3476071,1760c2e4-563f-5bac-abcd-baf5317434c8,6,1665.26,999.16
d0e19be3-bb3e-5a88-9f31-f50238497612,0098f1bb-eb44-5dd5-a9c0-48273411d503,2f2113cc-589a-55b5-846a-78fddce3a3c9,11,688.27,0.00
1e9e9c1e-b57b-5ca5-9431-25b4b0f11d71,0098f1bb-eb44-5dd5-a9c0-48273411d503,34baeb4c-81dc-5b29-bc76-0b8fd47cdbed,6,262.62,0.00
495af6a5-aaf8-5003-9b62-d3706cfdc6ef,0098f1bb-eb44-5dd5-a9c0-48273411d503,b4b5a0e3-641b-562e-8386-bff3564cf295,3,158.25,47.48
f8336892-5845-50bf-866b-24847c06aed8,0098f1bb-eb44-5dd5-a9c0-48273411d503,c2be7cd9-f7ee-544a-9ceb-7052826da8ce,2,183.13,0.00
cda875ee-5a30-5be7-9b8a-d4cd6a89f02b,0098f1bb-eb44-5dd5-a9c0-48273411d503,6469a098-75a3-5b3b-839a-ad075a8e67ad,11,728.47,0.00
eb1e997e-bcb8-5da6-9219-a2471a8c17cf,76861214-d418-50ab-b4c4-bc1ece726a3c,8d892cdc-d358-5f2b-a85b-cbecc7e0a664,10,1003.20,1003.20
e5fe04c1-30dd-5ef6-8606-302d93a54a34,76861214-d418-50ab-b4c4-bc1ece726a3c,c0bff87f-f764-5151-8aec-dda48ea91847,10,437.68,0.00
eebf3665-9a41-5e0b-aadf-3540fc7d46e2,76861214-d418-50ab-b4c4-bc1ece726a3c,9e165d6f-802f-5694-a25a-20885ba2aa7f,3,433.03,194.86
066aad1c-8678-52a4-ac22-62857b54bc75,76861214-d418-50ab-b4c4-bc1ece726a3c,cb09f248-037d-5a0d-9970-99cb102c05d8,12,1006.42,603.85
c31fecd5-bd39-595e-b687-e9a0a6e28b17,76861214-d418-50ab-b4c4-bc1ece726a3c,5d79cff2-0e77-58a2-b1bf-c506ed3c98bd,7,822.40,575.68
5f2a46ff-d951-568a-be62-c47ba28434f9,112f10e4-fc49-56b3-bfc0-4b9551327c18,91bd15e4-105e-5926-abe6-7ceaf8c07375,3,393.96,59.09
98913ed9-6173-5b25-bfa0-c06abfddef98,112f10e4-fc49-56b3-bfc0-4b9551327c18,0caef625-914f-5fea-8e59-19b212bfbd46,11,1252.51,1377.76
5e56e5d7-bee0-5f62-b91d-acd47a75ef3b,112f10e4-fc49-56b3-bfc0-4b9551327c18,241d3cd0-ef2c-56b8-bb75-b039a61b370a,10,378.32,378.32
572884dd-ff6d-5b2f-863d-f1af1ff6c518,112f10e4-fc49-56b3-bfc0-4b9551327c18,2f2113cc-589a-55b5-846a-78fddce3a3c9,3,688.27,103.24
0ed9e76c-d587-584c-9a6c-8f9929af0b2e,112f10e4-fc49-56b3-bfc0-4b9551327c18,508dfc85-5bf2-5709-b1e3-06ff86d5acb8,7,387.07,406.42
f32b0b24-e03b-5fb9-9a66-7771f1dafd03,6c3a398b-af38-513e-bd8b-d9e345916cad,31a97c6b-10cf-54c1-b463-f81683a437cc,4,1252.58,0.00
f73cbd62-4b40-56d4-91fd-1cd46cc70704,d4408b56-066d-53fb-94c6-db39e8c1c78c,1c3b9a21-09fa-5c21-bdad-35f2eb8a273f,2,1126.26,112.63
4c7691f7-1d90-5624-9032-a5566e7059aa,d4408b56-066d-53fb-94c6-db39e8c1c78c,86eda21c-1dbc-500a-9201-b7d6b0786cc8,4,1060.50,212.10
2094c893-3d81-577d-afe0-68af82235260,d4408b56-066d-53fb-94c6-db39e8c1c78c,1760c2e4-563f-5bac-abcd-baf5317434c8,5,1665.26,832.63
da83d2ba-2a5f-5cb8-9b52-5ee6e27de27d,6b33b011-c16d-52ec-87e5-e88a10cdc0ac,75679cf6-5497-5e69-b773-db773bc6a245,5,1441.14,0.00
e104da1f-f875-5304-afc1-9771c46837e0,6b33b011-c16d-52ec-87e5-e88a10cdc0ac,617fd070-2fb8-5ff6-8eaa-308844dc97ac,9,1871.53,1684.38
b9cbbd8d-cba9-5198-a1cb-c6e836b403d5,6b33b011-c16d-52ec-87e5-e88a10cdc0ac,4dbc0e6b-ab10-5b67-a928-f87e1ed2bb9a,2,233.65,23.36
bf015bbc-5bcb-542c-9850-253b73b584dd,6b33b011-c16d-52ec-87e5-e88a10cdc0ac,de536700-41fe-55c3-beb9-bfb9849c872b,9,1685.26,2275.10
9aec2bb7-6477-53a9-ba50-63d05678d012,6b33b011-c16d-52ec-87e5-e88a10cdc0ac,5d462a8e-32e0-59ad-ae5c-9d66eda72663,5,326.98,81.74
8d4ca3b8-26bd-5be4-88d6-589096ed847f,c5315263-dabd-567f-8f14-8898baa946f9,43d6da55-777b-55ef-8cf5-d4cc7bfa63ad,11,1159.60,637.78
20a32a27-3808-57ef-9b66-3d6c04134b21,c5315263-dabd-567f-8f14-8898baa946f9,e53c7da2-eb34-5499-8fd8-380dd673ea82,8,1587.45,634.98
51c28e51-35f3-57ca-9bcb-06fdc7d28fc9,c5315263-dabd-567f-8f14-8898baa946f9,241d3cd0-ef2c-56b8-bb75-b039a61b370a,2,378.32,75.66
f9b982cb-c32e-59e8-a43c-bec00b125611,774d3c79-18a4-5e9f-b18a-e6991e41188e,31a97c6b-10cf-54c1-b463-f81683a437cc,11,1252.58,2066.76
fa4f7e6b-7da3-5d58-8151-97d4feaaebc3,774d3c79-18a4-5e9f-b18a-e6991e41188e,6469a098-75a3-5b3b-839a-ad075a8e67ad,10,728.47,1092.70
23b4d14d-59b4-559f-8130-a8dd4174c1d4,774d3c79-18a4-5e9f-b18a-e6991e41188e,201fb8e4-2c24-5483-b44d-4063694486b2,9,1026.69,462.01
ba652dc7-5cac-518f-9961-4bbbf93da3e5,774d3c79-18a4-5e9f-b18a-e6991e41188e,9f7bfd37-85ae-5a17-9b9f-5dafe3ec68ee,3,1138.16,512.17
c35f5d8f-10b2-54b9-b38e-09fcdba14561,8120460f-78b6-558a-b291-e684c2f34dd7,86eda21c-1dbc-500a-9201-b7d6b0786cc8,11,1060.50,1749.82
741707e6-7abc-5354-bd40-f68e707eb6a8,8120460f-78b6-558a-b291-e684c2f34dd7,2e263bcd-bacc-5f51-b35b-70d1674f4dc5,7,370.19,259.13
5e324519-1ab9-5336-83be-407bf72a4b31,8120460f-78b6-558a-b291-e684c2f34dd7,6469a098-75a3-5b3b-839a-ad075a8e67ad,6,728.47,0.00
68815726-23bd-5686-92a5-1711d7ea1c7f,8120460f-78b6-558a-b291-e684c2f34dd7,eff08d1d-eb3b-559a-8ca9-60c7b365af52,5,1515.93,378.98
496e2f40-2b63-5efe-b107-dcdba27d6d5d,8120460f-78b6-558a-b291-e684c2f34dd7,f218ba8f-81cf-5efd-ad55-5f4ef76110c2,4,1484.37,0.00
8e8ec9bc-e79f-57d6-b6f3-41b307bcaae5,5f6afc98-bf40-54b3-8b15-57b90652f4f7,508dfc85-5bf2-5709-b1e3-06ff86d5acb8,5,387.07,0.00
c9c1f572-4010-5ed2-b870-1cd92715fc3e,5f6afc98-bf40-54b3-8b15-57b90652f4f7,201fb8e4-2c24-5483-b44d-4063694486b2,5,1026.69,256.67
b26a8da1-49ef-5499-861c-9b3651d94178,5f6afc98-bf40-54b3-8b15-57b90652f4f7,b5386670-1687-5260-ad33-97e5d697c425,5,902.07,676.55
4f64d2c8-1a88-5658-8039-9b0f940aa98c,5f6afc98-bf40-54b3-8b15-57b90652f4f7,b6edaedb-a02c-5fbc-b05c-2b5d8deb20c4,9,1512.83,0.00
f8404386-aec8-58da-ae31-e0968f512d78,009b206e-474d-55e6-a1d7-03c5ae2e9b58,cd410e43-ec3c-524b-84c6-84482a7b1204,10,549.24,549.24
3e3bf52d-15d6-58be-880e-3ed3b64ab475,009b206e-474d-55e6-a1d7-03c5ae2e9b58,b6464168-fc86-5543-9805-0861ea9c66cc,11,1065.14,0.00
344569a0-50b1-58c0-be0e-e13e60e51dc6,009b206e-474d-55e6-a1d7-03c5ae2e9b58,851c23cd-3716-5170-b9ac-0c25ddc7c95c,9,497.01,223.65
bfc6bb69-795d-5c49-855d-e02f37f59f08,009b206e-474d-55e6-a1d7-03c5ae2e9b58,2f2113cc-589a-55b5-846a-78fddce3a3c9,6,688.27,0.00
0b2a1b6e-73d1-512b-8e31-d4c368c71286,009b206e-474d-55e6-a1d7-03c5ae2e9b58,617fd070-2fb8-5ff6-8eaa-308844dc97ac,3,1871.53,280.73
e0b9cc04-99a8-5614-864f-1a102d37dec7,ba02ada2-52c3-553a-ba32-1da7181e06d8,1cc795b2-21b3-5c5e-84f0-8f1fa20a6dd4,9,668.78,902.85
dfd9babc-09d0-554c-bd24-74a729dc1ef7,ba02ada2-52c3-553a-ba32-1da7181e06d8,31a97c6b-10cf-54c1-b463-f81683a437cc,10,1252.58,1252.58
7b4feff4-d932-58b7-b9c9-8e2b76cb0f7f,9f1afd28-98cd-525c-9449-f60eb84b6852,d96da70b-0cb5-58c8-928a-aafb2d90b154,6,1827.60,1644.84
78bcd8fe-c2e4-52e0-a02d-6c9a11cfb274,9f1afd28-98cd-525c-9449-f60eb84b6852,5d462a8e-32e0-59ad-ae5c-9d66eda72663,4,326.98,0.00
f6b9c48d-c0a1-5b04-bc42-1299dd7e4368,9f1afd28-98cd-525c-9449-f60eb84b6852,8dfa6632-930f-5fdc-b7cd-8d5908a33d66,7,271.74,0.00
8d0e015c-a378-5d73-90f4-246a6279a492,9f1afd28-98cd-525c-9449-f60eb84b6852,d6b2e2d8-f41b-5418-ba12-fcffc0aa6508,5,1950.05,975.02
c85dc3ea-7682-56d7-82e9-47d2075f0c91,9f1afd28-98cd-525c-9449-f60eb84b6852,af3fc15f-c662-5a5e-9e9c-3b2d4e1b6029,1,1539.94,0.00
21052f03-2cfc-5eb2-a84b-0e02c40295cd,703c6d90-d8c7-504d-8a50-b903da76d7c3,5d462a8e-32e0-59ad-ae5c-9d66eda72663,12,326.98,0.00
d48308ce-1eb6-59a7-a620-d37c3cf1fe6c,dbbcf264-589b-5bd4-965f-cb02088141d4,0137b3c3-db39-5e56-abf7-8ae43bc349ad,5,1129.31,282.33
51f63d73-b331-599e-8650-e7e6f70c9f1f,dbbcf264-589b-5bd4-965f-cb02088141d4,9b6b9203-f582-59b6-b64c-309881607c86,12,876.23,1051.48
3c6c0aef-ccf3-5bb2-8b3d-3344f0351204,f3b3f1cf-e229-5955-806e-e2ad784fc173,3205bb8a-e766-5617-a3d4-78aaa9883bc8,12,1355.84,2440.51
9fa9847f-9c90-50ce-8c06-89dec4000846,f3b3f1cf-e229-5955-806e-e2ad784fc173,3d307d78-b10f-5539-a951-7bcc9fd17161,11,1342.24,1476.46
eabaeeb4-d508-5978-a1fb-ebf12c99abd0,ecf85981-10c6-5e24-9265-c69986d02266,599db343-a607-5259-8af1-adde7b1a86ce,5,1047.10,0.00
5a37e60c-b185-54e6-9e1b-fb5a2c715e5a,ecf85981-10c6-5e24-9265-c69986d02266,cb09f248-037d-5a0d-9970-99cb102c05d8,8,1006.42,805.14
1e53d3c5-e963-5ea6-89f1-37f369d94915,ecf85981-10c6-5e24-9265-c69986d02266,75679cf6-5497-5e69-b773-db773bc6a245,12,1441.14,1729.37
493ae9e5-639b-528c-b9bd-30166f1285d4,ecf85981-10c6-5e24-9265-c69986d02266,5d462a8e-32e0-59ad-ae5c-9d66eda72663,3,326.98,0.00
da3ade0c-368f-5dbf-94e2-98d764aa298e,ecf85981-10c6-5e24-9265-c69986d02266,d6b2e2d8-f41b-5418-ba12-fcffc0aa6508,8,1950.05,780.02
9fc3fe1c-47f7-5af2-a5c3-3ff0e4de8a82,273c101a-9975-523e-a3e9-f35e733d814d,34baeb4c-81dc-5b29-bc76-0b8fd47cdbed,4,262.62,105.05
a9c0320b-c0fb-504e-8c25-aedd7d2c4ab5,273c101a-9975-523e-a3e9-f35e733d814d,9e165d6f-802f-5694-a25a-20885ba2aa7f,7,433.03,151.56
7365af5a-aca6-5453-891e-6ee90ffdc71b,273c101a-9975-523e-a3e9-f35e733d814d,de536700-41fe-55c3-beb9-bfb9849c872b,5,1685.26,1263.94
867921bc-d676-5323-8e6b-a43b51f58529,87bc2c66-3fd1-5163-b91d-23945569d248,75679cf6-5497-5e69-b773-db773bc6a245,11,1441.14,1585.25
74ee2c95-f601-5af5-be3b-0e36b762c416,a6c680f7-7d8f-5fcc-a634-175dee7a7e6c,2f2113cc-589a-55b5-846a-78fddce3a3c9,11,688.27,378.55
101d0ae5-3466-5dd2-b1cf-31460222bd09,a6c680f7-7d8f-5fcc-a634-175dee7a7e6c,d3739878-986b-5b5f-a096-4452493d6cbb,4,869.60,0.00
35fad2ec-62df-5fba-836c-74e6cb975d8a,a6c680f7-7d8f-5fcc-a634-175dee7a7e6c,ac03c1f7-3948-530e-8de5-80756984ab20,12,564.84,338.90
f93f7902-6a24-5288-a38f-a23e79d59aaf,a6c680f7-7d8f-5fcc-a634-175dee7a7e6c,39cb20a1-5dca-5b11-90c4-3e96e441ed0c,10,447.96,447.96
cde596c1-ea41-56d0-90db-64e5d9aff07c,47c39db9-1460-5ce9-b5a8-8a72354cd9fd,b6edaedb-a02c-5fbc-b05c-2b5d8deb20c4,10,1512.83,1512.83
5ba87277-82da-5f07-9e29-113265101a9f,47c39db9-1460-5ce9-b5a8-8a72354cd9fd,d520aef1-b021-5cf0-a1d3-9e7e6d31aab7,11,568.52,0.00
7d279ef2-c058-5256-8dcc-d32b7e5ecfa6,47c39db9-1460-5ce9-b5a8-8a72354cd9fd,241d3cd0-ef2c-56b8-bb75-b039a61b370a,5,378.32,283.74
44d7b563-111a-5be8-aa7b-02fafbbd3329,47c39db9-1460-5ce9-b5a8-8a72354cd9fd,fd5d29e1-571f-589d-be31-aa00127c02aa,1,943.56,0.00
4381cec2-9f71-54e5-9c39-bf4b683471c7,e67e0a2c-f59c-59d0-a4a1-49a1d9daa2ca,851c23cd-3716-5170-b9ac-0c25ddc7c95c,4,497.01,99.40
9989ec5e-7089-5eca-b757-c1d624586324,e67e0a2c-f59c-59d0-a4a1-49a1d9daa2ca,1fa2b768-1b9d-5b9c-befa-fac1ccb97563,3,771.34,347.10
998521fb-bc18-5abd-82bf-429e5651a58d,e67e0a2c-f59c-59d0-a4a1-49a1d9daa2ca,591abda9-fd16-5958-b0e9-586f0dfa6e54,7,875.54,919.32
fdab3244-aa5b-5f84-93ff-bb90e15ccbc2,f976447e-9b39-544c-913a-172bfd02743a,75679cf6-5497-5e69-b773-db773bc6a245,4,1441.14,288.23
ce1fa7ee-06f7-52ae-85cf-da3ead306ba0,f976447e-9b39-544c-913a-172bfd02743a,1dd457fd-1d71-5eb5-b684-6f07d43e876c,9,897.97,808.17
ea8263f6-e773-51a9-82fd-e68613e2408b,f976447e-9b39-544c-913a-172bfd02743a,d68351a2-cf36-5984-a091-28a9f5b6bb7e,11,1017.79,1679.35
f0ca0749-baa2-56b7-a32b-8dbda7009c73,452c473e-9e14-5210-bf7f-ca6f86d48c7a,8a195dd5-491c-532c-9a61-886a24d451c0,6,1141.76,685.06
9e8a1dd7-b6ee-5539-a6c1-1c5b2a3c69fc,7386355a-733e-5870-91c6-c998bdb5bcd5,e139b0f5-6ca3-5ccb-8610-5a52b4b0eb6c,11,1053.19,1158.51
c02dfc15-086e-5dcd-ad66-8c5f57fed362,7386355a-733e-5870-91c6-c998bdb5bcd5,1cc795b2-21b3-5c5e-84f0-8f1fa20a6dd4,1,668.78,0.00
c61f52bb-05e4-540d-9a72-5adeaae98533,7386355a-733e-5870-91c6-c998bdb5bcd5,deaf9542-d65c-5f41-b22e-b1d033baea7a,3,1236.17,0.00
a94bf566-cb24-5f4f-968e-eb3a74eb1cde,7386355a-733e-5870-91c6-c998bdb5bcd5,896e7662-34d0-5631-bb0f-b5ce6b0ad1ba,4,1691.47,1014.88
c2cf1a5d-3962-548c-9fd7-750a85358e37,7db33673-81c6-5cce-a443-c341da65c7ee,deaf9542-d65c-5f41-b22e-b1d033baea7a,11,1236.17,1359.79
4aebe9c4-b266-51d4-a95b-0ca2467aa766,7db33673-81c6-5cce-a443-c341da65c7ee,c0bff87f-f764-5151-8aec-dda48ea91847,7,437.68,153.19
0af3b609-1b6b-5f4d-8685-6bdd644d400a,535ded8c-704c-58f7-9434-52442f9915c9,d3739878-986b-5b5f-a096-4452493d6cbb,1,869.60,86.96
f5991544-a4e5-56cb-ac8d-b966410df16e,535ded8c-704c-58f7-9434-52442f9915c9,2f2113cc-589a-55b5-846a-78fddce3a3c9,8,688.27,0.00
8ec97e40-76fe-552d-b3d7-63dc4b5bc5bd,535ded8c-704c-58f7-9434-52442f9915c9,d37c44df-541b-5bf4-b395-65b41bac88a8,4,1334.93,0.00
266eed0d-9b07-5c03-b961-3330833a8ec6,535ded8c-704c-58f7-9434-52442f9915c9,f65edfe2-43ae-59f6-b37a-f98344e1a998,5,1061.75,796.31
d41124ec-3ce8-55de-973b-dba94cf1a423,23cc8650-7513-5e3d-8547-1495f635812b,1fa2b768-1b9d-5b9c-befa-fac1ccb97563,1,771.34,115.70
672fc73a-83f3-5644-85ea-607e70a03f07,23cc8650-7513-5e3d-8547-1495f635812b,d3739878-986b-5b5f-a096-4452493d6cbb,12,869.60,1043.52
d97399fd-eb1b-56e2-8874-d819a2e2f8d0,23cc8650-7513-5e3d-8547-1495f635812b,1657c1e2-1668-5957-a5e5-822140c08707,4,1260.09,252.02
0749e3b7-50d5-5312-90cf-e8cb957c2aa3,5e1f8e41-9477-5247-94b4-1ed0a831d5e6,bab29423-27f9-5732-bd8b-a403c95b1a96,7,947.18,663.03
de358e53-b860-59c9-95dd-45e167713793,5e1f8e41-9477-5247-94b4-1ed0a831d5e6,1dd457fd-1d71-5eb5-b684-6f07d43e876c,6,897.97,808.17
4bbe195c-5ad1-5dff-aaac-497c1e4d7100,5e1f8e41-9477-5247-94b4-1ed0a831d5e6,01351cb5-bcf4-52ee-88a1-c6442df67004,9,1268.11,570.65
f16e9749-ee14-5c13-b344-bf4fc8e169b1,5e1f8e41-9477-5247-94b4-1ed0a831d5e6,d6b2e2d8-f41b-5418-ba12-fcffc0aa6508,10,1950.05,1950.05
99fc2104-980c-5982-a35c-bdd41a4e8558,b81bdba3-ac68-566a-ad9b-e14542e35c5a,a042ed60-9218-5159-876b-6c4dd0e5f934,11,381.33,419.46
6e71fb07-ff57-55c8-8cf8-5881c934d8b7,b81bdba3-ac68-566a-ad9b-e14542e35c5a,1760c2e4-563f-5bac-abcd-baf5317434c8,3,1665.26,749.37
390bf823-b362-5511-866b-3d9344cd97be,b81bdba3-ac68-566a-ad9b-e14542e35c5a,1dd457fd-1d71-5eb5-b684-6f07d43e876c,9,897.97,404.09
6f7fe537-ddcd-5cfa-aaee-21751db7f86a,9a7570ab-f433-5960-b6c3-3e080a89c78b,b6edaedb-a02c-5fbc-b05c-2b5d8deb20c4,2,1512.83,302.57
af449c89-3544-52ea-9c10-4cd1740f5a27,9a7570ab-f433-5960-b6c3-3e080a89c78b,617fd070-2fb8-5ff6-8eaa-308844dc97ac,10,1871.53,1871.53
c1d9fc9b-f209-57a7-942e-a5ad7a49c320,9a7570ab-f433-5960-b6c3-3e080a89c78b,39cb20a1-5dca-5b11-90c4-3e96e441ed0c,3,447.96,0.00
03903793-9b49-533d-8c09-4c64f1be7f94,9a7570ab-f433-5960-b6c3-3e080a89c78b,5d79cff2-0e77-58a2-b1bf-c506ed3c98bd,5,822.40,411.20
87db007b-78a3-558c-8a81-5d4d692adbb0,9a7570ab-f433-5960-b6c3-3e080a89c78b,8d892cdc-d358-5f2b-a85b-cbecc7e0a664,12,1003.20,601.92
56036ba8-07ff-5e1e-9e36-887888dc782b,1ded50e2-e45a-5123-8a2d-f9792ed4403b,d4214473-2bf7-5b77-bb1f-734e590c4014,9,1245.02,0.00
5c9b2029-61f3-522f-9229-20ea5cd4a777,688be6da-5bcf-54a4-8b9c-b32611743e60,3205bb8a-e766-5617-a3d4-78aaa9883bc8,11,1355.84,0.00
148da56f-5cdb-57c6-aae0-63a28e744508,688be6da-5bcf-54a4-8b9c-b32611743e60,fd5d29e1-571f-589d-be31-aa00127c02aa,9,943.56,424.60
c5d647bb-a413-5100-a0f5-a2c7b4fecb16,4e22f648-0bf0-5cf0-8460-9d7b440fccea,5d462a8e-32e0-59ad-ae5c-9d66eda72663,3,326.98,49.05
51d73988-ae6c-59ac-8a6b-a387eee7ade8,4e22f648-0bf0-5cf0-8460-9d7b440fccea,896e7662-34d0-5631-bb0f-b5ce6b0ad1ba,9,1691.47,2283.48
70b87370-ddf7-560b-b5ed-6a61c9ba326b,4e22f648-0bf0-5cf0-8460-9d7b440fccea,91bd15e4-105e-5926-abe6-7ceaf8c07375,5,393.96,0.00
4c26a862-7c9c-538f-84d0-abecbc3e55cf,d0203e83-373f-58ba-85c1-433124b2d291,d68351a2-cf36-5984-a091-28a9f5b6bb7e,6,1017.79,305.34
b72ace38-ff10-57e3-ac79-8cc08a021ff6,27da650b-ea95-5f43-8bab-cd831b70226b,201fb8e4-2c24-5483-b44d-4063694486b2,1,1026.69,0.00
e2f11b67-3c99-5a18-b03c-69fa24faf873,27da650b-ea95-5f43-8bab-cd831b70226b,cd410e43-ec3c-524b-84c6-84482a7b1204,12,549.24,659.09
d1a4625d-523b-5873-8c72-15e59eca9d52,27da650b-ea95-5f43-8bab-cd831b70226b,508dfc85-5bf2-5709-b1e3-06ff86d5acb8,2,387.07,77.41
d9684a87-b97c-50e0-8b4d-6c31811a6f5d,27da650b-ea95-5f43-8bab-cd831b70226b,aa67b9d9-b4e2-53f3-9447-ca933b53344f,4,1163.44,232.69
512078f4-1b2d-5fbc-9700-2d8aaf148a62,e4280843-9dec-50fb-9ec1-57b57b6dc655,f350d57a-8885-50f1-b76a-29f7a8057a35,3,1251.43,187.71
1c2573a6-2bb7-5d33-878e-6f11349d7655,e4280843-9dec-50fb-9ec1-57b57b6dc655,673811d5-2f11-5108-8b80-c9dd0dc2adda,5,503.75,0.00
bf69264d-3a3f-5b5f-84fa-7ee72869e566,e4280843-9dec-50fb-9ec1-57b57b6dc655,b6464168-fc86-5543-9805-0861ea9c66cc,5,1065.14,0.00
66b77e7f-2f90-5bbf-9f42-c4047558e416,e4280843-9dec-50fb-9ec1-57b57b6dc655,851c23cd-3716-5170-b9ac-0c25ddc7c95c,6,497.01,0.00
191e3766-c580-52e4-b703-b885836b76fb,3ee96387-9669-5eb2-8357-c53178387f7b,b6464168-fc86-5543-9805-0861ea9c66cc,1,1065.14,53.26
619bdad6-6b56-5bf0-8a15-d9de6b904ea0,3ee96387-9669-5eb2-8357-c53178387f7b,9e165d6f-802f-5694-a25a-20885ba2aa7f,4,433.03,0.00
60a1a60e-31c6-5fed-929c-3137ca465ff1,3ee96387-9669-5eb2-8357-c53178387f7b,591abda9-fd16-5958-b0e9-586f0dfa6e54,7,875.54,0.00
0f9a1857-d94c-5156-ba27-4c801ce12617,3ee96387-9669-5eb2-8357-c53178387f7b,851c23cd-3716-5170-b9ac-0c25ddc7c95c,9,497.01,0.00
c92f8794-f9c1-5888-b39b-02e7184befe6,3ee96387-9669-5eb2-8357-c53178387f7b,952e981c-e5c2-53da-984a-78dc5e3b1ad4,4,130.99,0.00
a707a392-cc6f-5cc7-968c-782abbd0cde5,b1252361-91b9-562d-aafd-15e1cad88d38,80450a39-8a90-55da-adf7-0b6a1b84aeeb,6,1385.41,1246.87
711b1368-5c14-577c-ae96-11688ffb8ebb,8a58e6eb-b44c-5350-a427-c72456b32d98,896e7662-34d0-5631-bb0f-b5ce6b0ad1ba,3,1691.47,507.44
44db7338-4aff-57ae-9a4c-b4a3a2b985f7,8a58e6eb-b44c-5350-a427-c72456b32d98,5d462a8e-32e0-59ad-ae5c-9d66eda72663,8,326.98,261.58
162aef4a-c2fe-5af4-94be-91e2e666283b,8a58e6eb-b44c-5350-a427-c72456b32d98,1dd457fd-1d71-5eb5-b684-6f07d43e876c,12,897.97,0.00
4c9d2388-9594-51d5-8d17-c7b3557c69f4,8a58e6eb-b44c-5350-a427-c72456b32d98,f9fe7a6c-9a44-59e2-a4cc-fef69cc2e48e,12,684.00,1231.20
42543127-3939-58e2-b3ba-3491ff2d39a1,8a58e6eb-b44c-5350-a427-c72456b32d98,13e04507-297b-56af-85d7-75b609d982a1,7,652.61,0.00
01c37f0b-fc9a-5146-9c7f-bca81799ba14,24079828-c68d-59e6-83a6-22b171ccc71c,a042ed60-9218-5159-876b-6c4dd0e5f934,11,381.33,0.00
ba366e74-4670-50f0-99b4-43f14144ce56,24079828-c68d-59e6-83a6-22b171ccc71c,952e981c-e5c2-53da-984a-78dc5e3b1ad4,7,130.99,0.00
d39eebbc-43d4-5639-af4c-44369614f94e,5da4d7ea-a736-51f7-9145-884a5030c54f,d520aef1-b021-5cf0-a1d3-9e7e6d31aab7,4,568.52,0.00
9f3761aa-45c4-518c-9443-df58bd8741e9,5da4d7ea-a736-51f7-9145-884a5030c54f,80450a39-8a90-55da-adf7-0b6a1b84aeeb,1,1385.41,138.54
a2cf6962-17bc-5056-80c9-529b0b9ed3b2,20d9b7b5-ce72-522d-8d72-cc46e7fb44bc,dee51c26-0113-56c0-a9c6-edbcfc488df1,6,83.53,0.00
702883dc-aeca-502a-afe1-0630c197b089,eb86d94e-2661-5214-a1d8-fb65d2167a87,fd5d29e1-571f-589d-be31-aa00127c02aa,3,943.56,0.00
196992b4-ca8b-59f6-852c-a78a2ff4375b,eb86d94e-2661-5214-a1d8-fb65d2167a87,1657c1e2-1668-5957-a5e5-822140c08707,2,1260.09,378.03
7dfe1172-e952-5492-a60e-92a3c969ebcd,eb86d94e-2661-5214-a1d8-fb65d2167a87,de536700-41fe-55c3-beb9-bfb9849c872b,7,1685.26,1179.68
9ead9866-7f08-5480-a3d0-90cbf5bb1d59,eb86d94e-2661-5214-a1d8-fb65d2167a87,1dd457fd-1d71-5eb5-b684-6f07d43e876c,10,897.97,0.00
f61a748e-b208-5497-b57f-b06ac39e8328,eb86d94e-2661-5214-a1d8-fb65d2167a87,4dbc0e6b-ab10-5b67-a928-f87e1ed2bb9a,6,233.65,0.00
cef3adda-7a0d-5a5c-8616-aea5099b6722,8858cfea-0706-597f-836b-1a68b26c45d8,9e165d6f-802f-5694-a25a-20885ba2aa7f,4,433.03,0.00
4b3e1d67-744c-5973-a43b-d60eb8e17022,8858cfea-0706-597f-836b-1a68b26c45d8,896e7662-34d0-5631-bb0f-b5ce6b0ad1ba,4,1691.47,338.29
93908d28-8ee8-5cbd-85fa-38392d701a95,8858cfea-0706-597f-836b-1a68b26c45d8,db630ac7-839d-5331-93df-dc621d8357b6,1,582.16,87.32
3f867234-63d8-5d75-9491-9b69f7debef6,8858cfea-0706-597f-836b-1a68b26c45d8,bab29423-27f9-5732-bd8b-a403c95b1a96,1,947.18,47.36
35fc9329-7e76-5983-b93a-277f55622a2a,6782b742-d00c-56e4-8495-a3a08d59d436,eff08d1d-eb3b-559a-8ca9-60c7b365af52,12,1515.93,2728.67
a09d20b1-f9f7-536e-9959-57b87abf0388,6782b742-d00c-56e4-8495-a3a08d59d436,0f2c8ffe-5a45-5cfc-afbf-417553294a54,12,237.59,285.11
107cc6b0-0ceb-5e3e-9b82-5eb962b4884b,cbafc7bd-89db-5eda-addb-0c621d708647,559ab41c-d860-5ab1-aaa1-483577af7b67,8,305.73,0.00
fdf1f190-ccf1-5430-bb2f-438d919cf099,cbafc7bd-89db-5eda-addb-0c621d708647,3d307d78-b10f-5539-a951-7bcc9fd17161,12,1342.24,805.34
f4a7636f-7ffd-5df1-b45a-8269457dc95d,69314684-0d95-5bdb-8a8a-03031482b320,e139b0f5-6ca3-5ccb-8610-5a52b4b0eb6c,3,1053.19,157.98
29b490e7-319c-583f-ae06-515a15adbcb3,69314684-0d95-5bdb-8a8a-03031482b320,f218ba8f-81cf-5efd-ad55-5f4ef76110c2,7,1484.37,1558.59
35d1f660-ecd5-5d0c-bfd7-397752917071,69314684-0d95-5bdb-8a8a-03031482b320,851c23cd-3716-5170-b9ac-0c25ddc7c95c,6,497.01,447.31
f66c96c2-8322-5c52-9397-e6cf8d02cc50,69314684-0d95-5bdb-8a8a-03031482b320,b6edaedb-a02c-5fbc-b05c-2b5d8deb20c4,6,1512.83,453.85
70b10b84-4ec2-521a-9a4c-833bbe2ea08a,50d22244-caac-573b-9dc4-a54742b9d4dd,2f2113cc-589a-55b5-846a-78fddce3a3c9,11,688.27,0.00
1a21016a-f94e-5aa2-8509-eccd47b704b5,50d22244-caac-573b-9dc4-a54742b9d4dd,e691a6a3-7dd7-5d95-b97e-997e3af77227,4,551.10,0.00
8d0522c2-0346-50e0-8329-c258546823fc,50d22244-caac-573b-9dc4-a54742b9d4dd,673811d5-2f11-5108-8b80-c9dd0dc2adda,10,503.75,755.62
3dc0d23b-b8d9-5f8b-a6f1-cfba13e6cb78,8a6fda56-8d62-579b-ac68-27fad027bd76,f9fe7a6c-9a44-59e2-a4cc-fef69cc2e48e,8,684.00,547.20
8ffbf391-0937-57ff-a0d9-41ead4e77f17,8a6fda56-8d62-579b-ac68-27fad027bd76,d37c44df-541b-5bf4-b395-65b41bac88a8,12,1334.93,0.00
40d0af4f-8c8f-5129-b58a-dd109ddf2b07,3d577760-62fb-5f66-bb8f-0f2ab5b62cd3,952e981c-e5c2-53da-984a-78dc5e3b1ad4,3,130.99,0.00
53a9ba3f-75cb-5ec5-97d2-07241ef7cb66,3d577760-62fb-5f66-bb8f-0f2ab5b62cd3,1fa2b768-1b9d-5b9c-befa-fac1ccb97563,9,771.34,0.00
ecdcc004-bff2-5de5-96db-03b748ef88ec,1f3beaf8-5669-5e1b-95ef-3f9f23f0821a,de536700-41fe-55c3-beb9-bfb9849c872b,8,1685.26,0.00
0181279f-51fd-5e95-b80f-a8807221b4aa,1f3beaf8-5669-5e1b-95ef-3f9f23f0821a,2f2113cc-589a-55b5-846a-78fddce3a3c9,12,688.27,412.96
1c3b68bb-0e6d-558c-812e-b87abbc4aeca,1f3beaf8-5669-5e1b-95ef-3f9f23f0821a,f218ba8f-81cf-5efd-ad55-5f4ef76110c2,9,1484.37,0.00
c4c14589-2cdc-568a-9105-39c8d81d0d57,1f3beaf8-5669-5e1b-95ef-3f9f23f0821a,d3739878-986b-5b5f-a096-4452493d6cbb,12,869.60,1043.52
90d04a63-9612-59ad-847f-031a1191ca31,5cd27240-2d45-5514-b5e4-e2985129f0f6,e53c7da2-eb34-5499-8fd8-380dd673ea82,12,1587.45,0.00
00bb7704-576a-54ee-83c8-573c3e369beb,5cd27240-2d45-5514-b5e4-e2985129f0f6,1657c1e2-1668-5957-a5e5-822140c08707,5,1260.09,630.04
0f7634cb-d165-5b5c-ba53-2b67ae745578,5cd27240-2d45-5514-b5e4-e2985129f0f6,3d307d78-b10f-5539-a951-7bcc9fd17161,1,1342.24,67.11
23833bc6-7ea5-5456-ba11-42c373d44407,5cd27240-2d45-5514-b5e4-e2985129f0f6,bab29423-27f9-5732-bd8b-a403c95b1a96,7,947.18,994.54
2b71e691-162e-558c-b0f2-58decdcec3a1,5cd27240-2d45-5514-b5e4-e2985129f0f6,aa67b9d9-b4e2-53f3-9447-ca933b53344f,2,1163.44,0.00
877d8b7e-9fa2-5d88-9db0-00ff90d5fd7b,c243b57b-f57e-58b0-a2fd-a18caca25b73,0caef625-914f-5fea-8e59-19b212bfbd46,9,1252.51,1690.89
e82a4a6f-2045-5bd6-8569-1a6ca7625023,c243b57b-f57e-58b0-a2fd-a18caca25b73,c3e9c7fb-d6ab-5171-a827-7aad6b6d2342,8,1198.11,958.49
666d22b2-d3bb-570a-b0e6-bee43a168b24,c243b57b-f57e-58b0-a2fd-a18caca25b73,d37c44df-541b-5bf4-b395-65b41bac88a8,8,1334.93,0.00
7180c356-02f4-5482-a6be-fb3c35bc03fe,c243b57b-f57e-58b0-a2fd-a18caca25b73,45669348-c1a3-5956-bbf2-d29bd438fbdc,4,536.14,321.68
050bdca7-13d4-5054-8af4-ec9eecdc4b3e,131c9eb6-0664-5073-bca6-b3aae62ad23a,8dfa6632-930f-5fdc-b7cd-8d5908a33d66,4,271.74,108.70
f9e35eac-fc7b-5de6-aef5-6f7b7f51d363,131c9eb6-0664-5073-bca6-b3aae62ad23a,0f2c8ffe-5a45-5cfc-afbf-417553294a54,1,237.59,35.64
4ee6be7d-a40f-58dd-b2ce-ca0f991e2d38,131c9eb6-0664-5073-bca6-b3aae62ad23a,896e7662-34d0-5631-bb0f-b5ce6b0ad1ba,6,1691.47,0.00
90d180c4-b3f7-5284-b2d8-4d02f395ed1f,bde8b5ce-5517-5a2d-a916-a1f249c64428,80450a39-8a90-55da-adf7-0b6a1b84aeeb,1,1385.41,138.54
62651c83-7e71-544e-9bd4-81c6201c6efa,bde8b5ce-5517-5a2d-a916-a1f249c64428,952e981c-e5c2-53da-984a-78dc5e3b1ad4,6,130.99,117.89
3adb9c4d-c8ab-58dd-a354-45823f97b32f,bde8b5ce-5517-5a2d-a916-a1f249c64428,db630ac7-839d-5331-93df-dc621d8357b6,1,582.16,58.22
d2e1cbf2-b30e-56f5-8593-0740d64cb281,bde8b5ce-5517-5a2d-a916-a1f249c64428,39cb20a1-5dca-5b11-90c4-3e96e441ed0c,3,447.96,134.39
36762d3c-7aff-5653-a592-9e2409c38c3d,03db4195-9508-52e2-8d86-3492eb1620ac,851c23cd-3716-5170-b9ac-0c25ddc7c95c,3,497.01,74.55
1d049d67-6211-56f2-ae3b-eadf6c4a399c,03db4195-9508-52e2-8d86-3492eb1620ac,1cc795b2-21b3-5c5e-84f0-8f1fa20a6dd4,3,668.78,200.63
464bd9fd-8490-5229-bc80-58e5608be785,0cbbf851-70b3-556a-a5e7-c6079aa9916e,f9fe7a6c-9a44-59e2-a4cc-fef69cc2e48e,2,684.00,0.00
02437e5d-c312-59ae-89ce-66f1113bff68,368e1b83-ae59-5ae4-99ba-df590a66a565,8d892cdc-d358-5f2b-a85b-cbecc7e0a664,3,1003.20,0.00
93c27ab9-4dc8-59c9-9e03-84e3940f3d0f,368e1b83-ae59-5ae4-99ba-df590a66a565,a042ed60-9218-5159-876b-6c4dd0e5f934,1,381.33,57.20
8750e826-cf47-59c6-9411-fadaec4fd3cc,368e1b83-ae59-5ae4-99ba-df590a66a565,01351cb5-bcf4-52ee-88a1-c6442df67004,5,1268.11,634.06
c2b9a539-4d45-597c-9390-a5b42753ac64,ec40068a-426c-5839-b758-923ea590b40c,f78fc905-81d2-5f52-8c77-1cff3a4b42b7,11,290.47,319.52
5cb580f2-26fd-55ab-9fa5-dfa3cb604ddf,7c241a65-ba34-58ad-bdc8-a4f5c8023eda,e691a6a3-7dd7-5d95-b97e-997e3af77227,3,551.10,165.33
716a9734-2811-5fda-946f-ce3f8155298f,7c241a65-ba34-58ad-bdc8-a4f5c8023eda,f78fc905-81d2-5f52-8c77-1cff3a4b42b7,1,290.47,0.00
2bae3371-7629-5ac1-862b-1142207a1f48,7c241a65-ba34-58ad-bdc8-a4f5c8023eda,cdea42fb-ee49-5a22-a213-56a8f9fcb148,4,1597.00,319.40
6abbac5d-5bf2-504d-8d66-c331011b15af,931b962e-ee42-5fc0-8b26-0443e0c431dc,cb09f248-037d-5a0d-9970-99cb102c05d8,7,1006.42,0.00
c95c0169-6caf-5d90-b478-02289f5666b5,9e6144a8-da9c-5306-8c4e-a14c80622777,617fd070-2fb8-5ff6-8eaa-308844dc97ac,2,1871.53,561.46
92f81b35-eb0b-5a35-be46-86af79cd5026,9e6144a8-da9c-5306-8c4e-a14c80622777,f218ba8f-81cf-5efd-ad55-5f4ef76110c2,6,1484.37,1335.93
7d1b127b-ca48-5ac2-948a-daaa1b1d1c4a,9e6144a8-da9c-5306-8c4e-a14c80622777,e3b2c918-6a66-5db3-87f9-e5c71515f2ab,4,1297.73,259.55
135d4f74-a4c6-566e-bb1c-bb548fc63eac,9e6144a8-da9c-5306-8c4e-a14c80622777,8a195dd5-491c-532c-9a61-886a24d451c0,1,1141.76,57.09
19738d9a-b8da-562f-a0f9-7d8bf54a3983,9e6144a8-da9c-5306-8c4e-a14c80622777,75679cf6-5497-5e69-b773-db773bc6a245,1,1441.14,72.06
8b87cbcf-b750-52e7-953a-c89ff09d0c1c,f6eac54a-e42b-5a54-8ea2-31aab13a14d7,01351cb5-bcf4-52ee-88a1-c6442df67004,2,1268.11,0.00
9ecabe8a-eb7d-5b0f-8101-4f1a0a2e5af5,f6eac54a-e42b-5a54-8ea2-31aab13a14d7,fb4140fc-b3c1-5a6a-8613-9b068fdd2b39,9,931.77,419.30
f65d0b97-ab3c-57bf-a592-462110ff7778,f6eac54a-e42b-5a54-8ea2-31aab13a14d7,c0bff87f-f764-5151-8aec-dda48ea91847,8,437.68,350.14
b5e05bc2-f05c-5d4b-aed4-0df91f0bafa4,f6eac54a-e42b-5a54-8ea2-31aab13a14d7,673811d5-2f11-5108-8b80-c9dd0dc2adda,8,503.75,604.50
5fba19ee-5709-5782-b582-b6c6127d95c1,f6eac54a-e42b-5a54-8ea2-31aab13a14d7,2e263bcd-bacc-5f51-b35b-70d1674f4dc5,1,370.19,0.00
24ca32e2-138c-5120-aebc-fb6cbc79fdc5,ae47ed1b-73d5-59dd-b81d-db77fb1a45b9,cdea42fb-ee49-5a22-a213-56a8f9fcb148,7,1597.00,0.00
c12a8f25-780a-5c6f-9cd8-d903803d6775,98f94a2a-82e1-51e6-adfa-d1b31671f179,9b6b9203-f582-59b6-b64c-309881607c86,4,876.23,0.00
94434740-cb70-5785-a306-d7a06f497c3f,98f94a2a-82e1-51e6-adfa-d1b31671f179,13ea52a1-6b55-57c7-b84e-acf7fb92f106,4,368.84,147.54
47e9efdc-bae5-50e6-9ec1-ed4f6f4ab11f,98f94a2a-82e1-51e6-adfa-d1b31671f179,cd410e43-ec3c-524b-84c6-84482a7b1204,11,549.24,0.00
d0c8ec1d-6660-59ae-bd9e-255dde770cfe,decf3346-3d5c-5c3c-8cc0-b61bfc90fb9b,f218ba8f-81cf-5efd-ad55-5f4ef76110c2,6,1484.37,1335.93
5d4761e0-a8a4-5337-bfe3-a1a016d59173,decf3346-3d5c-5c3c-8cc0-b61bfc90fb9b,9f7bfd37-85ae-5a17-9b9f-5dafe3ec68ee,1,1138.16,0.00
3f11f9c8-62e2-57d7-b518-5a33d0cfc241,59e0420e-9cda-5e2c-97dc-2c883e269b88,e69a7c0b-6875-5a37-a379-abbc430fb47b,5,1211.55,908.66
5304d2ff-051c-53a0-b854-3155a0c87ccc,59e0420e-9cda-5e2c-97dc-2c883e269b88,db43f9b2-c956-5785-8950-8287c47db3ae,8,894.98,715.98
ac892a25-531e-5a29-9d91-9bce6836b340,10522b31-3fad-5623-aeed-a98336cedd6b,617fd070-2fb8-5ff6-8eaa-308844dc97ac,6,1871.53,0.00
0bb0b9e2-7986-5fa6-802a-ca5186f4b951,10522b31-3fad-5623-aeed-a98336cedd6b,d37c44df-541b-5bf4-b395-65b41bac88a8,9,1334.93,0.00
278074a8-84bd-528d-b0c6-4cd019755df8,10522b31-3fad-5623-aeed-a98336cedd6b,8ac2c18a-5896-572a-9f44-f5d60109258d,10,270.85,406.28
09dc06f0-5f07-58e9-bc63-4a9543387358,a2c0f107-1ad1-5036-8238-7ff93ff5a40f,01351cb5-bcf4-52ee-88a1-c6442df67004,3,1268.11,0.00
851238c4-f92b-562a-a4d3-6aaae04cf2a8,7e651e51-26f8-5b71-976e-cb387100d52c,cdea42fb-ee49-5a22-a213-56a8f9fcb148,5,1597.00,798.50
55a15db9-2c34-5d2a-8135-f9b7de8ed4d8,080b1c1e-985b-521c-87fd-08d92d862c9d,dee51c26-0113-56c0-a9c6-edbcfc488df1,11,83.53,45.94
1ba5c170-ca3f-5444-9c44-fa15ef01631a,080b1c1e-985b-521c-87fd-08d92d862c9d,1cc795b2-21b3-5c5e-84f0-8f1fa20a6dd4,5,668.78,501.58
02296643-4955-51a7-91db-66b777e4582f,080b1c1e-985b-521c-87fd-08d92d862c9d,241d3cd0-ef2c-56b8-bb75-b039a61b370a,2,378.32,113.50
d0f2ad21-201b-54ab-ab99-1797e339cafc,02a9bb93-5602-501e-9881-8cc1e90edb88,e69a7c0b-6875-5a37-a379-abbc430fb47b,6,1211.55,0.00
f02e2d3d-262a-57be-bec0-9eee49298a63,02a9bb93-5602-501e-9881-8cc1e90edb88,13e04507-297b-56af-85d7-75b609d982a1,11,652.61,358.94
50ad4325-3cad-54b4-b9e7-21585189d8b8,5931ee40-3620-5356-b6e8-2661e4c9fc34,9a2e8c5f-4d3e-5cb8-ba78-f2bd562ee61b,2,688.27,0.00
c6c90e9e-9f10-52f0-80bf-c808c9a58c80,845e79c8-2c96-50b3-9816-6c1aae13eb8f,db630ac7-839d-5331-93df-dc621d8357b6,12,582.16,1047.89
4cb9971d-fe99-57b5-a142-cf2552b187d3,845e79c8-2c96-50b3-9816-6c1aae13eb8f,88f79184-2cf9-5f72-8e4a-cedfa68d9d06,10,475.83,0.00
6bf98fd9-ea9b-52df-828a-a0114f50361d,845e79c8-2c96-50b3-9816-6c1aae13eb8f,e53c7da2-eb34-5499-8fd8-380dd673ea82,11,1587.45,1746.20
4369eeaa-4246-518e-bbd2-e15406c8840b,845e79c8-2c96-50b3-9816-6c1aae13eb8f,0137b3c3-db39-5e56-abf7-8ae43bc349ad,1,1129.31,169.40
9094b381-4918-58b5-bf74-1d7ac96a5a6e,845e79c8-2c96-50b3-9816-6c1aae13eb8f,34baeb4c-81dc-5b29-bc76-0b8fd47cdbed,3,262.62,78.79
6738c859-ef72-5331-949b-d04730b8721d,e262723d-f960-5e9e-95f8-3a4403ed5210,559ab41c-d860-5ab1-aaa1-483577af7b67,4,305.73,61.15
18ee4225-3e88-5f71-882f-f1ac03b7be76,e262723d-f960-5e9e-95f8-3a4403ed5210,f78fc905-81d2-5f52-8c77-1cff3a4b42b7,8,290.47,348.56
1ffe31dd-1fef-5e40-969a-f76c46f7cbcd,e262723d-f960-5e9e-95f8-3a4403ed5210,d4214473-2bf7-5b77-bb1f-734e590c4014,2,1245.02,373.51
cf7f4e79-7e15-5e8c-94b3-cb2155cc3eb5,e262723d-f960-5e9e-95f8-3a4403ed5210,851c23cd-3716-5170-b9ac-0c25ddc7c95c,9,497.01,670.96
40f4923a-2a92-535f-b6e3-2beb40d0f820,e262723d-f960-5e9e-95f8-3a4403ed5210,e53c7da2-eb34-5499-8fd8-380dd673ea82,5,1587.45,1190.59
4385572c-6876-589d-8be8-38c5d430c8cf,0ee2fd46-da83-56d6-87af-bf7e75b76368,5d462a8e-32e0-59ad-ae5c-9d66eda72663,5,326.98,0.00
435606b7-7112-5825-b8a1-f41df8a9322f,0ee2fd46-da83-56d6-87af-bf7e75b76368,851c23cd-3716-5170-b9ac-0c25ddc7c95c,9,497.01,670.96
63578eac-1b1d-5a3a-ae37-95efdc0b4173,0ee2fd46-da83-56d6-87af-bf7e75b76368,508dfc85-5bf2-5709-b1e3-06ff86d5acb8,3,387.07,116.12
ff47e2a3-a5da-58f4-a25e-7a63b972bc8f,10c2c590-8598-5383-b157-44eabb29e290,851c23cd-3716-5170-b9ac-0c25ddc7c95c,9,497.01,447.31
0af38168-f65f-53c9-a52b-51f3303f4234,10c2c590-8598-5383-b157-44eabb29e290,cdea42fb-ee49-5a22-a213-56a8f9fcb148,1,1597.00,159.70
e364dedd-455c-5f2b-9c63-43dea5e15f05,254342df-3bd9-5cda-81aa-1f0d01d66d6a,8a195dd5-491c-532c-9a61-886a24d451c0,6,1141.76,685.06
ab957bcb-7239-5fbf-a341-299670e4940b,c789cf6e-a07d-5825-85cb-acca55652660,cdea42fb-ee49-5a22-a213-56a8f9fcb148,3,1597.00,0.00
036f6e5e-b221-5bdb-b0a5-f2b18362f38c,c789cf6e-a07d-5825-85cb-acca55652660,d68351a2-cf36-5984-a091-28a9f5b6bb7e,3,1017.79,152.67
eacc7096-eb13-58af-a596-785684442ac2,c789cf6e-a07d-5825-85cb-acca55652660,13ea52a1-6b55-57c7-b84e-acf7fb92f106,11,368.84,608.59
11733c97-fffb-5583-878c-f57bec05d6fe,058367b5-8437-5f8c-8991-ea504628e893,2f2113cc-589a-55b5-846a-78fddce3a3c9,9,688.27,309.72
9f39ae59-7bf8-53c8-8d6a-9f1b78921b5b,058367b5-8437-5f8c-8991-ea504628e893,9a2e8c5f-4d3e-5cb8-ba78-f2bd562ee61b,11,688.27,0.00
abb4213f-1eac-584b-b4fb-ea967e15048a,058367b5-8437-5f8c-8991-ea504628e893,8dfa6632-930f-5fdc-b7cd-8d5908a33d66,5,271.74,67.94
fd59b3c1-d0cb-525c-904a-01a4f225479e,058367b5-8437-5f8c-8991-ea504628e893,f78fc905-81d2-5f52-8c77-1cff3a4b42b7,11,290.47,159.76
2ab3f45d-337c-5878-bf6e-965e9904dd72,058367b5-8437-5f8c-8991-ea504628e893,deaf9542-d65c-5f41-b22e-b1d033baea7a,9,1236.17,0.00
9b48f871-8ee1-5746-8d5a-a26f6302fc4a,1879a7c4-87bc-5162-84e6-6d7b0c178ac4,228ccd2f-642c-5fdf-abf0-129af98a3568,1,148.91,0.00
994f56f9-efe8-50b2-a6d4-f4076778f67f,1879a7c4-87bc-5162-84e6-6d7b0c178ac4,1c3b9a21-09fa-5c21-bdad-35f2eb8a273f,1,1126.26,168.94
8a35302c-f223-5b2f-964d-a23a9fcc1ece,1879a7c4-87bc-5162-84e6-6d7b0c178ac4,f350d57a-8885-50f1-b76a-29f7a8057a35,3,1251.43,0.00
3e80db2a-e1f9-580b-b5c4-87c1a3d6760e,1879a7c4-87bc-5162-84e6-6d7b0c178ac4,db630ac7-839d-5331-93df-dc621d8357b6,3,582.16,174.65
8b462f7a-264e-5554-9470-66b31a81252d,c1d5fb06-6853-5319-8773-c13c5929fe8a,201fb8e4-2c24-5483-b44d-4063694486b2,2,1026.69,205.34
71e0bb10-dba8-5d45-8059-e32ac7cfb145,c1d5fb06-6853-5319-8773-c13c5929fe8a,e139b0f5-6ca3-5ccb-8610-5a52b4b0eb6c,5,1053.19,263.30
7389caa1-8436-56e5-9812-6a8de22451fa,c1d5fb06-6853-5319-8773-c13c5929fe8a,d520aef1-b021-5cf0-a1d3-9e7e6d31aab7,7,568.52,0.00
933580bf-f5a9-592c-91ce-ed3308e17aea,a2e9a528-41c6-59df-8338-f059b11249bd,2f2113cc-589a-55b5-846a-78fddce3a3c9,7,688.27,0.00
da5b5242-b3c7-5c69-9b40-b4dd3f98375c,a2e9a528-41c6-59df-8338-f059b11249bd,cdea42fb-ee49-5a22-a213-56a8f9fcb148,6,1597.00,1437.30
82a016fc-ada7-50f4-a8aa-e049f2b438f2,a2e9a528-41c6-59df-8338-f059b11249bd,8b12c834-e054-5502-85aa-99d1eb81eee0,2,1393.76,0.00
68b6a26a-e9af-5c3e-ad82-b53d048b2e77,a2e9a528-41c6-59df-8338-f059b11249bd,896e7662-34d0-5631-bb0f-b5ce6b0ad1ba,2,1691.47,507.44
32e1d00a-ac53-5ccd-ad4c-d9abdf65601d,a2e9a528-41c6-59df-8338-f059b11249bd,de536700-41fe-55c3-beb9-bfb9849c872b,3,1685.26,0.00
2e279439-2908-51cc-b545-a86f7366d124,5dc906d5-74f4-5b44-9f75-507d65a4d2d2,d68351a2-cf36-5984-a091-28a9f5b6bb7e,4,1017.79,0.00
3b5b412d-ed16-5579-a3b5-2d3ba6f221e3,5dc906d5-74f4-5b44-9f75-507d65a4d2d2,f65edfe2-43ae-59f6-b37a-f98344e1a998,7,1061.75,0.00
3c76c8bc-b1d7-54a7-b3c5-e6c74b631da0,5dc906d5-74f4-5b44-9f75-507d65a4d2d2,d520aef1-b021-5cf0-a1d3-9e7e6d31aab7,11,568.52,625.37
0610b363-dc0d-563a-9ff7-f2a58e27dea7,84f11fb3-aa3d-5c9c-9a21-458cfcf565ce,d3739878-986b-5b5f-a096-4452493d6cbb,9,869.60,0.00
f2142790-fa96-57ad-8e12-72c5176c6254,84f11fb3-aa3d-5c9c-9a21-458cfcf565ce,c2be7cd9-f7ee-544a-9ceb-7052826da8ce,7,183.13,0.00
ffd0bd54-d7df-50ff-9428-b1f0596b5eba,84f11fb3-aa3d-5c9c-9a21-458cfcf565ce,bab29423-27f9-5732-bd8b-a403c95b1a96,9,947.18,852.46
e7fd8f7a-34e8-5fb7-ad30-bb479a8a8eea,34a1cc36-e854-59a4-a8bc-35647825f361,8dfa6632-930f-5fdc-b7cd-8d5908a33d66,3,271.74,0.00
8b39aa3f-0118-5f21-bfa3-bbfcb58dbca1,34a1cc36-e854-59a4-a8bc-35647825f361,591abda9-fd16-5958-b0e9-586f0dfa6e54,4,875.54,175.11
28ab3232-a57e-50c3-b579-4248a85721d4,5b6adccf-87bd-54d0-a368-30aedfdf1616,1dd457fd-1d71-5eb5-b684-6f07d43e876c,11,897.97,0.00
9abff100-1ce1-5a76-8035-9c006255aa09,5b6adccf-87bd-54d0-a368-30aedfdf1616,d4214473-2bf7-5b77-bb1f-734e590c4014,4,1245.02,498.01
4e1f787f-a9d7-52d8-bb99-e9a5980b87c6,98957c44-40e5-5db0-936d-9a6310fec581,80450a39-8a90-55da-adf7-0b6a1b84aeeb,12,1385.41,831.25
d843c476-acca-5248-a31e-d05529607124,98957c44-40e5-5db0-936d-9a6310fec581,d68351a2-cf36-5984-a091-28a9f5b6bb7e,11,1017.79,1679.35
7c67c2c2-7299-53d1-b737-fb5f83ddcd34,98957c44-40e5-5db0-936d-9a6310fec581,b6edaedb-a02c-5fbc-b05c-2b5d8deb20c4,7,1512.83,1588.47
e5adcb1d-5714-53da-ad2b-44e5918f7841,98957c44-40e5-5db0-936d-9a6310fec581,0caef625-914f-5fea-8e59-19b212bfbd46,12,1252.51,1503.01
5af7a912-b076-5a10-8a38-0d8bb08ada12,541f48e7-6034-5cc0-b333-7d3edac2e8cc,39cb20a1-5dca-5b11-90c4-3e96e441ed0c,10,447.96,223.98
126bf58c-bbd7-5722-afc4-52aadd9822e0,541f48e7-6034-5cc0-b333-7d3edac2e8cc,8b12c834-e054-5502-85aa-99d1eb81eee0,3,1393.76,627.19
5a390395-34b3-5a23-810f-6afb48d543f4,541f48e7-6034-5cc0-b333-7d3edac2e8cc,1fa2b768-1b9d-5b9c-befa-fac1ccb97563,3,771.34,115.70
fc4a0f69-238b-5dda-9fd3-50b02dc9b7a5,541f48e7-6034-5cc0-b333-7d3edac2e8cc,613ff8f3-9a2b-5f66-8d3e-3e05d5391002,6,474.67,142.40
bc723714-c648-5c0d-ad59-55e4715c8e87,541f48e7-6034-5cc0-b333-7d3edac2e8cc,5d79cff2-0e77-58a2-b1bf-c506ed3c98bd,2,822.40,0.00
fb15aa47-e947-5159-943c-dd32a3eba0bb,02e3c964-3236-57a5-ab54-e0be0131aa5f,b4065918-1c4b-50b6-b69a-d859f24bfe23,3,1132.17,0.00
d8117f8d-7559-5cca-8f89-57ddfc3a71d4,9a91896a-9333-57b8-a75e-b604c5314bff,f9fe7a6c-9a44-59e2-a4cc-fef69cc2e48e,5,684.00,513.00
2d86a2e7-5a78-56b5-8777-86f93918f72f,9a91896a-9333-57b8-a75e-b604c5314bff,f78fc905-81d2-5f52-8c77-1cff3a4b42b7,3,290.47,130.71
2e6c79d0-94c6-53c9-a34b-9836b1926703,9a91896a-9333-57b8-a75e-b604c5314bff,f350d57a-8885-50f1-b76a-29f7a8057a35,12,1251.43,750.86
71bfccee-53e6-581b-ae83-d8b3f79ec17e,9a91896a-9333-57b8-a75e-b604c5314bff,3205bb8a-e766-5617-a3d4-78aaa9883bc8,9,1355.84,1830.38
92e1639d-f03d-5146-8cb0-3defa712008d,9a91896a-9333-57b8-a75e-b604c5314bff,e3b2c918-6a66-5db3-87f9-e5c71515f2ab,1,1297.73,129.77
db40f51a-147d-5f69-837f-6c0ed9c43b5e,412416ee-57e7-5625-831a-a1aaeb3220fe,5d79cff2-0e77-58a2-b1bf-c506ed3c98bd,6,822.40,246.72
9450a4df-8cf1-5224-915e-49b5bcaa434d,412416ee-57e7-5625-831a-a1aaeb3220fe,8a195dd5-491c-532c-9a61-886a24d451c0,2,1141.76,342.53
07600752-0dcf-5c03-9bf9-47006517ad50,622e6a0d-b996-51f6-a0bb-a359ab21932c,1fa2b768-1b9d-5b9c-befa-fac1ccb97563,2,771.34,77.13
6a6c21ee-6bcb-5c17-aca0-0eb5786f6685,1c472705-3bfb-5339-874e-c43304ba8ec4,8ac2c18a-5896-572a-9f44-f5d60109258d,10,270.85,270.85
c93f86f9-34c7-5eb3-a7ca-e4da6dc25556,1c472705-3bfb-5339-874e-c43304ba8ec4,d4214473-2bf7-5b77-bb1f-734e590c4014,12,1245.02,0.00
d38c8b79-eeb4-5764-87f9-124a02ece48f,1c472705-3bfb-5339-874e-c43304ba8ec4,952e981c-e5c2-53da-984a-78dc5e3b1ad4,5,130.99,65.50
a8d37445-0008-51fb-af17-52b767feea1a,d03c2fe5-1b02-5082-a3b2-eb7166fcee10,201fb8e4-2c24-5483-b44d-4063694486b2,10,1026.69,513.34
6f2c0305-68d5-5355-92e3-2dc5b65dd4f5,d03c2fe5-1b02-5082-a3b2-eb7166fcee10,31a97c6b-10cf-54c1-b463-f81683a437cc,11,1252.58,2066.76
ec7afc3c-a5d7-51df-b6ed-5b74e6de0d40,99fc4c84-444f-5b99-830f-855b7a39f10f,ac03c1f7-3948-530e-8de5-80756984ab20,3,564.84,0.00
9177a649-3601-5148-83d7-272ece072ba1,99fc4c84-444f-5b99-830f-855b7a39f10f,88f79184-2cf9-5f72-8e4a-cedfa68d9d06,7,475.83,166.54
ff8524ef-fc43-54ce-98ef-d168436d82f8,99fc4c84-444f-5b99-830f-855b7a39f10f,80450a39-8a90-55da-adf7-0b6a1b84aeeb,4,1385.41,831.25
039f059f-b759-5c1a-b87a-4b7b3d761ae5,99fc4c84-444f-5b99-830f-855b7a39f10f,1cc795b2-21b3-5c5e-84f0-8f1fa20a6dd4,3,668.78,300.95
96609048-b587-5743-a2c7-24927b7aad7d,5f76a71b-f7a8-5d3d-b804-0d2343b760ee,fd5d29e1-571f-589d-be31-aa00127c02aa,1,943.56,0.00
a4955fb3-834d-5030-9cfe-1f72b16d8c52,5f76a71b-f7a8-5d3d-b804-0d2343b760ee,b6edaedb-a02c-5fbc-b05c-2b5d8deb20c4,10,1512.83,1512.83
5554ca8d-d337-5899-8976-07116c1746ca,5f76a71b-f7a8-5d3d-b804-0d2343b760ee,e691a6a3-7dd7-5d95-b97e-997e3af77227,4,551.10,110.22
701c840a-3b09-5a01-a8f1-54fa3571a591,5f76a71b-f7a8-5d3d-b804-0d2343b760ee,e69a7c0b-6875-5a37-a379-abbc430fb47b,10,1211.55,0.00
a24cf209-f892-5bbc-af7c-42a24b49dd02,4ded3775-6ae5-51c8-a9db-61c9c32ca091,9b6b9203-f582-59b6-b64c-309881607c86,7,876.23,306.68
891c0cfd-77d7-5168-ba15-9d5c1e4bb00c,51406d3d-b49b-5fc0-b625-e35d61f8eb81,eff08d1d-eb3b-559a-8ca9-60c7b365af52,12,1515.93,2728.67
5b93fd3f-6a13-57aa-a4b4-2cb9fb44a176,51406d3d-b49b-5fc0-b625-e35d61f8eb81,1c3b9a21-09fa-5c21-bdad-35f2eb8a273f,5,1126.26,281.56
e0ba99e6-684b-5f65-a606-448b56464c50,005c2cfa-914c-5317-85ac-0661db74915a,b6edaedb-a02c-5fbc-b05c-2b5d8deb20c4,9,1512.83,1361.55
cace7557-c368-50c7-8676-49c1cf74e516,005c2cfa-914c-5317-85ac-0661db74915a,f9fe7a6c-9a44-59e2-a4cc-fef69cc2e48e,8,684.00,820.80
b31dbc46-6beb-5b64-87df-52941191a0f7,005c2cfa-914c-5317-85ac-0661db74915a,591abda9-fd16-5958-b0e9-586f0dfa6e54,1,875.54,43.78
29ff0ea8-2904-551d-a11c-c3b52daf1ab1,005c2cfa-914c-5317-85ac-0661db74915a,952e981c-e5c2-53da-984a-78dc5e3b1ad4,7,130.99,0.00
438517b4-f79a-55b1-a172-deb0d3faa394,005c2cfa-914c-5317-85ac-0661db74915a,8a195dd5-491c-532c-9a61-886a24d451c0,10,1141.76,0.00
ee852ca8-691c-5c44-9671-cb31ff5de966,fa459393-478c-5037-9b09-c24a9d78457c,b4b5a0e3-641b-562e-8386-bff3564cf295,9,158.25,71.21
dcbeb1f5-b1eb-56b3-950c-2ea5990db9d0,fa459393-478c-5037-9b09-c24a9d78457c,4dbc0e6b-ab10-5b67-a928-f87e1ed2bb9a,10,233.65,350.48
ee2660ec-0ff9-5773-b59a-a6f417a544e2,fa459393-478c-5037-9b09-c24a9d78457c,eff08d1d-eb3b-559a-8ca9-60c7b365af52,12,1515.93,0.00
61582bae-bfea-5058-9b6f-1d698381720b,dbb913b8-beb0-5827-bffc-619534717805,8dfa6632-930f-5fdc-b7cd-8d5908a33d66,9,271.74,0.00
f948e566-7b66-5d7e-bbaa-24464d5bebdf,dbb913b8-beb0-5827-bffc-619534717805,896e7662-34d0-5631-bb0f-b5ce6b0ad1ba,1,1691.47,169.15
ab29dd09-71c5-55a0-bb1b-970709cf977f,dbb913b8-beb0-5827-bffc-619534717805,db630ac7-839d-5331-93df-dc621d8357b6,4,582.16,0.00
1e3d06b6-12a8-5b3d-920f-893e656d0a0b,dbb913b8-beb0-5827-bffc-619534717805,86eda21c-1dbc-500a-9201-b7d6b0786cc8,6,1060.50,0.00
9a6227ef-6dda-529a-a31e-66bb80baa03c,dbb913b8-beb0-5827-bffc-619534717805,12003734-bab7-5410-8c89-f9a8c4967dea,4,1269.66,507.86
a24dff41-72f7-5517-b83e-d4781792bdf0,1f7066b9-3f18-5d91-950c-0098c0eace4d,cb09f248-037d-5a0d-9970-99cb102c05d8,12,1006.42,0.00
08e26159-893c-5667-86e1-3d1e75d4f516,1f7066b9-3f18-5d91-950c-0098c0eace4d,508dfc85-5bf2-5709-b1e3-06ff86d5acb8,12,387.07,0.00
147e5452-80a4-524f-804f-a9bceb7edd95,1f7066b9-3f18-5d91-950c-0098c0eace4d,559ab41c-d860-5ab1-aaa1-483577af7b67,5,305.73,229.30
1b5b7c62-f16e-5176-92db-bb7a63d97d47,1f7066b9-3f18-5d91-950c-0098c0eace4d,b4b5a0e3-641b-562e-8386-bff3564cf295,1,158.25,15.82
bdd1d3f4-668c-58f1-9dc4-9e71c8124be5,1f7066b9-3f18-5d91-950c-0098c0eace4d,39cb20a1-5dca-5b11-90c4-3e96e441ed0c,5,447.96,111.99
6fa77aa5-0946-52c6-9231-065ab7e56cfa,637c735f-6bdb-576d-b728-a4b3658592ba,c0bff87f-f764-5151-8aec-dda48ea91847,5,437.68,328.26
8488f2fa-a1ac-5fe9-ad1b-c3116002100a,637c735f-6bdb-576d-b728-a4b3658592ba,1cc795b2-21b3-5c5e-84f0-8f1fa20a6dd4,9,668.78,0.00
ffc61254-62ab-51fd-9a3a-5bae22d7bfab,637c735f-6bdb-576d-b728-a4b3658592ba,e3b2c918-6a66-5db3-87f9-e5c71515f2ab,9,1297.73,583.98
33d2fffb-20e9-5d2f-9ba3-9804267c7c2b,637c735f-6bdb-576d-b728-a4b3658592ba,e691a6a3-7dd7-5d95-b97e-997e3af77227,6,551.10,330.66
d6d41c04-05af-54c2-9f19-7003042acd53,637c735f-6bdb-576d-b728-a4b3658592ba,5d462a8e-32e0-59ad-ae5c-9d66eda72663,9,326.98,441.42
0bf0982a-db66-544d-81a8-3b6adf82eb30,8e5a64c1-7c13-5e87-8cc5-252ed7a9200e,01351cb5-bcf4-52ee-88a1-c6442df67004,4,1268.11,507.24
c7be15f8-51f7-59bd-a867-b674c82999ef,8e5a64c1-7c13-5e87-8cc5-252ed7a9200e,13ea52a1-6b55-57c7-b84e-acf7fb92f106,2,368.84,0.00
be7054e6-42cd-57be-9c78-1b6af9d3cbb2,8e5a64c1-7c13-5e87-8cc5-252ed7a9200e,559ab41c-d860-5ab1-aaa1-483577af7b67,10,305.73,0.00
8713220b-fb04-5953-8405-b3050d75b197,8e5a64c1-7c13-5e87-8cc5-252ed7a9200e,7169fcc7-7527-510c-b88d-bdcd257ce105,10,1025.31,1025.31
b06fb7bb-6285-54e7-9e55-62431856afb0,8e5a64c1-7c13-5e87-8cc5-252ed7a9200e,af3fc15f-c662-5a5e-9e9c-3b2d4e1b6029,1,1539.94,0.00
9e44b1ec-c121-511f-b4b7-ff203a9902ba,11dd77f9-3f82-5515-92d5-e5aa08fdb648,eff08d1d-eb3b-559a-8ca9-60c7b365af52,7,1515.93,530.58
d9eeeae0-b8b5-56f2-8303-b27cbd9e6d67,11dd77f9-3f82-5515-92d5-e5aa08fdb648,228ccd2f-642c-5fdf-abf0-129af98a3568,5,148.91,0.00
25397e63-303d-5ea5-821e-2a8b3de174c4,11dd77f9-3f82-5515-92d5-e5aa08fdb648,4dbc0e6b-ab10-5b67-a928-f87e1ed2bb9a,3,233.65,35.05
ac9ebba9-8d0a-5e25-8cb5-a1266b40d673,388969bb-484f-5a4e-84ec-bdd4dd91a35a,cdea42fb-ee49-5a22-a213-56a8f9fcb148,9,1597.00,718.65
c290139d-1e24-5de2-afff-a17a1fba4350,388969bb-484f-5a4e-84ec-bdd4dd91a35a,7169fcc7-7527-510c-b88d-bdcd257ce105,8,1025.31,410.12
ce626e6f-451c-5c00-882c-dd74f38a1ab7,fa96cb48-92f9-50a5-b765-02800e7dad71,cd410e43-ec3c-524b-84c6-84482a7b1204,5,549.24,274.62
d513bb70-574c-5642-b25f-debed4830649,fa96cb48-92f9-50a5-b765-02800e7dad71,5d462a8e-32e0-59ad-ae5c-9d66eda72663,6,326.98,196.19
579245f5-1eff-5f30-965a-52e7b5288ef8,36df5320-ead9-5256-a32b-78d1a5bba9df,829935ce-9ec7-5afb-a542-873877c9ce31,7,378.45,0.00
e96b079f-4c79-5a54-bfed-51f3fd245679,36df5320-ead9-5256-a32b-78d1a5bba9df,0f2c8ffe-5a45-5cfc-afbf-417553294a54,10,237.59,118.80
23a559d2-4626-5966-90da-2d1ca8d641ab,2f5bd14c-0634-5123-9aed-884f271ca3a9,cd410e43-ec3c-524b-84c6-84482a7b1204,12,549.24,0.00
b6a32a8e-a1e9-5054-b8b4-37efe3a80605,2f5bd14c-0634-5123-9aed-884f271ca3a9,3d307d78-b10f-5539-a951-7bcc9fd17161,8,1342.24,0.00
4b6c7715-6519-51f9-b47a-24002afd8212,2f5bd14c-0634-5123-9aed-884f271ca3a9,fd5d29e1-571f-589d-be31-aa00127c02aa,10,943.56,943.56
5b5b86ae-e293-547c-bea7-d43fd1bcd510,2f5bd14c-0634-5123-9aed-884f271ca3a9,fb4140fc-b3c1-5a6a-8613-9b068fdd2b39,4,931.77,186.35
63ce4957-da1b-5f49-8685-144d90fb2b05,f83ce77c-803b-5a4b-922c-1db338c18503,b4b5a0e3-641b-562e-8386-bff3564cf295,4,158.25,0.00
5262da75-f8a9-50fd-85eb-9b2933cef602,f83ce77c-803b-5a4b-922c-1db338c18503,d96da70b-0cb5-58c8-928a-aafb2d90b154,7,1827.60,1279.32
28ecc8c8-598f-530d-9104-6e7c2a5f1870,f83ce77c-803b-5a4b-922c-1db338c18503,aa67b9d9-b4e2-53f3-9447-ca933b53344f,11,1163.44,1919.68
ba7ce165-eb09-524b-a042-d39d24cee176,f83ce77c-803b-5a4b-922c-1db338c18503,e691a6a3-7dd7-5d95-b97e-997e3af77227,8,551.10,440.88
b26f2f58-5458-5d61-95b3-83f0983f1efe,d645cfeb-809c-5aec-91b9-2382c8b09216,952e981c-e5c2-53da-984a-78dc5e3b1ad4,4,130.99,0.00
235ddeb3-3ad9-53fd-861a-715f5a6b401e,68569dd5-ecc9-5bbb-a656-cba5c5f2bfa1,1ac8de35-b264-5704-978e-ce8dc08dd02d,4,452.98,0.00
34cce10b-7f87-5d8d-9003-7f5c72d668c8,68569dd5-ecc9-5bbb-a656-cba5c5f2bfa1,34baeb4c-81dc-5b29-bc76-0b8fd47cdbed,8,262.62,210.10
9e49a926-e4d7-5cb7-948b-99fed26280f4,f692598f-eba8-5014-a2ae-88ceba1edaa0,d4214473-2bf7-5b77-bb1f-734e590c4014,12,1245.02,0.00
8b448b9c-4749-59fb-836c-86b615e0f46a,f692598f-eba8-5014-a2ae-88ceba1edaa0,80450a39-8a90-55da-adf7-0b6a1b84aeeb,12,1385.41,1662.49
287f3827-5dd6-512f-b643-0302b3f11433,f692598f-eba8-5014-a2ae-88ceba1edaa0,9b6b9203-f582-59b6-b64c-309881607c86,2,876.23,262.87
a625eb4a-81cf-5b4a-bf9a-fc388b035773,f692598f-eba8-5014-a2ae-88ceba1edaa0,1dd457fd-1d71-5eb5-b684-6f07d43e876c,9,897.97,1212.26
16a0ee03-341d-514f-ade0-b10d17248831,f692598f-eba8-5014-a2ae-88ceba1edaa0,31a97c6b-10cf-54c1-b463-f81683a437cc,5,1252.58,0.00
bcee3c03-9b85-5bce-9059-6cd890283228,cb5a3f41-35c8-54d6-8228-44f1ad7b4e3e,39cb20a1-5dca-5b11-90c4-3e96e441ed0c,7,447.96,156.79
f7b73101-3a89-505e-b465-8b1635cb8352,49083508-3871-5aea-ba75-0465efa22839,fb4140fc-b3c1-5a6a-8613-9b068fdd2b39,2,931.77,0.00
438617c4-4102-5390-93db-bfb3525b8adf,49083508-3871-5aea-ba75-0465efa22839,1dd10a82-5cdc-539f-af3f-d3f255171973,2,107.50,32.25
a08b076f-4761-50a8-8cbe-1a5f8eecd247,49083508-3871-5aea-ba75-0465efa22839,86eda21c-1dbc-500a-9201-b7d6b0786cc8,10,1060.50,0.00
61010620-b139-5376-b318-66fd8f39a44b,49083508-3871-5aea-ba75-0465efa22839,952e981c-e5c2-53da-984a-78dc5e3b1ad4,12,130.99,235.78
0de1fbfe-cf10-5d6b-aa0c-a326b8e1c196,f017594e-521d-5509-815a-dfc39ee86d6b,8d892cdc-d358-5f2b-a85b-cbecc7e0a664,3,1003.20,0.00
876833c6-0679-5a71-8e4c-3a435092ee0e,c9b4a21b-499f-574c-bd3a-2ebe1b3ce2f1,4dbc0e6b-ab10-5b67-a928-f87e1ed2bb9a,9,233.65,210.28
9b731ae5-012e-58e0-b9a3-7d0666b9d2c5,18e1ba96-8907-5a02-b5f3-5f623941a500,4dbc0e6b-ab10-5b67-a928-f87e1ed2bb9a,8,233.65,0.00
3941ff14-3023-5810-bd80-143647c53922,18e1ba96-8907-5a02-b5f3-5f623941a500,01351cb5-bcf4-52ee-88a1-c6442df67004,1,1268.11,0.00
5e23e9cc-cc15-53c1-b1f7-a236fe6dfde8,18e1ba96-8907-5a02-b5f3-5f623941a500,b6464168-fc86-5543-9805-0861ea9c66cc,4,1065.14,426.06
3add821b-cd63-564c-a05e-4b743a3c1cf2,18e1ba96-8907-5a02-b5f3-5f623941a500,8a195dd5-491c-532c-9a61-886a24d451c0,11,1141.76,1255.94
ea11fc5b-c999-5f1f-9b92-5641eaa969d2,df1981b3-db15-5f7e-abab-4a13693c1d7e,31a97c6b-10cf-54c1-b463-f81683a437cc,5,1252.58,0.00
d984d366-eeca-5ed8-b6be-dd63cceb36ac,2e280e8d-02aa-5d5d-9539-f36eac3005ad,896e7662-34d0-5631-bb0f-b5ce6b0ad1ba,2,1691.47,507.44
9419ec46-a161-51eb-8e8d-21457a47fdf2,cacdae02-de09-51ce-98bb-5090124996d0,b6edaedb-a02c-5fbc-b05c-2b5d8deb20c4,6,1512.83,0.00
4bd19aba-7e42-508a-84e7-6d5fab2a2d02,cacdae02-de09-51ce-98bb-5090124996d0,1dd10a82-5cdc-539f-af3f-d3f255171973,11,107.50,59.12
81a434bb-6671-50bf-ad4e-924fa72679c0,8db3e754-8f69-5593-b07e-84b52c804dfe,d68351a2-cf36-5984-a091-28a9f5b6bb7e,2,1017.79,203.56
3e8866dc-aa35-5bdb-a952-25fbb2bd8068,8db3e754-8f69-5593-b07e-84b52c804dfe,829935ce-9ec7-5afb-a542-873877c9ce31,12,378.45,227.07
7a40844f-1677-5f6d-95ae-46fad1cad085,8db3e754-8f69-5593-b07e-84b52c804dfe,1657c1e2-1668-5957-a5e5-822140c08707,6,1260.09,0.00
bd052d01-2315-53c4-b26c-d983dbc507c3,8db3e754-8f69-5593-b07e-84b52c804dfe,d520aef1-b021-5cf0-a1d3-9e7e6d31aab7,3,568.52,85.28
47b72b21-0d24-5f31-9700-d36ca24be257,8db3e754-8f69-5593-b07e-84b52c804dfe,b4b5a0e3-641b-562e-8386-bff3564cf295,11,158.25,174.08
cf0013c6-cd38-5adb-b219-f3cbf8363e29,319cd47b-be28-5dc8-83e0-0324d3ffa99f,8d892cdc-d358-5f2b-a85b-cbecc7e0a664,11,1003.20,1103.52
79015775-a7b0-570e-a7ef-41e1b233544c,319cd47b-be28-5dc8-83e0-0324d3ffa99f,1cc795b2-21b3-5c5e-84f0-8f1fa20a6dd4,11,668.78,735.66
67b597d0-5a59-572f-9d08-5783d74d253a,6d1001fe-14f7-5371-818f-69be86fd894d,c3e9c7fb-d6ab-5171-a827-7aad6b6d2342,5,1198.11,299.53
12cb0473-dc7a-561d-af1e-5987ce8a3eec,6d1001fe-14f7-5371-818f-69be86fd894d,b6edaedb-a02c-5fbc-b05c-2b5d8deb20c4,12,1512.83,0.00
a293df08-3708-52c7-93c8-c3f0529575c6,6d1001fe-14f7-5371-818f-69be86fd894d,a042ed60-9218-5159-876b-6c4dd0e5f934,7,381.33,133.47
1909a5b1-09df-5179-9f28-f5ca888e8292,6d1001fe-14f7-5371-818f-69be86fd894d,d520aef1-b021-5cf0-a1d3-9e7e6d31aab7,3,568.52,0.00
c6494275-16a7-5b12-b73a-221ce7338278,6d1001fe-14f7-5371-818f-69be86fd894d,8b12c834-e054-5502-85aa-99d1eb81eee0,8,1393.76,1115.01
8e269700-0ae6-51f3-9681-b4f863bcf1ad,0e5df6d9-e04e-5042-a751-f7cd475bf574,e69a7c0b-6875-5a37-a379-abbc430fb47b,4,1211.55,726.93
9120c3e7-f6da-5439-849e-060bed20b7a9,0e5df6d9-e04e-5042-a751-f7cd475bf574,e53c7da2-eb34-5499-8fd8-380dd673ea82,11,1587.45,0.00
c3a50852-1440-52a7-8c5d-4ec7ee17dacf,0e5df6d9-e04e-5042-a751-f7cd475bf574,45669348-c1a3-5956-bbf2-d29bd438fbdc,4,536.14,321.68
74d49c08-e3ea-595f-9fdc-ce926b7f06d5,26c20dd7-ab06-5096-9b44-fdf222b69415,228ccd2f-642c-5fdf-abf0-129af98a3568,5,148.91,111.68
2d4bd8d5-8588-5c68-8911-01221848f0bd,26c20dd7-ab06-5096-9b44-fdf222b69415,86eda21c-1dbc-500a-9201-b7d6b0786cc8,4,1060.50,0.00
a02c3a53-5a9a-58f5-b1a0-38deb0c3b821,26c20dd7-ab06-5096-9b44-fdf222b69415,8dfa6632-930f-5fdc-b7cd-8d5908a33d66,8,271.74,0.00
effe6a38-f843-57ec-bc88-56e71e64a0a2,26c20dd7-ab06-5096-9b44-fdf222b69415,6469a098-75a3-5b3b-839a-ad075a8e67ad,8,728.47,291.39
91f5e71d-94b4-5909-914c-a55c7dced5f7,841ee56f-d91a-5c6a-911b-18053d7776e6,e139b0f5-6ca3-5ccb-8610-5a52b4b0eb6c,11,1053.19,0.00
f7e2ae5d-bf5e-5e20-94b5-9587e1eaae7b,841ee56f-d91a-5c6a-911b-18053d7776e6,f9fe7a6c-9a44-59e2-a4cc-fef69cc2e48e,2,684.00,68.40
380fec62-ca76-54fc-9839-ab4b66bc3e4a,841ee56f-d91a-5c6a-911b-18053d7776e6,613ff8f3-9a2b-5f66-8d3e-3e05d5391002,3,474.67,71.20
97af58fb-54f0-5979-b360-6b952dc14bf5,a9a46831-8842-5d63-8e36-c6288b835b3d,d520aef1-b021-5cf0-a1d3-9e7e6d31aab7,2,568.52,0.00
ad711b09-a893-511e-9a99-622b663adad8,a9a46831-8842-5d63-8e36-c6288b835b3d,cdea42fb-ee49-5a22-a213-56a8f9fcb148,9,1597.00,0.00
be93f2b1-2294-54fa-b554-067e179ec789,a9a46831-8842-5d63-8e36-c6288b835b3d,b6edaedb-a02c-5fbc-b05c-2b5d8deb20c4,11,1512.83,0.00
ace85b5c-2753-549f-9e53-1dc093d218d6,a9a46831-8842-5d63-8e36-c6288b835b3d,bab29423-27f9-5732-bd8b-a403c95b1a96,8,947.18,0.00
0134a458-ee84-5ba7-8152-db40f77031ac,a9a46831-8842-5d63-8e36-c6288b835b3d,86eda21c-1dbc-500a-9201-b7d6b0786cc8,3,1060.50,318.15
84b2d74b-6c0b-56c6-9729-d9fd3db7ca90,99cbeacd-ec7f-567c-aa1e-0e6edce1e0d0,e3b2c918-6a66-5db3-87f9-e5c71515f2ab,7,1297.73,908.41
81d09081-4067-55ec-b93f-acc84c146022,705e0c23-6485-55bc-99af-cd73bfb74ec7,91bd15e4-105e-5926-abe6-7ceaf8c07375,8,393.96,472.75
80742755-dbce-55a3-a49e-2d89c85119b2,705e0c23-6485-55bc-99af-cd73bfb74ec7,f78fc905-81d2-5f52-8c77-1cff3a4b42b7,3,290.47,130.71
875c3959-af0f-5efe-ae7c-66b99d596f28,705e0c23-6485-55bc-99af-cd73bfb74ec7,cb09f248-037d-5a0d-9970-99cb102c05d8,12,1006.42,0.00
c6421983-c074-5fd5-bd88-926b55608998,7371c50a-f4f0-571b-8dad-9095a2a1759b,a042ed60-9218-5159-876b-6c4dd0e5f934,5,381.33,286.00
9d91e9d4-6bd5-5a5c-9dbe-83fa001825e0,969677fc-0972-54d4-8ada-5e098d64d583,1fa2b768-1b9d-5b9c-befa-fac1ccb97563,8,771.34,0.00
8f1ad174-155f-564b-b4fc-ccf6f6d1621b,d798d5cf-cd76-5ea2-ad4a-b7366d6b2937,f65edfe2-43ae-59f6-b37a-f98344e1a998,4,1061.75,0.00
1c9b2add-69bd-5ec5-9150-d0390a8dc608,d798d5cf-cd76-5ea2-ad4a-b7366d6b2937,aa67b9d9-b4e2-53f3-9447-ca933b53344f,9,1163.44,523.55
f6a4c62f-34a2-5821-830b-e642f187690b,d798d5cf-cd76-5ea2-ad4a-b7366d6b2937,13ea52a1-6b55-57c7-b84e-acf7fb92f106,11,368.84,202.86
7e4300b9-1782-5629-bcb4-d8dd7108706c,d798d5cf-cd76-5ea2-ad4a-b7366d6b2937,43d6da55-777b-55ef-8cf5-d4cc7bfa63ad,3,1159.60,0.00
ce55b71b-21a1-5243-97b9-f2a304092130,d798d5cf-cd76-5ea2-ad4a-b7366d6b2937,1dd10a82-5cdc-539f-af3f-d3f255171973,6,107.50,64.50
f0ab5d42-dd90-54c9-976d-2dbddbfaeaeb,000fb11a-9b18-594a-b4a3-056fb43c7f85,613ff8f3-9a2b-5f66-8d3e-3e05d5391002,11,474.67,522.14
abeca4df-e149-54c2-80ec-fa98c6c54da3,000fb11a-9b18-594a-b4a3-056fb43c7f85,896e7662-34d0-5631-bb0f-b5ce6b0ad1ba,4,1691.47,0.00
8804a70b-e4c7-5fca-b0a3-00029ac08502,000fb11a-9b18-594a-b4a3-056fb43c7f85,f9fe7a6c-9a44-59e2-a4cc-fef69cc2e48e,11,684.00,0.00
e3209e5b-040c-51d7-b560-d203ce7133b9,000fb11a-9b18-594a-b4a3-056fb43c7f85,88f79184-2cf9-5f72-8e4a-cedfa68d9d06,3,475.83,142.75
637e84df-bac5-571b-9b2d-684be4df831a,3ff9a408-9bdf-5d77-98ff-1e620e7ffd7f,1dd10a82-5cdc-539f-af3f-d3f255171973,5,107.50,26.88
e9c2bc8a-786f-548c-a750-f2e70b8eea57,b8052dcc-1464-51c5-957a-e7b78f5bf6f8,1dd10a82-5cdc-539f-af3f-d3f255171973,8,107.50,0.00
7c5dd2e4-82d2-5661-a963-a96b19a42fa4,d00ab19e-9aa2-5e9a-8690-b49dc6bcd500,e691a6a3-7dd7-5d95-b97e-997e3af77227,3,551.10,165.33
40261bde-34cd-5c8a-a13f-4d4147a616ea,d00ab19e-9aa2-5e9a-8690-b49dc6bcd500,86eda21c-1dbc-500a-9201-b7d6b0786cc8,5,1060.50,530.25
4be82f5a-6699-582d-9f04-33e02df1f169,d00ab19e-9aa2-5e9a-8690-b49dc6bcd500,559ab41c-d860-5ab1-aaa1-483577af7b67,11,305.73,0.00
73c5842b-7313-5b20-b945-d3a682ed66dc,d00ab19e-9aa2-5e9a-8690-b49dc6bcd500,b6edaedb-a02c-5fbc-b05c-2b5d8deb20c4,5,1512.83,1134.62
1860c148-33da-5330-8d4b-2b4aa313e33b,e84e6476-a572-508d-8e04-77a9318695cb,9e165d6f-802f-5694-a25a-20885ba2aa7f,1,433.03,43.30
53271b79-0341-5e11-81fe-ab351805d60f,e84e6476-a572-508d-8e04-77a9318695cb,952e981c-e5c2-53da-984a-78dc5e3b1ad4,9,130.99,58.95
94b3de35-6b5d-556d-b95e-ea347d6aeba8,5e535553-e32c-5a7d-b31f-7fc83f0b2669,b5386670-1687-5260-ad33-97e5d697c425,11,902.07,496.14
c955787a-186b-510b-b9cd-c95c28215cd1,5e535553-e32c-5a7d-b31f-7fc83f0b2669,d520aef1-b021-5cf0-a1d3-9e7e6d31aab7,10,568.52,0.00
3ff01075-6c03-5c4b-b3c5-78785444d492,5e535553-e32c-5a7d-b31f-7fc83f0b2669,cb09f248-037d-5a0d-9970-99cb102c05d8,12,1006.42,0.00
998577cb-aa88-5b1f-83e3-f061472bd8ff,5e535553-e32c-5a7d-b31f-7fc83f0b2669,e69a7c0b-6875-5a37-a379-abbc430fb47b,6,1211.55,0.00
9814434e-b88c-5f5f-b54f-d3c61ca8b814,da40df16-539a-5c8e-a00a-35df16cc0472,7169fcc7-7527-510c-b88d-bdcd257ce105,2,1025.31,307.59
462f40e5-1a57-5ebf-bfc0-7ae319cb6316,da40df16-539a-5c8e-a00a-35df16cc0472,1dd10a82-5cdc-539f-af3f-d3f255171973,3,107.50,48.38
5137c0fe-ae54-5813-83f8-5e2badfa33a3,7ef4f409-a87e-5194-98c0-177ac85faebb,4dbc0e6b-ab10-5b67-a928-f87e1ed2bb9a,6,233.65,70.10
564ce915-71f0-5472-9e4a-091cbce28315,7ef4f409-a87e-5194-98c0-177ac85faebb,de536700-41fe-55c3-beb9-bfb9849c872b,7,1685.26,589.84
d586f310-9cf1-59d3-8786-e903f4260e56,7ef4f409-a87e-5194-98c0-177ac85faebb,d37c44df-541b-5bf4-b395-65b41bac88a8,6,1334.93,1201.44
0b49cfdd-1dfd-5a6d-8362-0826da590a31,7ef4f409-a87e-5194-98c0-177ac85faebb,e691a6a3-7dd7-5d95-b97e-997e3af77227,7,551.10,0.00
ac737ab4-af2d-5054-ad70-54867b9a4fc7,7ef4f409-a87e-5194-98c0-177ac85faebb,b5386670-1687-5260-ad33-97e5d697c425,9,902.07,811.86
96bc1dc4-afcd-5649-b237-9b2fbcfcab75,6f95cd58-7fc0-5d06-ab37-3cfd536e5659,d96da70b-0cb5-58c8-928a-aafb2d90b154,2,1827.60,0.00
9b2bae58-f278-599a-9e92-936f9217b7e9,6f95cd58-7fc0-5d06-ab37-3cfd536e5659,ac03c1f7-3948-530e-8de5-80756984ab20,6,564.84,338.90
fa05658d-d4d2-5c17-b4b4-a4d6b2aec43e,6f95cd58-7fc0-5d06-ab37-3cfd536e5659,13e04507-297b-56af-85d7-75b609d982a1,3,652.61,195.78
9c5105ac-01c2-5e6d-9730-df3cd69a49c4,413271ac-368f-55b4-ae66-07ad0d42911f,91bd15e4-105e-5926-abe6-7ceaf8c07375,4,393.96,0.00
8735d757-cd73-5d5e-b2df-c37f71a0036b,413271ac-368f-55b4-ae66-07ad0d42911f,d4214473-2bf7-5b77-bb1f-734e590c4014,8,1245.02,996.02
afc4dc3f-2030-5f8d-85fd-4d170888cdc1,413271ac-368f-55b4-ae66-07ad0d42911f,80450a39-8a90-55da-adf7-0b6a1b84aeeb,10,1385.41,692.70
6392560b-d10b-5eeb-9f8c-e574395e5a65,413271ac-368f-55b4-ae66-07ad0d42911f,c3e9c7fb-d6ab-5171-a827-7aad6b6d2342,3,1198.11,0.00
9aa4e0ec-062e-5338-8573-9ce87cb0d87e,327df9fc-2ce9-535a-8968-cd59f4d07f47,228ccd2f-642c-5fdf-abf0-129af98a3568,1,148.91,0.00
eb995cfd-0774-528e-b7d0-be8a00a572c9,327df9fc-2ce9-535a-8968-cd59f4d07f47,1dd457fd-1d71-5eb5-b684-6f07d43e876c,3,897.97,134.70
e6322d09-d6e7-5b88-881b-c0ca28e36737,327df9fc-2ce9-535a-8968-cd59f4d07f47,9e165d6f-802f-5694-a25a-20885ba2aa7f,12,433.03,0.00
18193b32-a7a2-5510-9210-f924738d875f,b89b5457-644d-5b64-9f73-01e9076df2bc,e139b0f5-6ca3-5ccb-8610-5a52b4b0eb6c,9,1053.19,1421.81
73a4457d-9bb8-5023-9934-695d4b33fe76,b89b5457-644d-5b64-9f73-01e9076df2bc,9b6b9203-f582-59b6-b64c-309881607c86,8,876.23,1051.48
ffb190ab-9cae-5fe7-a139-36018bbe7c89,b89b5457-644d-5b64-9f73-01e9076df2bc,db43f9b2-c956-5785-8950-8287c47db3ae,4,894.98,179.00
4f486864-025f-52a0-87d3-987a7e5ae130,b89b5457-644d-5b64-9f73-01e9076df2bc,2e263bcd-bacc-5f51-b35b-70d1674f4dc5,7,370.19,388.70
a0419ab2-c345-5f0a-a4b0-debf75355db6,93df70cf-3b00-53c0-a36e-8a7096aef377,c0bff87f-f764-5151-8aec-dda48ea91847,1,437.68,0.00
1bd199c9-70dd-5971-b3ef-01914b05c38d,93df70cf-3b00-53c0-a36e-8a7096aef377,deaf9542-d65c-5f41-b22e-b1d033baea7a,1,1236.17,185.43
81a078a2-4300-56be-a1e2-841f44ae2bd7,2d362c9b-daca-558d-9761-13b98c677e1a,241d3cd0-ef2c-56b8-bb75-b039a61b370a,12,378.32,453.98
095753ff-ebfa-57d3-9498-dcaa0a31f029,2d362c9b-daca-558d-9761-13b98c677e1a,1657c1e2-1668-5957-a5e5-822140c08707,3,1260.09,189.01
5f586c0c-558b-5dec-8076-71314d5f67dc,2d362c9b-daca-558d-9761-13b98c677e1a,cdea42fb-ee49-5a22-a213-56a8f9fcb148,9,1597.00,718.65
64d8ae32-bf63-575b-9009-6fe25d3eed53,2485bcb5-4bcd-524a-9c75-b02f7da3334a,1cc795b2-21b3-5c5e-84f0-8f1fa20a6dd4,8,668.78,0.00
d5347a7e-7240-54c3-8a10-aa55001829f4,2485bcb5-4bcd-524a-9c75-b02f7da3334a,de536700-41fe-55c3-beb9-bfb9849c872b,3,1685.26,758.37
24c02976-a5de-56ee-a519-1b5bcb87b4b5,2485bcb5-4bcd-524a-9c75-b02f7da3334a,45669348-c1a3-5956-bbf2-d29bd438fbdc,2,536.14,53.61
b1d875bd-1f56-52a4-a713-28732fb60503,2485bcb5-4bcd-524a-9c75-b02f7da3334a,4dbc0e6b-ab10-5b67-a928-f87e1ed2bb9a,6,233.65,0.00
1290ea48-bb20-538f-a65d-ce56c1428031,2485bcb5-4bcd-524a-9c75-b02f7da3334a,1ac8de35-b264-5704-978e-ce8dc08dd02d,11,452.98,249.14
cb947c0f-d124-5c4f-98ac-a2b8354613bb,ef8b18f9-373e-5b1c-9978-78719c8ec7e4,5d462a8e-32e0-59ad-ae5c-9d66eda72663,4,326.98,130.79
40289ce6-71dc-54be-b27c-0d05f37b9e02,ef8b18f9-373e-5b1c-9978-78719c8ec7e4,617fd070-2fb8-5ff6-8eaa-308844dc97ac,10,1871.53,935.76
16b96f89-31fc-5eda-b911-44fadbaf3ce3,ef8b18f9-373e-5b1c-9978-78719c8ec7e4,e53c7da2-eb34-5499-8fd8-380dd673ea82,7,1587.45,1666.82
56110e30-1466-5374-acd3-6c0d6f667be8,ef8b18f9-373e-5b1c-9978-78719c8ec7e4,1760c2e4-563f-5bac-abcd-baf5317434c8,6,1665.26,499.58
3b363918-4636-55a4-835c-0f544183ee93,ef8b18f9-373e-5b1c-9978-78719c8ec7e4,de536700-41fe-55c3-beb9-bfb9849c872b,1,1685.26,252.79
d8eb34bd-a0ab-51f8-bdd7-36a3d421114a,75a3ce12-26ff-50a8-83df-22aef5a584c5,591abda9-fd16-5958-b0e9-586f0dfa6e54,10,875.54,0.00
0c9a519d-19fc-5876-b807-968c07d9d519,75a3ce12-26ff-50a8-83df-22aef5a584c5,91bd15e4-105e-5926-abe6-7ceaf8c07375,5,393.96,0.00
732ddff7-8981-56c5-bd8f-d6bc80cac5e4,75a3ce12-26ff-50a8-83df-22aef5a584c5,e53c7da2-eb34-5499-8fd8-380dd673ea82,11,1587.45,1746.20
25bf1e47-e208-5521-b8a6-188524e39914,75a3ce12-26ff-50a8-83df-22aef5a584c5,01351cb5-bcf4-52ee-88a1-c6442df67004,6,1268.11,1141.30
93117430-8601-5a41-875d-9fce3a1f966a,ef5a82e6-1441-51ea-88c7-289e2f76d434,86eda21c-1dbc-500a-9201-b7d6b0786cc8,2,1060.50,0.00
f720cae6-5818-5d22-b306-5a999eb285a3,ef5a82e6-1441-51ea-88c7-289e2f76d434,db630ac7-839d-5331-93df-dc621d8357b6,10,582.16,0.00
ba69afb5-eb59-511b-865d-c7c06ad077f1,6c429171-c57e-5d78-b1af-83af2e868885,aa67b9d9-b4e2-53f3-9447-ca933b53344f,1,1163.44,0.00
4a41de29-a478-505b-910d-29d15c165304,6c429171-c57e-5d78-b1af-83af2e868885,31a97c6b-10cf-54c1-b463-f81683a437cc,4,1252.58,250.52
2dab0df4-f442-5977-95bf-995091941af6,6c429171-c57e-5d78-b1af-83af2e868885,241d3cd0-ef2c-56b8-bb75-b039a61b370a,2,378.32,75.66
50278776-cb0c-5ef9-a02a-d9c216df476b,6c429171-c57e-5d78-b1af-83af2e868885,13e04507-297b-56af-85d7-75b609d982a1,11,652.61,0.00
379175a9-df6d-5363-a554-2ed393777e36,acb4f8dc-e55f-5193-8e3a-21622adc1c12,86eda21c-1dbc-500a-9201-b7d6b0786cc8,1,1060.50,106.05
708c7fc5-1faa-5820-8367-6a999f8baf83,913ce61f-d6a7-5d34-864c-b7ff9b00c7a6,aa67b9d9-b4e2-53f3-9447-ca933b53344f,6,1163.44,698.06
23076b4a-82f6-516c-89a5-103e702edb1f,913ce61f-d6a7-5d34-864c-b7ff9b00c7a6,13ea52a1-6b55-57c7-b84e-acf7fb92f106,3,368.84,165.98
517edda6-9cfc-5a8c-a566-f031393fb4fc,913ce61f-d6a7-5d34-864c-b7ff9b00c7a6,559ab41c-d860-5ab1-aaa1-483577af7b67,5,305.73,229.30
7b67fd16-f10d-58fd-acbf-29cbc5f982a0,913ce61f-d6a7-5d34-864c-b7ff9b00c7a6,ac03c1f7-3948-530e-8de5-80756984ab20,8,564.84,677.81
5224d7bd-2ccd-55eb-a60b-7e92eb5cfc35,913ce61f-d6a7-5d34-864c-b7ff9b00c7a6,0caef625-914f-5fea-8e59-19b212bfbd46,7,1252.51,0.00
dfc52aa8-b508-5fc2-865b-5003fa00ce3f,f78b3a7f-b448-5595-b8a3-291bc222ec8a,4dbc0e6b-ab10-5b67-a928-f87e1ed2bb9a,11,233.65,0.00
e55937a5-68e9-5e7a-9831-07e59aa72ee1,f78b3a7f-b448-5595-b8a3-291bc222ec8a,b6464168-fc86-5543-9805-0861ea9c66cc,6,1065.14,958.63
a1875719-9555-5170-bb60-1513774ad81f,f78b3a7f-b448-5595-b8a3-291bc222ec8a,c0bff87f-f764-5151-8aec-dda48ea91847,8,437.68,0.00
81c9f415-a9fc-5cbf-9e58-c2672a6c75ba,f78b3a7f-b448-5595-b8a3-291bc222ec8a,d6b2e2d8-f41b-5418-ba12-fcffc0aa6508,1,1950.05,292.51
bfd0914d-2288-57ed-9cee-0577ee8285f4,f78b3a7f-b448-5595-b8a3-291bc222ec8a,88f79184-2cf9-5f72-8e4a-cedfa68d9d06,12,475.83,285.50
400709c9-49e4-5d14-bf49-d3f252eb9a1c,0fa82784-e9d7-540e-9b62-d53ec8a4135e,dee51c26-0113-56c0-a9c6-edbcfc488df1,6,83.53,25.06
e7743aee-e12e-5174-ba9b-415232759cf7,0fa82784-e9d7-540e-9b62-d53ec8a4135e,591abda9-fd16-5958-b0e9-586f0dfa6e54,3,875.54,131.33
c18b510a-6195-586f-b0b3-4facaeb9ab2c,0fa82784-e9d7-540e-9b62-d53ec8a4135e,896e7662-34d0-5631-bb0f-b5ce6b0ad1ba,10,1691.47,0.00
c0719c2e-091c-51a0-b6d7-dbe3e03cb5ec,7f0802b4-ef46-541e-9ec2-194696c67f3e,e3b2c918-6a66-5db3-87f9-e5c71515f2ab,3,1297.73,194.66
b204aa9d-5c92-5d16-bad7-a43af6a56e40,7f0802b4-ef46-541e-9ec2-194696c67f3e,c2be7cd9-f7ee-544a-9ceb-7052826da8ce,9,183.13,0.00
34800b48-bd20-58ad-a51f-18415452c26f,7f0802b4-ef46-541e-9ec2-194696c67f3e,9b6b9203-f582-59b6-b64c-309881607c86,5,876.23,219.06
8a2aeb2f-58a8-5550-8ffc-4020a4f6f7c7,7f0802b4-ef46-541e-9ec2-194696c67f3e,cd410e43-ec3c-524b-84c6-84482a7b1204,6,549.24,494.32
1cd814dc-448d-5d9e-b9b2-c84c31f63e39,7f0802b4-ef46-541e-9ec2-194696c67f3e,0f2c8ffe-5a45-5cfc-afbf-417553294a54,9,237.59,0.00
97f462e5-a91a-5e79-be08-d6676f8cf4d0,78e8dc76-cea1-56e4-9ef3-e5cb6786aed2,f9fe7a6c-9a44-59e2-a4cc-fef69cc2e48e,12,684.00,0.00
063d6a82-9a32-5dd6-89f7-ef14ea7fbc13,78e8dc76-cea1-56e4-9ef3-e5cb6786aed2,91bd15e4-105e-5926-abe6-7ceaf8c07375,10,393.96,393.96
531b80e8-bcf3-5c0f-90c3-8ebd68e00c2f,78e8dc76-cea1-56e4-9ef3-e5cb6786aed2,1c3b9a21-09fa-5c21-bdad-35f2eb8a273f,5,1126.26,563.13
d0ec651b-4ad3-5681-a943-390e47284a9c,d03252e6-14b3-5fec-a645-0af5bc975883,896e7662-34d0-5631-bb0f-b5ce6b0ad1ba,9,1691.47,761.16
3f15e184-efff-5adb-bed8-5026761b58e6,69c1fc98-85f0-52b3-a452-7cdc061616bc,8d6058a9-d9fb-546e-b841-e6b4a0978311,6,1083.86,650.32
af44642b-ecd4-5d9b-bf65-a911f1b1d997,69c1fc98-85f0-52b3-a452-7cdc061616bc,f65edfe2-43ae-59f6-b37a-f98344e1a998,3,1061.75,318.52
ac8c861c-001f-57dc-8749-6eb373210975,69c1fc98-85f0-52b3-a452-7cdc061616bc,13ea52a1-6b55-57c7-b84e-acf7fb92f106,8,368.84,442.61
e11495ba-f6ff-562b-b1d1-4d9fed952798,69c1fc98-85f0-52b3-a452-7cdc061616bc,a042ed60-9218-5159-876b-6c4dd0e5f934,10,381.33,0.00
cdb1eddc-65bd-5ff2-8d13-4dacbeff98da,69c1fc98-85f0-52b3-a452-7cdc061616bc,d3739878-986b-5b5f-a096-4452493d6cbb,11,869.60,956.56
50a10a59-7633-5916-9f1d-c7631ef6ddbb,a4a9630e-dc8c-5a29-8c16-e66f72589909,0caef625-914f-5fea-8e59-19b212bfbd46,4,1252.51,0.00
6841ec90-4aa4-51d1-81c0-97ec48ac36ef,a4a9630e-dc8c-5a29-8c16-e66f72589909,613ff8f3-9a2b-5f66-8d3e-3e05d5391002,8,474.67,0.00
9a2c7917-2c48-5bbd-92ce-775f6c6ba1e6,6934309d-8b9c-510b-85ac-0f1b2f331f1e,7169fcc7-7527-510c-b88d-bdcd257ce105,6,1025.31,307.59
1bf15fa8-ca07-5e45-8deb-959ad543c9d6,6934309d-8b9c-510b-85ac-0f1b2f331f1e,f218ba8f-81cf-5efd-ad55-5f4ef76110c2,5,1484.37,0.00
be8fd05e-4b19-59a6-9c77-0f8edc823979,6934309d-8b9c-510b-85ac-0f1b2f331f1e,2f2113cc-589a-55b5-846a-78fddce3a3c9,10,688.27,0.00
aface6f3-416c-5c92-b2de-08d3edc4afb1,6934309d-8b9c-510b-85ac-0f1b2f331f1e,1cc795b2-21b3-5c5e-84f0-8f1fa20a6dd4,6,668.78,601.90
00289a6e-a491-50df-98e2-e593b3154cdc,6934309d-8b9c-510b-85ac-0f1b2f331f1e,1657c1e2-1668-5957-a5e5-822140c08707,6,1260.09,378.03
0d5a2a23-0dd5-5111-9ba8-d9eef042ea51,f30b2164-24e9-5da9-b5ed-15c307f6d61d,3d307d78-b10f-5539-a951-7bcc9fd17161,4,1342.24,0.00
e644f8ca-80ca-51dc-846c-39f21dfc48bd,f30b2164-24e9-5da9-b5ed-15c307f6d61d,e69a7c0b-6875-5a37-a379-abbc430fb47b,10,1211.55,605.78
5d1fc07b-b0f4-5ed9-b6a6-08b730fc2f55,f30b2164-24e9-5da9-b5ed-15c307f6d61d,1657c1e2-1668-5957-a5e5-822140c08707,3,1260.09,567.04
760912ad-d951-5012-a4ff-1b6e0b2ce2c2,a396f07e-aaea-53ba-888f-a4f4930c2694,851c23cd-3716-5170-b9ac-0c25ddc7c95c,7,497.01,173.95
4c5781a8-eafd-5af3-a212-99f851e150b7,a396f07e-aaea-53ba-888f-a4f4930c2694,c0bff87f-f764-5151-8aec-dda48ea91847,1,437.68,43.77
639945b6-8f6f-588c-8d74-649b2573d5d2,ee89514b-344c-5deb-aafa-2e3f0c59b75f,cd410e43-ec3c-524b-84c6-84482a7b1204,7,549.24,576.70
6e5df4ae-fede-50c7-823f-7ca7c42e71f3,9fcac803-0ac6-5bc2-b846-7f32f097a39a,e3b2c918-6a66-5db3-87f9-e5c71515f2ab,3,1297.73,389.32
c31f1b4f-2cd2-5b06-8229-ced3e74d6b04,9fcac803-0ac6-5bc2-b846-7f32f097a39a,1657c1e2-1668-5957-a5e5-822140c08707,11,1260.09,1386.10
387cc30b-b635-57f3-9058-f35bd506c6fd,9fcac803-0ac6-5bc2-b846-7f32f097a39a,80450a39-8a90-55da-adf7-0b6a1b84aeeb,2,1385.41,138.54
36dee3f0-3d5d-5563-a33d-906fbabe14c3,64efa051-4ea4-572a-b7a3-85abac440541,34baeb4c-81dc-5b29-bc76-0b8fd47cdbed,3,262.62,39.39
a3ff46e5-f269-50b5-988d-535fd30f50bc,64efa051-4ea4-572a-b7a3-85abac440541,bab29423-27f9-5732-bd8b-a403c95b1a96,4,947.18,378.87
f35d54e2-5b89-5b5d-aad1-61b8e18202ea,c37e0fb4-bbd0-5355-8674-e93f4f1cad0b,34baeb4c-81dc-5b29-bc76-0b8fd47cdbed,9,262.62,118.18
c463ce6d-0b50-5577-83e6-0121f16b2678,c37e0fb4-bbd0-5355-8674-e93f4f1cad0b,c3e9c7fb-d6ab-5171-a827-7aad6b6d2342,7,1198.11,1258.02
c7016cb3-90b5-51c5-a83e-f44fa504cfe1,c37e0fb4-bbd0-5355-8674-e93f4f1cad0b,6469a098-75a3-5b3b-839a-ad075a8e67ad,10,728.47,364.24
64e927bf-bda5-5f95-9d4f-0a06d17c26be,c37e0fb4-bbd0-5355-8674-e93f4f1cad0b,508dfc85-5bf2-5709-b1e3-06ff86d5acb8,10,387.07,193.54
888d4730-32ac-51f6-987f-b8b75e587f40,8004fd9f-a7b1-5955-bb5c-2da8c7e8d3e1,673811d5-2f11-5108-8b80-c9dd0dc2adda,12,503.75,0.00
ce37f6a8-1dcf-5340-b688-719fca7e1c4c,8004fd9f-a7b1-5955-bb5c-2da8c7e8d3e1,deaf9542-d65c-5f41-b22e-b1d033baea7a,1,1236.17,123.62
b98247fc-b1ec-5107-8f57-b070b5e25e26,8004fd9f-a7b1-5955-bb5c-2da8c7e8d3e1,d68351a2-cf36-5984-a091-28a9f5b6bb7e,3,1017.79,0.00
4db18cc7-601a-530d-aacf-072444d6eb50,8004fd9f-a7b1-5955-bb5c-2da8c7e8d3e1,b5386670-1687-5260-ad33-97e5d697c425,2,902.07,270.62
088d747a-1380-5371-9d73-9895d520712b,8004fd9f-a7b1-5955-bb5c-2da8c7e8d3e1,f78fc905-81d2-5f52-8c77-1cff3a4b42b7,9,290.47,130.71
86926abc-b85f-576c-afbb-9fbeea7bf1a1,126094ad-4545-52e3-9c5b-1ba4fd487f59,aa67b9d9-b4e2-53f3-9447-ca933b53344f,12,1163.44,0.00
b9a38e5e-72d3-5278-b043-30b44250dabd,6960619d-3ab5-58dc-8a06-25e3814c0ba8,cdea42fb-ee49-5a22-a213-56a8f9fcb148,10,1597.00,0.00
7b3bc5b2-5c60-5238-8416-497c3dbf9c02,d7f329ea-3dde-5248-9ac8-ab3f46ba58da,b5386670-1687-5260-ad33-97e5d697c425,5,902.07,676.55
49850b96-501f-5673-8772-ba94ed1e9717,d7f329ea-3dde-5248-9ac8-ab3f46ba58da,ac03c1f7-3948-530e-8de5-80756984ab20,11,564.84,310.66
50f8d4b2-937e-58db-9ef3-88f462346603,d7f329ea-3dde-5248-9ac8-ab3f46ba58da,673811d5-2f11-5108-8b80-c9dd0dc2adda,9,503.75,0.00
08db6e9d-03fd-5e95-adae-d350d9ee74f6,d7f329ea-3dde-5248-9ac8-ab3f46ba58da,617fd070-2fb8-5ff6-8eaa-308844dc97ac,2,1871.53,0.00
83d7e4a5-094c-559f-ba10-313475fcbf18,6cd18e5d-e878-5b6c-bdf9-3b97c9c14a22,591abda9-fd16-5958-b0e9-586f0dfa6e54,5,875.54,656.66
9a3a27dd-bc07-57ff-9255-1ff69b1b0ff6,6cd18e5d-e878-5b6c-bdf9-3b97c9c14a22,fd5d29e1-571f-589d-be31-aa00127c02aa,12,943.56,0.00
ae5eda8f-da6d-5e33-87ae-2f27ee5e6b29,6cd18e5d-e878-5b6c-bdf9-3b97c9c14a22,d68351a2-cf36-5984-a091-28a9f5b6bb7e,7,1017.79,0.00
0c0ef409-4baf-55a5-83c4-2ad50ed7d046,6cd18e5d-e878-5b6c-bdf9-3b97c9c14a22,13ea52a1-6b55-57c7-b84e-acf7fb92f106,2,368.84,110.65
55a61fe7-6246-5090-86ca-19388d887a24,6cd18e5d-e878-5b6c-bdf9-3b97c9c14a22,0f2c8ffe-5a45-5cfc-afbf-417553294a54,10,237.59,0.00
984df242-bd7a-5fae-9c58-de515dc85913,0efed857-c35e-5847-bc17-339c61488bc9,559ab41c-d860-5ab1-aaa1-483577af7b67,3,305.73,45.86
8a2c1881-6c35-54cb-aabe-db53ec7db538,0efed857-c35e-5847-bc17-339c61488bc9,829935ce-9ec7-5afb-a542-873877c9ce31,10,378.45,378.45
7e7bdc64-987b-587b-94a8-35145907533f,0efed857-c35e-5847-bc17-339c61488bc9,ac03c1f7-3948-530e-8de5-80756984ab20,8,564.84,677.81
7f6af130-8e1f-5ff2-b27e-9f13d8fa1d44,f53b7f1a-64fa-5a4f-aec2-f6d9c39b0a25,952e981c-e5c2-53da-984a-78dc5e3b1ad4,3,130.99,58.95
ac4124bd-725a-52ff-9a17-3f715eaae063,f53b7f1a-64fa-5a4f-aec2-f6d9c39b0a25,1dd10a82-5cdc-539f-af3f-d3f255171973,8,107.50,0.00
00b59fb4-a4ed-5010-a9a5-5b7401af057e,f53b7f1a-64fa-5a4f-aec2-f6d9c39b0a25,f350d57a-8885-50f1-b76a-29f7a8057a35,9,1251.43,0.00
ae56426c-c8b6-5012-b39a-29a1e942e56b,75594d50-3947-5b1d-95ec-650900d8354b,3d307d78-b10f-5539-a951-7bcc9fd17161,10,1342.24,1342.24
f7dab0da-dd27-5d88-809f-7f8cb83c60f9,75594d50-3947-5b1d-95ec-650900d8354b,ac03c1f7-3948-530e-8de5-80756984ab20,3,564.84,0.00
86fc1bdd-02b1-53e2-9168-f76f06792391,75594d50-3947-5b1d-95ec-650900d8354b,4dbc0e6b-ab10-5b67-a928-f87e1ed2bb9a,1,233.65,0.00
6114e21e-b907-5382-91cf-cb8a39d6a413,75594d50-3947-5b1d-95ec-650900d8354b,fd5d29e1-571f-589d-be31-aa00127c02aa,12,943.56,0.00
7db9c1b1-1654-552e-9c52-9d97fa55670b,013beac6-ae83-52dd-90b6-438e9391e43b,0137b3c3-db39-5e56-abf7-8ae43bc349ad,5,1129.31,0.00
c1dfeb38-1c34-551e-b555-3f9488fa4f9f,013beac6-ae83-52dd-90b6-438e9391e43b,75679cf6-5497-5e69-b773-db773bc6a245,8,1441.14,0.00
91e2acf3-abae-512d-b717-fdbd65e9b62d,013beac6-ae83-52dd-90b6-438e9391e43b,952e981c-e5c2-53da-984a-78dc5e3b1ad4,9,130.99,0.00
1e228681-1835-5744-9ea4-8b622682537e,e51b80fb-7710-5d1a-ae7e-97465cf3f1f7,34baeb4c-81dc-5b29-bc76-0b8fd47cdbed,8,262.62,210.10
395447fd-3ba5-5670-b3d4-a84988e0881d,e51b80fb-7710-5d1a-ae7e-97465cf3f1f7,6469a098-75a3-5b3b-839a-ad075a8e67ad,3,728.47,327.81
526fd97d-af0f-5094-8b09-5e1805b3d7db,e51b80fb-7710-5d1a-ae7e-97465cf3f1f7,bab29423-27f9-5732-bd8b-a403c95b1a96,1,947.18,47.36
c51dcc8c-5b3a-508d-8375-4c5b2ec3bf24,e51b80fb-7710-5d1a-ae7e-97465cf3f1f7,1760c2e4-563f-5bac-abcd-baf5317434c8,2,1665.26,0.00
4c0096e0-2bf8-56f3-85de-0dab2f726539,e51b80fb-7710-5d1a-ae7e-97465cf3f1f7,39cb20a1-5dca-5b11-90c4-3e96e441ed0c,9,447.96,0.00
fe3a3632-b79f-5479-992f-c15e67171f2f,48577f35-e995-57c6-8de9-019498bdc2be,f65edfe2-43ae-59f6-b37a-f98344e1a998,7,1061.75,1114.84
bbf6ef33-c8eb-5b58-8917-0ddb7ea3b86a,48577f35-e995-57c6-8de9-019498bdc2be,80450a39-8a90-55da-adf7-0b6a1b84aeeb,5,1385.41,346.35
c8178416-e67f-5e24-bf10-8c6aaef68fcd,48577f35-e995-57c6-8de9-019498bdc2be,3d307d78-b10f-5539-a951-7bcc9fd17161,4,1342.24,805.34
9d20d661-055b-5a11-b07e-fe8725a96e49,48577f35-e995-57c6-8de9-019498bdc2be,01351cb5-bcf4-52ee-88a1-c6442df67004,2,1268.11,380.43
dd011a70-6656-50a6-8880-3a2796701065,550a4e57-dda0-5a81-996c-209d18335568,c2be7cd9-f7ee-544a-9ceb-7052826da8ce,3,183.13,0.00
cc66db0b-9e3b-5f36-aa6b-48f2296b8c58,550a4e57-dda0-5a81-996c-209d18335568,1dd10a82-5cdc-539f-af3f-d3f255171973,9,107.50,0.00
d16b01a2-0f7b-5150-9bc5-251fbd379295,550a4e57-dda0-5a81-996c-209d18335568,ac03c1f7-3948-530e-8de5-80756984ab20,11,564.84,0.00
a522e47d-65bf-57a6-af8b-be6c75aa35b2,550a4e57-dda0-5a81-996c-209d18335568,591abda9-fd16-5958-b0e9-586f0dfa6e54,6,875.54,0.00
f9b9006b-17af-5c69-945d-72ccf21a9dc6,550a4e57-dda0-5a81-996c-209d18335568,b6464168-fc86-5543-9805-0861ea9c66cc,8,1065.14,852.11
ae2f573a-2d53-53b1-8454-830d255237fb,d1a131c6-d7c6-5f7e-b37a-1e1e71e46e13,31a97c6b-10cf-54c1-b463-f81683a437cc,12,1252.58,1503.10
5a582ad0-0335-5537-8fa2-b2e7668d527d,d1a131c6-d7c6-5f7e-b37a-1e1e71e46e13,cdea42fb-ee49-5a22-a213-56a8f9fcb148,8,1597.00,1916.40
1c8b6d95-88da-502f-bb3e-0582966d172f,880494de-ac3d-57f4-b37e-99c38665d37e,eff08d1d-eb3b-559a-8ca9-60c7b365af52,5,1515.93,1136.95
069c72f7-79d6-59b2-863e-6fdee75e199d,880494de-ac3d-57f4-b37e-99c38665d37e,f9fe7a6c-9a44-59e2-a4cc-fef69cc2e48e,2,684.00,0.00
a286a884-0c4a-5ae1-b085-dd71c804e4ac,880494de-ac3d-57f4-b37e-99c38665d37e,d96da70b-0cb5-58c8-928a-aafb2d90b154,8,1827.60,2193.12
bcd04293-fb6b-5173-b38e-a53cbdafb812,880494de-ac3d-57f4-b37e-99c38665d37e,bab29423-27f9-5732-bd8b-a403c95b1a96,6,947.18,0.00
cc4857b5-f2f9-5d8d-a235-8500576a00d2,880494de-ac3d-57f4-b37e-99c38665d37e,af3fc15f-c662-5a5e-9e9c-3b2d4e1b6029,1,1539.94,153.99
52d97f45-3a94-51ba-82ab-fd252d327411,7e2f0f13-74e4-5707-b460-b06e3e8df3aa,8d6058a9-d9fb-546e-b841-e6b4a0978311,2,1083.86,0.00
a573e6d3-bb0b-58bc-acfc-7b35542f2c8c,795ecc0e-bcb4-5350-89e6-eb0580e24099,851c23cd-3716-5170-b9ac-0c25ddc7c95c,5,497.01,0.00
696add0e-bea9-5e97-9e82-c44fc0925268,795ecc0e-bcb4-5350-89e6-eb0580e24099,f78fc905-81d2-5f52-8c77-1cff3a4b42b7,1,290.47,14.52
ecc3319c-24f1-5313-8ebe-98b0b7effd1b,795ecc0e-bcb4-5350-89e6-eb0580e24099,cd410e43-ec3c-524b-84c6-84482a7b1204,6,549.24,164.77
a0c9f70d-81b8-5485-b49b-7c1632eba298,d2eaa45b-9525-5b68-9313-6c7690a8b34b,5d79cff2-0e77-58a2-b1bf-c506ed3c98bd,4,822.40,493.44
ba8ec2ad-a7b0-5015-b525-c7581b9527e4,d2eaa45b-9525-5b68-9313-6c7690a8b34b,43d6da55-777b-55ef-8cf5-d4cc7bfa63ad,6,1159.60,0.00
536e3656-b1c3-534a-a2d6-9dbb8c0a0b72,d1d08345-c724-5ecd-a61d-7eeab1264808,c3e9c7fb-d6ab-5171-a827-7aad6b6d2342,6,1198.11,359.43
00691d77-10eb-5bc1-a72b-616978c5af56,d1d08345-c724-5ecd-a61d-7eeab1264808,ac03c1f7-3948-530e-8de5-80756984ab20,5,564.84,282.42
8657e285-a21a-5c53-907e-8551a128fca2,d1d08345-c724-5ecd-a61d-7eeab1264808,af3fc15f-c662-5a5e-9e9c-3b2d4e1b6029,10,1539.94,1539.94
74631b5e-9d21-53ad-836b-dee6433b1978,d1d08345-c724-5ecd-a61d-7eeab1264808,673811d5-2f11-5108-8b80-c9dd0dc2adda,10,503.75,251.88
58a88bd5-be91-56af-a55a-4fdf94f64f51,d1d08345-c724-5ecd-a61d-7eeab1264808,fd5d29e1-571f-589d-be31-aa00127c02aa,12,943.56,1698.41
754f6c53-e764-5e67-8316-1b37e2fd0154,83c747af-9410-59c7-b2c8-93c3f1024674,613ff8f3-9a2b-5f66-8d3e-3e05d5391002,4,474.67,189.87
bc3ec0fe-f229-56e5-afaa-7ce4fbf519a4,0fd7362f-0192-58e3-8d5a-cc2b44a256ba,39cb20a1-5dca-5b11-90c4-3e96e441ed0c,2,447.96,134.39
85be5357-1b63-55c1-8f4a-6d9a1a48227d,0fd7362f-0192-58e3-8d5a-cc2b44a256ba,01351cb5-bcf4-52ee-88a1-c6442df67004,12,1268.11,0.00
8bbc44f3-b59f-5da7-a9dd-544cdf313357,0fd7362f-0192-58e3-8d5a-cc2b44a256ba,12003734-bab7-5410-8c89-f9a8c4967dea,8,1269.66,1523.59
4ad906d1-8cd9-5287-8342-c10328677d5a,28054160-5d97-5443-8f46-72519dfd19ed,aa67b9d9-b4e2-53f3-9447-ca933b53344f,6,1163.44,0.00
ae59369d-7724-535e-a6d1-41928fe43ae3,28054160-5d97-5443-8f46-72519dfd19ed,1657c1e2-1668-5957-a5e5-822140c08707,12,1260.09,2268.16
d478ce61-151d-5998-b694-06507d89b210,28054160-5d97-5443-8f46-72519dfd19ed,b5386670-1687-5260-ad33-97e5d697c425,11,902.07,0.00
b28b89d6-be4d-56b0-8d7e-880728a65c2d,1b247ec9-f0ef-52ce-94ab-812d2bea7da4,e69a7c0b-6875-5a37-a379-abbc430fb47b,7,1211.55,848.08
bd460ba4-b00d-5abf-864a-6d25c2df2d92,1b247ec9-f0ef-52ce-94ab-812d2bea7da4,b6464168-fc86-5543-9805-0861ea9c66cc,4,1065.14,426.06
d4ac2f44-b80d-5743-a815-10d39fb987fb,1b247ec9-f0ef-52ce-94ab-812d2bea7da4,1dd10a82-5cdc-539f-af3f-d3f255171973,9,107.50,96.75
15da225c-98c5-56e3-8d40-e56b6cb0fdca,1b247ec9-f0ef-52ce-94ab-812d2bea7da4,8b12c834-e054-5502-85aa-99d1eb81eee0,8,1393.76,557.50
eea9c058-af8d-52ff-b5ae-384a62ff2d58,2a407f8f-836f-5b41-84bc-8ca478282473,cd410e43-ec3c-524b-84c6-84482a7b1204,11,549.24,302.08
d7a24999-6627-51fc-815c-a738ddf1fe8a,2a407f8f-836f-5b41-84bc-8ca478282473,3205bb8a-e766-5617-a3d4-78aaa9883bc8,2,1355.84,0.00
d4457d9f-192b-50c4-b239-c905bae12085,2a407f8f-836f-5b41-84bc-8ca478282473,f78fc905-81d2-5f52-8c77-1cff3a4b42b7,7,290.47,203.33
e21a6ad0-a900-5723-9808-30caca76f697,fb6d9cef-28a7-58f7-8c31-a1afec3b1272,2f2113cc-589a-55b5-846a-78fddce3a3c9,6,688.27,619.44
4d1bb733-5576-5c29-a5eb-c4c4ee393a38,fb6d9cef-28a7-58f7-8c31-a1afec3b1272,fb4140fc-b3c1-5a6a-8613-9b068fdd2b39,4,931.77,0.00
59b500f9-d882-5b68-a119-c860f029731c,1f4fe99e-351a-512d-9c01-f11b401bb3ff,dee51c26-0113-56c0-a9c6-edbcfc488df1,7,83.53,0.00
fe3518f1-12e9-5e8f-a032-7568b5497d9b,1f4fe99e-351a-512d-9c01-f11b401bb3ff,559ab41c-d860-5ab1-aaa1-483577af7b67,7,305.73,0.00
b797640d-33e9-5b58-b9ac-2527a5d2bafd,1f4fe99e-351a-512d-9c01-f11b401bb3ff,31a97c6b-10cf-54c1-b463-f81683a437cc,12,1252.58,0.00
5dd051b8-5bda-5821-b5eb-f0271a95bb30,78c541de-d5c7-5440-aee5-dd874603adb7,db43f9b2-c956-5785-8950-8287c47db3ae,2,894.98,0.00
d3e55658-27ce-5c59-b486-fb20fa3a3f52,78c541de-d5c7-5440-aee5-dd874603adb7,851c23cd-3716-5170-b9ac-0c25ddc7c95c,11,497.01,273.36
e9b3db74-de25-582a-b785-841a75de84e0,78c541de-d5c7-5440-aee5-dd874603adb7,1760c2e4-563f-5bac-abcd-baf5317434c8,2,1665.26,166.53
3b6a5bc3-b880-5e95-ad8e-de37609fe99b,78c541de-d5c7-5440-aee5-dd874603adb7,dee51c26-0113-56c0-a9c6-edbcfc488df1,9,83.53,37.59
bfe3cd51-e7ed-5a03-8e52-844390c9818d,0ab5a17a-2aaf-57f2-8605-5fd03cac2d16,8d892cdc-d358-5f2b-a85b-cbecc7e0a664,1,1003.20,50.16
ead21e51-43e8-5d63-88c0-4933713ae9b4,220a18a9-9d8d-561c-9fb8-bfdc20ea5773,d4214473-2bf7-5b77-bb1f-734e590c4014,1,1245.02,0.00
2672bdf9-54ba-53a9-9b97-6b8653df6cae,9cdd6ea9-c00e-5e47-aac8-2fd191e8b932,1657c1e2-1668-5957-a5e5-822140c08707,2,1260.09,126.01
834b997b-418e-5d31-9516-268d2c9d1490,9cdd6ea9-c00e-5e47-aac8-2fd191e8b932,591abda9-fd16-5958-b0e9-586f0dfa6e54,6,875.54,262.66
aee6db28-4e28-5d71-b0cf-aa2b9d2dbb05,9ec29d6a-6304-5b73-9809-33a509975095,cdea42fb-ee49-5a22-a213-56a8f9fcb148,8,1597.00,638.80
0a60fb50-794b-57f4-9687-81adaba08822,9ec29d6a-6304-5b73-9809-33a509975095,f78fc905-81d2-5f52-8c77-1cff3a4b42b7,1,290.47,0.00
6025c175-c430-5838-834f-98397c727a11,4a8d2901-53f1-5b5e-b313-6026cb624b32,8a195dd5-491c-532c-9a61-886a24d451c0,2,1141.76,228.35
dd988478-35da-5e2a-ba29-8a02dc848aac,4a8d2901-53f1-5b5e-b313-6026cb624b32,deaf9542-d65c-5f41-b22e-b1d033baea7a,2,1236.17,370.85
f9b4f279-4313-5f2a-b90c-afa07c5afe90,4a8d2901-53f1-5b5e-b313-6026cb624b32,a042ed60-9218-5159-876b-6c4dd0e5f934,10,381.33,381.33
43f43bfc-bcc8-5a79-88ad-22fd068fb614,c8a44bb0-4e88-532c-8a77-096a2c9ade22,c2be7cd9-f7ee-544a-9ceb-7052826da8ce,5,183.13,91.56
d391a10b-4c17-528e-8678-aa9dbb2ae15b,c8a44bb0-4e88-532c-8a77-096a2c9ade22,34baeb4c-81dc-5b29-bc76-0b8fd47cdbed,4,262.62,105.05
86aac7f0-3323-5904-bb7b-f1ddeb20104c,c8a44bb0-4e88-532c-8a77-096a2c9ade22,559ab41c-d860-5ab1-aaa1-483577af7b67,5,305.73,0.00
0ddac355-16b3-58bf-ab54-da239c47c4e4,3be3b551-6fa0-512d-b1be-5a52e85cde8e,d520aef1-b021-5cf0-a1d3-9e7e6d31aab7,7,568.52,0.00
ca6f91f3-ed07-5f3e-8104-388d004d2d99,5de91ca6-2d83-55f4-89ea-2291cd349e48,1657c1e2-1668-5957-a5e5-822140c08707,9,1260.09,567.04
73b21c6f-924a-5524-a9ca-d90cb7990ec9,5de91ca6-2d83-55f4-89ea-2291cd349e48,508dfc85-5bf2-5709-b1e3-06ff86d5acb8,3,387.07,58.06
2f3a1313-6f7c-5ac2-b6cd-6691ca18711b,5de91ca6-2d83-55f4-89ea-2291cd349e48,bab29423-27f9-5732-bd8b-a403c95b1a96,10,947.18,947.18
a0ff249c-a89e-5ac7-bebd-622d695df75b,5de91ca6-2d83-55f4-89ea-2291cd349e48,5d79cff2-0e77-58a2-b1bf-c506ed3c98bd,3,822.40,246.72
0aaac7ae-f018-58b4-b86d-806a03823e45,5de91ca6-2d83-55f4-89ea-2291cd349e48,d37c44df-541b-5bf4-b395-65b41bac88a8,8,1334.93,0.00
5ad6358c-eeec-5eab-872b-a6e42554e939,cad13415-694d-5b21-9368-b0c5d53f5cf4,c0bff87f-f764-5151-8aec-dda48ea91847,3,437.68,131.30
5d6ad69f-d81a-5313-a025-2c2801c9b2e4,9da20967-d558-5646-9b5f-7e96b9167a9c,9b6b9203-f582-59b6-b64c-309881607c86,4,876.23,0.00
d8de7f99-1b0f-5ae4-bb9b-adecf131cd4e,9da20967-d558-5646-9b5f-7e96b9167a9c,91bd15e4-105e-5926-abe6-7ceaf8c07375,6,393.96,118.19
c11fc526-8109-5902-b3bd-038d1725d2f0,8d12e711-e2a9-531d-90d2-d2b34d93449d,0caef625-914f-5fea-8e59-19b212bfbd46,2,1252.51,0.00
c89e27c8-0051-590b-b12e-b2758404abed,8d12e711-e2a9-531d-90d2-d2b34d93449d,201fb8e4-2c24-5483-b44d-4063694486b2,2,1026.69,102.67
2285b8bc-ff0f-5252-b6db-c73b3ea18383,8d12e711-e2a9-531d-90d2-d2b34d93449d,0f2c8ffe-5a45-5cfc-afbf-417553294a54,3,237.59,71.28
8e1bf65a-71da-5299-be76-62b9bf889c2f,8b07ca05-8ed2-5897-bd65-b9c7871f86c3,d37c44df-541b-5bf4-b395-65b41bac88a8,8,1334.93,1601.92
f3421096-df0c-5afc-9afc-fc23155b7e62,8b07ca05-8ed2-5897-bd65-b9c7871f86c3,2e263bcd-bacc-5f51-b35b-70d1674f4dc5,11,370.19,0.00
53142d54-e8f2-5e28-af67-51abc33349f5,8b07ca05-8ed2-5897-bd65-b9c7871f86c3,613ff8f3-9a2b-5f66-8d3e-3e05d5391002,5,474.67,237.34
33e6bbd7-7451-5da8-a776-601ee93ea41a,8b07ca05-8ed2-5897-bd65-b9c7871f86c3,f9fe7a6c-9a44-59e2-a4cc-fef69cc2e48e,5,684.00,342.00
63767c48-7e76-563b-9e97-10d1c4715dfd,8b07ca05-8ed2-5897-bd65-b9c7871f86c3,8b12c834-e054-5502-85aa-99d1eb81eee0,11,1393.76,0.00
862bf880-531e-532c-b262-c94618193f72,3e071045-6542-5243-9113-8f3e04606d47,9b6b9203-f582-59b6-b64c-309881607c86,12,876.23,525.74
4f204dbf-bba4-5d45-9352-be66953dd341,c416f814-942d-5c3f-9eb7-2253d7c60e08,9f7bfd37-85ae-5a17-9b9f-5dafe3ec68ee,4,1138.16,0.00
be7df21e-8f90-55d7-8273-204d511695f0,c416f814-942d-5c3f-9eb7-2253d7c60e08,d68351a2-cf36-5984-a091-28a9f5b6bb7e,11,1017.79,0.00
cd140e60-0c5e-54dd-885a-de8dca55899d,c416f814-942d-5c3f-9eb7-2253d7c60e08,45669348-c1a3-5956-bbf2-d29bd438fbdc,1,536.14,26.81
36502732-1a88-5b53-a559-69e20a1f689f,cc230d40-9a6b-557f-b7bd-6bb041930e60,cdea42fb-ee49-5a22-a213-56a8f9fcb148,3,1597.00,0.00
b8ac0d8d-7972-559b-98aa-b645736b6de9,6a93eabe-e0e0-568d-8172-6f8f3b586c3e,e691a6a3-7dd7-5d95-b97e-997e3af77227,1,551.10,55.11
2f1b74c2-eadf-545b-aa9b-b264726cefac,6a93eabe-e0e0-568d-8172-6f8f3b586c3e,1c3b9a21-09fa-5c21-bdad-35f2eb8a273f,2,1126.26,112.63
4770dd6d-d61b-5b27-8048-ac2a585a876a,6a93eabe-e0e0-568d-8172-6f8f3b586c3e,01351cb5-bcf4-52ee-88a1-c6442df67004,6,1268.11,0.00
a9de2dab-98d3-524d-8b38-8fac0163681f,6a93eabe-e0e0-568d-8172-6f8f3b586c3e,5d79cff2-0e77-58a2-b1bf-c506ed3c98bd,2,822.40,82.24
1658d6b8-7ed8-5d90-9054-fb3b27866579,46576adc-c047-5bee-913a-22a9d459612c,0137b3c3-db39-5e56-abf7-8ae43bc349ad,2,1129.31,225.86
6f6cf9d5-b6c5-5d14-b3b2-4f431048f453,46576adc-c047-5bee-913a-22a9d459612c,9a2e8c5f-4d3e-5cb8-ba78-f2bd562ee61b,10,688.27,344.14
00a677fb-1ca2-5434-8a1f-92aecfbd363c,46576adc-c047-5bee-913a-22a9d459612c,80450a39-8a90-55da-adf7-0b6a1b84aeeb,5,1385.41,692.70
24fc4649-21f9-53a1-9ef9-57d2dd5b33e3,5fa3bdf4-7837-5fb0-95dc-74bb69225cec,0eb49bc4-406e-5d63-a28c-3e5b6ef668e4,10,1139.13,0.00
2f2ddf2e-8bd1-5202-ba84-ac02824270c8,5fa3bdf4-7837-5fb0-95dc-74bb69225cec,e3b2c918-6a66-5db3-87f9-e5c71515f2ab,9,1297.73,583.98
d88959a5-575e-5ead-8c09-033de7056c7f,4a473b93-191b-5048-93e0-3bf31802ea5f,dee51c26-0113-56c0-a9c6-edbcfc488df1,8,83.53,0.00
e05878db-8209-534b-bb97-e8e49029b459,4a473b93-191b-5048-93e0-3bf31802ea5f,2f2113cc-589a-55b5-846a-78fddce3a3c9,3,688.27,206.48
a5a38dc2-551f-5f1e-954e-bef83758a121,4a473b93-191b-5048-93e0-3bf31802ea5f,13e04507-297b-56af-85d7-75b609d982a1,12,652.61,783.13
ada18671-1c53-5601-ab7b-159f805f836f,0d108e3a-9bde-523c-9d08-4ff643d4f983,deaf9542-d65c-5f41-b22e-b1d033baea7a,4,1236.17,0.00
805f33ac-47e6-5131-afb8-1f7204c58949,0d108e3a-9bde-523c-9d08-4ff643d4f983,f9fe7a6c-9a44-59e2-a4cc-fef69cc2e48e,8,684.00,0.00
fb331363-b5d4-5aa0-b734-34f333ea0410,0d108e3a-9bde-523c-9d08-4ff643d4f983,f65edfe2-43ae-59f6-b37a-f98344e1a998,2,1061.75,106.18
7c47ebef-46d5-5fdf-9127-0cfbd8433f86,0d108e3a-9bde-523c-9d08-4ff643d4f983,9e165d6f-802f-5694-a25a-20885ba2aa7f,5,433.03,0.00
8a53df7e-85cb-5bf3-abcf-8ee8eac85076,0d108e3a-9bde-523c-9d08-4ff643d4f983,d6b2e2d8-f41b-5418-ba12-fcffc0aa6508,9,1950.05,1755.04
adadd3b8-70c7-589e-8c50-6794c6d0d063,e51e3433-b7c3-5c4d-9a8c-dd1b7dc7c9fa,1657c1e2-1668-5957-a5e5-822140c08707,10,1260.09,1890.14
33c4eb4f-984a-5497-a1ce-028650c22a56,e51e3433-b7c3-5c4d-9a8c-dd1b7dc7c9fa,9e165d6f-802f-5694-a25a-20885ba2aa7f,4,433.03,259.82
0a7a534f-1d90-5eb4-a995-c354abcd2a95,0da4bd1f-482d-51a6-a58a-ebbf6f191c6e,952e981c-e5c2-53da-984a-78dc5e3b1ad4,4,130.99,52.40
a96cf5cb-06e2-579d-b360-52f4b328d2cb,0da4bd1f-482d-51a6-a58a-ebbf6f191c6e,dee51c26-0113-56c0-a9c6-edbcfc488df1,9,83.53,0.00
5d2a3760-2d1f-5562-be90-46f5992cb45f,0da4bd1f-482d-51a6-a58a-ebbf6f191c6e,af3fc15f-c662-5a5e-9e9c-3b2d4e1b6029,6,1539.94,923.96
808c58e4-14b5-53d8-a929-507d838f7adc,0da4bd1f-482d-51a6-a58a-ebbf6f191c6e,d6b2e2d8-f41b-5418-ba12-fcffc0aa6508,10,1950.05,975.02
c27c3fc0-668a-566c-be5b-3c6071637f31,2c7e0377-4fb0-5208-99da-ad14ce023cc0,617fd070-2fb8-5ff6-8eaa-308844dc97ac,7,1871.53,655.04
85f03919-27ff-5937-9741-bef500ec8a7c,2c7e0377-4fb0-5208-99da-ad14ce023cc0,1c3b9a21-09fa-5c21-bdad-35f2eb8a273f,3,1126.26,0.00
d018779b-e7b2-5fa3-b42d-21ba72c1e58f,2c7e0377-4fb0-5208-99da-ad14ce023cc0,45669348-c1a3-5956-bbf2-d29bd438fbdc,4,536.14,321.68
50283128-e505-50b5-8275-3a569705e112,2c7e0377-4fb0-5208-99da-ad14ce023cc0,e69a7c0b-6875-5a37-a379-abbc430fb47b,10,1211.55,0.00
a14f1568-1f6d-5886-a90e-fcb5fbc7a9bf,2c7e0377-4fb0-5208-99da-ad14ce023cc0,f218ba8f-81cf-5efd-ad55-5f4ef76110c2,9,1484.37,0.00
76f42b69-145f-5667-bc29-b6eb276af69d,f22a0fd0-35a1-5a69-90f3-3f38c60181c5,af3fc15f-c662-5a5e-9e9c-3b2d4e1b6029,6,1539.94,923.96
a29158d6-a859-5b2e-b51c-aa9a4b6ec3f5,f22a0fd0-35a1-5a69-90f3-3f38c60181c5,3d307d78-b10f-5539-a951-7bcc9fd17161,8,1342.24,0.00
96902402-3f5c-5d07-b1e3-112a82eb92a9,f22a0fd0-35a1-5a69-90f3-3f38c60181c5,01351cb5-bcf4-52ee-88a1-c6442df67004,5,1268.11,951.08
86c51493-b626-56a0-b992-8685d7a4b6ff,f22a0fd0-35a1-5a69-90f3-3f38c60181c5,bab29423-27f9-5732-bd8b-a403c95b1a96,4,947.18,0.00
e28e8ed9-dac7-5ff4-9548-15e10d033e8c,f22a0fd0-35a1-5a69-90f3-3f38c60181c5,13e04507-297b-56af-85d7-75b609d982a1,3,652.61,293.67
d9cb2b76-e819-57bc-99cd-5c22ad5db4af,fed7bf4a-5ef2-55db-8ba5-6f843634c1eb,617fd070-2fb8-5ff6-8eaa-308844dc97ac,11,1871.53,3088.02
763b0b6d-b624-56a9-bdac-f9e7a4b35f6e,8fc29608-61a2-5517-8ae0-e0d27ad681a1,5d79cff2-0e77-58a2-b1bf-c506ed3c98bd,7,822.40,863.52
f4138b83-d195-5d12-a28c-5e0fb026c13e,8fc29608-61a2-5517-8ae0-e0d27ad681a1,75679cf6-5497-5e69-b773-db773bc6a245,2,1441.14,144.11
78b09d23-751f-5dbe-9795-82f00dfd11be,8fc29608-61a2-5517-8ae0-e0d27ad681a1,b5386670-1687-5260-ad33-97e5d697c425,8,902.07,1082.48
41117272-fb63-59a5-ac55-d9cfa9830376,8fc29608-61a2-5517-8ae0-e0d27ad681a1,3d307d78-b10f-5539-a951-7bcc9fd17161,5,1342.24,335.56
4599ff1e-2b7e-517c-89c1-4796462ecfe1,a656346e-1ec2-5070-b838-b1c1ee5fac83,591abda9-fd16-5958-b0e9-586f0dfa6e54,10,875.54,437.77
8ab7e1a4-755d-540e-bae8-c61353a22255,a656346e-1ec2-5070-b838-b1c1ee5fac83,39cb20a1-5dca-5b11-90c4-3e96e441ed0c,4,447.96,0.00
924f2315-58bf-521e-a8b3-6ffe17762c35,a656346e-1ec2-5070-b838-b1c1ee5fac83,bab29423-27f9-5732-bd8b-a403c95b1a96,7,947.18,0.00
cb9bc7d4-cb07-538e-9b06-38f7190e4960,a656346e-1ec2-5070-b838-b1c1ee5fac83,613ff8f3-9a2b-5f66-8d3e-3e05d5391002,7,474.67,332.27
0cf25473-f70d-5696-8748-c581600b9021,a656346e-1ec2-5070-b838-b1c1ee5fac83,c0bff87f-f764-5151-8aec-dda48ea91847,4,437.68,0.00
8b4a70e9-6ef1-5858-8101-38f13bf8b97d,b064331a-3a67-587b-b62d-610e86155192,1fa2b768-1b9d-5b9c-befa-fac1ccb97563,4,771.34,308.54
e05d066c-0b48-5705-8949-1284ac15f901,b064331a-3a67-587b-b62d-610e86155192,db43f9b2-c956-5785-8950-8287c47db3ae,8,894.98,0.00
e1df185f-39e3-53a1-ac9e-c5b446d15a9e,b064331a-3a67-587b-b62d-610e86155192,673811d5-2f11-5108-8b80-c9dd0dc2adda,10,503.75,503.75
dac20f2c-cb9b-5872-8261-1413bf2b6f3c,b064331a-3a67-587b-b62d-610e86155192,d520aef1-b021-5cf0-a1d3-9e7e6d31aab7,1,568.52,0.00
846063ea-bacb-5222-b009-53fae29d176b,b064331a-3a67-587b-b62d-610e86155192,bab29423-27f9-5732-bd8b-a403c95b1a96,12,947.18,568.31
1f5a6cfc-38cf-5e4b-9285-db7461c09782,e37fee24-6e70-5fa5-9599-eeb96f8af8df,1dd457fd-1d71-5eb5-b684-6f07d43e876c,6,897.97,808.17
10510ed0-ce75-5ad1-8373-4a425c0a0ad3,e37fee24-6e70-5fa5-9599-eeb96f8af8df,d37c44df-541b-5bf4-b395-65b41bac88a8,7,1334.93,467.23
550b8fb6-a466-56fe-8185-11ee82812785,e37fee24-6e70-5fa5-9599-eeb96f8af8df,db630ac7-839d-5331-93df-dc621d8357b6,11,582.16,640.38
b4f979f0-3096-5751-aeae-05fdbf7215dc,e37fee24-6e70-5fa5-9599-eeb96f8af8df,6469a098-75a3-5b3b-839a-ad075a8e67ad,7,728.47,254.96
64d7efe4-d69e-5e6c-9bc8-8daa934d8c5d,aa4818dc-6392-5870-a2b2-99c4ae983961,cdea42fb-ee49-5a22-a213-56a8f9fcb148,12,1597.00,958.20
ce09292c-e0f6-5650-bc01-ac424c294516,aa4818dc-6392-5870-a2b2-99c4ae983961,1ac8de35-b264-5704-978e-ce8dc08dd02d,12,452.98,0.00
eb31e525-bbb2-51bf-9689-6c7f0d74e97a,aa4818dc-6392-5870-a2b2-99c4ae983961,559ab41c-d860-5ab1-aaa1-483577af7b67,11,305.73,0.00
bee59490-e734-5abf-9293-0986da51f913,aa4818dc-6392-5870-a2b2-99c4ae983961,d4214473-2bf7-5b77-bb1f-734e590c4014,4,1245.02,747.01
41cc8ed5-8767-5d0e-b9e2-9b34638e1458,8ee6e6a2-f017-5744-a685-8d6323eb1ffa,39cb20a1-5dca-5b11-90c4-3e96e441ed0c,5,447.96,0.00
4f4ee71d-8898-5a6f-b712-52bede05a7e6,8ee6e6a2-f017-5744-a685-8d6323eb1ffa,34baeb4c-81dc-5b29-bc76-0b8fd47cdbed,4,262.62,52.52
5233d405-2728-592b-a6fb-3f64613af89d,845276a8-486b-5e81-9d3a-1f13b844685b,45669348-c1a3-5956-bbf2-d29bd438fbdc,3,536.14,0.00
f4b53137-0599-5ae6-adab-717974841fb3,845276a8-486b-5e81-9d3a-1f13b844685b,201fb8e4-2c24-5483-b44d-4063694486b2,6,1026.69,0.00
a47c949b-22ee-55c3-a358-a85531cab8f0,845276a8-486b-5e81-9d3a-1f13b844685b,851c23cd-3716-5170-b9ac-0c25ddc7c95c,7,497.01,521.86
0d149ece-0771-5248-a37c-117ed16051f6,845276a8-486b-5e81-9d3a-1f13b844685b,9e165d6f-802f-5694-a25a-20885ba2aa7f,7,433.03,303.12
012b9b5d-12a5-5d4c-ab05-bf81b141210a,696fc039-33ea-517c-aa3a-104ac0de79c2,31a97c6b-10cf-54c1-b463-f81683a437cc,4,1252.58,0.00
3c310bf9-1eff-507b-bc8d-ae4e41978a36,696fc039-33ea-517c-aa3a-104ac0de79c2,f65edfe2-43ae-59f6-b37a-f98344e1a998,2,1061.75,318.52
f23a1a16-6f70-51f3-8be3-b3251470b8ec,696fc039-33ea-517c-aa3a-104ac0de79c2,13e04507-297b-56af-85d7-75b609d982a1,8,652.61,522.09
6f7da872-b3a8-58a7-8442-03c3539a7636,0b7f7f9e-606e-5796-b791-ed3d2da7ee86,5d79cff2-0e77-58a2-b1bf-c506ed3c98bd,12,822.40,0.00
26abe641-9362-51a7-849a-d66812918a38,37ae2ca4-1385-50a5-b9a0-92b380ba3eb9,9e165d6f-802f-5694-a25a-20885ba2aa7f,8,433.03,519.64
0ef004fc-23ca-561d-b544-6f5004872ab7,37ae2ca4-1385-50a5-b9a0-92b380ba3eb9,1cc795b2-21b3-5c5e-84f0-8f1fa20a6dd4,7,668.78,0.00
afe962be-f2af-534a-8293-5c70edd398f3,27ba6701-f95e-5e27-b701-ff4ec0f36853,6469a098-75a3-5b3b-839a-ad075a8e67ad,6,728.47,0.00
a7bd2a82-c4ad-53fe-a55a-e14935791cb7,27ba6701-f95e-5e27-b701-ff4ec0f36853,d3739878-986b-5b5f-a096-4452493d6cbb,12,869.60,1565.28
f33041cf-9aa9-539e-96d1-91183cfb06a6,24c8d53b-18f8-5dca-8bbe-1f411357f567,8d6058a9-d9fb-546e-b841-e6b4a0978311,3,1083.86,487.74
66cf7764-7ba8-59e8-aab7-e344b773987a,24c8d53b-18f8-5dca-8bbe-1f411357f567,a042ed60-9218-5159-876b-6c4dd0e5f934,5,381.33,286.00
3c27fc68-5bae-57f1-8471-01275afde0dd,747c8a8a-0416-530d-88ae-1dedbbb63d26,8b12c834-e054-5502-85aa-99d1eb81eee0,9,1393.76,1254.38
1019f9a3-5c82-5c9f-a5f6-0f7338995819,dc371a78-4919-5080-b35e-0f180a69af79,f78fc905-81d2-5f52-8c77-1cff3a4b42b7,2,290.47,29.05
77f95139-433f-579a-8626-070a269868c2,dc371a78-4919-5080-b35e-0f180a69af79,1c3b9a21-09fa-5c21-bdad-35f2eb8a273f,12,1126.26,2027.27
695539bf-65e6-5204-9370-ad258567ee56,dc371a78-4919-5080-b35e-0f180a69af79,1fa2b768-1b9d-5b9c-befa-fac1ccb97563,6,771.34,231.40
af3ab989-e035-59c7-8af0-0c00dcf07fcd,dc371a78-4919-5080-b35e-0f180a69af79,75679cf6-5497-5e69-b773-db773bc6a245,8,1441.14,1729.37
5ef192be-d1a1-505a-b23b-c12a41eea030,8b1ebd8f-b30f-5bd2-81fe-c9ea9e331d30,829935ce-9ec7-5afb-a542-873877c9ce31,4,378.45,151.38
4bf8d01e-61d7-58dc-ba86-03a03c9fb6b1,8b1ebd8f-b30f-5bd2-81fe-c9ea9e331d30,4dbc0e6b-ab10-5b67-a928-f87e1ed2bb9a,12,233.65,420.57
5768d9f1-9287-5a67-a966-9da302ca2cb1,8b1ebd8f-b30f-5bd2-81fe-c9ea9e331d30,34baeb4c-81dc-5b29-bc76-0b8fd47cdbed,9,262.62,0.00
685f79a3-416c-5955-b8a1-a95cf49aed98,8b1ebd8f-b30f-5bd2-81fe-c9ea9e331d30,39cb20a1-5dca-5b11-90c4-3e96e441ed0c,2,447.96,89.59
0c3a7d79-8f7c-54d5-a6bc-a4dcf7d97a21,3965cfb2-b2ab-5e89-b7c5-324997cdbd31,91bd15e4-105e-5926-abe6-7ceaf8c07375,1,393.96,39.40
92bdf360-01ff-56b3-bc39-74e589337c25,e4183927-fe14-5b09-b361-bd0e8f920bf3,31a97c6b-10cf-54c1-b463-f81683a437cc,5,1252.58,939.44
224d0d23-85ee-5d4d-b392-46c1c6ba2dc5,e4183927-fe14-5b09-b361-bd0e8f920bf3,8dfa6632-930f-5fdc-b7cd-8d5908a33d66,11,271.74,0.00
c110e5dc-74cb-5990-bf62-e0933fd51a5d,e4183927-fe14-5b09-b361-bd0e8f920bf3,88f79184-2cf9-5f72-8e4a-cedfa68d9d06,3,475.83,71.37
e87bb1a9-67f0-5669-ab89-b7b8c7fc075c,e4183927-fe14-5b09-b361-bd0e8f920bf3,829935ce-9ec7-5afb-a542-873877c9ce31,5,378.45,0.00
c745f006-de1e-567a-8e54-dd30c4db86b7,e4183927-fe14-5b09-b361-bd0e8f920bf3,de536700-41fe-55c3-beb9-bfb9849c872b,9,1685.26,1516.73
eb94905e-22e5-5f2c-bc7c-45a2efd0e4c3,7d5faa1a-f928-57bb-b47a-d03dea651df3,fd5d29e1-571f-589d-be31-aa00127c02aa,9,943.56,0.00
21060c5f-bdfd-563e-834b-cc7ae9e99e6c,7d5faa1a-f928-57bb-b47a-d03dea651df3,7169fcc7-7527-510c-b88d-bdcd257ce105,5,1025.31,512.66
83910cbc-5457-5d7d-88e8-807b920a57c5,788cef24-8bda-57dc-98d1-043bfecd1a6a,896e7662-34d0-5631-bb0f-b5ce6b0ad1ba,7,1691.47,0.00
536cf0a6-41ee-5963-a8b6-9b320b1b2c69,788cef24-8bda-57dc-98d1-043bfecd1a6a,80450a39-8a90-55da-adf7-0b6a1b84aeeb,5,1385.41,0.00
3f4bf830-9beb-572b-822f-becd2aa5186f,788cef24-8bda-57dc-98d1-043bfecd1a6a,591abda9-fd16-5958-b0e9-586f0dfa6e54,7,875.54,612.88
bdaed31a-0466-5a4a-baef-818b531765b1,4ab94dc6-02c2-5b34-b30f-15e3d6ddb7e8,1cc795b2-21b3-5c5e-84f0-8f1fa20a6dd4,5,668.78,0.00
e6872538-a25c-52be-8fad-76081f86747f,4ab94dc6-02c2-5b34-b30f-15e3d6ddb7e8,599db343-a607-5259-8af1-adde7b1a86ce,3,1047.10,471.20
e4dd7893-d8e8-528f-be42-36b4ae2d443b,80621ead-44f0-5107-b488-4c33eb7d337d,f78fc905-81d2-5f52-8c77-1cff3a4b42b7,7,290.47,0.00
42fdacaf-e68c-57b2-a383-a40867020628,80621ead-44f0-5107-b488-4c33eb7d337d,cdea42fb-ee49-5a22-a213-56a8f9fcb148,2,1597.00,159.70
37591af4-71d7-58ba-86de-f5e0265d1a06,b516e33d-4564-5238-bcdc-ad9d865ad8bc,b6edaedb-a02c-5fbc-b05c-2b5d8deb20c4,9,1512.83,1361.55
23ff7238-3be9-5f09-a090-aa1a814fc20a,b516e33d-4564-5238-bcdc-ad9d865ad8bc,e691a6a3-7dd7-5d95-b97e-997e3af77227,1,551.10,27.56
32727123-c2c6-57b8-bdf5-45ddd2ea08c9,b516e33d-4564-5238-bcdc-ad9d865ad8bc,3d307d78-b10f-5539-a951-7bcc9fd17161,7,1342.24,939.57
d2662b04-d516-5594-9686-1bed83bd97ee,b516e33d-4564-5238-bcdc-ad9d865ad8bc,c0bff87f-f764-5151-8aec-dda48ea91847,8,437.68,0.00
e577a7f8-1ef2-5a05-8eda-4a8dce569002,f38b09c9-fc86-588c-a8b8-9000ea59d448,1cc795b2-21b3-5c5e-84f0-8f1fa20a6dd4,4,668.78,401.27
dfb8c3d1-4746-54e5-913c-1f7c486cbef8,f38b09c9-fc86-588c-a8b8-9000ea59d448,591abda9-fd16-5958-b0e9-586f0dfa6e54,2,875.54,87.55
93a5ad46-6ee3-5681-a873-84a777d10aa2,f38b09c9-fc86-588c-a8b8-9000ea59d448,1dd10a82-5cdc-539f-af3f-d3f255171973,12,107.50,64.50
8c570ed9-54da-5de0-b742-f06bc77c0586,f38b09c9-fc86-588c-a8b8-9000ea59d448,0137b3c3-db39-5e56-abf7-8ae43bc349ad,11,1129.31,1242.24
d33abbf7-b357-5a7e-9b10-1bd263dabced,b212c5da-f9aa-5bc8-82db-2d9ec70a0426,fb4140fc-b3c1-5a6a-8613-9b068fdd2b39,11,931.77,0.00
5a96af9c-a95b-57f0-b051-1565032e5c0a,b212c5da-f9aa-5bc8-82db-2d9ec70a0426,b4065918-1c4b-50b6-b69a-d859f24bfe23,7,1132.17,0.00
b73128f1-b4b5-52b6-82fa-b481b120e6f8,b212c5da-f9aa-5bc8-82db-2d9ec70a0426,39cb20a1-5dca-5b11-90c4-3e96e441ed0c,3,447.96,134.39
2c3bcab4-f468-5592-8773-570d0332acc3,b212c5da-f9aa-5bc8-82db-2d9ec70a0426,f78fc905-81d2-5f52-8c77-1cff3a4b42b7,10,290.47,145.24
d1dbe739-1003-559d-a276-a65e03685911,bce957a8-66c6-595f-be3b-a7a8617da6c4,599db343-a607-5259-8af1-adde7b1a86ce,9,1047.10,942.39
f3e41d07-6098-590f-bb3c-1ffc9cbbbf31,bce957a8-66c6-595f-be3b-a7a8617da6c4,241d3cd0-ef2c-56b8-bb75-b039a61b370a,12,378.32,0.00
d4a89ea5-7f92-565b-bdfa-ea708b8a7253,bce957a8-66c6-595f-be3b-a7a8617da6c4,e69a7c0b-6875-5a37-a379-abbc430fb47b,6,1211.55,726.93
975a13dc-f618-58e1-8e43-06981b6da4c8,bce957a8-66c6-595f-be3b-a7a8617da6c4,1ac8de35-b264-5704-978e-ce8dc08dd02d,9,452.98,203.84
5f47c11d-a6fc-5714-9e78-f2d98d58ffbb,5eb90cd0-b120-53b1-9c89-98ea404653c5,31a97c6b-10cf-54c1-b463-f81683a437cc,3,1252.58,0.00
8c62f48e-e589-52bf-9bec-c32ba0beb7af,5eb90cd0-b120-53b1-9c89-98ea404653c5,eff08d1d-eb3b-559a-8ca9-60c7b365af52,9,1515.93,1364.34
68cdaf37-4069-5087-811e-f0825542be4f,5eb90cd0-b120-53b1-9c89-98ea404653c5,e69a7c0b-6875-5a37-a379-abbc430fb47b,5,1211.55,0.00
f9093b1a-d1f4-5c47-a3bc-271e72985509,3397a0c8-bb60-52c5-b3f1-b36dea35f23e,673811d5-2f11-5108-8b80-c9dd0dc2adda,3,503.75,75.56
42870c50-745d-5c2f-9490-46b3f4e42e87,bd9b6c34-c9a9-56bf-910f-b7f855def273,829935ce-9ec7-5afb-a542-873877c9ce31,11,378.45,208.15
66aadbd7-e976-5437-8206-6202cff8aad1,bd9b6c34-c9a9-56bf-910f-b7f855def273,3d307d78-b10f-5539-a951-7bcc9fd17161,8,1342.24,536.90
413fc5bc-93ee-5730-8888-46996317b9c8,bd9b6c34-c9a9-56bf-910f-b7f855def273,de536700-41fe-55c3-beb9-bfb9849c872b,12,1685.26,1011.16
a039c01c-42cf-55cc-a338-a51c8ab46931,bd9b6c34-c9a9-56bf-910f-b7f855def273,fb4140fc-b3c1-5a6a-8613-9b068fdd2b39,12,931.77,559.06
901e1947-ca9f-5ae3-a0a3-8214095f8515,bd9b6c34-c9a9-56bf-910f-b7f855def273,851c23cd-3716-5170-b9ac-0c25ddc7c95c,12,497.01,298.21
0d34a52c-54a2-5a04-bc75-7f7b9f5d94d6,2360d3dd-9478-5559-a3d6-42157c8fe78c,9b6b9203-f582-59b6-b64c-309881607c86,9,876.23,0.00
70487ef9-2f7c-5027-9794-c579015dfd90,2360d3dd-9478-5559-a3d6-42157c8fe78c,1760c2e4-563f-5bac-abcd-baf5317434c8,5,1665.26,0.00
323c4f34-9ea1-5284-a47c-46631d2a0681,2360d3dd-9478-5559-a3d6-42157c8fe78c,39cb20a1-5dca-5b11-90c4-3e96e441ed0c,11,447.96,0.00
801236b2-6c9b-5065-8ba3-86f1ba5a0006,5aaee0b0-e060-5334-abf9-a0db687e8179,b4065918-1c4b-50b6-b69a-d859f24bfe23,1,1132.17,56.61
6297fb49-0d04-5898-affd-910add0007ad,5aaee0b0-e060-5334-abf9-a0db687e8179,0f2c8ffe-5a45-5cfc-afbf-417553294a54,6,237.59,71.28
f7423d02-8a7e-5a5c-ad0c-ac1dd92367a5,5aaee0b0-e060-5334-abf9-a0db687e8179,1657c1e2-1668-5957-a5e5-822140c08707,4,1260.09,504.04
854363ae-92f9-546f-91f3-c98330d519be,5aaee0b0-e060-5334-abf9-a0db687e8179,6469a098-75a3-5b3b-839a-ad075a8e67ad,12,728.47,0.00
8cd291cc-8a88-5e18-9524-e62b427be198,5aaee0b0-e060-5334-abf9-a0db687e8179,0137b3c3-db39-5e56-abf7-8ae43bc349ad,7,1129.31,395.26
32709dea-a9d4-5e55-a335-8607dfc458ee,51e0d884-501d-51a0-b783-3e9f975de695,0137b3c3-db39-5e56-abf7-8ae43bc349ad,3,1129.31,0.00
84cbd091-6aae-504e-b978-abf999bcd94b,51e0d884-501d-51a0-b783-3e9f975de695,4dbc0e6b-ab10-5b67-a928-f87e1ed2bb9a,11,233.65,0.00
afc0b7fc-7512-5f23-b801-f4e1ffb45d75,f345b790-d608-5be0-8f6d-e3733a59796b,f9fe7a6c-9a44-59e2-a4cc-fef69cc2e48e,11,684.00,1128.60
c970d54a-0d3b-5941-9172-2c3406525fb4,f345b790-d608-5be0-8f6d-e3733a59796b,1cc795b2-21b3-5c5e-84f0-8f1fa20a6dd4,7,668.78,234.07
54b47d6a-f20b-55ed-b12e-abbaa6a0d89b,766b85eb-6f12-58cb-8376-40e407674c6d,13ea52a1-6b55-57c7-b84e-acf7fb92f106,6,368.84,0.00
72bc4ea0-aa19-532b-9bc0-df9071a1c716,766b85eb-6f12-58cb-8376-40e407674c6d,9e165d6f-802f-5694-a25a-20885ba2aa7f,12,433.03,779.45
1d1e5ce4-a043-5880-94d8-9792e5dd6745,766b85eb-6f12-58cb-8376-40e407674c6d,613ff8f3-9a2b-5f66-8d3e-3e05d5391002,1,474.67,47.47
37ac9130-9d20-576e-92b2-ed92c4dfa6e2,6de574f9-15a4-5117-ba2c-bee07128cea2,af3fc15f-c662-5a5e-9e9c-3b2d4e1b6029,7,1539.94,0.00
bec7d5d0-f1de-53b6-bac0-f81ca20dbd8f,31d2b158-4bb3-594d-a7c5-32cf57300f83,3205bb8a-e766-5617-a3d4-78aaa9883bc8,10,1355.84,1355.84
179756f4-7ea3-5621-aad5-166a9d41b3f6,6443519a-4f9a-5413-ba6d-5b8f624f4cc7,3205bb8a-e766-5617-a3d4-78aaa9883bc8,12,1355.84,813.50
8597e9ef-c11c-5b4c-9107-0485eb99dbf3,6443519a-4f9a-5413-ba6d-5b8f624f4cc7,80450a39-8a90-55da-adf7-0b6a1b84aeeb,11,1385.41,0.00
b93a0dc7-5cc8-5ed3-982b-c3f70ffb564d,b2ada51c-ddf2-5dbd-b824-8011425e2e02,e3b2c918-6a66-5db3-87f9-e5c71515f2ab,8,1297.73,0.00
62eed5c4-adfb-5f7f-b41c-b8c6fc1f7aa5,b2ada51c-ddf2-5dbd-b824-8011425e2e02,896e7662-34d0-5631-bb0f-b5ce6b0ad1ba,2,1691.47,169.15
5cbcb2a5-6b65-5ce6-a19e-a37e7e6bf289,b2ada51c-ddf2-5dbd-b824-8011425e2e02,cd410e43-ec3c-524b-84c6-84482a7b1204,2,549.24,54.92
4dc9c986-c544-55ad-9a93-bcca367a42e3,b2ada51c-ddf2-5dbd-b824-8011425e2e02,9a2e8c5f-4d3e-5cb8-ba78-f2bd562ee61b,4,688.27,0.00
6c1cd7ee-5b3a-5ace-bc90-3640531aed69,029e8e00-9a0c-500d-ba12-87be60e4276b,2e263bcd-bacc-5f51-b35b-70d1674f4dc5,1,370.19,37.02
bcbe0ea1-8f09-5901-b8f7-37c6e6507150,029e8e00-9a0c-500d-ba12-87be60e4276b,1fa2b768-1b9d-5b9c-befa-fac1ccb97563,1,771.34,77.13
96b20cdd-6428-5735-b12d-e962f88f3717,029e8e00-9a0c-500d-ba12-87be60e4276b,5d462a8e-32e0-59ad-ae5c-9d66eda72663,4,326.98,0.00
56167566-f9f0-52a8-a29d-4b5c3f9471e5,029e8e00-9a0c-500d-ba12-87be60e4276b,13e04507-297b-56af-85d7-75b609d982a1,5,652.61,0.00
a0612625-fc82-5ede-ae02-65139f25a9ed,029e8e00-9a0c-500d-ba12-87be60e4276b,591abda9-fd16-5958-b0e9-586f0dfa6e54,12,875.54,0.00
2c1eb8c6-c4e1-50e6-abc4-f8e4f7696d4e,78b612eb-9d0c-5908-b3cb-f65ee705de33,952e981c-e5c2-53da-984a-78dc5e3b1ad4,5,130.99,0.00
0b962360-1438-5d52-8e01-253ed4376068,78b612eb-9d0c-5908-b3cb-f65ee705de33,31a97c6b-10cf-54c1-b463-f81683a437cc,11,1252.58,688.92
d76ba1ea-4bc3-5c1b-acb1-172f9cf98584,78b612eb-9d0c-5908-b3cb-f65ee705de33,f350d57a-8885-50f1-b76a-29f7a8057a35,3,1251.43,563.14
1234e02c-e4d4-5a71-b150-ba1923cb708e,fdbf231a-a309-517d-87d1-da1ec08cb03e,af3fc15f-c662-5a5e-9e9c-3b2d4e1b6029,7,1539.94,538.98
8dbc6f35-5dd4-5f3b-8cfc-7bfdf864eaa5,fdbf231a-a309-517d-87d1-da1ec08cb03e,de536700-41fe-55c3-beb9-bfb9849c872b,5,1685.26,842.63
bc7e70c3-8cd5-5ec5-9330-89712728cc99,fdbf231a-a309-517d-87d1-da1ec08cb03e,aa67b9d9-b4e2-53f3-9447-ca933b53344f,8,1163.44,0.00
9f6616a9-fc72-5bca-b32b-ace591a42251,fdbf231a-a309-517d-87d1-da1ec08cb03e,f218ba8f-81cf-5efd-ad55-5f4ef76110c2,6,1484.37,1335.93
3fb55995-ddca-59fc-a969-549b21f1e192,61dbe1f6-889d-5042-a117-aefa1c8973f9,75679cf6-5497-5e69-b773-db773bc6a245,4,1441.14,864.68
b1e70574-be25-5e75-aa25-a0159c87048f,61dbe1f6-889d-5042-a117-aefa1c8973f9,1fa2b768-1b9d-5b9c-befa-fac1ccb97563,7,771.34,269.97
f8b873e1-25fe-5268-ab0d-90c9f28f6acb,61dbe1f6-889d-5042-a117-aefa1c8973f9,12003734-bab7-5410-8c89-f9a8c4967dea,10,1269.66,0.00
c4a9fde8-1284-5921-8dbf-909d4710e72b,fedf7997-790e-501a-bf90-d72dae5e1881,241d3cd0-ef2c-56b8-bb75-b039a61b370a,7,378.32,0.00
f4ae5245-7e03-548f-80bb-f7bc68de996f,fedf7997-790e-501a-bf90-d72dae5e1881,0f2c8ffe-5a45-5cfc-afbf-417553294a54,12,237.59,142.55
2798e471-8a50-5e3b-bc29-733685a6308d,fedf7997-790e-501a-bf90-d72dae5e1881,db43f9b2-c956-5785-8950-8287c47db3ae,6,894.98,805.48
07d40f4e-060c-5633-aa7c-fe17297d430d,fedf7997-790e-501a-bf90-d72dae5e1881,e3b2c918-6a66-5db3-87f9-e5c71515f2ab,9,1297.73,1167.96
dbcc7f3b-0695-5415-bcdb-6b7630061371,82730d1f-76e2-5806-9519-265e96cb2487,8d6058a9-d9fb-546e-b841-e6b4a0978311,6,1083.86,0.00
31553247-2f01-5dca-af4d-e8ae5de7f158,82730d1f-76e2-5806-9519-265e96cb2487,8d892cdc-d358-5f2b-a85b-cbecc7e0a664,8,1003.20,0.00
1b08a6a5-b5b9-5446-a00c-f30acb183b3f,fe1a65da-720a-5797-8497-714e24915fef,b5386670-1687-5260-ad33-97e5d697c425,1,902.07,0.00
816ad737-fa47-55f0-a0ce-482385a41529,468e022b-aded-57d1-b3eb-6ae1fc736112,3d307d78-b10f-5539-a951-7bcc9fd17161,12,1342.24,0.00
3b34315b-3290-550f-b917-5fb8960f3870,468e022b-aded-57d1-b3eb-6ae1fc736112,f218ba8f-81cf-5efd-ad55-5f4ef76110c2,8,1484.37,0.00
e0e33e10-7ed9-5eb7-b8c9-c84223e309e8,468e022b-aded-57d1-b3eb-6ae1fc736112,75679cf6-5497-5e69-b773-db773bc6a245,3,1441.14,216.17
830a5f93-f180-5a05-8104-f3c1034054f2,468e022b-aded-57d1-b3eb-6ae1fc736112,6469a098-75a3-5b3b-839a-ad075a8e67ad,6,728.47,0.00
789bcc9a-f55b-54e9-a1cd-29f6a8f11b14,5d98c807-e3f3-511c-a56a-31f43e9bcfbb,fd5d29e1-571f-589d-be31-aa00127c02aa,6,943.56,0.00
57985763-4910-5b0f-af2c-a8111d9a2563,5d98c807-e3f3-511c-a56a-31f43e9bcfbb,d3739878-986b-5b5f-a096-4452493d6cbb,1,869.60,43.48
a8159065-8758-5480-90b7-bd6a0989408b,cdb28c84-684c-5d9c-82bc-1aee8ac0f257,829935ce-9ec7-5afb-a542-873877c9ce31,4,378.45,151.38
c744e796-3aa5-56fe-bfaf-3e228d70ccdd,cdb28c84-684c-5d9c-82bc-1aee8ac0f257,d520aef1-b021-5cf0-a1d3-9e7e6d31aab7,3,568.52,0.00
ebf95457-7d9b-5d60-9d23-30123e935df1,cdb28c84-684c-5d9c-82bc-1aee8ac0f257,e53c7da2-eb34-5499-8fd8-380dd673ea82,10,1587.45,2381.18
c0f780fa-3180-516f-8dfc-e25d1588beef,cdb28c84-684c-5d9c-82bc-1aee8ac0f257,9a2e8c5f-4d3e-5cb8-ba78-f2bd562ee61b,1,688.27,34.41
a65f2d40-b650-5fbd-9fdd-4bf6fc49f370,cdb28c84-684c-5d9c-82bc-1aee8ac0f257,1cc795b2-21b3-5c5e-84f0-8f1fa20a6dd4,12,668.78,0.00
0fc66359-52f5-5151-b9c6-9b9506d49fe6,dfb31282-f140-552f-be59-d2009f725bdc,d96da70b-0cb5-58c8-928a-aafb2d90b154,1,1827.60,182.76
19e74184-597a-5e96-b632-2b6fefe51c6c,dfb31282-f140-552f-be59-d2009f725bdc,01351cb5-bcf4-52ee-88a1-c6442df67004,11,1268.11,2092.38
71972530-97b8-5daa-ac22-bf3e1c9e47e8,dfb31282-f140-552f-be59-d2009f725bdc,4dbc0e6b-ab10-5b67-a928-f87e1ed2bb9a,3,233.65,0.00
fd777ef1-2241-5756-80a3-df03ea6f0ad8,4ae5c874-9bb8-51c4-9f92-efe99427bbcc,c3e9c7fb-d6ab-5171-a827-7aad6b6d2342,9,1198.11,0.00
af5a05dd-ca4f-5916-b42e-fb09c4685397,4ae5c874-9bb8-51c4-9f92-efe99427bbcc,31a97c6b-10cf-54c1-b463-f81683a437cc,6,1252.58,0.00
223ba4ad-f434-5d8d-9a38-ac2f4e526df9,4ae5c874-9bb8-51c4-9f92-efe99427bbcc,1dd10a82-5cdc-539f-af3f-d3f255171973,10,107.50,53.75
9faedcf3-7fca-5f81-b809-65cc2c495063,8d3aa8ef-9cdc-5243-84d3-a993c95ca168,cd410e43-ec3c-524b-84c6-84482a7b1204,1,549.24,27.46
3cf8d1e7-12fb-541a-b658-eabd65f89f93,8d3aa8ef-9cdc-5243-84d3-a993c95ca168,fb4140fc-b3c1-5a6a-8613-9b068fdd2b39,5,931.77,465.88
18033828-d2a6-5fa0-bb19-2837d38aac5f,8d3aa8ef-9cdc-5243-84d3-a993c95ca168,f350d57a-8885-50f1-b76a-29f7a8057a35,5,1251.43,312.86
d6317544-ba83-579e-9cd8-91664eedcb44,8d3aa8ef-9cdc-5243-84d3-a993c95ca168,dee51c26-0113-56c0-a9c6-edbcfc488df1,6,83.53,0.00
f51db20c-a5ca-5116-a0e0-d6503579de3f,10bf1d22-7c3a-51bd-8ef0-6ec87cb12cdf,1dd457fd-1d71-5eb5-b684-6f07d43e876c,10,897.97,0.00
96e503e3-e3b5-595f-ba1a-e61959e082a3,10bf1d22-7c3a-51bd-8ef0-6ec87cb12cdf,599db343-a607-5259-8af1-adde7b1a86ce,8,1047.10,837.68
883a9252-fa3a-58ea-b364-a688c2b79923,10bf1d22-7c3a-51bd-8ef0-6ec87cb12cdf,2f2113cc-589a-55b5-846a-78fddce3a3c9,8,688.27,275.31
cb77b772-7366-55e8-8650-650bf9da5e22,b6fbe1e4-0da5-5fd4-b8bc-d0f644f647e1,613ff8f3-9a2b-5f66-8d3e-3e05d5391002,5,474.67,118.67
966979c2-74cc-5060-9a89-d14c71729e14,cf8f0641-b39b-538e-a279-3edbe011a256,01351cb5-bcf4-52ee-88a1-c6442df67004,9,1268.11,1141.30
3e9b0604-c32d-52a3-997c-17bc6ba0f9a9,16318c1f-15ee-5fbc-9fad-3ac60d6c3f40,13ea52a1-6b55-57c7-b84e-acf7fb92f106,8,368.84,147.54
4ea6130b-2a6e-5623-a9c6-ac1157b091f8,83dec484-0a23-540e-88e4-0433b276c679,673811d5-2f11-5108-8b80-c9dd0dc2adda,2,503.75,151.12
71c1c795-e281-522a-ab21-15b220ace907,cfdc9981-9ef2-5b88-811f-b460eda9c99f,de536700-41fe-55c3-beb9-bfb9849c872b,6,1685.26,505.58
639c9300-12a8-5ff5-9f00-b72039bdecb6,cfdc9981-9ef2-5b88-811f-b460eda9c99f,b6edaedb-a02c-5fbc-b05c-2b5d8deb20c4,5,1512.83,0.00
c9665320-a16d-5592-b6af-a37ab5e2c8ad,cfdc9981-9ef2-5b88-811f-b460eda9c99f,f65edfe2-43ae-59f6-b37a-f98344e1a998,6,1061.75,0.00
31a56c4e-221b-56dc-979b-bd14c2452075,cfdc9981-9ef2-5b88-811f-b460eda9c99f,1657c1e2-1668-5957-a5e5-822140c08707,8,1260.09,1512.11
74d1bbb5-fc95-57be-be7d-74be31ca0077,86017090-d563-5bfe-8ce5-f22e7a1bb9aa,673811d5-2f11-5108-8b80-c9dd0dc2adda,4,503.75,100.75
bfe2df4f-c555-5a10-87ef-a90e2cfba0a8,b8124e8a-f773-537c-bcb6-1948b10f1882,86eda21c-1dbc-500a-9201-b7d6b0786cc8,5,1060.50,265.12
1b5cf24c-f2a8-5a8f-a602-72200ecba377,e4d5e703-ae68-5e54-8e38-786c3fe44a22,31a97c6b-10cf-54c1-b463-f81683a437cc,12,1252.58,0.00
63bd2fae-8e9b-5474-a9a8-7b96a6e864e0,e4d5e703-ae68-5e54-8e38-786c3fe44a22,c0bff87f-f764-5151-8aec-dda48ea91847,9,437.68,0.00
0a08ada1-76d1-545d-9142-096a8aedd63e,e4d5e703-ae68-5e54-8e38-786c3fe44a22,db630ac7-839d-5331-93df-dc621d8357b6,11,582.16,0.00
c7b2dfd4-084b-5453-a677-a29b8d97ee81,e4d5e703-ae68-5e54-8e38-786c3fe44a22,0137b3c3-db39-5e56-abf7-8ae43bc349ad,3,1129.31,338.79
506291a9-6b65-5195-9cbb-69f6d490f2ef,7cda5616-9bee-54c2-a63d-8f42b665bfeb,e691a6a3-7dd7-5d95-b97e-997e3af77227,12,551.10,661.32
9b8b59a3-962e-5681-b1f2-6ca36d73dbc4,7cda5616-9bee-54c2-a63d-8f42b665bfeb,8ac2c18a-5896-572a-9f44-f5d60109258d,9,270.85,365.65
6a93a27a-de8e-5031-9be2-90e0f94934a9,7cda5616-9bee-54c2-a63d-8f42b665bfeb,f350d57a-8885-50f1-b76a-29f7a8057a35,1,1251.43,125.14
6531d30f-cef1-59ea-bbdd-4e205c4da27e,7cda5616-9bee-54c2-a63d-8f42b665bfeb,1dd10a82-5cdc-539f-af3f-d3f255171973,12,107.50,0.00
6f9de862-4f3e-512f-8310-e443f0448c52,7cda5616-9bee-54c2-a63d-8f42b665bfeb,8b12c834-e054-5502-85aa-99d1eb81eee0,9,1393.76,627.19
76c1c358-20cc-515f-abd2-ab4537c6c145,39a6fb60-205b-5296-a50e-30046d190b09,591abda9-fd16-5958-b0e9-586f0dfa6e54,4,875.54,525.32
5bcd69bb-f90f-5824-9e96-471326c7b8b7,11e36c6d-c26b-5e5b-b92c-15e7e55c5048,b6464168-fc86-5543-9805-0861ea9c66cc,2,1065.14,0.00
a1cf3d1f-7994-5a77-862d-24f778e8050d,11e36c6d-c26b-5e5b-b92c-15e7e55c5048,a042ed60-9218-5159-876b-6c4dd0e5f934,3,381.33,0.00
e8c18ccd-e99f-56c6-aadd-a933d7c43cb2,11e36c6d-c26b-5e5b-b92c-15e7e55c5048,de536700-41fe-55c3-beb9-bfb9849c872b,10,1685.26,0.00
2b7b2ba5-442b-5b0c-bedb-de32df68069f,11e36c6d-c26b-5e5b-b92c-15e7e55c5048,c0bff87f-f764-5151-8aec-dda48ea91847,7,437.68,0.00
1bce4761-5681-538c-9bba-f6e496eb9bdb,11e36c6d-c26b-5e5b-b92c-15e7e55c5048,aa67b9d9-b4e2-53f3-9447-ca933b53344f,12,1163.44,0.00
11337f1d-8eac-547f-a82a-0a73da344d54,cdd85dd7-bff6-5094-af7b-388b79b59878,f65edfe2-43ae-59f6-b37a-f98344e1a998,4,1061.75,0.00
61604f6d-0b86-5bbe-860e-416809f26158,cdd85dd7-bff6-5094-af7b-388b79b59878,e3b2c918-6a66-5db3-87f9-e5c71515f2ab,6,1297.73,0.00
d49dcd61-423f-5cd0-a4f4-2beb4501feeb,cdd85dd7-bff6-5094-af7b-388b79b59878,d520aef1-b021-5cf0-a1d3-9e7e6d31aab7,6,568.52,0.00
a84c81d5-1a76-5876-a45d-233501479ed0,cdd85dd7-bff6-5094-af7b-388b79b59878,d37c44df-541b-5bf4-b395-65b41bac88a8,8,1334.93,1601.92
79c72fd7-aa4d-5d05-8f16-f3360a5a14e0,7ddd4b34-e7b4-56e9-86cc-162494c11f0d,c2be7cd9-f7ee-544a-9ceb-7052826da8ce,6,183.13,0.00
78abf959-fcf6-57d6-b75f-3a83db4b9dad,7ddd4b34-e7b4-56e9-86cc-162494c11f0d,dee51c26-0113-56c0-a9c6-edbcfc488df1,7,83.53,0.00
46b22e07-09b4-563f-b2bb-d37ae6365cfc,52d62e59-ec79-574b-bd88-318bdac2c2ae,1c3b9a21-09fa-5c21-bdad-35f2eb8a273f,5,1126.26,563.13
9c64ccbb-9edc-53a4-9233-1a7cd51ebe5b,52d62e59-ec79-574b-bd88-318bdac2c2ae,d68351a2-cf36-5984-a091-28a9f5b6bb7e,11,1017.79,0.00
2d4c3dd5-f5a6-5fba-a260-cedc4c03c364,52d62e59-ec79-574b-bd88-318bdac2c2ae,228ccd2f-642c-5fdf-abf0-129af98a3568,10,148.91,0.00
000fbbc1-4069-5d44-bcd3-83eb0532453e,9c8e11c2-6ab4-5ebc-9903-b2a8807165c4,851c23cd-3716-5170-b9ac-0c25ddc7c95c,2,497.01,0.00
78e550fe-315b-559f-aea8-4a156d468808,9c8e11c2-6ab4-5ebc-9903-b2a8807165c4,b4065918-1c4b-50b6-b69a-d859f24bfe23,11,1132.17,1245.39
691f0161-4ba6-5299-a9f0-b3cd11a14e50,324eaa06-bdb9-5a76-9ec5-060d601e64c9,9b6b9203-f582-59b6-b64c-309881607c86,7,876.23,0.00
b0cb023b-d7c5-5de0-84e5-d4a519c3ae21,324eaa06-bdb9-5a76-9ec5-060d601e64c9,1657c1e2-1668-5957-a5e5-822140c08707,6,1260.09,0.00
8458ca58-86bb-5f54-9a70-1f1aacc43ae8,430107d6-5806-5496-99d4-aef8cad95c46,c2be7cd9-f7ee-544a-9ceb-7052826da8ce,5,183.13,0.00
2cb99149-b87f-5a6e-97da-1ca6b5faf9e1,430107d6-5806-5496-99d4-aef8cad95c46,6469a098-75a3-5b3b-839a-ad075a8e67ad,1,728.47,109.27
3fca103b-b252-5b40-9e37-5026761e8c14,430107d6-5806-5496-99d4-aef8cad95c46,e139b0f5-6ca3-5ccb-8610-5a52b4b0eb6c,11,1053.19,1737.76
697f316a-8a84-5f94-ac94-64919b2b58c4,430107d6-5806-5496-99d4-aef8cad95c46,9a2e8c5f-4d3e-5cb8-ba78-f2bd562ee61b,9,688.27,309.72
e745b410-0a00-5f08-b206-8cb7f8e1dfc4,430107d6-5806-5496-99d4-aef8cad95c46,8b12c834-e054-5502-85aa-99d1eb81eee0,6,1393.76,0.00
06954176-a7fd-5d28-8d1c-deba099ce3f9,c0b40365-6eb4-59a8-bb89-76966ebfdcd3,d3739878-986b-5b5f-a096-4452493d6cbb,3,869.60,0.00
90c89855-08e3-5594-8484-a5dc66d39b2c,c0b40365-6eb4-59a8-bb89-76966ebfdcd3,599db343-a607-5259-8af1-adde7b1a86ce,7,1047.10,732.97
1c74c94d-b434-567e-8140-de97b765b6f4,915bfccc-f932-582c-9457-191b8b506b94,e139b0f5-6ca3-5ccb-8610-5a52b4b0eb6c,6,1053.19,315.96
8465e872-2c74-53cc-8465-8d16626acffc,915bfccc-f932-582c-9457-191b8b506b94,1dd10a82-5cdc-539f-af3f-d3f255171973,10,107.50,0.00
d461765b-ed56-51bb-9223-27ddec878077,6aecef85-4e02-5ae4-b8f6-84c7299bd0ac,f9fe7a6c-9a44-59e2-a4cc-fef69cc2e48e,9,684.00,615.60
f22c1834-e5d0-574b-811f-c1abf085884e,6aecef85-4e02-5ae4-b8f6-84c7299bd0ac,896e7662-34d0-5631-bb0f-b5ce6b0ad1ba,3,1691.47,0.00
bbf00103-2627-514f-a6ea-f524f78a32ab,70182ee2-8156-58c8-8b85-c65fe0d13199,f350d57a-8885-50f1-b76a-29f7a8057a35,2,1251.43,375.43
22c90397-d87b-5f77-9c31-2521a904d68f,70182ee2-8156-58c8-8b85-c65fe0d13199,b4b5a0e3-641b-562e-8386-bff3564cf295,2,158.25,0.00
117200ac-868f-54d4-aef6-0223324b5be7,70182ee2-8156-58c8-8b85-c65fe0d13199,0137b3c3-db39-5e56-abf7-8ae43bc349ad,8,1129.31,0.00
3eefed80-f455-50a7-9104-75c546937bbe,70182ee2-8156-58c8-8b85-c65fe0d13199,c3e9c7fb-d6ab-5171-a827-7aad6b6d2342,10,1198.11,1198.11
03516373-72d7-5790-91e1-05b1de34f63e,70182ee2-8156-58c8-8b85-c65fe0d13199,e139b0f5-6ca3-5ccb-8610-5a52b4b0eb6c,11,1053.19,0.00
3ba0e6f9-8f44-582c-8180-3709ecfa0cfe,50696dab-12dd-59df-8c68-e2412454dcf9,e691a6a3-7dd7-5d95-b97e-997e3af77227,10,551.10,0.00
e9073034-b3e0-599f-8db2-71dece6e0e88,50696dab-12dd-59df-8c68-e2412454dcf9,d3739878-986b-5b5f-a096-4452493d6cbb,3,869.60,0.00
544e660c-b0fd-55dd-94b4-b047d8eff534,d81ff066-bdce-5065-97eb-faeeb35c0548,591abda9-fd16-5958-b0e9-586f0dfa6e54,3,875.54,0.00
07b153a0-561f-541a-9e16-160967c55a26,d81ff066-bdce-5065-97eb-faeeb35c0548,ac03c1f7-3948-530e-8de5-80756984ab20,6,564.84,0.00
c4f042b6-a899-5a02-bcfe-49ae92886129,d81ff066-bdce-5065-97eb-faeeb35c0548,241d3cd0-ef2c-56b8-bb75-b039a61b370a,1,378.32,56.75
67cdb211-0eb1-5df2-b962-1237db52eb36,d81ff066-bdce-5065-97eb-faeeb35c0548,de536700-41fe-55c3-beb9-bfb9849c872b,12,1685.26,0.00
fb980387-8988-5276-97d0-3f6d4c614f97,d81ff066-bdce-5065-97eb-faeeb35c0548,0137b3c3-db39-5e56-abf7-8ae43bc349ad,10,1129.31,1129.31
bfed9649-0770-5510-86ac-7d123c6caaaf,951cc4ad-ca74-5425-b37f-71a4564fe742,613ff8f3-9a2b-5f66-8d3e-3e05d5391002,4,474.67,0.00
dd3dfebb-f866-528a-a584-23dbd4453f12,951cc4ad-ca74-5425-b37f-71a4564fe742,1dd457fd-1d71-5eb5-b684-6f07d43e876c,10,897.97,897.97
e4e8f196-977a-5a48-84b2-2038a7d4c460,951cc4ad-ca74-5425-b37f-71a4564fe742,0137b3c3-db39-5e56-abf7-8ae43bc349ad,6,1129.31,338.79
a3056c7c-d66c-5fad-b188-6789943603d2,951cc4ad-ca74-5425-b37f-71a4564fe742,f218ba8f-81cf-5efd-ad55-5f4ef76110c2,3,1484.37,0.00
497883b0-1ed2-561f-8781-63734cc065ca,c76013e5-58d3-5b44-9cde-de83680fa935,43d6da55-777b-55ef-8cf5-d4cc7bfa63ad,3,1159.60,347.88
28ab8ad8-7382-57d4-a477-1649b76b7712,c76013e5-58d3-5b44-9cde-de83680fa935,5d79cff2-0e77-58a2-b1bf-c506ed3c98bd,8,822.40,0.00
cfb95948-e7b8-56fc-918c-314ba2b5c597,51b1b465-9822-5676-a590-30bcb651fd6c,ac03c1f7-3948-530e-8de5-80756984ab20,5,564.84,0.00
fd909a30-f263-5647-9a00-57da8dd6abc2,51b1b465-9822-5676-a590-30bcb651fd6c,1dd10a82-5cdc-539f-af3f-d3f255171973,4,107.50,64.50
85fc9598-9741-597d-91fd-c1ea9ffec87a,51b1b465-9822-5676-a590-30bcb651fd6c,cdea42fb-ee49-5a22-a213-56a8f9fcb148,11,1597.00,2635.05
da4a66bc-c790-54d3-acb3-da8d36ea9bef,df0973c1-25a2-5244-a3c4-7e6cd29dffe0,75679cf6-5497-5e69-b773-db773bc6a245,8,1441.14,576.46
9def36c3-f065-5801-8981-a86701061391,df0973c1-25a2-5244-a3c4-7e6cd29dffe0,f78fc905-81d2-5f52-8c77-1cff3a4b42b7,9,290.47,261.42
a1e28262-2375-5b95-8fb5-bcd95b6fb411,df0973c1-25a2-5244-a3c4-7e6cd29dffe0,86eda21c-1dbc-500a-9201-b7d6b0786cc8,5,1060.50,530.25
a2fd51d9-35d2-5a62-b00c-4c19953be57e,058832f7-e0d0-5c84-983f-ebd2145446e3,c2be7cd9-f7ee-544a-9ceb-7052826da8ce,8,183.13,0.00
a05ede67-477e-544e-9935-c3953abf95f2,ac08938a-223a-5c47-a12d-aec89be2fb2b,5d462a8e-32e0-59ad-ae5c-9d66eda72663,6,326.98,98.09
0a7204d8-5651-5002-99c5-7ae14647ca67,9d88ec1d-6dd0-548d-82e9-f1dff23712d8,201fb8e4-2c24-5483-b44d-4063694486b2,12,1026.69,0.00
c6adf628-103e-545c-8b65-fb997fe97191,9d88ec1d-6dd0-548d-82e9-f1dff23712d8,b4b5a0e3-641b-562e-8386-bff3564cf295,9,158.25,0.00
b0a5ccc3-e1a3-58da-9f82-5b6e9afad70d,76062371-a040-59ff-8c08-d393bfb65cc5,d68351a2-cf36-5984-a091-28a9f5b6bb7e,12,1017.79,610.67
4128922c-ae27-50f2-87aa-8ea3e53c208b,76062371-a040-59ff-8c08-d393bfb65cc5,ac03c1f7-3948-530e-8de5-80756984ab20,8,564.84,225.94
b3130447-692f-585d-9fd8-782cc3d7eb7f,76062371-a040-59ff-8c08-d393bfb65cc5,9a2e8c5f-4d3e-5cb8-ba78-f2bd562ee61b,8,688.27,0.00
672bcf65-139d-5434-a203-5d1ecf4ae81b,36463a17-9a30-5b3d-b5ec-3b49381775f2,c2be7cd9-f7ee-544a-9ceb-7052826da8ce,3,183.13,27.47
1789e098-0b42-5feb-a2d2-077d32640266,36463a17-9a30-5b3d-b5ec-3b49381775f2,aa67b9d9-b4e2-53f3-9447-ca933b53344f,9,1163.44,1570.64
b31c6f56-f005-587b-aff3-38d43a24a7e7,36463a17-9a30-5b3d-b5ec-3b49381775f2,dee51c26-0113-56c0-a9c6-edbcfc488df1,7,83.53,0.00
69d42c64-2253-5cfd-ace8-580a17c821d2,9e6f7b60-16c6-598d-af79-df7cc77ece4c,0f2c8ffe-5a45-5cfc-afbf-417553294a54,10,237.59,0.00
cb067102-0319-5e5e-be56-0069b703e167,b4cb5382-778c-5033-9a6b-12093c8174a0,0eb49bc4-406e-5d63-a28c-3e5b6ef668e4,9,1139.13,512.61
667ae8b5-c56c-5d7e-a9e8-bacbdc94aeea,b4cb5382-778c-5033-9a6b-12093c8174a0,1760c2e4-563f-5bac-abcd-baf5317434c8,5,1665.26,0.00
5ffcc04d-e008-5b04-9bae-b3bde0b205cc,b4cb5382-778c-5033-9a6b-12093c8174a0,6469a098-75a3-5b3b-839a-ad075a8e67ad,3,728.47,0.00
fddf868f-da5c-5c71-a147-c9a96996aa8e,b69f7175-d354-56e6-bdbb-384d309aa88b,91bd15e4-105e-5926-abe6-7ceaf8c07375,7,393.96,275.77
4bfd5449-a743-5323-b9f9-963930c33d81,b69f7175-d354-56e6-bdbb-384d309aa88b,de536700-41fe-55c3-beb9-bfb9849c872b,3,1685.26,0.00
60685b68-925c-5ff8-98ca-2146533cfaa1,b69f7175-d354-56e6-bdbb-384d309aa88b,fd5d29e1-571f-589d-be31-aa00127c02aa,1,943.56,0.00
5db48a0f-6637-5fa9-ab20-f4512df2d6f4,b69f7175-d354-56e6-bdbb-384d309aa88b,e139b0f5-6ca3-5ccb-8610-5a52b4b0eb6c,10,1053.19,526.60
29e56c76-efb7-5330-af18-68106c590d28,b69f7175-d354-56e6-bdbb-384d309aa88b,d4214473-2bf7-5b77-bb1f-734e590c4014,11,1245.02,1369.52
1efe3c77-5c48-58c1-827d-adde319ea183,d008b483-e908-55f7-8f37-06f1ab1c6cc4,1cc795b2-21b3-5c5e-84f0-8f1fa20a6dd4,7,668.78,468.15
972e6f48-a6b6-589d-b578-2b7ffc2ea310,d008b483-e908-55f7-8f37-06f1ab1c6cc4,6469a098-75a3-5b3b-839a-ad075a8e67ad,10,728.47,1092.70
4d66753b-fe4d-5ba1-aaa6-82410b832d99,d008b483-e908-55f7-8f37-06f1ab1c6cc4,1ac8de35-b264-5704-978e-ce8dc08dd02d,8,452.98,0.00
71cab313-c2bd-51f0-82f8-3b98816ee6f4,d7091dc3-bc61-5299-b18e-2e11d6d174a1,8b12c834-e054-5502-85aa-99d1eb81eee0,12,1393.76,836.26
4af12ef5-6b90-57b8-a7f8-bb853ce0f447,d7091dc3-bc61-5299-b18e-2e11d6d174a1,d37c44df-541b-5bf4-b395-65b41bac88a8,8,1334.93,0.00
dc56fe91-888c-5040-b392-f3df692f2faa,c66a5426-3727-55df-a236-6a1597e82742,fd5d29e1-571f-589d-be31-aa00127c02aa,11,943.56,1037.92
1a40bdc7-fc6d-5682-87f1-0caa7de2fa34,c66a5426-3727-55df-a236-6a1597e82742,a042ed60-9218-5159-876b-6c4dd0e5f934,1,381.33,38.13
c13d660c-e22a-5adf-8f92-c9490abcd86b,c66a5426-3727-55df-a236-6a1597e82742,f350d57a-8885-50f1-b76a-29f7a8057a35,10,1251.43,0.00
a8006ae7-3f17-5b46-89ec-4b340b3b07e0,f94466f1-d611-53c1-b4f8-7970eeda5f39,7169fcc7-7527-510c-b88d-bdcd257ce105,8,1025.31,410.12
9161d75f-f3fb-524e-a2d8-a3b09bd11375,f94466f1-d611-53c1-b4f8-7970eeda5f39,af3fc15f-c662-5a5e-9e9c-3b2d4e1b6029,4,1539.94,0.00
b8c0abb3-6f44-5819-b1c7-94312f3d52f2,f94466f1-d611-53c1-b4f8-7970eeda5f39,9e165d6f-802f-5694-a25a-20885ba2aa7f,2,433.03,0.00
54aca9bf-7810-58f9-a55f-cfdd937b2a70,f94466f1-d611-53c1-b4f8-7970eeda5f39,8d6058a9-d9fb-546e-b841-e6b4a0978311,6,1083.86,975.47
26a076d9-7240-5b37-94f2-acb36bcf1dfa,f94466f1-d611-53c1-b4f8-7970eeda5f39,d520aef1-b021-5cf0-a1d3-9e7e6d31aab7,2,568.52,0.00
303e913b-9797-56a6-80bb-db9e271fb054,11ab181f-c6a2-5ca8-b180-7d409c08eae8,d68351a2-cf36-5984-a091-28a9f5b6bb7e,12,1017.79,0.00
50c62a62-4de5-5eab-b493-9079d97636d8,9e2158f3-8cdb-5782-8057-37eafe5af5a4,1ac8de35-b264-5704-978e-ce8dc08dd02d,6,452.98,407.68
1c51990e-4f08-5498-ab27-5be5837ec5e0,9e2158f3-8cdb-5782-8057-37eafe5af5a4,8dfa6632-930f-5fdc-b7cd-8d5908a33d66,3,271.74,40.76
0b7f87e5-a3cf-5dee-aec9-6fb205b5820b,9e2158f3-8cdb-5782-8057-37eafe5af5a4,617fd070-2fb8-5ff6-8eaa-308844dc97ac,3,1871.53,561.46
ba99db5d-0bcd-5ba7-90e7-58507108754a,368bd76b-46f4-545e-beaf-b32501425246,bab29423-27f9-5732-bd8b-a403c95b1a96,6,947.18,852.46
feb16f6b-cdad-5c07-b4f0-79e2e4dc0600,368bd76b-46f4-545e-beaf-b32501425246,31a97c6b-10cf-54c1-b463-f81683a437cc,1,1252.58,0.00
55845c1b-70c3-5df2-a22d-dfce1bc2713c,368bd76b-46f4-545e-beaf-b32501425246,b4b5a0e3-641b-562e-8386-bff3564cf295,11,158.25,87.04
eede01fb-5c3e-507d-b827-95bc2b1183da,7ab8bb10-dfa8-53ee-853c-8de2b8ca9c68,1dd10a82-5cdc-539f-af3f-d3f255171973,7,107.50,75.25
212d1e92-2c5c-5aab-809a-f5a2e74101cf,45c93147-274e-5582-b255-fe27708bbac5,80450a39-8a90-55da-adf7-0b6a1b84aeeb,4,1385.41,0.00
3ce19fbc-fbc4-54d4-93f3-9e0db765c52b,45c93147-274e-5582-b255-fe27708bbac5,e139b0f5-6ca3-5ccb-8610-5a52b4b0eb6c,12,1053.19,1895.74
24008037-8a20-54e3-bac2-9442226e86d3,45c93147-274e-5582-b255-fe27708bbac5,43d6da55-777b-55ef-8cf5-d4cc7bfa63ad,10,1159.60,0.00
35715b92-c344-5310-ac66-b5b6a0df01d5,45c93147-274e-5582-b255-fe27708bbac5,0eb49bc4-406e-5d63-a28c-3e5b6ef668e4,12,1139.13,1366.96
c20588a3-f2a0-5bba-8007-1a2820c495e3,d2458e45-4810-5c60-8f02-a6761cbf5385,1dd457fd-1d71-5eb5-b684-6f07d43e876c,5,897.97,224.49
ad7c7a9b-6eb0-5ec7-a69c-7e4d1a43a43a,d2458e45-4810-5c60-8f02-a6761cbf5385,fb4140fc-b3c1-5a6a-8613-9b068fdd2b39,12,931.77,0.00
fb8fc284-e17e-50a8-bb3c-50bbbe4e584f,d2458e45-4810-5c60-8f02-a6761cbf5385,a042ed60-9218-5159-876b-6c4dd0e5f934,9,381.33,0.00
a81380c1-c34e-56ba-915a-11ab979dbd0c,d2458e45-4810-5c60-8f02-a6761cbf5385,0eb49bc4-406e-5d63-a28c-3e5b6ef668e4,5,1139.13,569.56
933e69a2-2899-56fc-b39a-848504a2b829,d2458e45-4810-5c60-8f02-a6761cbf5385,e691a6a3-7dd7-5d95-b97e-997e3af77227,12,551.10,0.00
afa1544f-c946-5ead-8f08-5460427e87ba,ddc01143-dd86-5d5c-aad1-214c1c077c35,591abda9-fd16-5958-b0e9-586f0dfa6e54,1,875.54,87.55
45276614-354c-5b21-8d58-aacd979c7c10,ddc01143-dd86-5d5c-aad1-214c1c077c35,9a2e8c5f-4d3e-5cb8-ba78-f2bd562ee61b,9,688.27,0.00
cdb96f2d-7bc2-5569-9bf6-9d039d147cf1,ddc01143-dd86-5d5c-aad1-214c1c077c35,d37c44df-541b-5bf4-b395-65b41bac88a8,2,1334.93,0.00
e822ce62-4109-5359-837b-83a4c5e89bc4,ddc01143-dd86-5d5c-aad1-214c1c077c35,d96da70b-0cb5-58c8-928a-aafb2d90b154,7,1827.60,1279.32
86c04176-4598-5add-bad0-da44f4959a21,ddc01143-dd86-5d5c-aad1-214c1c077c35,80450a39-8a90-55da-adf7-0b6a1b84aeeb,10,1385.41,2078.12
6d9914b0-241b-5808-91a2-13bba716237c,867ac4f0-fe3a-505e-a327-1a79b6aec30f,34baeb4c-81dc-5b29-bc76-0b8fd47cdbed,7,262.62,0.00
9a3f4534-83bf-564d-9d04-352c9a03af6e,867ac4f0-fe3a-505e-a327-1a79b6aec30f,1c3b9a21-09fa-5c21-bdad-35f2eb8a273f,2,1126.26,337.88
c347ba16-7405-5af2-96ab-65a185eeeccb,867ac4f0-fe3a-505e-a327-1a79b6aec30f,cb09f248-037d-5a0d-9970-99cb102c05d8,4,1006.42,402.57
41966422-7c4c-502c-9ad8-96bb8fec218f,86b9fc49-0eb8-56fd-b45e-008fea833981,13e04507-297b-56af-85d7-75b609d982a1,5,652.61,0.00
0778c932-c30c-5bc2-8308-737904bf7645,86b9fc49-0eb8-56fd-b45e-008fea833981,1dd457fd-1d71-5eb5-b684-6f07d43e876c,4,897.97,0.00
55aa67c5-71eb-5ac7-bde7-b4b1e6ffb9d6,86b9fc49-0eb8-56fd-b45e-008fea833981,13ea52a1-6b55-57c7-b84e-acf7fb92f106,2,368.84,110.65
e8cdab87-f411-52c3-bde3-0a0b8be7e20e,4d6ccf46-5786-50b3-aa72-f3a4cc6bc334,b4065918-1c4b-50b6-b69a-d859f24bfe23,12,1132.17,0.00
ccf964b0-421f-5661-becb-0e96acfa5bba,4d6ccf46-5786-50b3-aa72-f3a4cc6bc334,d4214473-2bf7-5b77-bb1f-734e590c4014,10,1245.02,0.00
f5a368bc-a3f4-5f8d-ae45-bafd8a6ac6d9,4d6ccf46-5786-50b3-aa72-f3a4cc6bc334,2e263bcd-bacc-5f51-b35b-70d1674f4dc5,9,370.19,166.59
51837e8f-78b8-5067-9c7a-72093e749032,689adfc8-1c24-57cb-a9be-a8923e9f1e57,fd5d29e1-571f-589d-be31-aa00127c02aa,3,943.56,141.53
e68547b6-2707-5f8e-8184-e38c7a74d7fb,689adfc8-1c24-57cb-a9be-a8923e9f1e57,599db343-a607-5259-8af1-adde7b1a86ce,10,1047.10,523.55
f2441f66-5fa6-5256-b4e1-a9db0fc5e1f7,689adfc8-1c24-57cb-a9be-a8923e9f1e57,db43f9b2-c956-5785-8950-8287c47db3ae,9,894.98,805.48
4c371801-1b69-5c34-9741-0f575d72a22a,ce9e78a6-1719-520a-b9fb-cbf3c4eb5e4b,8ac2c18a-5896-572a-9f44-f5d60109258d,7,270.85,189.60
af7c6353-e6bc-52b1-97d3-3cb715ed1b12,ce9e78a6-1719-520a-b9fb-cbf3c4eb5e4b,f218ba8f-81cf-5efd-ad55-5f4ef76110c2,8,1484.37,1781.24
f5fbde5a-37ab-528d-a215-123ae2aa3185,ce9e78a6-1719-520a-b9fb-cbf3c4eb5e4b,3205bb8a-e766-5617-a3d4-78aaa9883bc8,11,1355.84,2237.14
a92d87c8-b64a-57f1-a656-f44909e0d1c0,ce9e78a6-1719-520a-b9fb-cbf3c4eb5e4b,1dd10a82-5cdc-539f-af3f-d3f255171973,7,107.50,112.88
b39d7e5c-b196-5e00-8d91-819867e861bc,04f450df-e38b-5fd4-a71b-226040c21d7b,851c23cd-3716-5170-b9ac-0c25ddc7c95c,2,497.01,99.40
fe857af4-2801-5870-8f75-01926bfd0651,43fe3b2b-64ad-51ca-9415-10ce3e47a5e3,cb09f248-037d-5a0d-9970-99cb102c05d8,12,1006.42,0.00
ee9b9968-4183-586d-8255-e55f2ce7ef53,43fe3b2b-64ad-51ca-9415-10ce3e47a5e3,2f2113cc-589a-55b5-846a-78fddce3a3c9,1,688.27,34.41
64c9c81c-e42c-551d-90b5-a43b78314243,43fe3b2b-64ad-51ca-9415-10ce3e47a5e3,5d79cff2-0e77-58a2-b1bf-c506ed3c98bd,8,822.40,0.00
8714fb3a-b447-5ac4-8db4-549fc3577d19,43fe3b2b-64ad-51ca-9415-10ce3e47a5e3,e691a6a3-7dd7-5d95-b97e-997e3af77227,5,551.10,0.00
5b70bb8d-0046-59a6-8c5e-01e625990662,43fe3b2b-64ad-51ca-9415-10ce3e47a5e3,e3b2c918-6a66-5db3-87f9-e5c71515f2ab,11,1297.73,0.00
188bdec8-48c8-5f56-a953-36a9d8b5ce32,e654e4c3-01b3-5e5e-ba66-d2ba148a7801,13ea52a1-6b55-57c7-b84e-acf7fb92f106,2,368.84,0.00
dc8cce0e-f626-5ced-acf5-c610c5551cac,e654e4c3-01b3-5e5e-ba66-d2ba148a7801,896e7662-34d0-5631-bb0f-b5ce6b0ad1ba,10,1691.47,2537.20
4ee28b69-bffb-5120-ac89-85816885af77,e654e4c3-01b3-5e5e-ba66-d2ba148a7801,1760c2e4-563f-5bac-abcd-baf5317434c8,4,1665.26,666.10
ab9791b2-2b68-557e-a973-4044384e0954,546fbd1b-b6c7-583d-a585-2ab3618f5401,9b6b9203-f582-59b6-b64c-309881607c86,9,876.23,0.00
6db6d54a-6b37-5308-ab74-a7e826bd545a,546fbd1b-b6c7-583d-a585-2ab3618f5401,201fb8e4-2c24-5483-b44d-4063694486b2,11,1026.69,564.68
c065f3db-c47f-522c-9f9f-5016bef91456,546fbd1b-b6c7-583d-a585-2ab3618f5401,228ccd2f-642c-5fdf-abf0-129af98a3568,8,148.91,0.00
9a731436-cc46-5eba-bab9-97e29836cfb2,50b85232-04b8-51ef-bf14-a2d93afa227e,0f2c8ffe-5a45-5cfc-afbf-417553294a54,9,237.59,320.75
39a252f5-2746-5a1b-ab58-abb90d111364,50b85232-04b8-51ef-bf14-a2d93afa227e,d520aef1-b021-5cf0-a1d3-9e7e6d31aab7,8,568.52,0.00
bd9a1df2-f323-5100-9ec1-6b92a65752b4,50b85232-04b8-51ef-bf14-a2d93afa227e,5d79cff2-0e77-58a2-b1bf-c506ed3c98bd,5,822.40,0.00
6790d111-a70c-565a-8dfb-733a5169515d,a2db1199-fc3a-5e0c-9e42-22fbc832c32d,241d3cd0-ef2c-56b8-bb75-b039a61b370a,12,378.32,0.00
9752369b-273e-5511-bd11-cda5e591c0aa,adfdb4d8-26c3-526b-b271-df9d4276b427,fd5d29e1-571f-589d-be31-aa00127c02aa,2,943.56,283.07
be3d8eaa-4df4-5a1d-b281-e1f317c80f41,adfdb4d8-26c3-526b-b271-df9d4276b427,9a2e8c5f-4d3e-5cb8-ba78-f2bd562ee61b,10,688.27,0.00
cb0f53e8-7129-518f-b057-a19d33a9ec99,adfdb4d8-26c3-526b-b271-df9d4276b427,8a195dd5-491c-532c-9a61-886a24d451c0,3,1141.76,513.79
f5e60d62-fc8f-59bf-9685-cfe65d1182f7,e35bf09e-f878-5be4-af4d-b247cb1c3a5f,6469a098-75a3-5b3b-839a-ad075a8e67ad,5,728.47,0.00
8c448551-d962-549e-ac1a-3205be0b2db1,48d92fb5-84ac-5ee4-9611-ddf150f8663c,eff08d1d-eb3b-559a-8ca9-60c7b365af52,2,1515.93,454.78
ab9130d7-a380-56e8-b74a-ca9800559667,48d92fb5-84ac-5ee4-9611-ddf150f8663c,e691a6a3-7dd7-5d95-b97e-997e3af77227,5,551.10,275.55
ca7435fc-5042-5b80-9056-662f94cbba41,48d92fb5-84ac-5ee4-9611-ddf150f8663c,1c3b9a21-09fa-5c21-bdad-35f2eb8a273f,8,1126.26,0.00
b4c29e36-f5b5-56f6-9edc-09f42ea0544b,48d92fb5-84ac-5ee4-9611-ddf150f8663c,cd410e43-ec3c-524b-84c6-84482a7b1204,4,549.24,0.00
767da540-a109-5126-8243-12124422c316,48d92fb5-84ac-5ee4-9611-ddf150f8663c,8d6058a9-d9fb-546e-b841-e6b4a0978311,11,1083.86,1788.37
70729eb2-a46e-5ecd-b963-144c02fe4b14,6b7d7580-1ec7-5d21-ac56-3c94d68ceaaa,de536700-41fe-55c3-beb9-bfb9849c872b,4,1685.26,337.05
5379e914-ecf2-5c7f-b2ac-6c32acc910a4,6b7d7580-1ec7-5d21-ac56-3c94d68ceaaa,952e981c-e5c2-53da-984a-78dc5e3b1ad4,3,130.99,0.00
66a9f1a9-20c2-56fa-b695-2f49192160e0,1b38b89d-278e-5e55-9d60-c4ba4623632e,de536700-41fe-55c3-beb9-bfb9849c872b,11,1685.26,0.00
6fe7a767-4510-5df1-b795-e70979e027c1,1b38b89d-278e-5e55-9d60-c4ba4623632e,d37c44df-541b-5bf4-b395-65b41bac88a8,5,1334.93,0.00
c5fe4df1-8011-5b9b-b425-78e3573db34b,8f07f7c8-741b-5a5f-8725-f3d41f564478,8d6058a9-d9fb-546e-b841-e6b4a0978311,11,1083.86,0.00
d47547ea-127d-56d5-b5b8-68f28e549925,8f07f7c8-741b-5a5f-8725-f3d41f564478,b6edaedb-a02c-5fbc-b05c-2b5d8deb20c4,5,1512.83,0.00
7d3c04c5-9748-566c-a380-1f4b303971b4,8f07f7c8-741b-5a5f-8725-f3d41f564478,13ea52a1-6b55-57c7-b84e-acf7fb92f106,1,368.84,0.00
9f2bdc01-714f-52e1-ad86-47d04909dd1e,1b2fd3f3-6be0-565d-98e1-e9886b593b87,8a195dd5-491c-532c-9a61-886a24d451c0,8,1141.76,1370.11
11327d28-9b5c-5fa0-b6e8-2eb00e6f7dd1,1b2fd3f3-6be0-565d-98e1-e9886b593b87,01351cb5-bcf4-52ee-88a1-c6442df67004,1,1268.11,126.81
8458c871-37d9-5733-b9ab-111ea2d8eb14,1b2fd3f3-6be0-565d-98e1-e9886b593b87,f78fc905-81d2-5f52-8c77-1cff3a4b42b7,11,290.47,319.52
169b2a64-dbb6-571f-a4cf-9afca85ba0af,1b2fd3f3-6be0-565d-98e1-e9886b593b87,13ea52a1-6b55-57c7-b84e-acf7fb92f106,2,368.84,73.77
50c9cd36-3cee-5f27-b7b0-87567fbf528b,03dc3ee9-1901-5d90-b484-785d33ced5a9,b4b5a0e3-641b-562e-8386-bff3564cf295,2,158.25,0.00
58cf595e-d196-5454-9e6c-b560113b60c7,03dc3ee9-1901-5d90-b484-785d33ced5a9,b5386670-1687-5260-ad33-97e5d697c425,3,902.07,405.93
3f9ed911-bd91-55cd-afeb-539b5efb8eee,03dc3ee9-1901-5d90-b484-785d33ced5a9,241d3cd0-ef2c-56b8-bb75-b039a61b370a,2,378.32,0.00
43b7a9ce-6b62-5be2-9b69-60584847dfc9,1baed0d4-c254-5224-ae24-af51922e377f,9e165d6f-802f-5694-a25a-20885ba2aa7f,1,433.03,64.95
5a869037-b452-529c-a566-61565053c283,1baed0d4-c254-5224-ae24-af51922e377f,e3b2c918-6a66-5db3-87f9-e5c71515f2ab,6,1297.73,389.32
a9c92973-a4a1-5b65-be87-1dbd13434751,1baed0d4-c254-5224-ae24-af51922e377f,3205bb8a-e766-5617-a3d4-78aaa9883bc8,12,1355.84,0.00
43516b84-0fa1-512a-8b5b-b4ac6fb57844,1baed0d4-c254-5224-ae24-af51922e377f,7169fcc7-7527-510c-b88d-bdcd257ce105,5,1025.31,256.33
1df940a8-97bf-5607-905e-5d213a224b35,1baed0d4-c254-5224-ae24-af51922e377f,e69a7c0b-6875-5a37-a379-abbc430fb47b,8,1211.55,0.00
e8fe72f3-0163-5da3-8322-9a30da015f7b,4af54a8a-432c-56b4-936e-9ee3ff24e505,896e7662-34d0-5631-bb0f-b5ce6b0ad1ba,5,1691.47,845.74
af76f1e6-dc4a-5b12-8752-304bf5ba942e,4af54a8a-432c-56b4-936e-9ee3ff24e505,43d6da55-777b-55ef-8cf5-d4cc7bfa63ad,11,1159.60,1913.34
ae4f0b43-9f84-5108-b443-a91a1eb5d2d7,4af54a8a-432c-56b4-936e-9ee3ff24e505,dee51c26-0113-56c0-a9c6-edbcfc488df1,10,83.53,0.00
4f7e7535-e1b7-5517-9259-b0bd6a445c10,4af54a8a-432c-56b4-936e-9ee3ff24e505,1fa2b768-1b9d-5b9c-befa-fac1ccb97563,7,771.34,539.94
210e34eb-88ea-5d72-8210-135599dc5ade,5b688851-0670-53e5-8971-13f065a8c277,c3e9c7fb-d6ab-5171-a827-7aad6b6d2342,2,1198.11,119.81
c2d91fcc-768b-5e14-b78d-5abc7849df7c,5b688851-0670-53e5-8971-13f065a8c277,5d79cff2-0e77-58a2-b1bf-c506ed3c98bd,3,822.40,123.36
509c8796-6d9f-5623-b81b-ad31128f328b,7729cc5f-83ea-528c-b306-62803c460890,f65edfe2-43ae-59f6-b37a-f98344e1a998,10,1061.75,0.00
0bbb8e5c-9933-5e4d-aafd-3ab422c6b54d,c7185d34-7b01-5658-9b3b-c9a728c3d43b,fb4140fc-b3c1-5a6a-8613-9b068fdd2b39,11,931.77,1537.42
d8edfed2-e55a-514c-9546-8efeccf5d4ea,c7185d34-7b01-5658-9b3b-c9a728c3d43b,d37c44df-541b-5bf4-b395-65b41bac88a8,11,1334.93,0.00
b525281d-c182-5576-8095-3c2fac815753,c7185d34-7b01-5658-9b3b-c9a728c3d43b,241d3cd0-ef2c-56b8-bb75-b039a61b370a,4,378.32,0.00
cf3b3044-997d-5680-83c1-1fd5891a02b0,c7185d34-7b01-5658-9b3b-c9a728c3d43b,cdea42fb-ee49-5a22-a213-56a8f9fcb148,8,1597.00,638.80
41ea42de-58b5-5356-92a8-85cddefb8bae,07242473-dfa8-5194-b833-6f8b9ed4fdcd,a042ed60-9218-5159-876b-6c4dd0e5f934,2,381.33,76.27
9134b36c-ed09-59c8-9c8f-75b945b2fa25,07242473-dfa8-5194-b833-6f8b9ed4fdcd,f65edfe2-43ae-59f6-b37a-f98344e1a998,8,1061.75,424.70
81ea4758-d729-5012-9208-622e8108b741,07242473-dfa8-5194-b833-6f8b9ed4fdcd,12003734-bab7-5410-8c89-f9a8c4967dea,6,1269.66,761.80
55d1e6c5-bd8b-5992-a96e-db68b4b28d9d,07242473-dfa8-5194-b833-6f8b9ed4fdcd,559ab41c-d860-5ab1-aaa1-483577af7b67,6,305.73,0.00
d87bb907-b3a7-5183-b0a7-79eb3cb8dadd,07242473-dfa8-5194-b833-6f8b9ed4fdcd,8a195dd5-491c-532c-9a61-886a24d451c0,6,1141.76,685.06
1c92fdbc-41b8-51d6-b2ea-7c9dfb641061,625e02a5-980b-5a02-b783-5af8cb7c195f,ac03c1f7-3948-530e-8de5-80756984ab20,8,564.84,225.94
01aa8678-ab4b-5f8a-b6bc-4aed91e2bcf6,a5f51983-3f86-5c5e-b9eb-3ce0bf3e398e,1657c1e2-1668-5957-a5e5-822140c08707,4,1260.09,0.00
fdd4869e-58d9-5088-9f4a-de80a1a41742,a5f51983-3f86-5c5e-b9eb-3ce0bf3e398e,1c3b9a21-09fa-5c21-bdad-35f2eb8a273f,6,1126.26,0.00
5e300569-3fff-5cab-b47d-fd0fcdcc052d,8e26b7d6-6f23-5dcf-a9e5-8d473149ef8a,617fd070-2fb8-5ff6-8eaa-308844dc97ac,4,1871.53,0.00
dc35b026-9ff6-5837-af19-416c83d50b29,8e26b7d6-6f23-5dcf-a9e5-8d473149ef8a,e69a7c0b-6875-5a37-a379-abbc430fb47b,2,1211.55,363.46
262941c4-3436-5392-b14c-6d6f0b2bba17,84f132f5-542d-5d70-8dd1-1a6d5630cf62,b6464168-fc86-5543-9805-0861ea9c66cc,9,1065.14,0.00
89fac28e-18cb-5e29-84d6-f8da5e002068,84f132f5-542d-5d70-8dd1-1a6d5630cf62,de536700-41fe-55c3-beb9-bfb9849c872b,5,1685.26,0.00
78b6f9a2-add4-563c-91db-1002f3a9a610,252eb358-2434-5da6-937d-e6797aeea0d6,599db343-a607-5259-8af1-adde7b1a86ce,10,1047.10,523.55
518f5809-b58b-584e-97c7-57eaa4753870,252eb358-2434-5da6-937d-e6797aeea0d6,f9fe7a6c-9a44-59e2-a4cc-fef69cc2e48e,3,684.00,307.80
b52b60e0-465b-595a-ba3f-302ae38b9a10,654ac686-4fb2-5dd4-b13e-a15f8afa208f,ac03c1f7-3948-530e-8de5-80756984ab20,3,564.84,254.18
1f75e4d9-7487-5fc4-b832-8a62d166a163,654ac686-4fb2-5dd4-b13e-a15f8afa208f,b4b5a0e3-641b-562e-8386-bff3564cf295,3,158.25,23.74
085f0bd1-5d10-5a44-90e7-5433f7aebe55,654ac686-4fb2-5dd4-b13e-a15f8afa208f,851c23cd-3716-5170-b9ac-0c25ddc7c95c,6,497.01,0.00
3b32c885-9056-5b25-8020-110d8c0e4493,3fb1d001-e907-55ed-8ec6-1499dcd5661a,deaf9542-d65c-5f41-b22e-b1d033baea7a,10,1236.17,0.00
e8b1bb0c-3d5c-5dd6-a066-5d408dde75bf,3fb1d001-e907-55ed-8ec6-1499dcd5661a,9f7bfd37-85ae-5a17-9b9f-5dafe3ec68ee,6,1138.16,1024.34
756985d2-6744-5139-90f0-bab00bb4af8c,3fb1d001-e907-55ed-8ec6-1499dcd5661a,8b12c834-e054-5502-85aa-99d1eb81eee0,8,1393.76,557.50
dfb04c2c-1847-5a45-b3e1-b47d7c8b2887,ce7d2a58-8c1f-5d6e-9727-373d143f99b7,617fd070-2fb8-5ff6-8eaa-308844dc97ac,5,1871.53,467.88
0875fb92-00f8-5db6-b03a-c04e84c13415,ce7d2a58-8c1f-5d6e-9727-373d143f99b7,0f2c8ffe-5a45-5cfc-afbf-417553294a54,9,237.59,213.83
fd831ff9-6f1c-5c2d-9062-4de2e64f8439,ce7d2a58-8c1f-5d6e-9727-373d143f99b7,8d6058a9-d9fb-546e-b841-e6b4a0978311,3,1083.86,487.74
88d190bf-6501-5e4a-a5dd-162aa0c6a46b,4ee3f0eb-a93b-5d43-a6c8-9d11aaaa395b,43d6da55-777b-55ef-8cf5-d4cc7bfa63ad,11,1159.60,0.00
b4bab496-2b9c-594b-8d6a-9729cb9513b2,4ee3f0eb-a93b-5d43-a6c8-9d11aaaa395b,34baeb4c-81dc-5b29-bc76-0b8fd47cdbed,9,262.62,0.00
0f72087f-af73-5ddb-b535-24dd53e6d6c4,4ee3f0eb-a93b-5d43-a6c8-9d11aaaa395b,1dd457fd-1d71-5eb5-b684-6f07d43e876c,10,897.97,0.00
d86a3ee1-6ae3-5e9a-bf06-e5ef4eb24ddb,4ee3f0eb-a93b-5d43-a6c8-9d11aaaa395b,88f79184-2cf9-5f72-8e4a-cedfa68d9d06,6,475.83,285.50
d38bea5d-2a05-5e65-80ae-cd022a5f4006,627094e5-22f0-52a4-9a68-6d56cc059456,952e981c-e5c2-53da-984a-78dc5e3b1ad4,11,130.99,216.13
67c8d809-c1da-5a7d-8ca4-c6a0a5b48358,627094e5-22f0-52a4-9a68-6d56cc059456,d37c44df-541b-5bf4-b395-65b41bac88a8,1,1334.93,0.00
a492e884-f3f4-5e53-abd7-a8edf8b3f6eb,627094e5-22f0-52a4-9a68-6d56cc059456,599db343-a607-5259-8af1-adde7b1a86ce,3,1047.10,0.00
497e9805-0d6e-57d2-9f68-dc71a2df4f9c,627094e5-22f0-52a4-9a68-6d56cc059456,9b6b9203-f582-59b6-b64c-309881607c86,10,876.23,438.12
8a9fb00c-2c71-5669-801c-91a083811a3f,627094e5-22f0-52a4-9a68-6d56cc059456,6469a098-75a3-5b3b-839a-ad075a8e67ad,5,728.47,546.35
9003dd9c-0ab0-5008-9faa-3082545cff76,950b5349-4af2-5ef7-9e8a-518bfa8f728b,fb4140fc-b3c1-5a6a-8613-9b068fdd2b39,3,931.77,279.53
8e6aa081-9343-59b7-93b5-810b1be20ddb,ce6c0a96-9d0b-59c8-9938-9a1a470b92ac,b5386670-1687-5260-ad33-97e5d697c425,11,902.07,1488.42
fc6fb89b-943f-5cd2-bb3e-2cc4f15f0002,ce6c0a96-9d0b-59c8-9938-9a1a470b92ac,829935ce-9ec7-5afb-a542-873877c9ce31,2,378.45,0.00
15b9dc59-29a8-5795-861e-f8b81492288f,ce6c0a96-9d0b-59c8-9938-9a1a470b92ac,673811d5-2f11-5108-8b80-c9dd0dc2adda,7,503.75,528.94
a20353dd-79e4-59e2-b672-84e8ab92e096,58c3b026-e2e7-5c15-8519-2c1def992b5e,cb09f248-037d-5a0d-9970-99cb102c05d8,9,1006.42,452.89
ea69ff7a-490a-5808-a975-82f8c78a1e68,58c3b026-e2e7-5c15-8519-2c1def992b5e,fb4140fc-b3c1-5a6a-8613-9b068fdd2b39,4,931.77,0.00
c64bf84d-05a6-5b63-b379-38e6f019c192,58c3b026-e2e7-5c15-8519-2c1def992b5e,39cb20a1-5dca-5b11-90c4-3e96e441ed0c,11,447.96,246.38
ee0977be-a7ba-57e5-af65-31c3a5193e3d,58c3b026-e2e7-5c15-8519-2c1def992b5e,d520aef1-b021-5cf0-a1d3-9e7e6d31aab7,9,568.52,767.50
030f3fb9-7053-58a3-b1f5-3526ea75d7c3,58c3b026-e2e7-5c15-8519-2c1def992b5e,31a97c6b-10cf-54c1-b463-f81683a437cc,4,1252.58,501.03
111676da-0004-51a9-bcee-71fba4baea32,9717b0ad-893b-5eb8-bce8-a3cdfb27ccad,0eb49bc4-406e-5d63-a28c-3e5b6ef668e4,5,1139.13,0.00
9b8d9c9a-8eb4-5a86-a81c-3cba581edc8c,9717b0ad-893b-5eb8-bce8-a3cdfb27ccad,43d6da55-777b-55ef-8cf5-d4cc7bfa63ad,7,1159.60,1217.58
82fd60ad-989b-549c-adce-0eefbb6b0c5a,b2e37217-b23d-5e71-a9cd-26feea626a6a,aa67b9d9-b4e2-53f3-9447-ca933b53344f,10,1163.44,0.00
8a0ba678-4782-5dd9-a72c-8c5ed81281f6,e1bd0d6d-0b95-591b-b13a-d3995469ad6c,ac03c1f7-3948-530e-8de5-80756984ab20,4,564.84,225.94
a18b9e44-35fd-57cc-9a32-2fde5b986892,e1bd0d6d-0b95-591b-b13a-d3995469ad6c,8ac2c18a-5896-572a-9f44-f5d60109258d,9,270.85,0.00
7a53ebd4-6a94-5d4b-8a57-cec1be66c18a,e1bd0d6d-0b95-591b-b13a-d3995469ad6c,01351cb5-bcf4-52ee-88a1-c6442df67004,2,1268.11,253.62
ba655d9a-9923-5ccc-9daf-6e9b63a73cf8,e1bd0d6d-0b95-591b-b13a-d3995469ad6c,c0bff87f-f764-5151-8aec-dda48ea91847,5,437.68,218.84
da9482bb-3279-5fa4-8cce-15dc78677c36,e38eea84-6046-5bec-9dc1-6f87f1e4e009,b4b5a0e3-641b-562e-8386-bff3564cf295,12,158.25,189.90
ec5bcb02-66df-5a93-91ae-acaa182e6b0c,e38eea84-6046-5bec-9dc1-6f87f1e4e009,e139b0f5-6ca3-5ccb-8610-5a52b4b0eb6c,11,1053.19,0.00
ff6cb0ab-0719-5a9f-9384-8d6ca6167e1b,e38eea84-6046-5bec-9dc1-6f87f1e4e009,c3e9c7fb-d6ab-5171-a827-7aad6b6d2342,3,1198.11,359.43
3cef7c3a-c466-51a9-b05d-cdc6641a7845,e38eea84-6046-5bec-9dc1-6f87f1e4e009,829935ce-9ec7-5afb-a542-873877c9ce31,5,378.45,189.22
829b64e4-b1f7-5cd0-b569-b92df23fab77,e38eea84-6046-5bec-9dc1-6f87f1e4e009,f78fc905-81d2-5f52-8c77-1cff3a4b42b7,7,290.47,0.00
66701890-2c0b-55a3-92d9-7e6dcf96c0ce,e830ea5d-12e4-57ee-a940-7074be75a5e8,3d307d78-b10f-5539-a951-7bcc9fd17161,4,1342.24,536.90
10fc9930-2d50-5ed2-a1e6-8920fcc1eb4f,e830ea5d-12e4-57ee-a940-7074be75a5e8,1dd10a82-5cdc-539f-af3f-d3f255171973,9,107.50,96.75
340e22d7-8f2a-5eb2-9e77-80864115bec5,e830ea5d-12e4-57ee-a940-7074be75a5e8,559ab41c-d860-5ab1-aaa1-483577af7b67,2,305.73,30.57
3f2147f9-6336-52d9-b3c1-f9dd63412e49,e830ea5d-12e4-57ee-a940-7074be75a5e8,896e7662-34d0-5631-bb0f-b5ce6b0ad1ba,1,1691.47,0.00
d86f05c7-281f-5873-aafd-bed0f4ee3e66,914f800d-2c8d-5be0-af9a-c6d48bc729c0,12003734-bab7-5410-8c89-f9a8c4967dea,10,1269.66,0.00
6937f487-74f7-538b-80df-a2a7bb6ad1d2,914f800d-2c8d-5be0-af9a-c6d48bc729c0,f9fe7a6c-9a44-59e2-a4cc-fef69cc2e48e,4,684.00,410.40
675ae959-18e3-5f5f-b022-d65948059ba1,914f800d-2c8d-5be0-af9a-c6d48bc729c0,34baeb4c-81dc-5b29-bc76-0b8fd47cdbed,5,262.62,65.66
70a14228-4853-5267-9ee7-f625d5f30511,914f800d-2c8d-5be0-af9a-c6d48bc729c0,ac03c1f7-3948-530e-8de5-80756984ab20,5,564.84,423.63
d7c12662-7144-5805-ad0f-3e157b31832a,02534d63-ef7c-5863-8da3-8ef8ff45833b,b6464168-fc86-5543-9805-0861ea9c66cc,11,1065.14,1757.48
517dfd17-362b-554a-b452-e3e746d63d38,02534d63-ef7c-5863-8da3-8ef8ff45833b,c2be7cd9-f7ee-544a-9ceb-7052826da8ce,7,183.13,192.29
a183fd27-f4d1-591f-b30c-0203f9b1fa82,02534d63-ef7c-5863-8da3-8ef8ff45833b,6469a098-75a3-5b3b-839a-ad075a8e67ad,5,728.47,0.00
b7497a3c-a26e-52bb-a1c5-fdd54a1c66f1,02534d63-ef7c-5863-8da3-8ef8ff45833b,cdea42fb-ee49-5a22-a213-56a8f9fcb148,9,1597.00,0.00
eab8cca4-1814-550b-9b51-1b7e3d6c1195,85ebdcb5-510e-5d3a-9fa3-1f14b61b8525,aa67b9d9-b4e2-53f3-9447-ca933b53344f,2,1163.44,116.34
ec046d6d-3593-575c-8af7-c54f8a00d266,85ebdcb5-510e-5d3a-9fa3-1f14b61b8525,201fb8e4-2c24-5483-b44d-4063694486b2,3,1026.69,462.01
9a37c820-f7ed-55e3-94fc-b0d218aa8132,85ebdcb5-510e-5d3a-9fa3-1f14b61b8525,d520aef1-b021-5cf0-a1d3-9e7e6d31aab7,8,568.52,0.00
f5a90050-a20f-5fcf-a876-ea9511a38f94,e5ca650d-4b26-5a86-bc2e-2b452ad89604,0137b3c3-db39-5e56-abf7-8ae43bc349ad,2,1129.31,0.00
0f273bdb-22ee-5bee-b85b-b92ca186cff3,72a12143-63b5-56b8-a360-219e4f97e88e,dee51c26-0113-56c0-a9c6-edbcfc488df1,6,83.53,25.06
2552ebd4-a28f-5236-975f-a957953cc31c,72a12143-63b5-56b8-a360-219e4f97e88e,2f2113cc-589a-55b5-846a-78fddce3a3c9,8,688.27,825.92
5d137503-0d0c-5b6e-9f42-c96d70e6bf34,72a12143-63b5-56b8-a360-219e4f97e88e,a042ed60-9218-5159-876b-6c4dd0e5f934,10,381.33,0.00
96df596c-e659-53d2-b0c4-a881d2756d24,544178fc-cbf8-5ce6-973a-4909a2695dfa,13ea52a1-6b55-57c7-b84e-acf7fb92f106,7,368.84,0.00
db9dea49-de9b-5216-a2d7-1cb8e118bd58,544178fc-cbf8-5ce6-973a-4909a2695dfa,aa67b9d9-b4e2-53f3-9447-ca933b53344f,2,1163.44,0.00
86bf2010-a14e-5c7c-be39-00208108f41e,544178fc-cbf8-5ce6-973a-4909a2695dfa,9e165d6f-802f-5694-a25a-20885ba2aa7f,5,433.03,0.00
f29b60b6-655b-57d5-8b65-48fbf2435037,544178fc-cbf8-5ce6-973a-4909a2695dfa,b4b5a0e3-641b-562e-8386-bff3564cf295,2,158.25,31.65
162f28f0-04ca-5935-a74b-623073c0b38b,544178fc-cbf8-5ce6-973a-4909a2695dfa,13e04507-297b-56af-85d7-75b609d982a1,9,652.61,0.00
5f03d16b-9a49-5dcf-be40-438a92a5a6b9,56f9182a-bc67-5de9-a492-99e10d61e6b1,2f2113cc-589a-55b5-846a-78fddce3a3c9,9,688.27,619.44
4df3677e-76f0-5b28-8d6e-56c4a3865b01,688dff76-f910-53a9-ae7f-3d5a2d6d933f,599db343-a607-5259-8af1-adde7b1a86ce,7,1047.10,366.48
f0e99092-a9f4-589f-8f5c-11ba2830e8af,bcab4b1a-7e3b-5955-a662-f2a5b46b0acf,45669348-c1a3-5956-bbf2-d29bd438fbdc,11,536.14,884.63
55e01c7d-7eec-5ae6-ae4c-262ce5224195,bcab4b1a-7e3b-5955-a662-f2a5b46b0acf,43d6da55-777b-55ef-8cf5-d4cc7bfa63ad,2,1159.60,347.88
a9d22a39-1dd9-5454-a9ad-e4126257790f,bcab4b1a-7e3b-5955-a662-f2a5b46b0acf,8b12c834-e054-5502-85aa-99d1eb81eee0,5,1393.76,0.00
c2334304-b798-5ec8-921b-da312a617026,cbc85f6e-3e76-53b5-bcf2-33bdb1bc51d0,43d6da55-777b-55ef-8cf5-d4cc7bfa63ad,4,1159.60,0.00
1084f91a-a91c-5ae3-8165-b331948d0a80,9c8a12fe-ad0e-538b-bfef-c4afd75f78d6,599db343-a607-5259-8af1-adde7b1a86ce,11,1047.10,0.00
4cc55633-a302-55ed-b633-7bb6f8d72c03,9c8a12fe-ad0e-538b-bfef-c4afd75f78d6,b4065918-1c4b-50b6-b69a-d859f24bfe23,8,1132.17,905.74
f80e7727-249b-5455-abc2-14aeca37805b,9c8a12fe-ad0e-538b-bfef-c4afd75f78d6,8b12c834-e054-5502-85aa-99d1eb81eee0,6,1393.76,836.26
7dad5a03-622e-5400-bc2a-b7e9ff5e4ac0,5e197cd6-ba65-5e26-9413-4ec93ccd2265,6469a098-75a3-5b3b-839a-ad075a8e67ad,7,728.47,0.00
b83ffa03-2ce6-55ce-9a4b-0a9950b5e49a,ca998fb6-5a71-5439-a935-61b8242c5efe,9e165d6f-802f-5694-a25a-20885ba2aa7f,4,433.03,259.82
c0891338-d726-523d-be05-a01ff2d47fd2,ca998fb6-5a71-5439-a935-61b8242c5efe,8d6058a9-d9fb-546e-b841-e6b4a0978311,9,1083.86,0.00
cd43ee05-f772-5dd6-b7fc-795d924351d2,c6c96ca3-6418-59f4-9ea9-70cc878bfa82,e53c7da2-eb34-5499-8fd8-380dd673ea82,10,1587.45,1587.45
2ec58993-13cc-501e-b63c-9fcec9017e5a,c6c96ca3-6418-59f4-9ea9-70cc878bfa82,0137b3c3-db39-5e56-abf7-8ae43bc349ad,9,1129.31,0.00
4d178137-3edf-517a-9a27-101772c932a1,c6c96ca3-6418-59f4-9ea9-70cc878bfa82,75679cf6-5497-5e69-b773-db773bc6a245,7,1441.14,1008.80
8450bea5-4d1a-5571-bfdc-7dea4d2d631c,c6c96ca3-6418-59f4-9ea9-70cc878bfa82,613ff8f3-9a2b-5f66-8d3e-3e05d5391002,8,474.67,569.60
b459655f-df69-52fa-84a8-6be726e3f9a1,60db8c1a-9023-56ac-8ed0-79a974f0fd31,0137b3c3-db39-5e56-abf7-8ae43bc349ad,6,1129.31,338.79
2e6c03a3-cf79-56a1-901e-b0180d14b60b,60db8c1a-9023-56ac-8ed0-79a974f0fd31,c0bff87f-f764-5151-8aec-dda48ea91847,10,437.68,656.52
234721e4-7fa1-51ff-86d2-d456962b1b84,60db8c1a-9023-56ac-8ed0-79a974f0fd31,bab29423-27f9-5732-bd8b-a403c95b1a96,10,947.18,473.59
2d259c58-c4d3-507c-8fe0-e1a76342e0a4,60db8c1a-9023-56ac-8ed0-79a974f0fd31,617fd070-2fb8-5ff6-8eaa-308844dc97ac,7,1871.53,0.00
bf35fb8e-c4c2-524a-b2b5-2571cd790767,60db8c1a-9023-56ac-8ed0-79a974f0fd31,1760c2e4-563f-5bac-abcd-baf5317434c8,6,1665.26,0.00
c4fcb00e-815a-559e-b0e2-3e315150ad9e,3730b01e-0395-5168-acd9-46738ea5c9e7,d520aef1-b021-5cf0-a1d3-9e7e6d31aab7,3,568.52,170.56
a6a0f4ab-14e6-5667-856a-7fda938d74f5,3730b01e-0395-5168-acd9-46738ea5c9e7,01351cb5-bcf4-52ee-88a1-c6442df67004,1,1268.11,126.81
62a57bb6-0fd8-5154-9174-e37b40656988,3730b01e-0395-5168-acd9-46738ea5c9e7,b4065918-1c4b-50b6-b69a-d859f24bfe23,2,1132.17,0.00
e43d1ec9-33c7-551a-ac9f-fe347a968b79,d8d873fe-1139-511b-b1a6-492f541fecc4,e139b0f5-6ca3-5ccb-8610-5a52b4b0eb6c,11,1053.19,0.00
edca9f88-a180-56b6-b60e-f7777bf24f68,d8d873fe-1139-511b-b1a6-492f541fecc4,673811d5-2f11-5108-8b80-c9dd0dc2adda,11,503.75,831.19
e09cf3ac-c493-5ad8-b922-ef5d3997ab27,c0e02db6-16e4-5a59-9349-eeaf764edce9,af3fc15f-c662-5a5e-9e9c-3b2d4e1b6029,8,1539.94,0.00
4dc6cc00-0719-5a62-847c-c66338f0c24b,c0e02db6-16e4-5a59-9349-eeaf764edce9,b6edaedb-a02c-5fbc-b05c-2b5d8deb20c4,9,1512.83,0.00
40da2862-f1ec-5d10-a435-d02be34c3559,c0e02db6-16e4-5a59-9349-eeaf764edce9,c3e9c7fb-d6ab-5171-a827-7aad6b6d2342,11,1198.11,1317.92
83e4868a-8ffe-59dd-9d46-a448f8e749d4,a2c4b892-962d-5da7-bd09-1b3598b62868,eff08d1d-eb3b-559a-8ca9-60c7b365af52,12,1515.93,2728.67
48a70435-95c2-5eba-9480-19ff2347123a,a2c4b892-962d-5da7-bd09-1b3598b62868,1760c2e4-563f-5bac-abcd-baf5317434c8,8,1665.26,0.00
319eb42c-5aff-500a-875f-4bdbef090def,a2c4b892-962d-5da7-bd09-1b3598b62868,599db343-a607-5259-8af1-adde7b1a86ce,7,1047.10,366.48
a460e9d6-570d-5765-a2bf-9b460d06af9a,a2c4b892-962d-5da7-bd09-1b3598b62868,d4214473-2bf7-5b77-bb1f-734e590c4014,1,1245.02,124.50
452ed57b-9aad-5595-91bb-6586e2a6df6d,a2c4b892-962d-5da7-bd09-1b3598b62868,aa67b9d9-b4e2-53f3-9447-ca933b53344f,12,1163.44,698.06
8e6a2f64-0bee-5d2c-9e1a-319cb4c77a4a,defa8c81-06f6-5cd1-a489-dbd77d859b94,8ac2c18a-5896-572a-9f44-f5d60109258d,7,270.85,94.80
a0136019-cb62-575d-aa20-50e3a71aac82,defa8c81-06f6-5cd1-a489-dbd77d859b94,8d892cdc-d358-5f2b-a85b-cbecc7e0a664,10,1003.20,0.00
a3f40272-f4d4-59b4-8a05-31c681237dc2,defa8c81-06f6-5cd1-a489-dbd77d859b94,591abda9-fd16-5958-b0e9-586f0dfa6e54,4,875.54,0.00
fbaf52ef-1e93-5801-a334-538d51540083,defa8c81-06f6-5cd1-a489-dbd77d859b94,6469a098-75a3-5b3b-839a-ad075a8e67ad,6,728.47,218.54
5c6d96f8-0eee-5fce-8100-0dd506b0a943,0b225f34-a726-5d10-a226-11ff06248cff,af3fc15f-c662-5a5e-9e9c-3b2d4e1b6029,7,1539.94,1616.94
5065f21b-de63-568a-bbfb-de7d33512b70,2196b434-cd4e-56e0-a9de-bb6e592b09ff,6469a098-75a3-5b3b-839a-ad075a8e67ad,12,728.47,437.08
69be8cd7-e558-5993-acf3-c9314cc89c39,2196b434-cd4e-56e0-a9de-bb6e592b09ff,cd410e43-ec3c-524b-84c6-84482a7b1204,8,549.24,0.00
5943971d-7eaa-5069-8136-f4065fcb7ae2,2196b434-cd4e-56e0-a9de-bb6e592b09ff,599db343-a607-5259-8af1-adde7b1a86ce,11,1047.10,1727.72
0fd87d68-1b67-5f2f-87ed-298beca26786,2196b434-cd4e-56e0-a9de-bb6e592b09ff,f65edfe2-43ae-59f6-b37a-f98344e1a998,4,1061.75,424.70
6ff6bbae-ec39-5063-a181-954d93192b76,2196b434-cd4e-56e0-a9de-bb6e592b09ff,f218ba8f-81cf-5efd-ad55-5f4ef76110c2,5,1484.37,0.00
70790417-9f01-5f2d-bc0c-dd601976ec82,25e7f499-b402-5c93-b682-b669a0c133cc,617fd070-2fb8-5ff6-8eaa-308844dc97ac,7,1871.53,655.04
51a63758-f6c2-5b5f-a771-e3e29b0e1d2e,25e7f499-b402-5c93-b682-b669a0c133cc,0eb49bc4-406e-5d63-a28c-3e5b6ef668e4,9,1139.13,1537.83
94631630-1cd2-59b7-8005-561305d9c84c,25e7f499-b402-5c93-b682-b669a0c133cc,aa67b9d9-b4e2-53f3-9447-ca933b53344f,2,1163.44,232.69
b07ea442-bd06-5200-ae93-004a493348bc,6f4840d1-cd89-5d02-983b-e5db958f4931,d4214473-2bf7-5b77-bb1f-734e590c4014,6,1245.02,373.51
984cb948-db66-513b-a337-ed46798cc958,f55c78a2-f6ca-56c4-8990-4b20f6537aed,f65edfe2-43ae-59f6-b37a-f98344e1a998,5,1061.75,0.00
a4bbc5d0-c8f5-5a51-8d30-c7457d9a70ca,f55c78a2-f6ca-56c4-8990-4b20f6537aed,80450a39-8a90-55da-adf7-0b6a1b84aeeb,10,1385.41,0.00
b655fb77-6d49-579e-af2e-399702a5148a,f55c78a2-f6ca-56c4-8990-4b20f6537aed,9e165d6f-802f-5694-a25a-20885ba2aa7f,9,433.03,0.00
70ba5ea9-ffef-5ad0-a81c-dd105d53de46,f55c78a2-f6ca-56c4-8990-4b20f6537aed,f218ba8f-81cf-5efd-ad55-5f4ef76110c2,3,1484.37,445.31
cc913203-6eee-509f-b4e4-ffba3ec9f817,7cb07ebe-6460-5bf6-b3a6-6308b34c9b28,88f79184-2cf9-5f72-8e4a-cedfa68d9d06,11,475.83,785.12
f4d17e39-d91c-5edb-91f7-71365f2e8eed,7cb07ebe-6460-5bf6-b3a6-6308b34c9b28,9f7bfd37-85ae-5a17-9b9f-5dafe3ec68ee,6,1138.16,1024.34
484c4efc-ec53-5daf-b1a0-3267d51f2eab,7cb07ebe-6460-5bf6-b3a6-6308b34c9b28,7169fcc7-7527-510c-b88d-bdcd257ce105,2,1025.31,0.00
ebb667e1-bc94-5cfc-b5ad-b32cae0dc6c5,7cb07ebe-6460-5bf6-b3a6-6308b34c9b28,673811d5-2f11-5108-8b80-c9dd0dc2adda,11,503.75,554.12
8f80e646-527c-53c5-afc1-4ae276a3fae6,7cb07ebe-6460-5bf6-b3a6-6308b34c9b28,0f2c8ffe-5a45-5cfc-afbf-417553294a54,8,237.59,0.00
2b0a3059-978a-577c-bb31-ba4aa82efdf9,480bfa60-6fcf-5487-b2a5-6fc3721561f1,f218ba8f-81cf-5efd-ad55-5f4ef76110c2,4,1484.37,890.62
6b0f62af-3404-53f8-9fe0-d73eaf6f6b8c,480bfa60-6fcf-5487-b2a5-6fc3721561f1,559ab41c-d860-5ab1-aaa1-483577af7b67,12,305.73,183.44
80a40d9f-b561-5871-9dba-62899cf9e02d,480bfa60-6fcf-5487-b2a5-6fc3721561f1,e3b2c918-6a66-5db3-87f9-e5c71515f2ab,10,1297.73,0.00
64df8165-acc7-5e64-9b36-9bed1f85f939,480bfa60-6fcf-5487-b2a5-6fc3721561f1,1c3b9a21-09fa-5c21-bdad-35f2eb8a273f,4,1126.26,675.76
a68a3a29-e856-5129-8a08-0f1e4159f18c,480bfa60-6fcf-5487-b2a5-6fc3721561f1,b6edaedb-a02c-5fbc-b05c-2b5d8deb20c4,8,1512.83,1210.26
aa8f2778-54e3-5df4-bd92-c9a91d4186bf,8a429ad2-1e22-59d5-be52-64845ce75857,91bd15e4-105e-5926-abe6-7ceaf8c07375,9,393.96,354.56
72889a5d-dbe1-5226-b15f-29bdefb70028,8a429ad2-1e22-59d5-be52-64845ce75857,9f7bfd37-85ae-5a17-9b9f-5dafe3ec68ee,3,1138.16,0.00
2eac74bc-d005-5fd8-9f33-d0a643f73161,884466a3-c78e-5678-9846-e4fe15c89587,1cc795b2-21b3-5c5e-84f0-8f1fa20a6dd4,11,668.78,0.00
213c2fc7-12cb-50d9-bb06-9ee2ffb22f85,884466a3-c78e-5678-9846-e4fe15c89587,8d6058a9-d9fb-546e-b841-e6b4a0978311,8,1083.86,0.00
0db91536-28d7-553f-853d-f8eb03e511da,884466a3-c78e-5678-9846-e4fe15c89587,8ac2c18a-5896-572a-9f44-f5d60109258d,12,270.85,162.51
34db9bb9-afe6-5cc5-9e76-c6e355c32a72,884466a3-c78e-5678-9846-e4fe15c89587,f65edfe2-43ae-59f6-b37a-f98344e1a998,8,1061.75,0.00
63b77d47-1eee-5cc7-b5b4-d8684c3d1fe4,090fd4cf-d4fd-5e7e-852a-c2516738662c,673811d5-2f11-5108-8b80-c9dd0dc2adda,5,503.75,0.00
51c58604-d491-5ef6-b423-cae2564e3e78,090fd4cf-d4fd-5e7e-852a-c2516738662c,241d3cd0-ef2c-56b8-bb75-b039a61b370a,9,378.32,0.00
2ac2daf5-a5a0-5c0a-94d5-265a59cbbab9,fd70deb9-f088-56da-a35e-58b003d75f34,1dd10a82-5cdc-539f-af3f-d3f255171973,10,107.50,53.75
058aeff3-51e1-5618-a0d5-36160f6bb287,fd70deb9-f088-56da-a35e-58b003d75f34,2e263bcd-bacc-5f51-b35b-70d1674f4dc5,6,370.19,0.00
f6cbf286-8292-5cae-8800-7622637cf5dc,fd70deb9-f088-56da-a35e-58b003d75f34,8a195dd5-491c-532c-9a61-886a24d451c0,3,1141.76,513.79
90411544-a3a3-593c-afe6-581a943f3a47,9d760968-274f-5bdb-aeb9-2d346ac72be3,e691a6a3-7dd7-5d95-b97e-997e3af77227,5,551.10,0.00
148706ac-a86c-5cee-abaf-7efceb8781a8,9d760968-274f-5bdb-aeb9-2d346ac72be3,1ac8de35-b264-5704-978e-ce8dc08dd02d,1,452.98,0.00
9f63dd19-8145-5255-a586-fe63b61609a1,97eccfa7-862c-5a64-9b81-d7e8e5f083ac,617fd070-2fb8-5ff6-8eaa-308844dc97ac,4,1871.53,0.00
622753b9-0361-50cf-ad96-5311c73e24b8,97eccfa7-862c-5a64-9b81-d7e8e5f083ac,1dd457fd-1d71-5eb5-b684-6f07d43e876c,8,897.97,0.00
4fa73347-4855-5e9a-99af-62565368d49b,97eccfa7-862c-5a64-9b81-d7e8e5f083ac,6469a098-75a3-5b3b-839a-ad075a8e67ad,8,728.47,874.16
d784bbf7-46b5-5390-ac25-6a6f3f086055,97eccfa7-862c-5a64-9b81-d7e8e5f083ac,9b6b9203-f582-59b6-b64c-309881607c86,12,876.23,1051.48
89705f75-1d18-569a-b6a2-1e1473281520,d96300e7-5d0c-5ae7-8f85-c10667fa74e4,13e04507-297b-56af-85d7-75b609d982a1,4,652.61,261.04
b87d45a9-d8d7-5c75-a31b-8b2c47dbfe49,d96300e7-5d0c-5ae7-8f85-c10667fa74e4,851c23cd-3716-5170-b9ac-0c25ddc7c95c,8,497.01,0.00
fd1e9669-cbe6-5656-9f53-c7d8e40d7b0b,d96300e7-5d0c-5ae7-8f85-c10667fa74e4,01351cb5-bcf4-52ee-88a1-c6442df67004,11,1268.11,0.00
68105185-4564-558a-bb88-9b65004a9e2b,d96300e7-5d0c-5ae7-8f85-c10667fa74e4,1cc795b2-21b3-5c5e-84f0-8f1fa20a6dd4,8,668.78,0.00
a7ab979d-6bb8-5bdd-9553-b140ebaeb8e0,d96300e7-5d0c-5ae7-8f85-c10667fa74e4,b4b5a0e3-641b-562e-8386-bff3564cf295,7,158.25,55.39
87e6f182-136f-5435-8bc0-fe24c62afbd8,2c3ad915-ac65-50d3-9984-0adb4fcd1a42,db630ac7-839d-5331-93df-dc621d8357b6,2,582.16,0.00
5e2665f1-5788-5c82-99bb-44e283c76654,2c3ad915-ac65-50d3-9984-0adb4fcd1a42,1657c1e2-1668-5957-a5e5-822140c08707,9,1260.09,0.00
64e6ecbd-5111-52af-8ced-1488759cea40,2c3ad915-ac65-50d3-9984-0adb4fcd1a42,8d6058a9-d9fb-546e-b841-e6b4a0978311,2,1083.86,108.39
da5884d3-8f08-5523-bc16-345449bb8196,2c3ad915-ac65-50d3-9984-0adb4fcd1a42,d520aef1-b021-5cf0-a1d3-9e7e6d31aab7,10,568.52,0.00
a3e4cfbe-0694-5ef5-a131-5996e1ff7ee3,2c3ad915-ac65-50d3-9984-0adb4fcd1a42,dee51c26-0113-56c0-a9c6-edbcfc488df1,8,83.53,100.24
40aa8f66-5f78-5442-8ff7-27922dd24b90,2c895b4e-1e13-57af-8e13-1dd258554183,b4b5a0e3-641b-562e-8386-bff3564cf295,9,158.25,0.00
ef2e912b-284e-50e2-b47a-1d6c8c7caaa8,2c895b4e-1e13-57af-8e13-1dd258554183,31a97c6b-10cf-54c1-b463-f81683a437cc,6,1252.58,0.00
7d871a69-3c94-510b-aecf-1669db3d14dd,94fd0fe9-4c00-5f56-af9f-85006ba93f6a,9b6b9203-f582-59b6-b64c-309881607c86,4,876.23,0.00
bb4da782-43d4-59b2-b4b5-32157947af31,94fd0fe9-4c00-5f56-af9f-85006ba93f6a,829935ce-9ec7-5afb-a542-873877c9ce31,2,378.45,0.00
5fe94615-9cbd-5f44-9549-61302ec1550d,94fd0fe9-4c00-5f56-af9f-85006ba93f6a,88f79184-2cf9-5f72-8e4a-cedfa68d9d06,10,475.83,713.74
332561ac-31fb-5d44-a36a-5c2390aecaee,9a45c15c-8ae8-560d-88fe-319aaceb2d00,7169fcc7-7527-510c-b88d-bdcd257ce105,3,1025.31,153.80
ad8719c8-3cb4-5a1e-8c0a-264c2046e123,9a45c15c-8ae8-560d-88fe-319aaceb2d00,1760c2e4-563f-5bac-abcd-baf5317434c8,2,1665.26,499.58
c1eb7870-4270-5d51-8e10-4ef2a5cfb1c0,9a45c15c-8ae8-560d-88fe-319aaceb2d00,851c23cd-3716-5170-b9ac-0c25ddc7c95c,7,497.01,0.00
f5ff8e5a-422a-51d3-b659-d4cf81f97327,9a45c15c-8ae8-560d-88fe-319aaceb2d00,cdea42fb-ee49-5a22-a213-56a8f9fcb148,3,1597.00,718.65
fbce829c-7b10-5592-9c0b-601c8651aa44,9a45c15c-8ae8-560d-88fe-319aaceb2d00,591abda9-fd16-5958-b0e9-586f0dfa6e54,7,875.54,919.32
0a47ceb9-b625-5509-beb3-84c6cffe86c0,a6a1684e-b6f7-5bdb-9365-55cae22570c2,fb4140fc-b3c1-5a6a-8613-9b068fdd2b39,2,931.77,279.53
b648f964-ff6f-5b9d-8421-091053aa3c0a,a6a1684e-b6f7-5bdb-9365-55cae22570c2,c2be7cd9-f7ee-544a-9ceb-7052826da8ce,3,183.13,82.41
14784049-3f34-5ef6-9fdd-adb49de6003d,a6a1684e-b6f7-5bdb-9365-55cae22570c2,599db343-a607-5259-8af1-adde7b1a86ce,5,1047.10,261.78
1c0a7270-9c7c-577f-b7af-d5f7ff9135d9,a6a1684e-b6f7-5bdb-9365-55cae22570c2,b5386670-1687-5260-ad33-97e5d697c425,9,902.07,0.00
50a602bb-5932-5909-a21b-116924b4a398,a6a1684e-b6f7-5bdb-9365-55cae22570c2,d3739878-986b-5b5f-a096-4452493d6cbb,12,869.60,0.00
30fc0b34-0b76-55f0-a133-792c4b207c53,92b92038-3507-5169-bf01-435b2e43db6b,ac03c1f7-3948-530e-8de5-80756984ab20,3,564.84,169.45
0ccf2bb2-2e58-5a53-a8b7-742e17dbc346,92b92038-3507-5169-bf01-435b2e43db6b,db43f9b2-c956-5785-8950-8287c47db3ae,11,894.98,492.24
49adfc4a-24e1-54e7-b8f6-dc89a50d2cba,92b92038-3507-5169-bf01-435b2e43db6b,eff08d1d-eb3b-559a-8ca9-60c7b365af52,3,1515.93,0.00
e2b355ae-17f6-564b-8bbc-bd42f88672e7,92b92038-3507-5169-bf01-435b2e43db6b,e53c7da2-eb34-5499-8fd8-380dd673ea82,6,1587.45,952.47
c20d2298-ec4e-5ab4-b428-165b42ec22ca,92b92038-3507-5169-bf01-435b2e43db6b,9f7bfd37-85ae-5a17-9b9f-5dafe3ec68ee,8,1138.16,455.26
01550145-6a37-595f-a671-0f51ae80719f,dfb0990e-099c-520e-a175-b3231b2b9a22,d68351a2-cf36-5984-a091-28a9f5b6bb7e,3,1017.79,305.34
2a9ed142-4d5d-5b1e-91f2-77a5cad8b415,dfb0990e-099c-520e-a175-b3231b2b9a22,1dd10a82-5cdc-539f-af3f-d3f255171973,5,107.50,0.00
a18dbffc-ffe4-5b2c-b3ea-1fd7bba507d7,dfb0990e-099c-520e-a175-b3231b2b9a22,f78fc905-81d2-5f52-8c77-1cff3a4b42b7,2,290.47,0.00
cf27445c-3944-5bd6-98c9-9a12560ec061,dfb0990e-099c-520e-a175-b3231b2b9a22,deaf9542-d65c-5f41-b22e-b1d033baea7a,7,1236.17,1297.98
9a47f4a3-fff8-566e-8d62-2d4dffc934d2,dfb0990e-099c-520e-a175-b3231b2b9a22,8d892cdc-d358-5f2b-a85b-cbecc7e0a664,9,1003.20,0.00
9117db28-fb2b-58f3-af5f-866b2c00aae7,1cfbfb62-81de-5b07-97b7-0b16d3faa0b3,1657c1e2-1668-5957-a5e5-822140c08707,5,1260.09,0.00
bb1a4fc0-1088-5e32-93ed-94ac03f61ca8,1cfbfb62-81de-5b07-97b7-0b16d3faa0b3,eff08d1d-eb3b-559a-8ca9-60c7b365af52,3,1515.93,227.39
d4d6acec-f894-5ee7-8936-83db6f623365,1cfbfb62-81de-5b07-97b7-0b16d3faa0b3,1ac8de35-b264-5704-978e-ce8dc08dd02d,1,452.98,45.30
c6a8d5a7-1275-5bd5-b2cc-e596ce074fe1,1cfbfb62-81de-5b07-97b7-0b16d3faa0b3,2f2113cc-589a-55b5-846a-78fddce3a3c9,9,688.27,309.72
d262ef5d-f8cd-55db-81c1-3c4f4f76dd15,fc2b7b60-0861-54f0-ab1c-c98781097fe1,2f2113cc-589a-55b5-846a-78fddce3a3c9,10,688.27,1032.40
3f61440b-b8a0-555b-aa00-bb41ca1f1a7c,fc2b7b60-0861-54f0-ab1c-c98781097fe1,13ea52a1-6b55-57c7-b84e-acf7fb92f106,9,368.84,0.00
84345be7-0637-5499-b767-a2488a5b9ca2,dcd7fed9-8ced-5ef3-a62b-25833fa2e50a,cd410e43-ec3c-524b-84c6-84482a7b1204,7,549.24,576.70
104d857b-a003-5026-b85c-f8507651aa39,dcd7fed9-8ced-5ef3-a62b-25833fa2e50a,db43f9b2-c956-5785-8950-8287c47db3ae,4,894.98,0.00
6b413776-0678-5fa0-836b-88565f4aeee1,dcd7fed9-8ced-5ef3-a62b-25833fa2e50a,af3fc15f-c662-5a5e-9e9c-3b2d4e1b6029,12,1539.94,923.96
defc121f-3e22-56f8-8cec-e60a9dffa16d,dcd7fed9-8ced-5ef3-a62b-25833fa2e50a,9a2e8c5f-4d3e-5cb8-ba78-f2bd562ee61b,1,688.27,0.00
a66fe316-727f-5cb8-9acb-3f69f2d75de5,dcd7fed9-8ced-5ef3-a62b-25833fa2e50a,88f79184-2cf9-5f72-8e4a-cedfa68d9d06,3,475.83,214.12
2937e119-1dc1-5694-a02e-ad2dfc2365e5,281e02d0-86eb-567b-8ee5-e13d0dc36d58,1dd10a82-5cdc-539f-af3f-d3f255171973,2,107.50,21.50
efbe976b-a520-503b-9b2d-c3730454ed67,281e02d0-86eb-567b-8ee5-e13d0dc36d58,8b12c834-e054-5502-85aa-99d1eb81eee0,9,1393.76,1254.38
4caefcde-eeaf-50a8-83bb-491facac2fb5,4d14caa9-4bbb-5d2b-9b58-6d241042f8fe,0eb49bc4-406e-5d63-a28c-3e5b6ef668e4,10,1139.13,0.00
556aff84-7b77-5efc-89ba-8f03de88daf3,4d14caa9-4bbb-5d2b-9b58-6d241042f8fe,fd5d29e1-571f-589d-be31-aa00127c02aa,8,943.56,1132.27
c8f39091-b099-586c-8571-c72ff36b5792,4d14caa9-4bbb-5d2b-9b58-6d241042f8fe,2f2113cc-589a-55b5-846a-78fddce3a3c9,5,688.27,516.20
b3c22cf8-7f8b-5c0c-a87a-dc1b2f333aa5,6e8237ff-8e3c-531a-81e3-81a245a044f7,508dfc85-5bf2-5709-b1e3-06ff86d5acb8,11,387.07,212.89
ae3b84ae-31a4-59f2-b772-0554fec50067,6e8237ff-8e3c-531a-81e3-81a245a044f7,aa67b9d9-b4e2-53f3-9447-ca933b53344f,6,1163.44,349.03
ec88c9d7-4024-5648-bdc5-96c744403fbc,6e8237ff-8e3c-531a-81e3-81a245a044f7,deaf9542-d65c-5f41-b22e-b1d033baea7a,3,1236.17,0.00
d7446cbb-6b87-576a-92b6-7501d87443ef,6e8237ff-8e3c-531a-81e3-81a245a044f7,829935ce-9ec7-5afb-a542-873877c9ce31,2,378.45,0.00
6cbf8da9-d52a-56c3-b9a6-dd034307134d,1b89eb19-e26a-5fc8-ba92-baa4dbe5cfa6,9f7bfd37-85ae-5a17-9b9f-5dafe3ec68ee,2,1138.16,227.63
bfa45580-3466-55b8-93b8-291b232d1891,1b89eb19-e26a-5fc8-ba92-baa4dbe5cfa6,80450a39-8a90-55da-adf7-0b6a1b84aeeb,7,1385.41,1454.68
d0a3427d-c4df-5657-88d8-09f64486acf1,e8d9db46-c759-5af5-b009-bc07e7f85669,d520aef1-b021-5cf0-a1d3-9e7e6d31aab7,7,568.52,596.95
f98714ea-527c-57f8-b2ff-8d7fce9cdc29,e8d9db46-c759-5af5-b009-bc07e7f85669,201fb8e4-2c24-5483-b44d-4063694486b2,11,1026.69,1694.04
869906f2-dd1e-569c-9205-80a495f45d23,888e390e-2bb9-5fd9-b3d3-e83ac5a701b2,201fb8e4-2c24-5483-b44d-4063694486b2,3,1026.69,0.00
a57b532d-bcc8-5796-8177-c59cecc36764,888e390e-2bb9-5fd9-b3d3-e83ac5a701b2,cd410e43-ec3c-524b-84c6-84482a7b1204,5,549.24,0.00
a2fb30ff-b6e7-53eb-96c2-68567d62634b,888e390e-2bb9-5fd9-b3d3-e83ac5a701b2,3d307d78-b10f-5539-a951-7bcc9fd17161,11,1342.24,0.00
505cabed-875e-597c-9a09-e52e045c1c37,888e390e-2bb9-5fd9-b3d3-e83ac5a701b2,b4b5a0e3-641b-562e-8386-bff3564cf295,8,158.25,63.30
c87a7b9f-e738-5ee6-bcaf-60a125407271,888e390e-2bb9-5fd9-b3d3-e83ac5a701b2,a042ed60-9218-5159-876b-6c4dd0e5f934,1,381.33,19.07
8abe5065-cdd5-5ba7-bc18-61ae474cc1f4,32f1b5bd-abb6-5bcc-a3d4-27b0a1c3b85e,80450a39-8a90-55da-adf7-0b6a1b84aeeb,1,1385.41,69.27
3b3a9656-6e92-51e3-a2e4-c7f9ee7ed1f4,3cb66d07-9bb6-52d3-94da-f05fdba8e46c,e139b0f5-6ca3-5ccb-8610-5a52b4b0eb6c,9,1053.19,0.00
ffaaedf1-340d-5b5b-912f-47c0b4573953,3cb66d07-9bb6-52d3-94da-f05fdba8e46c,1cc795b2-21b3-5c5e-84f0-8f1fa20a6dd4,10,668.78,668.78
824b536c-da03-5af6-a0f6-5f99d1d45c61,3cb66d07-9bb6-52d3-94da-f05fdba8e46c,952e981c-e5c2-53da-984a-78dc5e3b1ad4,12,130.99,235.78
c639cf69-5f55-5deb-a436-80bb89c8dd5e,3cb66d07-9bb6-52d3-94da-f05fdba8e46c,d4214473-2bf7-5b77-bb1f-734e590c4014,4,1245.02,0.00
05339f5c-f740-5d47-8891-ccc1083ad563,3cb66d07-9bb6-52d3-94da-f05fdba8e46c,de536700-41fe-55c3-beb9-bfb9849c872b,1,1685.26,252.79
98e3c30d-88de-5289-bf6f-f12807d9f07a,dc9c15ed-2f69-5fea-a133-218699859c1a,f9fe7a6c-9a44-59e2-a4cc-fef69cc2e48e,1,684.00,0.00
00403443-403c-5e1f-8d51-a3f5050307ec,3ff6c0fd-b35a-5bbb-925f-174437b71a06,7169fcc7-7527-510c-b88d-bdcd257ce105,4,1025.31,205.06
8cb4733f-5ea0-51ac-ae55-856414d36d7a,3ff6c0fd-b35a-5bbb-925f-174437b71a06,599db343-a607-5259-8af1-adde7b1a86ce,6,1047.10,0.00
56e6357a-472b-5d73-aa65-ac8e68c96d89,3ff6c0fd-b35a-5bbb-925f-174437b71a06,cb09f248-037d-5a0d-9970-99cb102c05d8,8,1006.42,0.00
f26eb5dd-4689-58f1-9b5c-210a040434ac,89f4be06-6477-5995-9eb3-2d607e2a7aaf,af3fc15f-c662-5a5e-9e9c-3b2d4e1b6029,8,1539.94,1231.95
1aa386a9-a97f-5a61-b0ab-0a2b49ce1bbf,91afb9c1-d2f2-5a69-bc8c-9854c17c6d6e,0f2c8ffe-5a45-5cfc-afbf-417553294a54,1,237.59,0.00
d00387f8-f6fd-549d-b47e-77d765f8a851,91afb9c1-d2f2-5a69-bc8c-9854c17c6d6e,01351cb5-bcf4-52ee-88a1-c6442df67004,1,1268.11,63.41
1ca745cd-0741-5588-801c-0919e78f8f0d,91afb9c1-d2f2-5a69-bc8c-9854c17c6d6e,45669348-c1a3-5956-bbf2-d29bd438fbdc,2,536.14,0.00
363fba4a-2806-59b8-aa24-e74bb24e7b24,91afb9c1-d2f2-5a69-bc8c-9854c17c6d6e,829935ce-9ec7-5afb-a542-873877c9ce31,1,378.45,0.00
67bad412-271d-5e7c-9500-079d1b4acae0,91afb9c1-d2f2-5a69-bc8c-9854c17c6d6e,cdea42fb-ee49-5a22-a213-56a8f9fcb148,9,1597.00,2155.95
bebed1b3-31ff-5308-905f-8378117ea462,2badb7c2-2d43-5c39-bd97-d0b3a6ff114b,f350d57a-8885-50f1-b76a-29f7a8057a35,8,1251.43,0.00
94f03c52-2382-5306-a140-f981d03d4fd5,2badb7c2-2d43-5c39-bd97-d0b3a6ff114b,deaf9542-d65c-5f41-b22e-b1d033baea7a,1,1236.17,185.43
60d7259d-1249-5992-b78e-613be2017391,2badb7c2-2d43-5c39-bd97-d0b3a6ff114b,31a97c6b-10cf-54c1-b463-f81683a437cc,8,1252.58,0.00
5679043e-12da-59b3-9961-88c16e7adc55,83ded420-216f-5a6d-9db3-ddeacaa3a4dd,31a97c6b-10cf-54c1-b463-f81683a437cc,12,1252.58,1503.10
5478b11a-ce12-55f4-86f6-9490b04b47ce,83ded420-216f-5a6d-9db3-ddeacaa3a4dd,d520aef1-b021-5cf0-a1d3-9e7e6d31aab7,12,568.52,341.11
8731e6c5-72d4-586a-88e3-0660c9fba478,c9bebe4f-9bef-5ed0-ba2f-248c74c58b11,9a2e8c5f-4d3e-5cb8-ba78-f2bd562ee61b,1,688.27,0.00
6bda5922-4561-5ba1-bc91-e2ef3602055c,c9bebe4f-9bef-5ed0-ba2f-248c74c58b11,12003734-bab7-5410-8c89-f9a8c4967dea,2,1269.66,380.90
4bbceb70-d60b-5a7d-bdea-3290759dec22,c9bebe4f-9bef-5ed0-ba2f-248c74c58b11,8a195dd5-491c-532c-9a61-886a24d451c0,6,1141.76,685.06
9d60a78f-8c91-5125-a6cd-61cece86a24a,c9bebe4f-9bef-5ed0-ba2f-248c74c58b11,8dfa6632-930f-5fdc-b7cd-8d5908a33d66,2,271.74,27.17
d504b53f-7418-5c6e-8a38-766c45a9756d,c9bebe4f-9bef-5ed0-ba2f-248c74c58b11,9b6b9203-f582-59b6-b64c-309881607c86,8,876.23,0.00
726d61e1-ea82-544b-9a51-90dd16f9edaa,21017e60-40fe-5e25-8326-aac59e4fa636,1c3b9a21-09fa-5c21-bdad-35f2eb8a273f,12,1126.26,0.00
e8c327c7-589b-5b6b-8cc9-64537ad334d2,21017e60-40fe-5e25-8326-aac59e4fa636,1ac8de35-b264-5704-978e-ce8dc08dd02d,10,452.98,452.98
d9557526-7a74-5345-96cd-76857d5cf205,8f8f9213-a7bc-5b8e-bdd5-5dd9f9a65c07,8d6058a9-d9fb-546e-b841-e6b4a0978311,7,1083.86,758.70
64e8b4bc-a9fd-56e3-aa28-170004412714,8f8f9213-a7bc-5b8e-bdd5-5dd9f9a65c07,01351cb5-bcf4-52ee-88a1-c6442df67004,4,1268.11,253.62
ff13c1cb-b48f-5e97-83b6-8d3661b35371,8f8f9213-a7bc-5b8e-bdd5-5dd9f9a65c07,b4065918-1c4b-50b6-b69a-d859f24bfe23,7,1132.17,0.00
670d1d4e-e27c-5509-aaa3-b5528fc628c1,8f8f9213-a7bc-5b8e-bdd5-5dd9f9a65c07,9a2e8c5f-4d3e-5cb8-ba78-f2bd562ee61b,4,688.27,0.00
dff52d49-73d7-52b2-92b5-78c2b72ace0c,818422d7-8b08-5cda-b049-5b8dc495e703,0f2c8ffe-5a45-5cfc-afbf-417553294a54,8,237.59,0.00
26a2b57a-93dd-558d-9eaa-6c04b463a82e,818422d7-8b08-5cda-b049-5b8dc495e703,f65edfe2-43ae-59f6-b37a-f98344e1a998,6,1061.75,318.52
cec51188-6fbd-53b6-a60c-069f54866e06,818422d7-8b08-5cda-b049-5b8dc495e703,8b12c834-e054-5502-85aa-99d1eb81eee0,7,1393.76,0.00
0a88af6f-562e-5360-a02d-f851adbd87b0,87574f46-3ce9-50eb-a59a-8173504839bf,d96da70b-0cb5-58c8-928a-aafb2d90b154,10,1827.60,913.80
12b683d0-429f-5105-ac78-8b37cbbc8dd8,87574f46-3ce9-50eb-a59a-8173504839bf,31a97c6b-10cf-54c1-b463-f81683a437cc,12,1252.58,0.00
826325f4-d550-5736-b919-63a3505f9300,92c131cb-2486-5676-b037-09805ace2e59,d4214473-2bf7-5b77-bb1f-734e590c4014,6,1245.02,747.01
b404310a-6dc8-57fd-9d29-510ad5d1b4fb,6034914a-f22b-5e23-936d-673f64608bbc,673811d5-2f11-5108-8b80-c9dd0dc2adda,2,503.75,50.38
b83b263b-d487-510d-a07a-59ffb23d20c1,a317748e-aea4-59f7-9d49-eaee90cb78c2,0caef625-914f-5fea-8e59-19b212bfbd46,3,1252.51,563.63
c6ec0c51-a05a-59e3-b099-48facce2f26d,a317748e-aea4-59f7-9d49-eaee90cb78c2,cdea42fb-ee49-5a22-a213-56a8f9fcb148,6,1597.00,0.00
9fb0bbde-f4ab-51a5-8a19-f670041965a1,ed6b7e19-f8f4-5313-8394-6947986a2826,b4065918-1c4b-50b6-b69a-d859f24bfe23,1,1132.17,169.83
8c570e79-abf2-5220-8ee3-c1ff6c31e23d,ed6b7e19-f8f4-5313-8394-6947986a2826,d6b2e2d8-f41b-5418-ba12-fcffc0aa6508,12,1950.05,3510.09
cf33382c-2ba4-5430-abec-50713bf7c605,ed6b7e19-f8f4-5313-8394-6947986a2826,9e165d6f-802f-5694-a25a-20885ba2aa7f,2,433.03,0.00
e35860a1-1944-5cc7-b4af-0bede42a06fe,ed6b7e19-f8f4-5313-8394-6947986a2826,39cb20a1-5dca-5b11-90c4-3e96e441ed0c,10,447.96,447.96
af248a8f-6249-59fa-8cba-b8b4ab077774,ed6b7e19-f8f4-5313-8394-6947986a2826,e53c7da2-eb34-5499-8fd8-380dd673ea82,4,1587.45,0.00
d524f2e4-7351-5197-92c5-1fb21da34f33,9ea83dd9-4f28-5da2-a389-46bf031a257b,0137b3c3-db39-5e56-abf7-8ae43bc349ad,1,1129.31,56.47
a9a0b2f8-bff0-5404-9013-9ac4fa6d56c1,9ea83dd9-4f28-5da2-a389-46bf031a257b,f218ba8f-81cf-5efd-ad55-5f4ef76110c2,6,1484.37,0.00
43005ff0-d4e6-52ff-81e8-c0656ec9e5fd,9ea83dd9-4f28-5da2-a389-46bf031a257b,952e981c-e5c2-53da-984a-78dc5e3b1ad4,5,130.99,0.00
db22c30e-ded7-5bb2-a812-b47d85ccffa0,9ea83dd9-4f28-5da2-a389-46bf031a257b,dee51c26-0113-56c0-a9c6-edbcfc488df1,11,83.53,45.94
f5e8c416-1e1f-5dd5-a51c-41fad8a4e5a4,581b2681-31bf-5e0c-b7a5-1c25c77b1e5d,b6464168-fc86-5543-9805-0861ea9c66cc,12,1065.14,0.00
03652c08-9723-5c0d-9b56-e1ca6f5a689a,581b2681-31bf-5e0c-b7a5-1c25c77b1e5d,cdea42fb-ee49-5a22-a213-56a8f9fcb148,1,1597.00,239.55
6ac766bc-3846-5be4-9d93-5d51d17d9274,581b2681-31bf-5e0c-b7a5-1c25c77b1e5d,b6edaedb-a02c-5fbc-b05c-2b5d8deb20c4,11,1512.83,0.00
de310e3d-c81b-5c57-a7d4-12763881459f,581b2681-31bf-5e0c-b7a5-1c25c77b1e5d,c3e9c7fb-d6ab-5171-a827-7aad6b6d2342,4,1198.11,718.87
331fea4e-010c-5c93-94b9-6616c89db9b9,581b2681-31bf-5e0c-b7a5-1c25c77b1e5d,617fd070-2fb8-5ff6-8eaa-308844dc97ac,10,1871.53,1871.53
717beeaa-a959-5602-8603-b5891cab526f,d575d140-23fa-5d47-b60c-488d53a05eb8,db630ac7-839d-5331-93df-dc621d8357b6,7,582.16,611.27
32a81a5a-8e2c-54f3-ac68-49a1f9596750,d575d140-23fa-5d47-b60c-488d53a05eb8,2e263bcd-bacc-5f51-b35b-70d1674f4dc5,6,370.19,0.00
e8e822d6-115f-5eb7-b17b-dc6c9fe2df8b,d575d140-23fa-5d47-b60c-488d53a05eb8,d68351a2-cf36-5984-a091-28a9f5b6bb7e,3,1017.79,0.00
0d1334d4-6759-59e4-907a-14bdcedb11ba,d575d140-23fa-5d47-b60c-488d53a05eb8,228ccd2f-642c-5fdf-abf0-129af98a3568,9,148.91,0.00
1790c5f0-ef53-5521-9eb3-33f27834bfea,067aec29-7f7d-5b31-af87-26ba70214660,b6edaedb-a02c-5fbc-b05c-2b5d8deb20c4,7,1512.83,0.00
8b424199-a958-58c8-8d4f-445b550ab359,067aec29-7f7d-5b31-af87-26ba70214660,591abda9-fd16-5958-b0e9-586f0dfa6e54,5,875.54,0.00
2bdb0391-16a8-5e45-abd9-127d4ae62943,067aec29-7f7d-5b31-af87-26ba70214660,13ea52a1-6b55-57c7-b84e-acf7fb92f106,4,368.84,147.54
f608af99-734d-540f-a3c1-29efb9f6c21d,8a648371-4a35-5ef9-bcc9-287e488a8d9c,3205bb8a-e766-5617-a3d4-78aaa9883bc8,12,1355.84,813.50
3ac6ddcd-be31-5764-98fa-063c47c85940,8a648371-4a35-5ef9-bcc9-287e488a8d9c,b4065918-1c4b-50b6-b69a-d859f24bfe23,9,1132.17,0.00
ac2ef94e-28a9-5dc8-9707-05880be24b52,8a648371-4a35-5ef9-bcc9-287e488a8d9c,f65edfe2-43ae-59f6-b37a-f98344e1a998,10,1061.75,0.00
dfe14b8b-19ad-5046-a519-e756414c9b23,94580e9f-571f-5ace-8e9c-362470c4cb9f,b6464168-fc86-5543-9805-0861ea9c66cc,9,1065.14,1437.94
1603fe1d-b7e7-5840-b1e8-cbfaa3c5b0bf,94580e9f-571f-5ace-8e9c-362470c4cb9f,9f7bfd37-85ae-5a17-9b9f-5dafe3ec68ee,11,1138.16,1251.98
7d2b6373-c47f-560c-851c-d653614ac813,94580e9f-571f-5ace-8e9c-362470c4cb9f,dee51c26-0113-56c0-a9c6-edbcfc488df1,2,83.53,0.00
340e8ae1-c1b5-560e-a1f9-16f2cf28405a,94580e9f-571f-5ace-8e9c-362470c4cb9f,91bd15e4-105e-5926-abe6-7ceaf8c07375,9,393.96,531.85
d76b94d9-6c3e-5de6-8213-9beb442b9106,53521f06-c3e4-5fe4-ac0b-25a004915895,7169fcc7-7527-510c-b88d-bdcd257ce105,8,1025.31,410.12
bcdc9919-3e34-5179-ac74-62e6ff209a1e,53521f06-c3e4-5fe4-ac0b-25a004915895,01351cb5-bcf4-52ee-88a1-c6442df67004,2,1268.11,126.81
0fd21051-daec-5471-95f9-f6402ab1c5e7,53521f06-c3e4-5fe4-ac0b-25a004915895,f218ba8f-81cf-5efd-ad55-5f4ef76110c2,11,1484.37,816.40
d81d6e05-ac93-529d-a020-242678cd1234,53521f06-c3e4-5fe4-ac0b-25a004915895,1657c1e2-1668-5957-a5e5-822140c08707,9,1260.09,567.04
421e1765-9916-5a3b-946d-2f657105fe82,47b1df15-fc1e-5af2-b1d9-5dd242017fc5,e691a6a3-7dd7-5d95-b97e-997e3af77227,4,551.10,0.00
96b31640-25a5-5bea-b9a6-4e471b5c4d73,3f238f1c-05b0-58a6-8d04-f487798b3b03,591abda9-fd16-5958-b0e9-586f0dfa6e54,4,875.54,350.22
38233d5f-5518-5591-bf15-7d4c56419b15,3f238f1c-05b0-58a6-8d04-f487798b3b03,a042ed60-9218-5159-876b-6c4dd0e5f934,9,381.33,171.60
6769be76-ddec-59e2-9091-5e9f808552ef,3f238f1c-05b0-58a6-8d04-f487798b3b03,e53c7da2-eb34-5499-8fd8-380dd673ea82,6,1587.45,476.24
931b5183-6e66-5dda-bff3-8498da7240ac,4f2946d7-68a0-55f9-abd6-3b2541926c17,e53c7da2-eb34-5499-8fd8-380dd673ea82,9,1587.45,0.00
4cbc75a9-a2b3-57a9-a228-0cb5ea7c1e83,4f2946d7-68a0-55f9-abd6-3b2541926c17,a042ed60-9218-5159-876b-6c4dd0e5f934,8,381.33,457.60
d5711014-ee98-57b0-a3ed-8020a0bc6864,6ee643b6-a3b9-5137-bca2-2c26f774cd9f,b4065918-1c4b-50b6-b69a-d859f24bfe23,12,1132.17,0.00
0b75e875-bc6c-5ce7-8f66-bbddeee7dadf,6ee643b6-a3b9-5137-bca2-2c26f774cd9f,201fb8e4-2c24-5483-b44d-4063694486b2,6,1026.69,0.00
74777c6e-a759-5903-a2e5-43cc959db3fa,6ee643b6-a3b9-5137-bca2-2c26f774cd9f,c2be7cd9-f7ee-544a-9ceb-7052826da8ce,10,183.13,0.00
a232b2ac-2a87-5e6f-9c05-5731b63d6f37,0ffb3e01-985d-5674-a25c-6a4827da65b6,aa67b9d9-b4e2-53f3-9447-ca933b53344f,7,1163.44,0.00
87e8be33-9a3f-553a-aa84-6383288b1c20,0ffb3e01-985d-5674-a25c-6a4827da65b6,b6464168-fc86-5543-9805-0861ea9c66cc,6,1065.14,639.08
3422f378-9677-5182-8c22-345068c28a41,0ffb3e01-985d-5674-a25c-6a4827da65b6,8d6058a9-d9fb-546e-b841-e6b4a0978311,4,1083.86,0.00
37efedc8-df2a-55a9-b985-75ae57d526d8,0ffb3e01-985d-5674-a25c-6a4827da65b6,13e04507-297b-56af-85d7-75b609d982a1,5,652.61,326.30
270515c6-d7fe-54a2-b900-5d5bf4fc6aa9,86351a85-5217-55f2-a41b-e86bb96b98ea,0f2c8ffe-5a45-5cfc-afbf-417553294a54,7,237.59,83.16
1e6fa62f-c045-53cd-a134-12128bc4b171,e4d096b5-a108-5b5c-90a5-d70f95243444,559ab41c-d860-5ab1-aaa1-483577af7b67,2,305.73,61.15
fff22c15-732b-537a-9520-cf686047f039,e4d096b5-a108-5b5c-90a5-d70f95243444,43d6da55-777b-55ef-8cf5-d4cc7bfa63ad,6,1159.60,347.88
ce9965e7-3055-5d89-8574-4f132ae0b1b7,e4d096b5-a108-5b5c-90a5-d70f95243444,db43f9b2-c956-5785-8950-8287c47db3ae,5,894.98,0.00
e9b65409-db12-5930-a955-f21cbfef9732,e4d096b5-a108-5b5c-90a5-d70f95243444,8ac2c18a-5896-572a-9f44-f5d60109258d,9,270.85,0.00
fb502792-49e2-53fd-8b38-2d0303fa8850,e4d096b5-a108-5b5c-90a5-d70f95243444,e139b0f5-6ca3-5ccb-8610-5a52b4b0eb6c,10,1053.19,526.60
987223bf-462c-5540-95c5-acdd1837abf4,0bebc0ac-deaa-5d48-b847-fe9ccda639fd,7169fcc7-7527-510c-b88d-bdcd257ce105,3,1025.31,153.80
0170dcb9-9d4d-5706-9732-59266692216b,0bebc0ac-deaa-5d48-b847-fe9ccda639fd,f78fc905-81d2-5f52-8c77-1cff3a4b42b7,10,290.47,435.70
e5a8595a-086b-5cdc-9655-d0c3bd6c5dd3,2a049c0c-8ee7-5c2e-bffa-8ba2ac0ae8cd,c3e9c7fb-d6ab-5171-a827-7aad6b6d2342,9,1198.11,1617.45
14abe350-e7e6-5b1b-9470-d0f9510c8e0c,2a049c0c-8ee7-5c2e-bffa-8ba2ac0ae8cd,cdea42fb-ee49-5a22-a213-56a8f9fcb148,3,1597.00,239.55
22cf568a-83aa-54d0-9602-9caef720b9f2,2a049c0c-8ee7-5c2e-bffa-8ba2ac0ae8cd,75679cf6-5497-5e69-b773-db773bc6a245,5,1441.14,0.00
d11cda85-1ed5-57a0-8bce-20553b0cf2d0,2a049c0c-8ee7-5c2e-bffa-8ba2ac0ae8cd,e53c7da2-eb34-5499-8fd8-380dd673ea82,10,1587.45,1587.45
3de9ce6d-7c6f-534c-be6b-fca7ea2e33d8,2a049c0c-8ee7-5c2e-bffa-8ba2ac0ae8cd,d4214473-2bf7-5b77-bb1f-734e590c4014,11,1245.02,684.76
fed95908-803c-545f-a7ac-ee8593caba45,5634edd7-4a31-5c46-afd9-41f45249ab27,1fa2b768-1b9d-5b9c-befa-fac1ccb97563,4,771.34,0.00
f10131c2-3924-5fe7-a45c-81a7af43ad70,5634edd7-4a31-5c46-afd9-41f45249ab27,43d6da55-777b-55ef-8cf5-d4cc7bfa63ad,1,1159.60,0.00
a65b440f-e923-5d65-b7af-27cb21e6728e,5634edd7-4a31-5c46-afd9-41f45249ab27,f9fe7a6c-9a44-59e2-a4cc-fef69cc2e48e,1,684.00,0.00
2b0cb16e-f00a-5527-a44c-5f277eff590b,1df6655b-7535-5c89-b020-6dcebbc69efb,1cc795b2-21b3-5c5e-84f0-8f1fa20a6dd4,2,668.78,0.00
688a2096-ad97-5135-9e44-e93308f30566,1df6655b-7535-5c89-b020-6dcebbc69efb,d4214473-2bf7-5b77-bb1f-734e590c4014,5,1245.02,622.51
ecffc8f9-d943-571f-bb60-9990a902532c,1df6655b-7535-5c89-b020-6dcebbc69efb,13ea52a1-6b55-57c7-b84e-acf7fb92f106,10,368.84,0.00
41ec1852-ca14-5358-b5e3-4e987dffb34d,76ba1635-6c7b-58e5-b9f2-7a8b0d574216,8d6058a9-d9fb-546e-b841-e6b4a0978311,2,1083.86,0.00
9733ea01-4f57-5af0-9d2b-8aa44266de68,76ba1635-6c7b-58e5-b9f2-7a8b0d574216,9b6b9203-f582-59b6-b64c-309881607c86,7,876.23,0.00
204e51f4-2b1c-52b1-8b7b-689fa27bd58e,76ba1635-6c7b-58e5-b9f2-7a8b0d574216,86eda21c-1dbc-500a-9201-b7d6b0786cc8,4,1060.50,0.00
753cac2e-37e9-5e46-8d17-6e0304b177c2,76ba1635-6c7b-58e5-b9f2-7a8b0d574216,88f79184-2cf9-5f72-8e4a-cedfa68d9d06,1,475.83,47.58
82217621-6826-5a31-b49c-8bcba2de82c8,76ba1635-6c7b-58e5-b9f2-7a8b0d574216,8b12c834-e054-5502-85aa-99d1eb81eee0,11,1393.76,0.00
a2a954d6-1358-56ab-b6cc-c80d8e8d8c71,59f7f9da-8c64-58a5-9a9c-642dfe906324,599db343-a607-5259-8af1-adde7b1a86ce,11,1047.10,0.00
e295c45d-49a3-5bc8-8a9e-8da03e2fa303,59f7f9da-8c64-58a5-9a9c-642dfe906324,db630ac7-839d-5331-93df-dc621d8357b6,1,582.16,58.22
968f1853-e999-5c5b-9c6f-d1da4dbb6fd0,00254f57-5794-5fe9-b334-b1af6f76cf80,91bd15e4-105e-5926-abe6-7ceaf8c07375,9,393.96,531.85
a38bac4e-b967-5b99-be48-d371335c8639,00254f57-5794-5fe9-b334-b1af6f76cf80,e139b0f5-6ca3-5ccb-8610-5a52b4b0eb6c,11,1053.19,0.00
751d82a6-fa33-5924-87c3-e68671002f97,b61294e1-a9d4-5885-826d-0ec95efa416e,bab29423-27f9-5732-bd8b-a403c95b1a96,3,947.18,142.08
9b702252-34d4-5814-875e-352445059153,b61294e1-a9d4-5885-826d-0ec95efa416e,deaf9542-d65c-5f41-b22e-b1d033baea7a,8,1236.17,988.94
0847063b-5892-59f4-93a5-79b99495b297,b61294e1-a9d4-5885-826d-0ec95efa416e,b5386670-1687-5260-ad33-97e5d697c425,5,902.07,225.52
52dc1a4c-b9f7-527e-9ac6-b5253cfe67c1,5bb9f6b6-f2eb-5f73-a190-ab05d99e39cc,1657c1e2-1668-5957-a5e5-822140c08707,6,1260.09,0.00
4ebaafd5-1e61-5529-8776-83038ddd464f,5bb9f6b6-f2eb-5f73-a190-ab05d99e39cc,12003734-bab7-5410-8c89-f9a8c4967dea,3,1269.66,380.90
6ab59249-5073-5d82-b4df-6e61f8df460c,5bb9f6b6-f2eb-5f73-a190-ab05d99e39cc,3205bb8a-e766-5617-a3d4-78aaa9883bc8,8,1355.84,0.00
1df014e4-a1ba-592a-b207-a5380754a623,5bb9f6b6-f2eb-5f73-a190-ab05d99e39cc,91bd15e4-105e-5926-abe6-7ceaf8c07375,2,393.96,0.00
a4a6cd90-4448-5f9e-9003-2bf58ff83d43,fde39aca-b92e-591c-b360-680ab82e6918,13ea52a1-6b55-57c7-b84e-acf7fb92f106,2,368.84,73.77
074b876a-4fdf-5c01-b5fb-a08f985944d4,fde39aca-b92e-591c-b360-680ab82e6918,0caef625-914f-5fea-8e59-19b212bfbd46,7,1252.51,0.00
9de75719-5dde-5042-bcc7-3da7b7d3493b,fde39aca-b92e-591c-b360-680ab82e6918,613ff8f3-9a2b-5f66-8d3e-3e05d5391002,11,474.67,261.07
98833dfb-5ed2-53b0-b616-bd90becf089e,fde39aca-b92e-591c-b360-680ab82e6918,cb09f248-037d-5a0d-9970-99cb102c05d8,6,1006.42,0.00
56e3868a-2d51-5019-a64b-a78c3cfc7bbd,b9682444-462a-561e-9f64-4ce468705b0e,6469a098-75a3-5b3b-839a-ad075a8e67ad,8,728.47,874.16
08b9bdd8-a4ba-53b0-94d6-61066e1055d2,326ef4ff-da38-5d5c-9968-1c1cf5978f8b,deaf9542-d65c-5f41-b22e-b1d033baea7a,7,1236.17,0.00
82f438ba-4132-5834-b6ba-f22696edf06e,326ef4ff-da38-5d5c-9968-1c1cf5978f8b,673811d5-2f11-5108-8b80-c9dd0dc2adda,12,503.75,906.75
c252e88f-f205-557d-a36b-80dc230754a6,b2ef5236-4e76-5da5-bc11-62e934014d78,241d3cd0-ef2c-56b8-bb75-b039a61b370a,8,378.32,0.00
6288705e-5269-5bda-8902-71f688b8ada4,b2ef5236-4e76-5da5-bc11-62e934014d78,deaf9542-d65c-5f41-b22e-b1d033baea7a,9,1236.17,1112.55
5827e51d-9ffe-5158-a15a-fc89dbc6ccbc,b2ef5236-4e76-5da5-bc11-62e934014d78,91bd15e4-105e-5926-abe6-7ceaf8c07375,5,393.96,295.47
10fbc84c-3f17-5431-aaf7-4f30eab844c9,b2ef5236-4e76-5da5-bc11-62e934014d78,5d79cff2-0e77-58a2-b1bf-c506ed3c98bd,1,822.40,0.00
ebf36bd2-231b-5236-a5d9-aa22e38a7d4c,b2ef5236-4e76-5da5-bc11-62e934014d78,9a2e8c5f-4d3e-5cb8-ba78-f2bd562ee61b,4,688.27,0.00
61f17d0e-31ee-5514-8716-d2625c3fee24,f1df55ab-97ab-57e5-8381-7e59803abff1,5d79cff2-0e77-58a2-b1bf-c506ed3c98bd,3,822.40,370.08
5c9f7ae3-d49c-5fd3-96f2-96dfc5e66b04,c155f2fe-327e-52c0-82a5-f51d754abb21,deaf9542-d65c-5f41-b22e-b1d033baea7a,1,1236.17,0.00
71c685f1-0147-5727-a111-e54d22ebc6e0,c155f2fe-327e-52c0-82a5-f51d754abb21,0eb49bc4-406e-5d63-a28c-3e5b6ef668e4,4,1139.13,0.00
9461efc3-19aa-59e9-a1fe-a0856d48beca,c155f2fe-327e-52c0-82a5-f51d754abb21,617fd070-2fb8-5ff6-8eaa-308844dc97ac,6,1871.53,0.00
9a13f77c-0a54-5d4c-a3f5-f860b928210f,3a79845d-0282-5157-a7c3-0cbf326e69d8,80450a39-8a90-55da-adf7-0b6a1b84aeeb,11,1385.41,2285.93
dffb5d51-b906-5c81-83e1-e7bfc62f8f95,3a79845d-0282-5157-a7c3-0cbf326e69d8,bab29423-27f9-5732-bd8b-a403c95b1a96,10,947.18,947.18
85a02f49-a5f6-51f9-a324-6d165091ad1e,cee0b229-7ded-54dc-815a-4d5199a8b27c,75679cf6-5497-5e69-b773-db773bc6a245,9,1441.14,1945.54
672bc296-4980-5e5d-9cd4-4eb4124d1332,cee0b229-7ded-54dc-815a-4d5199a8b27c,d4214473-2bf7-5b77-bb1f-734e590c4014,3,1245.02,373.51
210ee216-20ec-5639-9029-3b1ab9b288d5,cee0b229-7ded-54dc-815a-4d5199a8b27c,0eb49bc4-406e-5d63-a28c-3e5b6ef668e4,2,1139.13,227.83
0db6c49d-b004-5bbf-9668-7a9874cb0256,8bd52449-a936-5e81-ab1e-57e2c2554301,d3739878-986b-5b5f-a096-4452493d6cbb,5,869.60,434.80
399c390c-dcd3-5052-847f-7dccc534cfd9,8bd52449-a936-5e81-ab1e-57e2c2554301,241d3cd0-ef2c-56b8-bb75-b039a61b370a,4,378.32,151.33
5d56bf92-4954-5476-897f-b603dc25ec33,8bd52449-a936-5e81-ab1e-57e2c2554301,1dd10a82-5cdc-539f-af3f-d3f255171973,4,107.50,43.00
ebaa10cf-97e2-50e8-84df-47358ce31bcb,baa4b406-865f-56bf-999c-5f13ad2e5c5d,829935ce-9ec7-5afb-a542-873877c9ce31,12,378.45,454.14
41558115-0345-5692-807a-0f2f05ef4bd2,937210f1-b8b3-58ab-b692-9bcafe0357fc,f65edfe2-43ae-59f6-b37a-f98344e1a998,10,1061.75,1592.62
139fbaaf-389b-54a9-a234-cf5dea1c4506,937210f1-b8b3-58ab-b692-9bcafe0357fc,b6edaedb-a02c-5fbc-b05c-2b5d8deb20c4,2,1512.83,0.00
511c6c84-75d9-5e03-baf3-67f22c5ed03f,937210f1-b8b3-58ab-b692-9bcafe0357fc,34baeb4c-81dc-5b29-bc76-0b8fd47cdbed,3,262.62,0.00
383918bb-29cc-5fee-849f-8484fd2a3dfe,63efa2ac-6a58-5573-bcfd-7ddcd9fe8168,13ea52a1-6b55-57c7-b84e-acf7fb92f106,9,368.84,0.00
ad6913f8-044e-5982-b762-fe780a44bda9,63efa2ac-6a58-5573-bcfd-7ddcd9fe8168,b6edaedb-a02c-5fbc-b05c-2b5d8deb20c4,12,1512.83,907.70
54585d72-709b-543e-8f37-b8c0a0cfd569,63efa2ac-6a58-5573-bcfd-7ddcd9fe8168,75679cf6-5497-5e69-b773-db773bc6a245,1,1441.14,72.06
cc1dabb4-fa8e-56db-a91a-0ab4ccb27909,63efa2ac-6a58-5573-bcfd-7ddcd9fe8168,d520aef1-b021-5cf0-a1d3-9e7e6d31aab7,7,568.52,397.96
42b13fba-8bcd-59aa-a57b-ff6ac2b51716,63efa2ac-6a58-5573-bcfd-7ddcd9fe8168,8dfa6632-930f-5fdc-b7cd-8d5908a33d66,1,271.74,40.76
4e990f12-ed5b-5ab6-8bab-d89fd2183c7a,cae822d6-3e7e-5473-a3b1-1b8b81e0a0f2,39cb20a1-5dca-5b11-90c4-3e96e441ed0c,6,447.96,0.00
b82434f9-b46e-5576-a280-9864a8d257a8,eef1b25b-5e0d-5653-a9c5-0e81950d0091,f9fe7a6c-9a44-59e2-a4cc-fef69cc2e48e,10,684.00,342.00
eeb0deb3-db2c-59a6-b5ae-d444da38ff68,eef1b25b-5e0d-5653-a9c5-0e81950d0091,2f2113cc-589a-55b5-846a-78fddce3a3c9,7,688.27,722.68
bd0d6535-8c1e-5329-bf25-4b4ab7587813,eef1b25b-5e0d-5653-a9c5-0e81950d0091,fb4140fc-b3c1-5a6a-8613-9b068fdd2b39,7,931.77,326.12
c2826414-4faf-565b-851c-118406b61bf3,8fd0ee5a-f3cb-5c63-80f9-8011ea6de3e5,deaf9542-d65c-5f41-b22e-b1d033baea7a,11,1236.17,679.89
34f8ac5a-f5f6-5a03-b71d-59755603622d,8fd0ee5a-f3cb-5c63-80f9-8011ea6de3e5,f78fc905-81d2-5f52-8c77-1cff3a4b42b7,5,290.47,217.85
6e85fee2-c694-52d8-b079-be0dd92d8b1b,8fd0ee5a-f3cb-5c63-80f9-8011ea6de3e5,591abda9-fd16-5958-b0e9-586f0dfa6e54,5,875.54,218.88
5729adcd-1e0d-52ba-ba3d-239def669d75,8fd0ee5a-f3cb-5c63-80f9-8011ea6de3e5,e69a7c0b-6875-5a37-a379-abbc430fb47b,4,1211.55,0.00
7f191049-7d26-58b0-898c-a068a835b8b3,8fd0ee5a-f3cb-5c63-80f9-8011ea6de3e5,8a195dd5-491c-532c-9a61-886a24d451c0,7,1141.76,399.62
93b1d404-e25d-51d3-a95a-5c07e3a94960,0abb1f8c-4311-561b-b77c-44d8da863dbb,88f79184-2cf9-5f72-8e4a-cedfa68d9d06,9,475.83,0.00
48ddb254-3dca-51bd-a069-272f6a4c5090,0abb1f8c-4311-561b-b77c-44d8da863dbb,5d462a8e-32e0-59ad-ae5c-9d66eda72663,3,326.98,0.00
f6a95a81-eef5-59e6-8230-3d6abaa58271,0abb1f8c-4311-561b-b77c-44d8da863dbb,5d79cff2-0e77-58a2-b1bf-c506ed3c98bd,5,822.40,616.80
6353e531-acca-5221-af3d-39a2048a9f1c,c17faf80-ac8b-5792-a29c-d535c879b74c,8d6058a9-d9fb-546e-b841-e6b4a0978311,11,1083.86,596.12
a9edbacd-1631-543d-8ec3-335b01146704,c17faf80-ac8b-5792-a29c-d535c879b74c,8a195dd5-491c-532c-9a61-886a24d451c0,8,1141.76,1370.11
da3375c4-5d70-5e4a-a739-67b4ac050aad,c17faf80-ac8b-5792-a29c-d535c879b74c,1760c2e4-563f-5bac-abcd-baf5317434c8,3,1665.26,499.58
0093f892-eeec-5b26-bef1-77150306e0f5,c17faf80-ac8b-5792-a29c-d535c879b74c,d96da70b-0cb5-58c8-928a-aafb2d90b154,12,1827.60,3289.68
92bd5e12-a1e7-5881-9774-f23e8be7a221,c17faf80-ac8b-5792-a29c-d535c879b74c,896e7662-34d0-5631-bb0f-b5ce6b0ad1ba,8,1691.47,676.59
c97c82a7-2faf-5bc4-931f-cfbb90f57812,faeca302-1081-5e27-8045-09382f2685ae,ac03c1f7-3948-530e-8de5-80756984ab20,12,564.84,0.00
a0f36a01-7caf-52bd-9de6-9ac55507c477,faeca302-1081-5e27-8045-09382f2685ae,2f2113cc-589a-55b5-846a-78fddce3a3c9,4,688.27,0.00
b5ca67b5-4b80-5dda-94f6-19dc912c333e,faeca302-1081-5e27-8045-09382f2685ae,e139b0f5-6ca3-5ccb-8610-5a52b4b0eb6c,11,1053.19,0.00
04b17f52-6336-52d4-a185-3bc6f8324e64,faeca302-1081-5e27-8045-09382f2685ae,43d6da55-777b-55ef-8cf5-d4cc7bfa63ad,3,1159.60,173.94
3f53dd29-33af-5ea1-8105-091eb18ae5c2,faeca302-1081-5e27-8045-09382f2685ae,b4b5a0e3-641b-562e-8386-bff3564cf295,2,158.25,0.00
9d53fe32-7e8e-518c-a42f-f1e3f310d893,a34618c6-a1b1-5d67-b4cb-b96cc8023140,db630ac7-839d-5331-93df-dc621d8357b6,2,582.16,0.00
4ad8c9fd-67bc-5dbc-80c5-914c5dde3814,a34618c6-a1b1-5d67-b4cb-b96cc8023140,f9fe7a6c-9a44-59e2-a4cc-fef69cc2e48e,5,684.00,342.00
12e8fced-b420-5d31-9caa-7b86fbe50970,074fec56-5bb8-5930-b28c-c5dd36c31aa8,13e04507-297b-56af-85d7-75b609d982a1,3,652.61,195.78
617fa96c-e607-589e-9b14-d449853b6fdf,074fec56-5bb8-5930-b28c-c5dd36c31aa8,f9fe7a6c-9a44-59e2-a4cc-fef69cc2e48e,5,684.00,0.00
8a3b3d10-4898-50cb-b7b0-c6ad184c01a7,074fec56-5bb8-5930-b28c-c5dd36c31aa8,80450a39-8a90-55da-adf7-0b6a1b84aeeb,5,1385.41,692.70
a6dbfb8b-e1e8-5a04-8355-cc8a0031ce29,60bc1b19-f4a6-5ecb-a178-82dbc6de5005,8ac2c18a-5896-572a-9f44-f5d60109258d,5,270.85,203.14
7bcf2e59-2b30-5a8c-b0eb-462a599a0b8f,60bc1b19-f4a6-5ecb-a178-82dbc6de5005,613ff8f3-9a2b-5f66-8d3e-3e05d5391002,2,474.67,0.00
905555b8-79e7-535a-bede-1f0226323cff,a26b8904-4b05-5b25-a1eb-01c4ce8d9e80,8ac2c18a-5896-572a-9f44-f5d60109258d,9,270.85,0.00
81b7dfc7-8898-5e35-86cd-9a32cc656f11,a26b8904-4b05-5b25-a1eb-01c4ce8d9e80,d96da70b-0cb5-58c8-928a-aafb2d90b154,7,1827.60,0.00
0b01e339-e360-5fa2-8302-5d4169aa75c6,a26b8904-4b05-5b25-a1eb-01c4ce8d9e80,5d79cff2-0e77-58a2-b1bf-c506ed3c98bd,5,822.40,0.00
7bb7ea44-4886-5fb3-bf5e-f193b2d38884,a26b8904-4b05-5b25-a1eb-01c4ce8d9e80,8a195dd5-491c-532c-9a61-886a24d451c0,8,1141.76,0.00
fada1898-1cbe-5e08-ab0d-6f41666ea259,7aadd388-04c5-560c-bd69-236d7ea61743,aa67b9d9-b4e2-53f3-9447-ca933b53344f,11,1163.44,639.89
8fc0e117-d3f6-54d6-8da3-a2345c8bea55,7aadd388-04c5-560c-bd69-236d7ea61743,db630ac7-839d-5331-93df-dc621d8357b6,6,582.16,523.94
936de4bf-402f-5783-a0ec-6eb4a0855319,7aadd388-04c5-560c-bd69-236d7ea61743,13e04507-297b-56af-85d7-75b609d982a1,11,652.61,717.87
277d1734-805c-5eba-a1f8-100bc5bc9132,7aadd388-04c5-560c-bd69-236d7ea61743,1c3b9a21-09fa-5c21-bdad-35f2eb8a273f,12,1126.26,1351.51
20014600-d5b0-58e3-8e97-1c35e0b2284b,7aadd388-04c5-560c-bd69-236d7ea61743,5d462a8e-32e0-59ad-ae5c-9d66eda72663,7,326.98,0.00
cb382a84-8bb9-50f6-a442-2e42ba251d73,76a00056-4da4-5665-80f4-3ff583d5978b,952e981c-e5c2-53da-984a-78dc5e3b1ad4,11,130.99,0.00
818cdd3f-7863-531e-b1ad-3b661c856cc1,76a00056-4da4-5665-80f4-3ff583d5978b,4dbc0e6b-ab10-5b67-a928-f87e1ed2bb9a,1,233.65,23.36
a5daaac8-8ccb-5222-9fac-3c8947d3ee6a,76a00056-4da4-5665-80f4-3ff583d5978b,7169fcc7-7527-510c-b88d-bdcd257ce105,8,1025.31,0.00
5d91c1a9-120d-55a0-8dc5-6110bbe41cbb,76a00056-4da4-5665-80f4-3ff583d5978b,8ac2c18a-5896-572a-9f44-f5d60109258d,12,270.85,325.02
31ece2d1-abf7-50e3-ba51-406626dc5aff,76a00056-4da4-5665-80f4-3ff583d5978b,cd410e43-ec3c-524b-84c6-84482a7b1204,6,549.24,0.00
46a9c82b-3018-5f9e-83de-c23f0e5a9c34,2fe46427-fd09-5402-ad6c-1b3330fd367d,3205bb8a-e766-5617-a3d4-78aaa9883bc8,5,1355.84,0.00
c259589e-2e1d-59f5-9efb-33071f0657ec,99d4541b-818d-555e-b3ae-1a44351f6852,e139b0f5-6ca3-5ccb-8610-5a52b4b0eb6c,6,1053.19,631.91
df8020ef-53fe-5fb8-b61e-bd4f9d96a6d8,99d4541b-818d-555e-b3ae-1a44351f6852,d520aef1-b021-5cf0-a1d3-9e7e6d31aab7,6,568.52,170.56
d40ab1fe-867e-5f7f-a7e2-3adf09cdbb01,57d59baa-ec57-55d9-8e2e-b92b3a3c6663,8b12c834-e054-5502-85aa-99d1eb81eee0,4,1393.76,0.00
ab2c148c-54cf-5146-8f0f-d7a2e1762014,57d59baa-ec57-55d9-8e2e-b92b3a3c6663,613ff8f3-9a2b-5f66-8d3e-3e05d5391002,10,474.67,712.00
74238fa9-9b9b-500a-9d3e-0d13e6c53c2a,57d59baa-ec57-55d9-8e2e-b92b3a3c6663,f350d57a-8885-50f1-b76a-29f7a8057a35,1,1251.43,62.57
ed7a3b44-079c-5200-9780-8d5bde5f720c,57d59baa-ec57-55d9-8e2e-b92b3a3c6663,43d6da55-777b-55ef-8cf5-d4cc7bfa63ad,2,1159.60,347.88
043cf04a-06d9-563e-aee9-abfa459ac5a1,54a20733-eeba-51b6-9110-17a65884e1c1,0137b3c3-db39-5e56-abf7-8ae43bc349ad,11,1129.31,621.12
ff9bd727-28d3-5087-9289-ab204b2c576e,54a20733-eeba-51b6-9110-17a65884e1c1,9f7bfd37-85ae-5a17-9b9f-5dafe3ec68ee,8,1138.16,0.00
6f1ea705-756c-568b-b424-352e9e6899d7,54a20733-eeba-51b6-9110-17a65884e1c1,b6464168-fc86-5543-9805-0861ea9c66cc,3,1065.14,159.77
8b23a348-302d-5eb8-b4e7-8d3bfc215d5d,54a20733-eeba-51b6-9110-17a65884e1c1,e69a7c0b-6875-5a37-a379-abbc430fb47b,7,1211.55,0.00
da447470-4311-5a20-8646-3e13cab1707f,54a20733-eeba-51b6-9110-17a65884e1c1,228ccd2f-642c-5fdf-abf0-129af98a3568,7,148.91,0.00
7d986b59-e8c5-575d-965f-5dc4fbaf3393,a72b7cfc-b071-507f-9755-104a73f0b854,d37c44df-541b-5bf4-b395-65b41bac88a8,7,1334.93,934.45
1215604b-b54c-5797-b8ec-f3dd04d7db2f,a72b7cfc-b071-507f-9755-104a73f0b854,b6edaedb-a02c-5fbc-b05c-2b5d8deb20c4,8,1512.83,1815.40
d2c7d686-836e-59a5-8b51-1bcffbcc500a,a72b7cfc-b071-507f-9755-104a73f0b854,fd5d29e1-571f-589d-be31-aa00127c02aa,9,943.56,0.00
198fdaa4-2cb3-55c3-bb96-fa2847457c04,fdc38fd8-3a05-5060-8c06-774e2450d57e,1c3b9a21-09fa-5c21-bdad-35f2eb8a273f,10,1126.26,1126.26
d2ac3b20-6283-5053-a42a-4b1a00fc916e,fdc38fd8-3a05-5060-8c06-774e2450d57e,b6edaedb-a02c-5fbc-b05c-2b5d8deb20c4,3,1512.83,0.00
26303b21-9e80-591f-8b19-3abf2fe800d6,fdc38fd8-3a05-5060-8c06-774e2450d57e,01351cb5-bcf4-52ee-88a1-c6442df67004,1,1268.11,63.41
56f7bdc8-ee75-5337-802c-0b919e824731,a9b92152-8e9e-527d-bb37-2f7e7b1950d8,12003734-bab7-5410-8c89-f9a8c4967dea,12,1269.66,2285.39
27b76cf1-f729-5ac4-a458-52a4447c074b,70cdae25-10b1-5165-b51e-834346c04088,599db343-a607-5259-8af1-adde7b1a86ce,4,1047.10,418.84
362ab394-9ae0-5f41-9f36-a8eabcffaa09,70cdae25-10b1-5165-b51e-834346c04088,3205bb8a-e766-5617-a3d4-78aaa9883bc8,7,1355.84,0.00
2f178b13-101d-537c-96a3-9a252f20a972,7be8b5c8-e131-59f5-9941-32ca5b673cef,228ccd2f-642c-5fdf-abf0-129af98a3568,2,148.91,29.78
4713fd1a-bab6-53c3-9fda-11f651cc6021,7be8b5c8-e131-59f5-9941-32ca5b673cef,599db343-a607-5259-8af1-adde7b1a86ce,7,1047.10,1099.46
0b5205b7-8d98-57b1-95e4-0f79501f9563,7be8b5c8-e131-59f5-9941-32ca5b673cef,3205bb8a-e766-5617-a3d4-78aaa9883bc8,2,1355.84,135.58
7b27c5e9-6f61-51d1-b7cf-34ceacdfc33d,7be8b5c8-e131-59f5-9941-32ca5b673cef,0137b3c3-db39-5e56-abf7-8ae43bc349ad,7,1129.31,1185.78
31ed0cf3-2f2c-5b6c-ab11-2e4be4cb782e,7be8b5c8-e131-59f5-9941-32ca5b673cef,8a195dd5-491c-532c-9a61-886a24d451c0,8,1141.76,0.00
98cb08dc-8d93-5372-ae8a-e1f018b35e65,30985524-f3c1-54e0-a481-3bb29c06e509,f350d57a-8885-50f1-b76a-29f7a8057a35,1,1251.43,0.00
55584d78-827c-523e-a364-56bd4c1395f9,94b4b0e2-4577-5af6-9938-7a135878cd98,fb4140fc-b3c1-5a6a-8613-9b068fdd2b39,2,931.77,93.18
6a8dafd3-6e3d-542c-a831-e17a57d78ca4,94b4b0e2-4577-5af6-9938-7a135878cd98,d4214473-2bf7-5b77-bb1f-734e590c4014,12,1245.02,0.00
5c1540c2-5584-5b78-99d5-8b285993d8d7,94b4b0e2-4577-5af6-9938-7a135878cd98,1c3b9a21-09fa-5c21-bdad-35f2eb8a273f,11,1126.26,1858.33
d1f5faf1-cdf0-552e-9c5a-6419ecb3115f,94b4b0e2-4577-5af6-9938-7a135878cd98,cb09f248-037d-5a0d-9970-99cb102c05d8,2,1006.42,0.00
3ced2c70-7d19-52bb-9382-a32490d8f495,9d7d625b-0ade-54bc-a26e-9fb9b1e7aa85,9a2e8c5f-4d3e-5cb8-ba78-f2bd562ee61b,12,688.27,0.00
1e9531c1-c041-5088-b4f1-585c89e92af8,9d7d625b-0ade-54bc-a26e-9fb9b1e7aa85,f9fe7a6c-9a44-59e2-a4cc-fef69cc2e48e,10,684.00,1026.00
3ea3d82f-bce8-5c53-8da5-d3b6a83824be,e3f62339-f6c3-56d4-8f07-fdef97cf8f4f,bab29423-27f9-5732-bd8b-a403c95b1a96,9,947.18,0.00
6157a151-6ae1-599b-b6ac-a6b77a3f9c13,8f3b1125-d67d-56de-8e80-53ab81dd4b54,2f2113cc-589a-55b5-846a-78fddce3a3c9,11,688.27,757.10
18957e40-6a37-580f-b6e1-7b723b4b2b27,8f3b1125-d67d-56de-8e80-53ab81dd4b54,1dd457fd-1d71-5eb5-b684-6f07d43e876c,2,897.97,89.80
e72bf6f3-5609-5af8-8549-1e75ebbe0da9,8f3b1125-d67d-56de-8e80-53ab81dd4b54,deaf9542-d65c-5f41-b22e-b1d033baea7a,8,1236.17,988.94
6435caad-24fd-543a-96fc-6204e787e070,8f3b1125-d67d-56de-8e80-53ab81dd4b54,13ea52a1-6b55-57c7-b84e-acf7fb92f106,3,368.84,0.00
ae87bc35-3c96-5469-830c-9257b429c532,b0052665-cd5c-5670-80fa-ea418e6fb152,f350d57a-8885-50f1-b76a-29f7a8057a35,1,1251.43,62.57
0f521af8-a116-5170-bd63-1229232b32f0,b0052665-cd5c-5670-80fa-ea418e6fb152,f218ba8f-81cf-5efd-ad55-5f4ef76110c2,9,1484.37,0.00
6fa153f4-bd8f-5fae-99fc-430880f48082,b0052665-cd5c-5670-80fa-ea418e6fb152,5d79cff2-0e77-58a2-b1bf-c506ed3c98bd,7,822.40,863.52
68435fa3-7f61-50c4-9359-e3d952237d9a,a1fa5f19-a298-56cf-b11a-729a9a250241,f9fe7a6c-9a44-59e2-a4cc-fef69cc2e48e,9,684.00,923.40
692629ed-e69e-5189-a857-07bbbd54503a,a1fa5f19-a298-56cf-b11a-729a9a250241,896e7662-34d0-5631-bb0f-b5ce6b0ad1ba,10,1691.47,0.00
3f886f72-655f-52b2-8695-515e1aeb36f0,a1fa5f19-a298-56cf-b11a-729a9a250241,1dd457fd-1d71-5eb5-b684-6f07d43e876c,4,897.97,0.00
93fae53f-63e8-5fcd-a5c2-12a5fb2ddc69,a1fa5f19-a298-56cf-b11a-729a9a250241,241d3cd0-ef2c-56b8-bb75-b039a61b370a,1,378.32,0.00
38c33faa-ee12-5449-875a-9c57d5ee2c29,a1fa5f19-a298-56cf-b11a-729a9a250241,3d307d78-b10f-5539-a951-7bcc9fd17161,11,1342.24,1476.46
06e22435-5da6-596a-a70d-34a1c52764d3,a7d88bc0-48c6-5738-a019-89fa2480c99f,241d3cd0-ef2c-56b8-bb75-b039a61b370a,12,378.32,0.00
30ec9f7f-259c-569c-a8c2-2100aa401660,a7d88bc0-48c6-5738-a019-89fa2480c99f,3205bb8a-e766-5617-a3d4-78aaa9883bc8,9,1355.84,610.13
25867f57-90e1-58c7-a898-9f9e2005a52c,a7d88bc0-48c6-5738-a019-89fa2480c99f,cd410e43-ec3c-524b-84c6-84482a7b1204,10,549.24,823.86
4c2402f4-8d48-5aa3-8400-b3a509485b48,fff88396-1b8a-5025-91db-eae27f5a572a,d37c44df-541b-5bf4-b395-65b41bac88a8,6,1334.93,1201.44
0e2f7b4b-97ab-5b68-9d60-e4f0fc41ad33,fff88396-1b8a-5025-91db-eae27f5a572a,88f79184-2cf9-5f72-8e4a-cedfa68d9d06,12,475.83,856.49
a2c2164d-dcfb-52d3-a0e1-f7dc9799fe94,fff88396-1b8a-5025-91db-eae27f5a572a,1dd10a82-5cdc-539f-af3f-d3f255171973,8,107.50,86.00
bd3ebd41-0274-590a-be9b-ebf47e39dc79,fff88396-1b8a-5025-91db-eae27f5a572a,d3739878-986b-5b5f-a096-4452493d6cbb,2,869.60,173.92
91a4b35e-c053-53bf-87b4-63265c2be74c,1895dba7-4d79-58a9-972b-7daa526f50af,fd5d29e1-571f-589d-be31-aa00127c02aa,10,943.56,0.00
94ff2f36-e7a7-5fc9-90ba-71374a9b53be,1895dba7-4d79-58a9-972b-7daa526f50af,0caef625-914f-5fea-8e59-19b212bfbd46,1,1252.51,62.63
4f47c135-3f44-5b56-9d1d-bd22e64ab1ce,1895dba7-4d79-58a9-972b-7daa526f50af,e139b0f5-6ca3-5ccb-8610-5a52b4b0eb6c,12,1053.19,0.00
da56a8c4-e217-57d2-a8e2-1f5af27a8587,1895dba7-4d79-58a9-972b-7daa526f50af,1c3b9a21-09fa-5c21-bdad-35f2eb8a273f,2,1126.26,337.88
7debc7e9-7651-5b97-be69-a7a612f74b87,f5adfb4d-2137-5004-b5f0-ff2e4ecff23b,b4065918-1c4b-50b6-b69a-d859f24bfe23,8,1132.17,0.00
1b5ed5d0-ee4c-5e2a-800e-6ff190c85d62,f5adfb4d-2137-5004-b5f0-ff2e4ecff23b,34baeb4c-81dc-5b29-bc76-0b8fd47cdbed,4,262.62,52.52
f475985a-16f0-5e0b-a4f9-2b0f2666d508,f5adfb4d-2137-5004-b5f0-ff2e4ecff23b,e3b2c918-6a66-5db3-87f9-e5c71515f2ab,5,1297.73,973.30
890654c4-5533-5090-b934-a345cd3aedaa,f5adfb4d-2137-5004-b5f0-ff2e4ecff23b,80450a39-8a90-55da-adf7-0b6a1b84aeeb,11,1385.41,0.00
1e99bbe8-6031-58ab-ae7c-8785559a7954,470dfd24-de07-52b0-9c08-303183605820,a042ed60-9218-5159-876b-6c4dd0e5f934,1,381.33,19.07
8c865d85-91be-51df-a33e-bb233c4d74b8,470dfd24-de07-52b0-9c08-303183605820,1760c2e4-563f-5bac-abcd-baf5317434c8,12,1665.26,0.00
971c042b-07b8-5e88-963d-63dda1fedb36,470dfd24-de07-52b0-9c08-303183605820,e139b0f5-6ca3-5ccb-8610-5a52b4b0eb6c,6,1053.19,315.96
eca373bd-e7b1-5710-ba24-ebff39c3be52,470dfd24-de07-52b0-9c08-303183605820,d4214473-2bf7-5b77-bb1f-734e590c4014,1,1245.02,0.00
48bfefec-9069-5cf5-b3e0-4873eade1241,470dfd24-de07-52b0-9c08-303183605820,d68351a2-cf36-5984-a091-28a9f5b6bb7e,2,1017.79,305.34
397a312c-73a3-5d1a-81bb-f0a8012219a4,40f45b17-d8c1-5c54-a0de-186bd6c0ad02,af3fc15f-c662-5a5e-9e9c-3b2d4e1b6029,5,1539.94,769.97
c03a2c23-30ba-5c39-9553-6c63c45cefa9,40f45b17-d8c1-5c54-a0de-186bd6c0ad02,599db343-a607-5259-8af1-adde7b1a86ce,7,1047.10,0.00
f70be716-b9ea-5887-a4e1-3a3cacbcb601,4ae889ac-f983-53a8-8365-dc0c9f209204,39cb20a1-5dca-5b11-90c4-3e96e441ed0c,6,447.96,134.39
a599908c-4176-57cb-a3df-feb7f3d4a460,35675310-8544-5d2f-a693-add41071740e,1dd10a82-5cdc-539f-af3f-d3f255171973,12,107.50,0.00
84c525fc-f4be-5080-ad24-b31afdfa272e,75967bf9-a420-59b5-836b-61e68f6d7b96,d37c44df-541b-5bf4-b395-65b41bac88a8,5,1334.93,0.00
a04ed5be-8063-585a-98e5-6bf9e3b218b5,75967bf9-a420-59b5-836b-61e68f6d7b96,3205bb8a-e766-5617-a3d4-78aaa9883bc8,4,1355.84,0.00
0e38a953-d341-5419-a94b-27790defd21e,75967bf9-a420-59b5-836b-61e68f6d7b96,1cc795b2-21b3-5c5e-84f0-8f1fa20a6dd4,2,668.78,66.88
63202add-5aa9-58b0-9de0-be402e495633,75967bf9-a420-59b5-836b-61e68f6d7b96,8ac2c18a-5896-572a-9f44-f5d60109258d,4,270.85,108.34
15ac2541-28ef-5792-b8e4-48b1b2f5e631,75967bf9-a420-59b5-836b-61e68f6d7b96,fd5d29e1-571f-589d-be31-aa00127c02aa,1,943.56,141.53
7eeacc5d-415e-5136-a457-70d06b9a4917,1ed93ec5-cebb-55ef-9122-f4ba3dd76405,1657c1e2-1668-5957-a5e5-822140c08707,3,1260.09,189.01
e1dd67f4-9b20-550b-97b0-727655aad665,2bee8919-6308-5cbd-8683-cf5729d7fb23,13e04507-297b-56af-85d7-75b609d982a1,5,652.61,0.00
7b503b1a-7803-5405-9d3a-f0819d4f1013,2bee8919-6308-5cbd-8683-cf5729d7fb23,86eda21c-1dbc-500a-9201-b7d6b0786cc8,2,1060.50,212.10
9275dc67-465f-56ef-b4b2-a9f608153449,982377db-fa5b-551b-8585-21b949550b4a,1657c1e2-1668-5957-a5e5-822140c08707,10,1260.09,0.00
d1a61406-3bb0-590c-a6d6-80411fa03329,982377db-fa5b-551b-8585-21b949550b4a,31a97c6b-10cf-54c1-b463-f81683a437cc,10,1252.58,626.29
145d2099-2521-502b-8298-66cbff72c292,982377db-fa5b-551b-8585-21b949550b4a,952e981c-e5c2-53da-984a-78dc5e3b1ad4,12,130.99,78.59
1254ac66-1cc5-5c87-bee1-16d929576901,982377db-fa5b-551b-8585-21b949550b4a,201fb8e4-2c24-5483-b44d-4063694486b2,1,1026.69,51.33
e931d784-8806-5dd3-932f-155832472d84,d80326db-1df0-55a3-ac46-08419181ccee,c0bff87f-f764-5151-8aec-dda48ea91847,5,437.68,328.26
1e487b29-28b0-53ba-b2b2-7c7254077f27,d80326db-1df0-55a3-ac46-08419181ccee,db630ac7-839d-5331-93df-dc621d8357b6,6,582.16,523.94
d41c9aa3-fbd2-5d56-9022-b2b7c4a6be73,d80326db-1df0-55a3-ac46-08419181ccee,9f7bfd37-85ae-5a17-9b9f-5dafe3ec68ee,2,1138.16,341.45
f705872a-e48d-5ffd-8724-36cc23634e01,d80326db-1df0-55a3-ac46-08419181ccee,db43f9b2-c956-5785-8950-8287c47db3ae,5,894.98,223.74
b587cace-17c7-5de5-8f51-fc8440fd0540,d80326db-1df0-55a3-ac46-08419181ccee,e3b2c918-6a66-5db3-87f9-e5c71515f2ab,11,1297.73,1427.50
af37eb41-b1ee-5e78-95ef-4b15bd149f3d,191d6727-38d0-5fbe-af24-586e1cc0a431,0eb49bc4-406e-5d63-a28c-3e5b6ef668e4,9,1139.13,0.00
b26119d7-d281-5c8d-a70e-d636c68df380,96b56c8c-6691-523e-8c96-48fd7e940303,9a2e8c5f-4d3e-5cb8-ba78-f2bd562ee61b,7,688.27,722.68
d9593fea-806c-541c-a119-14378bf702e5,96b56c8c-6691-523e-8c96-48fd7e940303,12003734-bab7-5410-8c89-f9a8c4967dea,3,1269.66,571.35
9fc97aa3-0605-50f0-82b4-4bc571d0215b,96b56c8c-6691-523e-8c96-48fd7e940303,896e7662-34d0-5631-bb0f-b5ce6b0ad1ba,12,1691.47,2029.76
e059b2ca-8284-5a92-aecd-dc4b9b4a183f,96b56c8c-6691-523e-8c96-48fd7e940303,b4065918-1c4b-50b6-b69a-d859f24bfe23,7,1132.17,792.52
22890751-233b-5fad-aeb0-731904f607d5,be5c7bbe-568f-5739-8ffe-3d8977544e78,75679cf6-5497-5e69-b773-db773bc6a245,12,1441.14,1729.37
736e05a1-3ffd-5702-a036-4a2e681fae13,be5c7bbe-568f-5739-8ffe-3d8977544e78,7169fcc7-7527-510c-b88d-bdcd257ce105,9,1025.31,0.00
43997437-30fe-5834-8b29-2271a1153ff8,be5c7bbe-568f-5739-8ffe-3d8977544e78,91bd15e4-105e-5926-abe6-7ceaf8c07375,2,393.96,39.40
850a43f8-dd58-5f52-81f7-9a2f8fb04415,be5c7bbe-568f-5739-8ffe-3d8977544e78,34baeb4c-81dc-5b29-bc76-0b8fd47cdbed,4,262.62,52.52
d8d18e98-2b23-50ce-b356-08eabe9dbb41,385f2a10-714e-566f-8dc9-566ba6de83f2,de536700-41fe-55c3-beb9-bfb9849c872b,7,1685.26,1179.68
ac2b5eb1-e7b1-592e-bff9-d05c430077e3,385f2a10-714e-566f-8dc9-566ba6de83f2,deaf9542-d65c-5f41-b22e-b1d033baea7a,12,1236.17,2225.11
41ff2106-83dd-5d51-8689-67c16fe63e86,385f2a10-714e-566f-8dc9-566ba6de83f2,1657c1e2-1668-5957-a5e5-822140c08707,5,1260.09,0.00
d7b830ab-63ab-51cd-9031-0876ccea0772,700f2824-dfe6-56dc-869b-c7af1cdfb36c,db630ac7-839d-5331-93df-dc621d8357b6,9,582.16,523.94
6d385642-304e-5065-9eb0-11e9f9be3d31,700f2824-dfe6-56dc-869b-c7af1cdfb36c,e139b0f5-6ca3-5ccb-8610-5a52b4b0eb6c,2,1053.19,0.00
ea7181b5-07fe-567e-8851-9e366016cd23,700f2824-dfe6-56dc-869b-c7af1cdfb36c,1fa2b768-1b9d-5b9c-befa-fac1ccb97563,11,771.34,0.00
af1f1d73-69d6-59a9-b9a1-20be893da719,700f2824-dfe6-56dc-869b-c7af1cdfb36c,1dd457fd-1d71-5eb5-b684-6f07d43e876c,9,897.97,0.00
75b93093-4983-5f6f-8813-8e323016ccde,700f2824-dfe6-56dc-869b-c7af1cdfb36c,613ff8f3-9a2b-5f66-8d3e-3e05d5391002,12,474.67,854.41
970b4ab3-9eaf-5f85-9713-b0ae0115607d,a6b43398-7035-5aba-93af-6197854727b6,43d6da55-777b-55ef-8cf5-d4cc7bfa63ad,1,1159.60,57.98
34e3a96e-4166-554c-98d1-b26211c36036,a6b43398-7035-5aba-93af-6197854727b6,8b12c834-e054-5502-85aa-99d1eb81eee0,8,1393.76,557.50
c7a320a7-a37a-5e4e-a4cf-11ff1e95486a,886f2dba-a31d-5aa5-b4c4-14dd44e4df98,80450a39-8a90-55da-adf7-0b6a1b84aeeb,11,1385.41,1523.95
f8982c20-ec20-5350-8997-bd7e0250495b,886f2dba-a31d-5aa5-b4c4-14dd44e4df98,b4065918-1c4b-50b6-b69a-d859f24bfe23,5,1132.17,283.04
640d41aa-f646-5a1e-a2bc-a89ffa389d33,886f2dba-a31d-5aa5-b4c4-14dd44e4df98,952e981c-e5c2-53da-984a-78dc5e3b1ad4,5,130.99,32.75
a19767ee-5a6a-5634-a9b4-c24fa3834867,886f2dba-a31d-5aa5-b4c4-14dd44e4df98,8d892cdc-d358-5f2b-a85b-cbecc7e0a664,9,1003.20,0.00
4c900f72-6c71-50b1-86dc-a53db7f60f2b,5b09ed34-93f4-50de-b2f6-f5661e9a38f9,deaf9542-d65c-5f41-b22e-b1d033baea7a,4,1236.17,494.47
35bfded0-ee65-5d52-b8a4-d619b32d1546,cf450151-f1ed-5c63-b7a7-cde9e37f7cbf,2f2113cc-589a-55b5-846a-78fddce3a3c9,10,688.27,0.00
fee69036-6a5b-523c-ae7b-b078b83d38de,cf450151-f1ed-5c63-b7a7-cde9e37f7cbf,f9fe7a6c-9a44-59e2-a4cc-fef69cc2e48e,2,684.00,0.00
e046e978-41ea-53e5-bcff-71359f409170,0ebac6d6-0357-5ed0-801c-659aa67ecfd4,b5386670-1687-5260-ad33-97e5d697c425,2,902.07,0.00
4350f88c-f49b-5b8b-ad20-425888a779c0,dc273966-7862-5630-bdf7-9eef19d01fda,12003734-bab7-5410-8c89-f9a8c4967dea,5,1269.66,634.83
3957b8a2-1839-526b-a9d2-81d10f70fb3e,dc273966-7862-5630-bdf7-9eef19d01fda,e53c7da2-eb34-5499-8fd8-380dd673ea82,6,1587.45,0.00
47522ebe-5ecb-5bac-94c3-aa6296de8ee4,dc273966-7862-5630-bdf7-9eef19d01fda,af3fc15f-c662-5a5e-9e9c-3b2d4e1b6029,4,1539.94,923.96
caa02e0b-2055-5afa-a142-755e66bffcc0,dc273966-7862-5630-bdf7-9eef19d01fda,829935ce-9ec7-5afb-a542-873877c9ce31,11,378.45,624.44
4391d2e0-92ab-55a6-897d-df29de100eb6,f91076d3-8298-5e7f-8a36-5c920138d967,1dd10a82-5cdc-539f-af3f-d3f255171973,2,107.50,0.00
5b9e2129-4ba3-5b47-b488-536557741f9d,c5b56c28-400a-553b-8c05-c3d078c141e8,a042ed60-9218-5159-876b-6c4dd0e5f934,1,381.33,57.20
882ab990-abd2-51ca-b47a-8e589013840e,c5b56c28-400a-553b-8c05-c3d078c141e8,75679cf6-5497-5e69-b773-db773bc6a245,12,1441.14,1729.37
78a3dc34-9cbf-530d-8dd5-f0cf09ac62b2,400b6466-cbe4-5882-b4be-739723377e9c,cb09f248-037d-5a0d-9970-99cb102c05d8,12,1006.42,0.00
d61f200a-90a2-584b-82cd-e02f41c763df,400b6466-cbe4-5882-b4be-739723377e9c,e139b0f5-6ca3-5ccb-8610-5a52b4b0eb6c,6,1053.19,947.87
03444eab-188f-51f9-9087-0fc03da1960f,3c28e5b5-fc68-5d22-ae8e-e44601f16b42,d96da70b-0cb5-58c8-928a-aafb2d90b154,3,1827.60,0.00
8a24db0f-4dcc-58d6-a757-259e25db074a,262fcb0b-c20b-5885-8c32-caa8a88de362,e69a7c0b-6875-5a37-a379-abbc430fb47b,7,1211.55,0.00
df5f3f0b-6e61-58de-aebd-6b7e0403f34c,262fcb0b-c20b-5885-8c32-caa8a88de362,fb4140fc-b3c1-5a6a-8613-9b068fdd2b39,5,931.77,232.94
fe03602a-c91c-5b0e-ba76-a183f0ad7c83,262fcb0b-c20b-5885-8c32-caa8a88de362,952e981c-e5c2-53da-984a-78dc5e3b1ad4,3,130.99,39.30
cb6e9db4-811c-56db-acc8-67a60dcf8463,359b0299-4298-555a-afc2-d16aac00f65c,e69a7c0b-6875-5a37-a379-abbc430fb47b,2,1211.55,0.00
43b88032-ddaa-51eb-9d15-d5cce4d56aa5,359b0299-4298-555a-afc2-d16aac00f65c,91bd15e4-105e-5926-abe6-7ceaf8c07375,10,393.96,590.94
6cdd6793-7046-5dfc-b7ab-be5bc0b7a2a2,359b0299-4298-555a-afc2-d16aac00f65c,228ccd2f-642c-5fdf-abf0-129af98a3568,11,148.91,163.80
1b841162-19c9-50ae-b9bc-f2fc532919eb,359b0299-4298-555a-afc2-d16aac00f65c,8d6058a9-d9fb-546e-b841-e6b4a0978311,10,1083.86,541.93
adb5521b-8977-525e-ac43-a65287e4c600,359b0299-4298-555a-afc2-d16aac00f65c,c2be7cd9-f7ee-544a-9ceb-7052826da8ce,11,183.13,302.16
c88c8cf3-148c-530d-978a-bb3cff8ca678,c3015822-0811-505c-88ce-fb457837524a,12003734-bab7-5410-8c89-f9a8c4967dea,8,1269.66,507.86
979bd26e-3d8e-5b57-ad54-6fcc41df9c50,e9a208a9-d792-534f-9e14-e527a924e1c8,0137b3c3-db39-5e56-abf7-8ae43bc349ad,5,1129.31,0.00
599d168e-391c-5478-8c04-d03e621a0a71,e9a208a9-d792-534f-9e14-e527a924e1c8,aa67b9d9-b4e2-53f3-9447-ca933b53344f,6,1163.44,698.06
b4a5776e-7989-5a3f-adbf-1b181641f58d,e9a208a9-d792-534f-9e14-e527a924e1c8,cdea42fb-ee49-5a22-a213-56a8f9fcb148,10,1597.00,2395.50
5260df88-6724-50cf-8357-5821606a9e22,e9a208a9-d792-534f-9e14-e527a924e1c8,88f79184-2cf9-5f72-8e4a-cedfa68d9d06,7,475.83,0.00
0275c164-7857-5f75-8eed-0ef3b53d99b0,62566455-0742-5df9-9a5c-4f0eb0d461f3,228ccd2f-642c-5fdf-abf0-129af98a3568,2,148.91,0.00
2daa094e-bcb4-52ba-8dfc-fae7128caae8,62566455-0742-5df9-9a5c-4f0eb0d461f3,e3b2c918-6a66-5db3-87f9-e5c71515f2ab,10,1297.73,0.00
52790c91-080c-5bb3-9364-f8e98c4c9524,111577fb-5c08-50e7-9ee2-058fe5845734,af3fc15f-c662-5a5e-9e9c-3b2d4e1b6029,4,1539.94,0.00
3ced6c0f-2ce7-5b4f-8e86-db5a418133e7,111577fb-5c08-50e7-9ee2-058fe5845734,f78fc905-81d2-5f52-8c77-1cff3a4b42b7,9,290.47,261.42
f4622ae7-8a84-50ca-8c4f-db77ef2e6464,111577fb-5c08-50e7-9ee2-058fe5845734,d96da70b-0cb5-58c8-928a-aafb2d90b154,9,1827.60,2467.26
82468968-48dc-531c-8a98-e100f97f8b86,a9ae517c-e82c-5a1c-b8d8-6f168a61f07f,508dfc85-5bf2-5709-b1e3-06ff86d5acb8,2,387.07,116.12
0a67d65d-c19a-5249-a616-63b28d2cd3d6,a9ae517c-e82c-5a1c-b8d8-6f168a61f07f,1fa2b768-1b9d-5b9c-befa-fac1ccb97563,9,771.34,0.00
a571daa9-8221-5776-8e24-e4723e6f9d95,67e84401-86af-5480-a20f-aa8ccf6d3d55,0f2c8ffe-5a45-5cfc-afbf-417553294a54,10,237.59,356.38
200b238d-91ed-5e7a-a4ee-e9b938bf8ab8,67e84401-86af-5480-a20f-aa8ccf6d3d55,db43f9b2-c956-5785-8950-8287c47db3ae,1,894.98,44.75
e0e9596e-644a-52f4-8b76-78dbde9e699c,67e84401-86af-5480-a20f-aa8ccf6d3d55,b4065918-1c4b-50b6-b69a-d859f24bfe23,3,1132.17,0.00
018eb1a8-82c9-51b8-85b3-e9ec85648ae2,67e84401-86af-5480-a20f-aa8ccf6d3d55,f350d57a-8885-50f1-b76a-29f7a8057a35,1,1251.43,0.00
86856977-7395-5fc9-9786-f2b58fc07c66,6abc852a-6e4d-5388-8f9a-e55d04bb3ae6,e691a6a3-7dd7-5d95-b97e-997e3af77227,6,551.10,330.66
af633687-563d-53b2-b4dd-255c88ce8990,6abc852a-6e4d-5388-8f9a-e55d04bb3ae6,508dfc85-5bf2-5709-b1e3-06ff86d5acb8,9,387.07,0.00
fe926e6a-2c64-5364-93c2-10057793b360,6abc852a-6e4d-5388-8f9a-e55d04bb3ae6,c3e9c7fb-d6ab-5171-a827-7aad6b6d2342,4,1198.11,0.00
ac4ac317-982e-58b0-ad9a-916806dcecef,6abc852a-6e4d-5388-8f9a-e55d04bb3ae6,9f7bfd37-85ae-5a17-9b9f-5dafe3ec68ee,6,1138.16,0.00
5939bdbe-3206-5d32-8dbc-b4efe256337b,a2da7cfa-5724-59c1-af2e-38e4c12b2cfd,1dd10a82-5cdc-539f-af3f-d3f255171973,10,107.50,0.00
f1b67c76-ffc0-52ba-afc3-3dfebd8830d5,a2da7cfa-5724-59c1-af2e-38e4c12b2cfd,de536700-41fe-55c3-beb9-bfb9849c872b,10,1685.26,0.00
81f9b892-63c4-5bb6-921c-44e44a1b8113,a2da7cfa-5724-59c1-af2e-38e4c12b2cfd,fb4140fc-b3c1-5a6a-8613-9b068fdd2b39,1,931.77,0.00
0a6f78f5-3dee-518d-84a9-9387beb9da67,a2da7cfa-5724-59c1-af2e-38e4c12b2cfd,9b6b9203-f582-59b6-b64c-309881607c86,2,876.23,0.00
0a014bfb-4bff-5cf5-853b-d004c4aa140d,a2da7cfa-5724-59c1-af2e-38e4c12b2cfd,13ea52a1-6b55-57c7-b84e-acf7fb92f106,9,368.84,0.00
7577bf8e-30d0-5498-a00d-2e397018908e,d87acbf2-1d1c-51cc-bb97-e19f8e9d6009,d37c44df-541b-5bf4-b395-65b41bac88a8,2,1334.93,400.48
554d7a5f-7929-5c48-8316-70938bf20848,79f2f474-9a41-5846-84a6-92b06f0405ad,45669348-c1a3-5956-bbf2-d29bd438fbdc,1,536.14,0.00
cbd181d0-c81f-5480-a5e3-b0dccd4c5dab,79f2f474-9a41-5846-84a6-92b06f0405ad,1dd10a82-5cdc-539f-af3f-d3f255171973,5,107.50,80.62
08c73526-ead9-5fd2-95ad-cb99b45296b5,79f2f474-9a41-5846-84a6-92b06f0405ad,88f79184-2cf9-5f72-8e4a-cedfa68d9d06,6,475.83,285.50
1e23cf08-19cd-5c1b-a8bd-dfa716116e04,b0e16dd4-b033-5184-be5e-f661205cf986,e139b0f5-6ca3-5ccb-8610-5a52b4b0eb6c,9,1053.19,0.00
33f4127f-067e-57e1-b093-33b1ee3a776a,b0e16dd4-b033-5184-be5e-f661205cf986,1ac8de35-b264-5704-978e-ce8dc08dd02d,12,452.98,815.36
6b8f3c19-b243-5a11-8633-14d2ea284a83,b0e16dd4-b033-5184-be5e-f661205cf986,673811d5-2f11-5108-8b80-c9dd0dc2adda,7,503.75,0.00
c2e48353-0c0f-5360-9127-41ee997e1f74,b0e16dd4-b033-5184-be5e-f661205cf986,c3e9c7fb-d6ab-5171-a827-7aad6b6d2342,2,1198.11,239.62
09a9ecc4-380e-561c-9d96-fc9cd6e7881d,b0e16dd4-b033-5184-be5e-f661205cf986,0eb49bc4-406e-5d63-a28c-3e5b6ef668e4,2,1139.13,113.91
367a9292-0f1a-533f-ae42-be480def5b74,5bf55da2-f6e5-52ad-94b6-76beb216955f,9f7bfd37-85ae-5a17-9b9f-5dafe3ec68ee,6,1138.16,341.45
aaa90e2b-0538-56d0-9e5f-9df6ca2a6350,5f7e366a-9541-56c9-8a32-b2199432d145,cdea42fb-ee49-5a22-a213-56a8f9fcb148,4,1597.00,0.00
842639c5-47a3-51cd-9756-b1d0766c96a5,61209b7d-f3a5-5690-90a4-b8a75da27bf6,bab29423-27f9-5732-bd8b-a403c95b1a96,12,947.18,1136.62
750ced21-2c8c-593b-87d9-4cefe4bc51c3,61209b7d-f3a5-5690-90a4-b8a75da27bf6,201fb8e4-2c24-5483-b44d-4063694486b2,2,1026.69,0.00
b3c2ecbe-62fd-5b0a-924f-9ad7fda64f7f,61209b7d-f3a5-5690-90a4-b8a75da27bf6,952e981c-e5c2-53da-984a-78dc5e3b1ad4,9,130.99,117.89
f4003760-db82-51e1-b2a9-0dc246866a25,61209b7d-f3a5-5690-90a4-b8a75da27bf6,1fa2b768-1b9d-5b9c-befa-fac1ccb97563,9,771.34,694.21
de44987a-908e-5ada-9b47-d39e22953e53,61209b7d-f3a5-5690-90a4-b8a75da27bf6,8d892cdc-d358-5f2b-a85b-cbecc7e0a664,2,1003.20,300.96
39906479-cf65-5d60-82f1-50efe5e0a511,6d74c8d0-0b06-5d8b-b2b5-aacb4cafc8cc,613ff8f3-9a2b-5f66-8d3e-3e05d5391002,7,474.67,332.27
7cb56c85-94fd-5dcf-9df7-970818cd93f3,6d74c8d0-0b06-5d8b-b2b5-aacb4cafc8cc,1ac8de35-b264-5704-978e-ce8dc08dd02d,5,452.98,113.24
5e44f927-4e65-5b2c-92d0-0d2166ec10de,3bb8b991-858e-5b3d-baaf-d281f5696935,af3fc15f-c662-5a5e-9e9c-3b2d4e1b6029,6,1539.94,1385.95
660eb11e-756a-5d63-8480-f6531d045f71,3bb8b991-858e-5b3d-baaf-d281f5696935,cb09f248-037d-5a0d-9970-99cb102c05d8,10,1006.42,1006.42
e2658e5d-a964-5fb7-90a8-822fe69ed306,3bb8b991-858e-5b3d-baaf-d281f5696935,1ac8de35-b264-5704-978e-ce8dc08dd02d,3,452.98,67.95
bf4d1c0e-cd9b-509b-bbf2-35f4f8913d06,3bb8b991-858e-5b3d-baaf-d281f5696935,1c3b9a21-09fa-5c21-bdad-35f2eb8a273f,3,1126.26,0.00
09ed5981-17bd-5b33-9a51-d6765296a604,72c3bed1-7d79-5509-9954-546cd1149b4f,e3b2c918-6a66-5db3-87f9-e5c71515f2ab,6,1297.73,0.00
c10343ec-b470-567e-8f3b-39fbe506e2b5,72c3bed1-7d79-5509-9954-546cd1149b4f,b5386670-1687-5260-ad33-97e5d697c425,7,902.07,0.00
5dfa27b9-bf69-5453-a6bf-a09e357416b8,72c3bed1-7d79-5509-9954-546cd1149b4f,b4b5a0e3-641b-562e-8386-bff3564cf295,9,158.25,142.42
adcb999a-1d68-50fb-b56e-582de4cfcba6,72c3bed1-7d79-5509-9954-546cd1149b4f,241d3cd0-ef2c-56b8-bb75-b039a61b370a,1,378.32,0.00
4c2201fd-3293-5d92-b666-2fb558e00628,72c3bed1-7d79-5509-9954-546cd1149b4f,201fb8e4-2c24-5483-b44d-4063694486b2,5,1026.69,770.02
b2e49ea5-25e1-5cf8-b3cf-2bbcafa1770a,0bb1a6f9-949f-5362-b69c-c2be896798ad,b5386670-1687-5260-ad33-97e5d697c425,5,902.07,0.00
c37ae71b-c21b-5eeb-91cc-f4ca9f2a4744,72603978-1ab6-5fb7-a6af-c82fa6e2bae2,eff08d1d-eb3b-559a-8ca9-60c7b365af52,5,1515.93,0.00
40c55e26-162d-5426-aa9a-1ff57698da42,225a89ed-f162-59a7-8ba4-d4ef4f023e75,4dbc0e6b-ab10-5b67-a928-f87e1ed2bb9a,7,233.65,245.33
aaba5c73-58e3-5c4d-8624-800d9144c5dc,e66c403d-6081-535a-9d9f-ff7782b88299,d4214473-2bf7-5b77-bb1f-734e590c4014,5,1245.02,0.00
a672d5f5-adcb-531d-9bf7-d73efef55749,e66c403d-6081-535a-9d9f-ff7782b88299,13ea52a1-6b55-57c7-b84e-acf7fb92f106,11,368.84,405.72
b3eeef72-19b4-52eb-86c5-cf97a2301211,e66c403d-6081-535a-9d9f-ff7782b88299,0f2c8ffe-5a45-5cfc-afbf-417553294a54,7,237.59,0.00
6566999e-593c-58f3-a43b-50288322a8af,2690ad78-dd42-5805-ba19-1901ffb16013,88f79184-2cf9-5f72-8e4a-cedfa68d9d06,10,475.83,713.74
50584459-b47a-55dd-8d92-2916c9c254dd,2690ad78-dd42-5805-ba19-1901ffb16013,0caef625-914f-5fea-8e59-19b212bfbd46,12,1252.51,2254.52
64bd9d8d-33c2-5b0b-84f3-52443196b360,2690ad78-dd42-5805-ba19-1901ffb16013,0eb49bc4-406e-5d63-a28c-3e5b6ef668e4,10,1139.13,0.00
e8e74fa6-e9e8-564a-bb67-c48db9c0165b,0da322b8-d656-5df1-a3b2-eca5f0311bc9,0caef625-914f-5fea-8e59-19b212bfbd46,10,1252.51,0.00
c9720916-4150-5d31-acc7-92253f600d7f,0da322b8-d656-5df1-a3b2-eca5f0311bc9,db43f9b2-c956-5785-8950-8287c47db3ae,7,894.98,626.49
d7d6c5ab-bc36-5592-919b-ac34f3673482,0da322b8-d656-5df1-a3b2-eca5f0311bc9,e53c7da2-eb34-5499-8fd8-380dd673ea82,4,1587.45,0.00
2fedf6ec-a5de-5c70-9db0-d27a59fbd164,0da322b8-d656-5df1-a3b2-eca5f0311bc9,0137b3c3-db39-5e56-abf7-8ae43bc349ad,10,1129.31,0.00
85f7a84a-10bf-5628-8dc9-efd19d745c4c,0da322b8-d656-5df1-a3b2-eca5f0311bc9,0eb49bc4-406e-5d63-a28c-3e5b6ef668e4,8,1139.13,911.30
2469f6a1-c28b-594b-b9aa-389a2926f7a3,9520048c-bf07-5364-a5d9-ef2046489907,b6464168-fc86-5543-9805-0861ea9c66cc,11,1065.14,0.00
f0b52e28-6e24-5d30-9fd5-f35303dd319e,9520048c-bf07-5364-a5d9-ef2046489907,86eda21c-1dbc-500a-9201-b7d6b0786cc8,12,1060.50,1908.90
bc4b45ff-830e-5401-b28c-35fb9fb744fc,20121398-3296-50dd-b104-82ec39e10c2c,8d892cdc-d358-5f2b-a85b-cbecc7e0a664,11,1003.20,0.00
69c82525-78d1-5585-a1ed-299df5684486,0005a5a6-793a-50ae-abac-1fde763a87a8,45669348-c1a3-5956-bbf2-d29bd438fbdc,1,536.14,0.00
06de7836-c1b9-50f1-bab7-c14a816d6836,bcc4d671-0fc4-5cba-8dfe-f3cfcb9050e2,9a2e8c5f-4d3e-5cb8-ba78-f2bd562ee61b,4,688.27,275.31
1c814f45-3bb5-50f3-874f-f448c3a452cb,ac15caf6-4d35-565c-866d-7cb53c89a4eb,e53c7da2-eb34-5499-8fd8-380dd673ea82,2,1587.45,158.74
c358ca66-cf1f-5f85-b529-501d369d70f2,ac15caf6-4d35-565c-866d-7cb53c89a4eb,d4214473-2bf7-5b77-bb1f-734e590c4014,8,1245.02,498.01
4c5ed928-b5b7-519e-828e-3a740303134d,384c645c-2a81-595e-ba6e-dc9034b494e9,de536700-41fe-55c3-beb9-bfb9849c872b,2,1685.26,505.58
0b6105aa-1b3e-5887-9208-9715dd279acc,384c645c-2a81-595e-ba6e-dc9034b494e9,34baeb4c-81dc-5b29-bc76-0b8fd47cdbed,10,262.62,0.00
2c182f96-1992-5492-9f01-ef674ff96d4c,384c645c-2a81-595e-ba6e-dc9034b494e9,88f79184-2cf9-5f72-8e4a-cedfa68d9d06,8,475.83,190.33
f6d6e8dc-8e4a-5bdf-b358-ed3a7136b1fc,faebaeb7-d655-5a92-9b1d-20ceebad9de4,829935ce-9ec7-5afb-a542-873877c9ce31,2,378.45,113.54
6424f394-37e2-56a5-9ded-8d037b65097a,faebaeb7-d655-5a92-9b1d-20ceebad9de4,e69a7c0b-6875-5a37-a379-abbc430fb47b,11,1211.55,666.35
f2a75fc4-3a03-55f6-b2bc-805481500645,faebaeb7-d655-5a92-9b1d-20ceebad9de4,851c23cd-3716-5170-b9ac-0c25ddc7c95c,5,497.01,0.00
8b63f6a4-49da-538a-8a09-efcc82b7801c,faebaeb7-d655-5a92-9b1d-20ceebad9de4,4dbc0e6b-ab10-5b67-a928-f87e1ed2bb9a,2,233.65,23.36
8f305866-cafc-5a00-a75e-92212e65d170,bf6ce8d5-5dcf-502d-b2c7-90953964558d,75679cf6-5497-5e69-b773-db773bc6a245,1,1441.14,0.00
1b3749f0-8c36-54c7-b4e6-4d020442a560,bf6ce8d5-5dcf-502d-b2c7-90953964558d,34baeb4c-81dc-5b29-bc76-0b8fd47cdbed,7,262.62,183.83
80a7b25d-3d5d-5b82-9dcc-34a3c06821f8,bf6ce8d5-5dcf-502d-b2c7-90953964558d,f65edfe2-43ae-59f6-b37a-f98344e1a998,4,1061.75,0.00
74c704a1-1792-5f91-ba6c-294e06b95413,868c323c-18d5-57ad-bc0c-b11add99ea1d,1cc795b2-21b3-5c5e-84f0-8f1fa20a6dd4,10,668.78,334.39
2093868a-62c8-52da-afe2-ee80e0986b16,868c323c-18d5-57ad-bc0c-b11add99ea1d,e53c7da2-eb34-5499-8fd8-380dd673ea82,4,1587.45,0.00
21271b24-2f8e-5aac-b18c-9ad0025b93f7,868c323c-18d5-57ad-bc0c-b11add99ea1d,cd410e43-ec3c-524b-84c6-84482a7b1204,9,549.24,494.32
1e4bef8c-5b2d-5ab9-bafd-cfd0da91c986,868c323c-18d5-57ad-bc0c-b11add99ea1d,d6b2e2d8-f41b-5418-ba12-fcffc0aa6508,1,1950.05,0.00
1f522e9c-df39-5138-a047-3de51ecc8866,975927e7-076b-598f-9084-360833a916e0,1ac8de35-b264-5704-978e-ce8dc08dd02d,1,452.98,67.95
7218ed3f-5626-5623-9024-cf5afd6d6f24,975927e7-076b-598f-9084-360833a916e0,43d6da55-777b-55ef-8cf5-d4cc7bfa63ad,3,1159.60,0.00
ab762e90-d9f1-57f4-863c-e2d96219ea5d,5887c555-6d7b-58ab-a50e-68ac82b6aa7a,1fa2b768-1b9d-5b9c-befa-fac1ccb97563,2,771.34,231.40
0c9029b7-f626-50df-b0c8-c7ba140b9362,4cdb2ca1-4ae1-5aed-8b19-4c783d163865,d520aef1-b021-5cf0-a1d3-9e7e6d31aab7,8,568.52,454.82
40a9e0e4-2071-5a1b-b1fb-8413ffaae59e,4cdb2ca1-4ae1-5aed-8b19-4c783d163865,1ac8de35-b264-5704-978e-ce8dc08dd02d,10,452.98,679.47
11cc8874-b4d9-5b74-ac53-faa85ea9096e,4cdb2ca1-4ae1-5aed-8b19-4c783d163865,1c3b9a21-09fa-5c21-bdad-35f2eb8a273f,8,1126.26,0.00
a7dbfbf8-9580-5ee0-b0ae-765afe258b2d,4cdb2ca1-4ae1-5aed-8b19-4c783d163865,d4214473-2bf7-5b77-bb1f-734e590c4014,7,1245.02,1307.27
85d61268-6a40-53d4-a83e-ab03df70e42c,4cdb2ca1-4ae1-5aed-8b19-4c783d163865,613ff8f3-9a2b-5f66-8d3e-3e05d5391002,12,474.67,0.00
5fd0d25c-5f87-5ee2-91aa-31dea3233f99,3e39194c-6861-5c40-97fc-cc9dcab3ca79,eff08d1d-eb3b-559a-8ca9-60c7b365af52,8,1515.93,1212.74
5a493cf2-717b-5d37-ab86-2b8d0b0615af,3e39194c-6861-5c40-97fc-cc9dcab3ca79,d68351a2-cf36-5984-a091-28a9f5b6bb7e,6,1017.79,0.00
c6b36d42-4225-54aa-bae6-dff50ac3f2b7,5d7cb177-0f0a-5141-b794-9c255668af4e,fd5d29e1-571f-589d-be31-aa00127c02aa,4,943.56,566.14
c3db1a83-dd37-583a-bcac-ebc56d9e7e2c,5d7cb177-0f0a-5141-b794-9c255668af4e,ac03c1f7-3948-530e-8de5-80756984ab20,2,564.84,0.00
8aaf4cfb-47d2-5e73-a165-fa9127d1c1a6,5d7cb177-0f0a-5141-b794-9c255668af4e,13e04507-297b-56af-85d7-75b609d982a1,4,652.61,0.00
40b45e7a-2970-5768-b295-f025ec0ef189,5d7cb177-0f0a-5141-b794-9c255668af4e,34baeb4c-81dc-5b29-bc76-0b8fd47cdbed,3,262.62,78.79
5545c129-ce20-5b15-b904-07691957fe33,58c305b9-ed78-5d83-8ea4-2be571b15251,e139b0f5-6ca3-5ccb-8610-5a52b4b0eb6c,4,1053.19,210.64
4f7fe66d-64ef-5351-a683-45891a07f4d8,58c305b9-ed78-5d83-8ea4-2be571b15251,201fb8e4-2c24-5483-b44d-4063694486b2,12,1026.69,0.00
9cba0e0f-4c34-5ca5-88f9-da4071063ce1,58c305b9-ed78-5d83-8ea4-2be571b15251,9b6b9203-f582-59b6-b64c-309881607c86,7,876.23,306.68
4c817ef8-a686-52e1-b8c2-4d82473d58b0,58c305b9-ed78-5d83-8ea4-2be571b15251,1657c1e2-1668-5957-a5e5-822140c08707,7,1260.09,882.06
66dcaa51-5114-5180-84ce-f2230438a569,1beed976-dc50-5912-b2ff-3d5777e36fac,d3739878-986b-5b5f-a096-4452493d6cbb,9,869.60,782.64
0e57a5c2-a175-5c0b-bf04-e14a68ba5b97,fd5c2914-5844-505f-826b-d3894ad11f17,3d307d78-b10f-5539-a951-7bcc9fd17161,4,1342.24,268.45
3ca9413d-ed28-5a2e-becf-0d6b3808468e,fd5c2914-5844-505f-826b-d3894ad11f17,d3739878-986b-5b5f-a096-4452493d6cbb,7,869.60,913.08
51fbda56-1e69-520b-94b1-4120ef3602f0,76bc801f-ce33-5105-a9b6-5f91df0ca039,80450a39-8a90-55da-adf7-0b6a1b84aeeb,2,1385.41,0.00
ab457a4c-f258-5366-a47b-aef43d9b41d1,76bc801f-ce33-5105-a9b6-5f91df0ca039,1657c1e2-1668-5957-a5e5-822140c08707,3,1260.09,567.04
36d09024-4131-5067-b253-3a8285352ba5,76bc801f-ce33-5105-a9b6-5f91df0ca039,cdea42fb-ee49-5a22-a213-56a8f9fcb148,4,1597.00,638.80
0328655a-f548-5edd-877d-f3415ec84c69,5c1431dd-1275-5e9d-895c-e04084eb5719,cb09f248-037d-5a0d-9970-99cb102c05d8,5,1006.42,503.21
96877542-a47f-5ccf-b1b4-1dbb83aa9c71,5c1431dd-1275-5e9d-895c-e04084eb5719,c3e9c7fb-d6ab-5171-a827-7aad6b6d2342,1,1198.11,0.00
01bd981c-c086-5740-9723-56171f94c802,2db55c85-9f95-5a87-b4af-4c7bc60c7692,fd5d29e1-571f-589d-be31-aa00127c02aa,1,943.56,0.00
a4f3f34a-bbbe-5f11-9d3c-51e817df3689,2db55c85-9f95-5a87-b4af-4c7bc60c7692,0137b3c3-db39-5e56-abf7-8ae43bc349ad,4,1129.31,0.00
cef157f6-b7c3-5c72-b3a9-97f14ed1d516,27cbfde2-e305-5186-9b78-b30b49a2964b,45669348-c1a3-5956-bbf2-d29bd438fbdc,2,536.14,53.61
b895eee6-26fe-5b63-b329-86b5e4ad11e9,27cbfde2-e305-5186-9b78-b30b49a2964b,c2be7cd9-f7ee-544a-9ceb-7052826da8ce,7,183.13,128.19
ae141469-7da9-5362-8886-dd3406dd3a5f,27cbfde2-e305-5186-9b78-b30b49a2964b,13ea52a1-6b55-57c7-b84e-acf7fb92f106,6,368.84,0.00
19384e7b-de02-50f1-95cb-a04b15ecbf96,7deb7d2f-e9bf-50d7-9437-48b39fb57588,d37c44df-541b-5bf4-b395-65b41bac88a8,6,1334.93,400.48
a75dcbf9-bde9-5181-9c6b-ea900478d44c,7deb7d2f-e9bf-50d7-9437-48b39fb57588,01351cb5-bcf4-52ee-88a1-c6442df67004,11,1268.11,697.46
f453bdab-d8f0-5174-86d9-36e200817af9,7deb7d2f-e9bf-50d7-9437-48b39fb57588,45669348-c1a3-5956-bbf2-d29bd438fbdc,6,536.14,0.00
1cb736a1-bc6b-5610-8aaf-c075e582eed3,39ed266d-1e98-5a22-adb5-47dc2ae9719e,2f2113cc-589a-55b5-846a-78fddce3a3c9,4,688.27,137.65
4c909ef9-8e61-5bbe-bfb6-76f935f91e77,39ed266d-1e98-5a22-adb5-47dc2ae9719e,80450a39-8a90-55da-adf7-0b6a1b84aeeb,2,1385.41,277.08
f92e5baa-d781-5ab3-9338-c97a9873e0c4,39ed266d-1e98-5a22-adb5-47dc2ae9719e,db630ac7-839d-5331-93df-dc621d8357b6,12,582.16,349.30
321bbfef-0e2d-5cce-8d17-cca93f0cdf81,39ed266d-1e98-5a22-adb5-47dc2ae9719e,6469a098-75a3-5b3b-839a-ad075a8e67ad,1,728.47,0.00
698c7933-8e21-509c-86a2-8081a70051bf,39ed266d-1e98-5a22-adb5-47dc2ae9719e,bab29423-27f9-5732-bd8b-a403c95b1a96,12,947.18,0.00
855d35c0-4042-57c0-80c5-116360d299b7,85f57160-aba1-5d45-b5b7-d2d61bc79c11,af3fc15f-c662-5a5e-9e9c-3b2d4e1b6029,1,1539.94,0.00
8a965247-013a-5217-ba84-16e076843889,229ee056-bf92-5b5b-990b-70fac8032f58,f78fc905-81d2-5f52-8c77-1cff3a4b42b7,9,290.47,0.00
7dd09745-f3c6-5c44-b3ff-5f3b9ee8f889,229ee056-bf92-5b5b-990b-70fac8032f58,cb09f248-037d-5a0d-9970-99cb102c05d8,7,1006.42,352.25
020656d4-2ebe-51d0-931f-7824623149d4,229ee056-bf92-5b5b-990b-70fac8032f58,0caef625-914f-5fea-8e59-19b212bfbd46,12,1252.51,2254.52
9dd7a3e1-9bf2-5a3c-a934-a0037ac88b72,229ee056-bf92-5b5b-990b-70fac8032f58,12003734-bab7-5410-8c89-f9a8c4967dea,8,1269.66,0.00
64abad5c-0229-5d5e-8fa7-98cba6023235,1ad22eff-2f2c-5565-8c47-a3093a789998,e69a7c0b-6875-5a37-a379-abbc430fb47b,4,1211.55,242.31
0c59d3ba-db01-596b-9d5e-b807872f8c40,1ad22eff-2f2c-5565-8c47-a3093a789998,deaf9542-d65c-5f41-b22e-b1d033baea7a,2,1236.17,123.62
e6166445-1fa8-54c3-9f84-170ffcf8d85c,1ad22eff-2f2c-5565-8c47-a3093a789998,c2be7cd9-f7ee-544a-9ceb-7052826da8ce,7,183.13,0.00
b2204fe4-7219-5e86-89fc-01edc96aa55b,1ad22eff-2f2c-5565-8c47-a3093a789998,7169fcc7-7527-510c-b88d-bdcd257ce105,3,1025.31,153.80
c285ec28-3bd1-506b-8319-e63b1b891600,1ad22eff-2f2c-5565-8c47-a3093a789998,508dfc85-5bf2-5709-b1e3-06ff86d5acb8,1,387.07,38.71
7d4aa61a-5f24-574e-ac16-789e99faa83e,06b0060a-3d55-531d-b37f-d1f03cf7c518,8d6058a9-d9fb-546e-b841-e6b4a0978311,3,1083.86,162.58
430406c3-de7e-5fe3-b958-1e8305dbf9d5,06b0060a-3d55-531d-b37f-d1f03cf7c518,508dfc85-5bf2-5709-b1e3-06ff86d5acb8,9,387.07,174.18
e83a72e6-700c-53af-b638-58e7b64adbda,a085e7cb-2cdd-550d-a840-ea7aa9747e3e,dee51c26-0113-56c0-a9c6-edbcfc488df1,8,83.53,66.82
aca75aff-c816-55c5-8a15-cc054c9cfd03,a085e7cb-2cdd-550d-a840-ea7aa9747e3e,cdea42fb-ee49-5a22-a213-56a8f9fcb148,2,1597.00,319.40
3bcb6003-9a38-590f-95c7-00269d53181c,a085e7cb-2cdd-550d-a840-ea7aa9747e3e,c0bff87f-f764-5151-8aec-dda48ea91847,8,437.68,525.22
470f6c8c-d879-5dcd-97dd-46aac944e64d,a085e7cb-2cdd-550d-a840-ea7aa9747e3e,5d79cff2-0e77-58a2-b1bf-c506ed3c98bd,11,822.40,1356.96
ceba8631-898a-5a27-aeb1-f83667045cc5,a085e7cb-2cdd-550d-a840-ea7aa9747e3e,de536700-41fe-55c3-beb9-bfb9849c872b,6,1685.26,0.00
800c351e-e9d5-5e26-82c9-bf9bf5c2d717,f538cf4a-d12c-53d7-9a18-656dbb16a620,d6b2e2d8-f41b-5418-ba12-fcffc0aa6508,5,1950.05,487.51
ad616e2f-0adf-569b-bf2c-55452b68a00b,dbe002e3-183f-5a20-994b-7e9ad507bf25,deaf9542-d65c-5f41-b22e-b1d033baea7a,10,1236.17,1236.17
1fafd5d0-da56-501a-8b3d-ec297c467d26,dbe002e3-183f-5a20-994b-7e9ad507bf25,7169fcc7-7527-510c-b88d-bdcd257ce105,9,1025.31,1384.17
7371e746-f592-532c-b587-3f2fa87d76bb,dbe002e3-183f-5a20-994b-7e9ad507bf25,613ff8f3-9a2b-5f66-8d3e-3e05d5391002,6,474.67,284.80
00ddf936-4067-5c7c-9690-0297d8d0ba46,91bf8446-5825-53e0-8015-bf4ff1f9d2ce,8ac2c18a-5896-572a-9f44-f5d60109258d,4,270.85,162.51
94ee990d-a981-5027-8ba2-6a3e1eb8717f,91bf8446-5825-53e0-8015-bf4ff1f9d2ce,88f79184-2cf9-5f72-8e4a-cedfa68d9d06,6,475.83,0.00
fa65ae8b-561d-50e7-a27e-a1c248ca8520,91bf8446-5825-53e0-8015-bf4ff1f9d2ce,d37c44df-541b-5bf4-b395-65b41bac88a8,12,1334.93,2402.87
4e0db1f5-99a5-53d1-b16d-392ca0783f4d,91bf8446-5825-53e0-8015-bf4ff1f9d2ce,b5386670-1687-5260-ad33-97e5d697c425,12,902.07,0.00
966f9e43-6f3b-58ea-bff5-d24b32f9a646,cf8221b7-7db4-5b8c-8aae-c696f9eaea95,8d892cdc-d358-5f2b-a85b-cbecc7e0a664,6,1003.20,902.88
ad8c109e-bedc-54ad-999d-660f5be6d24b,a59d8fda-d75a-5238-91b3-273850ce8867,8d892cdc-d358-5f2b-a85b-cbecc7e0a664,2,1003.20,300.96
b13bace9-2b7f-5293-8605-387a351a7963,a59d8fda-d75a-5238-91b3-273850ce8867,86eda21c-1dbc-500a-9201-b7d6b0786cc8,1,1060.50,0.00
f30f0eba-9372-505c-b7b3-940556ce50d1,dcdb8975-eabb-5fef-a919-d134a07c84c0,952e981c-e5c2-53da-984a-78dc5e3b1ad4,2,130.99,39.30
c7f52cd4-6610-5a31-8ea2-c6064c752899,dcdb8975-eabb-5fef-a919-d134a07c84c0,b5386670-1687-5260-ad33-97e5d697c425,8,902.07,0.00
4ee3423d-876a-52ba-ab1b-effc99d8c1ac,79d3d3c3-e901-5236-9f84-2c28d43bcea3,3d307d78-b10f-5539-a951-7bcc9fd17161,6,1342.24,0.00
a126ba21-550f-5a23-b1e1-d4b965c5751d,79d3d3c3-e901-5236-9f84-2c28d43bcea3,c2be7cd9-f7ee-544a-9ceb-7052826da8ce,12,183.13,0.00
98832dcd-381f-529f-a007-b1224e54ccf6,be61f329-299d-5ab8-9f4c-babdd4d47206,9e165d6f-802f-5694-a25a-20885ba2aa7f,8,433.03,173.21
74e0cc09-5093-5f4c-864c-edfa04854619,be61f329-299d-5ab8-9f4c-babdd4d47206,1dd10a82-5cdc-539f-af3f-d3f255171973,2,107.50,0.00
d2fbe31e-2d2a-52c2-8709-4272b926e84c,be61f329-299d-5ab8-9f4c-babdd4d47206,8d892cdc-d358-5f2b-a85b-cbecc7e0a664,1,1003.20,100.32
d2eed88a-8662-554b-af5a-f59f01eebf31,be61f329-299d-5ab8-9f4c-babdd4d47206,f350d57a-8885-50f1-b76a-29f7a8057a35,6,1251.43,1126.29
b281c9da-c3fc-58a5-9aff-f1c99c039100,123b5f2f-e184-5aa3-9b8b-6e5f5e53c189,e139b0f5-6ca3-5ccb-8610-5a52b4b0eb6c,6,1053.19,631.91
f32ea82f-0e09-5487-b37d-7438c390ea59,123b5f2f-e184-5aa3-9b8b-6e5f5e53c189,e69a7c0b-6875-5a37-a379-abbc430fb47b,9,1211.55,1635.59
90e5d743-89d0-5387-a1a4-ec23f29b1ccc,123b5f2f-e184-5aa3-9b8b-6e5f5e53c189,e691a6a3-7dd7-5d95-b97e-997e3af77227,11,551.10,0.00
c932b170-e9fa-5fd4-8b92-e39c35d5e8d4,123b5f2f-e184-5aa3-9b8b-6e5f5e53c189,9b6b9203-f582-59b6-b64c-309881607c86,4,876.23,0.00
984949a9-1b89-5d74-9ba8-466e4145602a,237cb487-7f95-57fd-acba-b76e511f3e50,80450a39-8a90-55da-adf7-0b6a1b84aeeb,4,1385.41,831.25
4d875e25-0b04-521b-adec-096f1fc851d0,237cb487-7f95-57fd-acba-b76e511f3e50,613ff8f3-9a2b-5f66-8d3e-3e05d5391002,5,474.67,237.34
f25476c2-06d2-59f6-9a38-2a27481febe7,237cb487-7f95-57fd-acba-b76e511f3e50,851c23cd-3716-5170-b9ac-0c25ddc7c95c,6,497.01,149.10
93804d28-8e2b-5358-81ca-7a21ec5b4d6a,237cb487-7f95-57fd-acba-b76e511f3e50,e3b2c918-6a66-5db3-87f9-e5c71515f2ab,6,1297.73,389.32
7ac9ea72-3821-5a98-b83e-778422371b69,744fb2a3-869b-5b81-a084-28cf16443c3c,f9fe7a6c-9a44-59e2-a4cc-fef69cc2e48e,8,684.00,0.00
8a619f96-8d01-561d-89bc-27a93d8268d1,744fb2a3-869b-5b81-a084-28cf16443c3c,d3739878-986b-5b5f-a096-4452493d6cbb,2,869.60,0.00
80d0a3ce-42d6-50ff-b1c2-988401f6117a,744fb2a3-869b-5b81-a084-28cf16443c3c,6469a098-75a3-5b3b-839a-ad075a8e67ad,9,728.47,0.00
1f1816f6-dc17-55d6-92e6-f6a93cf1f3c3,744fb2a3-869b-5b81-a084-28cf16443c3c,0caef625-914f-5fea-8e59-19b212bfbd46,12,1252.51,2254.52
d36b71f3-1aae-521a-9729-6b46a7cdd4d0,744fb2a3-869b-5b81-a084-28cf16443c3c,617fd070-2fb8-5ff6-8eaa-308844dc97ac,11,1871.53,2058.68
1d3756db-1965-5d37-b6c0-56f0fb4441c3,03b3c7d3-df49-52f6-a4ef-9ab299eb3ee5,aa67b9d9-b4e2-53f3-9447-ca933b53344f,5,1163.44,290.86
a97dda06-97d9-5e4b-a4a4-4d89edac60db,03b3c7d3-df49-52f6-a4ef-9ab299eb3ee5,0137b3c3-db39-5e56-abf7-8ae43bc349ad,1,1129.31,0.00
e6fd4477-62ee-5692-b4c6-66bed01d9d18,d7b732c5-d9b7-56c2-80be-b0e080bf29e1,f65edfe2-43ae-59f6-b37a-f98344e1a998,3,1061.75,477.79
84a7bdcb-9ac7-5e8f-a657-753cfe136695,d7b732c5-d9b7-56c2-80be-b0e080bf29e1,13e04507-297b-56af-85d7-75b609d982a1,7,652.61,456.83
803564d4-080a-5cfd-984e-1701ca0defa9,d7b732c5-d9b7-56c2-80be-b0e080bf29e1,cd410e43-ec3c-524b-84c6-84482a7b1204,4,549.24,109.85
5e97e2ea-9a58-56d7-a572-839b3a900561,70d65a1d-773a-5607-85ec-b9fe499f8211,db630ac7-839d-5331-93df-dc621d8357b6,12,582.16,1047.89
aec2e40e-cf4e-5668-bde4-e6ba2b93e80c,70d65a1d-773a-5607-85ec-b9fe499f8211,591abda9-fd16-5958-b0e9-586f0dfa6e54,8,875.54,700.43
658023df-f5a3-5f92-94c5-0178ed9a7897,70d65a1d-773a-5607-85ec-b9fe499f8211,8b12c834-e054-5502-85aa-99d1eb81eee0,3,1393.76,418.13
ac0f3f30-91eb-5d78-9a84-a859ecf14843,598a254e-6fd1-5b31-a948-ec4a40c96de9,db630ac7-839d-5331-93df-dc621d8357b6,9,582.16,0.00
01e8ec2a-6766-5793-93f9-b7a38a8982bc,598a254e-6fd1-5b31-a948-ec4a40c96de9,b6464168-fc86-5543-9805-0861ea9c66cc,11,1065.14,585.83
5e7be0e3-fc6a-5a11-ba0f-607148466bc0,598a254e-6fd1-5b31-a948-ec4a40c96de9,c2be7cd9-f7ee-544a-9ceb-7052826da8ce,10,183.13,183.13
b33f9973-acc6-52be-84d0-cc08202d12ed,035c3e63-5ca2-5b90-be6a-a1f90ee0283c,aa67b9d9-b4e2-53f3-9447-ca933b53344f,10,1163.44,1745.16
89ac7260-99cb-5576-9895-9d41d81b505a,035c3e63-5ca2-5b90-be6a-a1f90ee0283c,de536700-41fe-55c3-beb9-bfb9849c872b,7,1685.26,1179.68
b7445360-5573-5190-b5c9-a9aa7b11ad2b,035c3e63-5ca2-5b90-be6a-a1f90ee0283c,1ac8de35-b264-5704-978e-ce8dc08dd02d,7,452.98,158.54
55e3e39e-8e0a-5b26-ae3b-6ae559cbf32d,035c3e63-5ca2-5b90-be6a-a1f90ee0283c,d6b2e2d8-f41b-5418-ba12-fcffc0aa6508,8,1950.05,1560.04
d83d6892-25f9-53ad-a1b0-3c71971e01cb,035c3e63-5ca2-5b90-be6a-a1f90ee0283c,eff08d1d-eb3b-559a-8ca9-60c7b365af52,8,1515.93,1212.74
a6a0c126-0fb9-5fa6-8e68-02f3853418dd,9fec421e-26f9-5fb2-8e85-1d0dedb1b6cd,e139b0f5-6ca3-5ccb-8610-5a52b4b0eb6c,6,1053.19,0.00
8d1c60f4-1474-53e9-98ed-69a4595aec54,804c7ac8-ff1d-55a5-90a8-80f90da8c3d8,8ac2c18a-5896-572a-9f44-f5d60109258d,7,270.85,284.39
e629f60c-5393-52d6-858c-3e95f38a680d,804c7ac8-ff1d-55a5-90a8-80f90da8c3d8,8d892cdc-d358-5f2b-a85b-cbecc7e0a664,3,1003.20,451.44
4ced5d35-1168-5a6c-8bf9-a9c43b3c7553,804c7ac8-ff1d-55a5-90a8-80f90da8c3d8,9e165d6f-802f-5694-a25a-20885ba2aa7f,2,433.03,0.00
fca393f5-ae32-5eb7-a83f-638d422fcb00,804c7ac8-ff1d-55a5-90a8-80f90da8c3d8,f350d57a-8885-50f1-b76a-29f7a8057a35,8,1251.43,0.00
552c6d76-d5b7-5944-8bdf-bfee7aa9323c,ad1a2f0b-596d-5039-a808-40b70b5294fa,0eb49bc4-406e-5d63-a28c-3e5b6ef668e4,3,1139.13,0.00
1d729d93-763e-5dff-b3c5-44664a2c3fdb,c509eb89-7a75-56ac-ad97-4404e64b5e70,1cc795b2-21b3-5c5e-84f0-8f1fa20a6dd4,11,668.78,0.00
0d5ea63c-a21f-5b32-b7ff-30ce1bc5b3fc,c509eb89-7a75-56ac-ad97-4404e64b5e70,aa67b9d9-b4e2-53f3-9447-ca933b53344f,4,1163.44,0.00
5d6af453-dde6-5e3e-91c2-2fcd50425080,c509eb89-7a75-56ac-ad97-4404e64b5e70,2f2113cc-589a-55b5-846a-78fddce3a3c9,9,688.27,619.44
e81c9d82-4699-5275-8b3a-026c2c24f011,75b79d6e-2aa8-5627-b031-decbe88f094d,4dbc0e6b-ab10-5b67-a928-f87e1ed2bb9a,8,233.65,0.00
3d67a3d1-f062-5a53-805f-ba31f0932adf,75b79d6e-2aa8-5627-b031-decbe88f094d,617fd070-2fb8-5ff6-8eaa-308844dc97ac,5,1871.53,467.88
0c2a750f-e14e-532b-a48c-07482a274ea1,75b79d6e-2aa8-5627-b031-decbe88f094d,f78fc905-81d2-5f52-8c77-1cff3a4b42b7,1,290.47,43.57
4025e27e-45f3-58b5-b915-8745c2e0a0d3,75b79d6e-2aa8-5627-b031-decbe88f094d,1dd10a82-5cdc-539f-af3f-d3f255171973,6,107.50,64.50
d234f84e-b42f-57eb-aa5e-76f40545de17,705ce41d-ce41-530c-a998-34e6f7dfb9db,bab29423-27f9-5732-bd8b-a403c95b1a96,4,947.18,0.00
b14d63db-0885-551d-8133-c9da7555e08e,705ce41d-ce41-530c-a998-34e6f7dfb9db,fd5d29e1-571f-589d-be31-aa00127c02aa,8,943.56,0.00
49197ffa-d97a-50be-bcf6-8bf3b8f90aec,0f9a2309-15db-512a-90c1-25b950ccca9b,dee51c26-0113-56c0-a9c6-edbcfc488df1,12,83.53,50.12
fa45df30-5bd9-5014-86ed-45203609c813,0f9a2309-15db-512a-90c1-25b950ccca9b,c3e9c7fb-d6ab-5171-a827-7aad6b6d2342,3,1198.11,359.43
7eb4d9b0-32aa-56e9-822d-f2a12d5013fb,0f9a2309-15db-512a-90c1-25b950ccca9b,4dbc0e6b-ab10-5b67-a928-f87e1ed2bb9a,5,233.65,116.82
a3feb548-8938-55fc-ad83-cbe26a002214,0f9a2309-15db-512a-90c1-25b950ccca9b,b4065918-1c4b-50b6-b69a-d859f24bfe23,8,1132.17,0.00
36df35eb-4393-515e-8882-5a49e21318bd,c3415c50-7eb6-5ecd-9338-6664ab0e8a30,559ab41c-d860-5ab1-aaa1-483577af7b67,4,305.73,0.00
3cc9a5af-fdac-5ba3-b64e-7933c7831b1c,c3415c50-7eb6-5ecd-9338-6664ab0e8a30,4dbc0e6b-ab10-5b67-a928-f87e1ed2bb9a,10,233.65,116.82
43795d61-310b-51fa-a149-5074bcca749b,c3415c50-7eb6-5ecd-9338-6664ab0e8a30,851c23cd-3716-5170-b9ac-0c25ddc7c95c,7,497.01,0.00
ab4e80b0-87ea-5205-8510-3a7523089a4f,8a869b3e-9e8b-526c-99a1-92450f76a111,d68351a2-cf36-5984-a091-28a9f5b6bb7e,12,1017.79,1832.02
16ba77b6-a218-5743-be61-d2eb52f23c7b,8a869b3e-9e8b-526c-99a1-92450f76a111,f350d57a-8885-50f1-b76a-29f7a8057a35,2,1251.43,0.00
70e4e2da-e441-52ca-9c29-b066dabe7fa8,8a869b3e-9e8b-526c-99a1-92450f76a111,eff08d1d-eb3b-559a-8ca9-60c7b365af52,8,1515.93,1819.12
b3d144f8-36bf-5670-a89a-14ad8e11e3d8,67f04517-bb13-52b7-b67e-5e406946fab7,bab29423-27f9-5732-bd8b-a403c95b1a96,11,947.18,520.95
1f4d3fa5-6509-5004-9284-c9364078e20d,ed36c831-64d1-529c-ad0c-90eb21cbd307,b6464168-fc86-5543-9805-0861ea9c66cc,11,1065.14,0.00
33b8f8fe-9aa0-5796-8dbb-5d641bcfe6ff,ed36c831-64d1-529c-ad0c-90eb21cbd307,8d892cdc-d358-5f2b-a85b-cbecc7e0a664,2,1003.20,200.64
2cde1dc8-e8fa-53bd-baf2-4aca1f7e43e2,ed36c831-64d1-529c-ad0c-90eb21cbd307,4dbc0e6b-ab10-5b67-a928-f87e1ed2bb9a,12,233.65,280.38
9556f266-58a4-58a8-9706-ffc8fb66d4c0,ed36c831-64d1-529c-ad0c-90eb21cbd307,5d462a8e-32e0-59ad-ae5c-9d66eda72663,8,326.98,130.79
a858522a-2ad7-5856-8540-e4703205e08a,ed36c831-64d1-529c-ad0c-90eb21cbd307,b6edaedb-a02c-5fbc-b05c-2b5d8deb20c4,2,1512.83,151.28
8a7c84cc-a4b3-54e8-8454-df92a9f9ca8a,a2eeb08e-75f4-5e67-aeec-f79db470b9bc,deaf9542-d65c-5f41-b22e-b1d033baea7a,10,1236.17,0.00
27d1c1b5-6982-58e9-aa4c-b7b94ddcea07,a2eeb08e-75f4-5e67-aeec-f79db470b9bc,eff08d1d-eb3b-559a-8ca9-60c7b365af52,8,1515.93,1212.74
25521aaf-787e-5563-bdcd-2215e2f1b2ce,f29d2717-9a10-58ef-bbbe-d4fd6ad70a44,eff08d1d-eb3b-559a-8ca9-60c7b365af52,2,1515.93,151.59
c833caa2-17aa-5ca0-9808-8c51890ed045,f29d2717-9a10-58ef-bbbe-d4fd6ad70a44,75679cf6-5497-5e69-b773-db773bc6a245,7,1441.14,504.40
c973a590-fbd6-5658-a342-da19774165be,f29d2717-9a10-58ef-bbbe-d4fd6ad70a44,f9fe7a6c-9a44-59e2-a4cc-fef69cc2e48e,8,684.00,547.20
07eff5d3-816c-5328-aa8c-62a6782933ca,ea00a1c6-896e-5949-ae00-30ebb33c2f7f,e3b2c918-6a66-5db3-87f9-e5c71515f2ab,6,1297.73,0.00
52472359-2624-52b0-8d51-37e6ec4ed811,ea00a1c6-896e-5949-ae00-30ebb33c2f7f,829935ce-9ec7-5afb-a542-873877c9ce31,11,378.45,208.15
e5a8d6ee-de63-5eb9-b5fa-4920408bf6d0,ea00a1c6-896e-5949-ae00-30ebb33c2f7f,8d892cdc-d358-5f2b-a85b-cbecc7e0a664,2,1003.20,200.64
7bfe8a46-4555-5c59-971a-7bd6dd8b7550,ea00a1c6-896e-5949-ae00-30ebb33c2f7f,241d3cd0-ef2c-56b8-bb75-b039a61b370a,7,378.32,264.82
5d7c4ae9-3169-5b2e-b017-0b875ea9f2a1,c78334e2-90a8-56e7-aff6-9e149695f768,39cb20a1-5dca-5b11-90c4-3e96e441ed0c,4,447.96,0.00
d67630aa-4e41-5ec7-8017-7411746c9077,c78334e2-90a8-56e7-aff6-9e149695f768,f9fe7a6c-9a44-59e2-a4cc-fef69cc2e48e,8,684.00,0.00
abc3e702-5e1a-5d0b-aded-82bf25cca86f,63bcabcd-4827-5179-9342-3d944d86cf02,0eb49bc4-406e-5d63-a28c-3e5b6ef668e4,5,1139.13,569.56
20ea8f72-0c96-5e1a-84c1-ba5727276f8a,7de12404-d628-535c-8a80-0591d11efd17,d4214473-2bf7-5b77-bb1f-734e590c4014,9,1245.02,0.00
6f1ccba6-b198-5337-bf39-a5d5cbdd1497,7de12404-d628-535c-8a80-0591d11efd17,88f79184-2cf9-5f72-8e4a-cedfa68d9d06,5,475.83,356.87
98b15b34-3c51-568c-8c73-844bedf9f214,7de12404-d628-535c-8a80-0591d11efd17,9e165d6f-802f-5694-a25a-20885ba2aa7f,12,433.03,0.00
4a6b96c9-9def-5fe2-817d-03bc02c07b47,7de12404-d628-535c-8a80-0591d11efd17,34baeb4c-81dc-5b29-bc76-0b8fd47cdbed,2,262.62,78.79
85f3a879-4e59-5b34-827b-cebc380765de,7de12404-d628-535c-8a80-0591d11efd17,f350d57a-8885-50f1-b76a-29f7a8057a35,12,1251.43,2252.57
280d789b-fe1f-583e-821e-d92e21cdee6d,065fd749-b2fd-5c7b-b284-b6a2563b0d51,e53c7da2-eb34-5499-8fd8-380dd673ea82,5,1587.45,0.00
b79c372a-d3dc-543f-9b96-7d36441c00ab,065fd749-b2fd-5c7b-b284-b6a2563b0d51,1dd10a82-5cdc-539f-af3f-d3f255171973,9,107.50,0.00
fe299795-5f44-503f-9487-1544b8642d6f,065fd749-b2fd-5c7b-b284-b6a2563b0d51,e691a6a3-7dd7-5d95-b97e-997e3af77227,10,551.10,826.65
d8ee8778-b324-5315-9813-18bb06b568b5,a7545974-1b8b-59de-9689-56f93eb80555,7169fcc7-7527-510c-b88d-bdcd257ce105,6,1025.31,307.59
25951341-ed4a-5fc6-b84e-ce6736df2331,a7545974-1b8b-59de-9689-56f93eb80555,f218ba8f-81cf-5efd-ad55-5f4ef76110c2,1,1484.37,0.00
25aa0e5d-9467-5594-b3e6-7b8534f54d59,a7545974-1b8b-59de-9689-56f93eb80555,228ccd2f-642c-5fdf-abf0-129af98a3568,11,148.91,0.00
2fec1329-a7b1-58ee-b563-8eb51acec985,a7545974-1b8b-59de-9689-56f93eb80555,43d6da55-777b-55ef-8cf5-d4cc7bfa63ad,4,1159.60,231.92
bfd2b619-a087-5394-a7cc-3d9712efb5e4,13fd087f-37c7-5811-bbb7-f10ff3b1ea83,9a2e8c5f-4d3e-5cb8-ba78-f2bd562ee61b,4,688.27,0.00
83a0608a-e825-53c7-8ef5-44dd9448c369,13fd087f-37c7-5811-bbb7-f10ff3b1ea83,ac03c1f7-3948-530e-8de5-80756984ab20,12,564.84,0.00
aa6c5db3-8a78-533d-bf53-e0d033fa453f,f0e5ef3d-6449-5d58-af50-488590fc5604,228ccd2f-642c-5fdf-abf0-129af98a3568,1,148.91,22.34
e5001fc8-1ce3-5a39-99c0-faae9630867f,e28888a6-3508-5618-8a8d-f31a29c5c425,0137b3c3-db39-5e56-abf7-8ae43bc349ad,1,1129.31,169.40
d662c43b-1ae4-51b0-8261-43ae00c9dd46,e28888a6-3508-5618-8a8d-f31a29c5c425,d4214473-2bf7-5b77-bb1f-734e590c4014,1,1245.02,124.50
e00b7b35-2054-5eb8-97e8-2a83133a159f,e28888a6-3508-5618-8a8d-f31a29c5c425,1cc795b2-21b3-5c5e-84f0-8f1fa20a6dd4,10,668.78,0.00
9f091ee8-8d05-5c38-9713-03b57c14a12c,e28888a6-3508-5618-8a8d-f31a29c5c425,bab29423-27f9-5732-bd8b-a403c95b1a96,4,947.18,378.87
e7e8bdd3-735a-5240-bc61-ff978b5e542e,9b24bafc-7b12-5b29-b7cc-7221267121ed,d68351a2-cf36-5984-a091-28a9f5b6bb7e,10,1017.79,0.00
7294207c-60c0-55c2-8683-58cf0b260984,9b24bafc-7b12-5b29-b7cc-7221267121ed,673811d5-2f11-5108-8b80-c9dd0dc2adda,2,503.75,50.38
864b8bb6-14a5-5400-b461-a776103789cf,9b24bafc-7b12-5b29-b7cc-7221267121ed,201fb8e4-2c24-5483-b44d-4063694486b2,2,1026.69,308.01
6786659a-d80d-58dd-9707-e8c3c4e2cd86,9b24bafc-7b12-5b29-b7cc-7221267121ed,1fa2b768-1b9d-5b9c-befa-fac1ccb97563,2,771.34,0.00
811bbd05-7a0d-5db8-bd9f-0418552ffbd9,42b0070e-03ea-567b-af86-7a49492ebc4c,45669348-c1a3-5956-bbf2-d29bd438fbdc,11,536.14,0.00
74a5cee2-8cb3-585e-a214-e987370ba0a8,42b0070e-03ea-567b-af86-7a49492ebc4c,8b12c834-e054-5502-85aa-99d1eb81eee0,1,1393.76,139.38
015e45cc-1fac-512b-bd12-08ea75dc0f7b,42b0070e-03ea-567b-af86-7a49492ebc4c,d37c44df-541b-5bf4-b395-65b41bac88a8,4,1334.93,0.00
6b8144b9-aea8-539e-acbd-690ee50c45dc,42b0070e-03ea-567b-af86-7a49492ebc4c,599db343-a607-5259-8af1-adde7b1a86ce,4,1047.10,0.00
a11a6f93-a48f-50db-b9a7-ba9db9313a42,42b0070e-03ea-567b-af86-7a49492ebc4c,8d892cdc-d358-5f2b-a85b-cbecc7e0a664,6,1003.20,902.88
7a9dc465-0d6a-55a2-98b1-384c1845b4a2,44dd23c6-7594-5d8a-8e44-4ec33db001a7,f9fe7a6c-9a44-59e2-a4cc-fef69cc2e48e,4,684.00,0.00
9ff25e9d-8dec-5994-b92c-71c6e0598f47,44dd23c6-7594-5d8a-8e44-4ec33db001a7,8a195dd5-491c-532c-9a61-886a24d451c0,12,1141.76,1370.11
b6769fbb-c8a7-5d0a-8bad-190d04cd4b2c,44dd23c6-7594-5d8a-8e44-4ec33db001a7,b6edaedb-a02c-5fbc-b05c-2b5d8deb20c4,1,1512.83,75.64
a3228a7f-19a8-5d07-8eb1-5063e907039c,44dd23c6-7594-5d8a-8e44-4ec33db001a7,f218ba8f-81cf-5efd-ad55-5f4ef76110c2,11,1484.37,2449.21
6af9031e-1cf6-5617-87b5-a61e87cc229f,44dd23c6-7594-5d8a-8e44-4ec33db001a7,86eda21c-1dbc-500a-9201-b7d6b0786cc8,10,1060.50,1590.75
67df67ea-2615-5bc7-97c6-99953081b274,ed77a98a-e6e0-527e-b3c4-275a2d67dd0b,4dbc0e6b-ab10-5b67-a928-f87e1ed2bb9a,1,233.65,35.05
703b6623-fb26-5c37-b13d-fca9533df64a,ed77a98a-e6e0-527e-b3c4-275a2d67dd0b,cd410e43-ec3c-524b-84c6-84482a7b1204,8,549.24,219.70
c21f2845-b791-5a04-9e5e-86f0a14d6615,ed77a98a-e6e0-527e-b3c4-275a2d67dd0b,af3fc15f-c662-5a5e-9e9c-3b2d4e1b6029,4,1539.94,615.98
44314663-8ea7-5160-bb42-e88beb2873c6,0e41c814-b73a-5f04-b874-a8a086f3d4ef,c2be7cd9-f7ee-544a-9ceb-7052826da8ce,7,183.13,64.10
4fa95ac7-5927-5c94-86bc-b4d223d9a593,0e41c814-b73a-5f04-b874-a8a086f3d4ef,1fa2b768-1b9d-5b9c-befa-fac1ccb97563,2,771.34,0.00
df119203-3444-50a8-9549-236a2cee9792,0e41c814-b73a-5f04-b874-a8a086f3d4ef,ac03c1f7-3948-530e-8de5-80756984ab20,7,564.84,395.39
e1af3f61-d7e5-54af-94b1-0a6e5c956476,0e41c814-b73a-5f04-b874-a8a086f3d4ef,8a195dd5-491c-532c-9a61-886a24d451c0,9,1141.76,0.00
ba2c871b-41e7-5d01-a1af-388deff405a7,f450d85e-3007-528a-a5f8-de3275d12fd8,bab29423-27f9-5732-bd8b-a403c95b1a96,4,947.18,378.87
3faab6e9-662a-593b-a293-8f2a3a3c62bf,f450d85e-3007-528a-a5f8-de3275d12fd8,34baeb4c-81dc-5b29-bc76-0b8fd47cdbed,11,262.62,288.88
abb0da49-1bae-5d46-b669-c1f6af6a8d9a,8b48aae1-7655-5f36-897d-aa994a1940d8,39cb20a1-5dca-5b11-90c4-3e96e441ed0c,5,447.96,0.00
b04cce8b-6fe4-5293-a55f-1ddb42e37072,8b48aae1-7655-5f36-897d-aa994a1940d8,559ab41c-d860-5ab1-aaa1-483577af7b67,11,305.73,336.30
d127ac37-c85c-569d-92c4-49c63f24bf6a,3d65c4d0-853a-5319-8836-974e29689828,9e165d6f-802f-5694-a25a-20885ba2aa7f,12,433.03,0.00
49827607-f685-55db-b770-7b48a51e792a,3d65c4d0-853a-5319-8836-974e29689828,6469a098-75a3-5b3b-839a-ad075a8e67ad,11,728.47,1201.98
4eb00c8d-7a72-5369-9021-51bb9d3fb4d4,ac4e7496-c1ae-5e33-bb2c-af0541b6ebe6,952e981c-e5c2-53da-984a-78dc5e3b1ad4,2,130.99,26.20
4c2f2986-4f88-5369-919b-f0954a2511ef,ac4e7496-c1ae-5e33-bb2c-af0541b6ebe6,cdea42fb-ee49-5a22-a213-56a8f9fcb148,8,1597.00,0.00
ecd7b862-1a76-52da-8f69-8e407b2bd0c7,ac4e7496-c1ae-5e33-bb2c-af0541b6ebe6,e139b0f5-6ca3-5ccb-8610-5a52b4b0eb6c,6,1053.19,0.00
1e08ef19-f67d-5549-9e2e-f0401d4b20a0,ac4e7496-c1ae-5e33-bb2c-af0541b6ebe6,e3b2c918-6a66-5db3-87f9-e5c71515f2ab,12,1297.73,0.00
f809294b-45fb-5844-8ff1-06cd118a58cf,810da196-4883-5c44-aae5-432c01878d94,d520aef1-b021-5cf0-a1d3-9e7e6d31aab7,10,568.52,0.00
5f47e746-7247-5d53-b7f2-8597a972743b,83f0f0a1-9c83-59e9-b2df-4aec951f289a,deaf9542-d65c-5f41-b22e-b1d033baea7a,6,1236.17,741.70
797a0fa2-1584-5d6c-85cb-087d7826a2b9,83f0f0a1-9c83-59e9-b2df-4aec951f289a,39cb20a1-5dca-5b11-90c4-3e96e441ed0c,4,447.96,0.00
48f27cea-1b4b-55c6-ab6e-7132f06fd0d0,d0c81752-f522-5d56-ba3b-08175e3d3713,b4b5a0e3-641b-562e-8386-bff3564cf295,11,158.25,0.00
f5c31fae-8b3b-5db6-aecc-09dff06b927e,0b8994ab-505e-54c4-8986-5d6facbdae07,9a2e8c5f-4d3e-5cb8-ba78-f2bd562ee61b,2,688.27,0.00
e0601077-bab7-5d07-a06a-dd6063dccf41,c8ef9e27-7861-50bc-b6dd-46ec98c4d1bf,b6edaedb-a02c-5fbc-b05c-2b5d8deb20c4,5,1512.83,378.21
7f3c7960-6bcd-56a5-91ee-08e41e749ad4,c8ef9e27-7861-50bc-b6dd-46ec98c4d1bf,a042ed60-9218-5159-876b-6c4dd0e5f934,3,381.33,114.40
d2c7d889-e7e1-59b0-ba93-35ce4056a682,3543638c-8d49-5fd8-b3a2-3ad8b4879adc,e69a7c0b-6875-5a37-a379-abbc430fb47b,11,1211.55,0.00
60090521-8d81-5e8c-be3d-9669022ac10a,3543638c-8d49-5fd8-b3a2-3ad8b4879adc,5d79cff2-0e77-58a2-b1bf-c506ed3c98bd,11,822.40,0.00
b727035e-df78-570b-8f10-05ef0adcb9cd,3543638c-8d49-5fd8-b3a2-3ad8b4879adc,b6edaedb-a02c-5fbc-b05c-2b5d8deb20c4,10,1512.83,0.00
4d6a4532-f416-5996-a14d-deb8b19e33d9,3543638c-8d49-5fd8-b3a2-3ad8b4879adc,0f2c8ffe-5a45-5cfc-afbf-417553294a54,9,237.59,0.00
9fd2e502-3c6a-53ef-9f51-3bbc5c6034d3,86421db2-d106-5cec-b5ad-580f9d955c63,5d462a8e-32e0-59ad-ae5c-9d66eda72663,3,326.98,147.14
e9e4f299-e9b8-57f0-af03-de7d59563c74,86421db2-d106-5cec-b5ad-580f9d955c63,91bd15e4-105e-5926-abe6-7ceaf8c07375,8,393.96,0.00
e8909a00-4203-5efb-92fa-511d602484d4,86421db2-d106-5cec-b5ad-580f9d955c63,b5386670-1687-5260-ad33-97e5d697c425,7,902.07,947.17
7fba611b-7d7f-543c-abcf-f74f93fc65f4,86421db2-d106-5cec-b5ad-580f9d955c63,d37c44df-541b-5bf4-b395-65b41bac88a8,7,1334.93,934.45
d72b91ff-d084-53ee-af1c-2eedbc3415e4,86421db2-d106-5cec-b5ad-580f9d955c63,1dd457fd-1d71-5eb5-b684-6f07d43e876c,1,897.97,89.80
fb69adb4-969e-5649-8d90-8ba1a297c235,a43d16ad-1b4b-594a-80f9-38324f5b36d3,43d6da55-777b-55ef-8cf5-d4cc7bfa63ad,11,1159.60,1275.56
5d4fa090-7edc-55ed-b274-2436b4cdfcb0,a43d16ad-1b4b-594a-80f9-38324f5b36d3,9f7bfd37-85ae-5a17-9b9f-5dafe3ec68ee,9,1138.16,0.00
b2a90694-2bad-5d15-b05e-abc6533315ce,a43d16ad-1b4b-594a-80f9-38324f5b36d3,559ab41c-d860-5ab1-aaa1-483577af7b67,5,305.73,76.43
8061f973-92a2-584d-9d99-4329b7826c03,a43d16ad-1b4b-594a-80f9-38324f5b36d3,0caef625-914f-5fea-8e59-19b212bfbd46,5,1252.51,626.26
ea2ae099-d712-55c9-9ca4-68f76821477a,8acdf72e-0957-563c-bac7-53f657c205d0,896e7662-34d0-5631-bb0f-b5ce6b0ad1ba,1,1691.47,0.00
636c54e1-4416-58d3-9056-dcfa49c5a55e,b90fab56-62ed-5928-a05c-97b55c5b18fd,0eb49bc4-406e-5d63-a28c-3e5b6ef668e4,7,1139.13,398.70
d9e9db6c-f42e-5ca7-8337-0810118080d3,3e0b1e36-e0e5-55a4-9b93-96fca89eee76,e691a6a3-7dd7-5d95-b97e-997e3af77227,7,551.10,385.77
e42f584d-b741-50ad-9b52-ee3d45766774,3e0b1e36-e0e5-55a4-9b93-96fca89eee76,559ab41c-d860-5ab1-aaa1-483577af7b67,1,305.73,0.00
cb17e242-df1c-544a-a012-e14d581dfd89,3e0b1e36-e0e5-55a4-9b93-96fca89eee76,5d462a8e-32e0-59ad-ae5c-9d66eda72663,3,326.98,0.00
f22ba8b9-a638-5b48-a761-47510f2234e2,3e0b1e36-e0e5-55a4-9b93-96fca89eee76,952e981c-e5c2-53da-984a-78dc5e3b1ad4,7,130.99,91.69
a5b240d2-3f3a-513f-b5dc-41ac5506bd13,3e0b1e36-e0e5-55a4-9b93-96fca89eee76,13e04507-297b-56af-85d7-75b609d982a1,3,652.61,195.78
1b6cb721-c134-5ac9-9b56-f95382bae054,e0715988-ca19-539f-8eca-557c4883f08b,1dd10a82-5cdc-539f-af3f-d3f255171973,7,107.50,75.25
7a79e0ad-8ebb-5703-a99e-336e61d2507d,e0715988-ca19-539f-8eca-557c4883f08b,ac03c1f7-3948-530e-8de5-80756984ab20,4,564.84,338.90
3c3f9949-3446-5036-9d00-93bf21997f0d,e0715988-ca19-539f-8eca-557c4883f08b,228ccd2f-642c-5fdf-abf0-129af98a3568,8,148.91,59.56
2c993e27-72d4-55a2-9e6f-f1cf9ab48e43,e0715988-ca19-539f-8eca-557c4883f08b,b6464168-fc86-5543-9805-0861ea9c66cc,12,1065.14,1278.17
1d4834a2-6030-5ef1-aec0-790e1d3abcd6,e0715988-ca19-539f-8eca-557c4883f08b,9f7bfd37-85ae-5a17-9b9f-5dafe3ec68ee,8,1138.16,455.26
538d01ed-d012-5223-b16c-0be3eb1818de,fec8cf97-20ec-5766-9a9e-62055454422f,591abda9-fd16-5958-b0e9-586f0dfa6e54,7,875.54,0.00
6bd65a16-636b-5301-9e03-d94883005751,fec8cf97-20ec-5766-9a9e-62055454422f,829935ce-9ec7-5afb-a542-873877c9ce31,5,378.45,189.22
3639195f-8b23-5e50-b851-6ac561a2f9f9,fec8cf97-20ec-5766-9a9e-62055454422f,01351cb5-bcf4-52ee-88a1-c6442df67004,11,1268.11,2092.38
859f97e1-e80b-55ce-9a31-4bd219660251,b88f4c4f-97e1-5eaa-a632-462ff3a91279,34baeb4c-81dc-5b29-bc76-0b8fd47cdbed,6,262.62,236.36
21cafc0a-ffbe-5f64-aa6a-7f19cfc4dbb5,05e9d165-58bb-5e22-8e24-ca2f8d3c1cf4,cd410e43-ec3c-524b-84c6-84482a7b1204,4,549.24,0.00
815376c1-c9af-5c28-9b5e-331ae600ddb6,05e9d165-58bb-5e22-8e24-ca2f8d3c1cf4,86eda21c-1dbc-500a-9201-b7d6b0786cc8,12,1060.50,636.30
2e10612f-4679-5454-8ae7-6b7691bad05d,05e9d165-58bb-5e22-8e24-ca2f8d3c1cf4,952e981c-e5c2-53da-984a-78dc5e3b1ad4,8,130.99,104.79
fb0de381-04c4-5715-bcfe-51bf2cdb8091,05e9d165-58bb-5e22-8e24-ca2f8d3c1cf4,39cb20a1-5dca-5b11-90c4-3e96e441ed0c,2,447.96,134.39
9eeb0a5f-43ed-57d1-99bd-646542ec5b78,2f68ec03-af8d-56e3-9f72-6e3dc6bf6af0,8b12c834-e054-5502-85aa-99d1eb81eee0,7,1393.76,1463.45
171d79be-9256-508b-bf5f-7d45ceae47b8,20414a97-d488-5f2a-96b6-b2f891bb1bfa,c2be7cd9-f7ee-544a-9ceb-7052826da8ce,4,183.13,0.00
3bbdd6a6-6102-5d40-951e-7f3833515419,20414a97-d488-5f2a-96b6-b2f891bb1bfa,f78fc905-81d2-5f52-8c77-1cff3a4b42b7,6,290.47,261.42
7ee0e221-253d-5d04-8185-4ca493b01d18,20414a97-d488-5f2a-96b6-b2f891bb1bfa,91bd15e4-105e-5926-abe6-7ceaf8c07375,2,393.96,39.40
1ec0a4f3-5711-58d4-a4ce-c70072d2fb0d,136d8c66-b0fd-52cf-8f87-68d0a6cb72c3,db43f9b2-c956-5785-8950-8287c47db3ae,5,894.98,223.74
e919047f-ff5f-5e8c-a517-58f8e9f6346e,136d8c66-b0fd-52cf-8f87-68d0a6cb72c3,eff08d1d-eb3b-559a-8ca9-60c7b365af52,5,1515.93,378.98
8ee2bcb3-c451-5cdb-aa3c-09f0d921adbb,136d8c66-b0fd-52cf-8f87-68d0a6cb72c3,dee51c26-0113-56c0-a9c6-edbcfc488df1,3,83.53,0.00
d1cbbac9-0849-5747-8d20-f058d3be598e,136d8c66-b0fd-52cf-8f87-68d0a6cb72c3,af3fc15f-c662-5a5e-9e9c-3b2d4e1b6029,11,1539.94,1693.93
ee2c32cf-e4f1-5443-bb6a-3f20f1c0f110,136d8c66-b0fd-52cf-8f87-68d0a6cb72c3,1ac8de35-b264-5704-978e-ce8dc08dd02d,2,452.98,0.00
4c38d8ba-db5a-553d-9c33-737b325fe3f6,f9b0cf64-4289-5950-8c33-8361fe40af8a,e139b0f5-6ca3-5ccb-8610-5a52b4b0eb6c,1,1053.19,0.00
0c8f14ed-ab38-516b-baac-fcaac2e85398,f9b0cf64-4289-5950-8c33-8361fe40af8a,1cc795b2-21b3-5c5e-84f0-8f1fa20a6dd4,5,668.78,0.00
e6b863ea-9326-5ef4-bba8-3e58d2a969c8,21a01ed9-e52c-515a-b23a-273074c8a4ba,13ea52a1-6b55-57c7-b84e-acf7fb92f106,3,368.84,0.00
d7f21db6-4af2-5520-9642-7a935fadefba,21a01ed9-e52c-515a-b23a-273074c8a4ba,e53c7da2-eb34-5499-8fd8-380dd673ea82,3,1587.45,0.00
9fd44edd-7ab8-5d90-98ee-2400927dc2fe,21a01ed9-e52c-515a-b23a-273074c8a4ba,91bd15e4-105e-5926-abe6-7ceaf8c07375,8,393.96,472.75
d904b1dd-86f8-5b9e-a04d-7ce96139f41e,21a01ed9-e52c-515a-b23a-273074c8a4ba,8dfa6632-930f-5fdc-b7cd-8d5908a33d66,6,271.74,81.52
66e43694-38d3-5de0-8edf-43b5e345c700,9b637424-54f8-5f57-85aa-86bd73b34a97,559ab41c-d860-5ab1-aaa1-483577af7b67,7,305.73,107.01
42b10cd7-56fe-5883-8ba8-97d18e25c0c2,9b637424-54f8-5f57-85aa-86bd73b34a97,d3739878-986b-5b5f-a096-4452493d6cbb,11,869.60,956.56
0fd898b9-ee0e-523e-9680-868f3fff1256,9b637424-54f8-5f57-85aa-86bd73b34a97,88f79184-2cf9-5f72-8e4a-cedfa68d9d06,5,475.83,118.96
826463b6-cb62-5fc2-9bd3-b5f747cc4c2a,971da87e-72c6-5853-aa2c-c9480826eea4,6469a098-75a3-5b3b-839a-ad075a8e67ad,10,728.47,728.47
8657b1bc-c74c-5322-92b2-3ea541c411a6,971da87e-72c6-5853-aa2c-c9480826eea4,2f2113cc-589a-55b5-846a-78fddce3a3c9,10,688.27,344.14
a6f3d14a-387e-5ca6-ab1a-55942e4e7e06,971da87e-72c6-5853-aa2c-c9480826eea4,fd5d29e1-571f-589d-be31-aa00127c02aa,6,943.56,283.07
9730c1bb-ca80-51a9-a54a-1f6d6e5f6e18,9d8863cf-c698-5f7c-91fa-602eca1330d3,896e7662-34d0-5631-bb0f-b5ce6b0ad1ba,3,1691.47,0.00
180728f4-1974-585f-99a5-d5bb6d406016,9d8863cf-c698-5f7c-91fa-602eca1330d3,e69a7c0b-6875-5a37-a379-abbc430fb47b,8,1211.55,969.24
6ac06f64-7c44-514a-b99f-e11cf03dc251,3fec1be1-104f-5622-b4a1-260275449839,b6edaedb-a02c-5fbc-b05c-2b5d8deb20c4,10,1512.83,0.00
ff21be7f-8778-509a-b152-388945c7d903,3fec1be1-104f-5622-b4a1-260275449839,599db343-a607-5259-8af1-adde7b1a86ce,3,1047.10,0.00
b423460f-bc30-579f-9fb0-0943cce08183,3fec1be1-104f-5622-b4a1-260275449839,8a195dd5-491c-532c-9a61-886a24d451c0,1,1141.76,0.00
04a39607-2397-5a5b-93d9-09613a4eb8e2,3fec1be1-104f-5622-b4a1-260275449839,45669348-c1a3-5956-bbf2-d29bd438fbdc,8,536.14,0.00
282943fb-b4c1-5b10-a1c5-0917739e0e6f,87a76df3-aa63-52b2-8dc3-a657d042ac30,9e165d6f-802f-5694-a25a-20885ba2aa7f,12,433.03,519.64
195b77b1-b5cd-51fe-ac1e-2fceb35cf3c3,87a76df3-aa63-52b2-8dc3-a657d042ac30,1cc795b2-21b3-5c5e-84f0-8f1fa20a6dd4,12,668.78,401.27
ba32ddd4-b575-57c0-97b1-257ac6a024be,87a76df3-aa63-52b2-8dc3-a657d042ac30,a042ed60-9218-5159-876b-6c4dd0e5f934,2,381.33,76.27
d2c8124e-b6c8-55d5-95f3-e38922312c36,87a76df3-aa63-52b2-8dc3-a657d042ac30,eff08d1d-eb3b-559a-8ca9-60c7b365af52,8,1515.93,0.00
b34e41ff-4eb1-55f3-8ccc-030a49d2946b,3c03ca0b-0c40-580d-9cea-645ea1e40400,01351cb5-bcf4-52ee-88a1-c6442df67004,9,1268.11,1711.95
01566dbf-baf3-5668-b086-32b92dc78e4b,3c03ca0b-0c40-580d-9cea-645ea1e40400,f65edfe2-43ae-59f6-b37a-f98344e1a998,12,1061.75,0.00
2604b9b1-74b1-50b4-bd29-7bf3fcf688cf,3c03ca0b-0c40-580d-9cea-645ea1e40400,34baeb4c-81dc-5b29-bc76-0b8fd47cdbed,7,262.62,275.75
3d6326a5-79f0-58d6-9fe7-bd5ea997da60,3c03ca0b-0c40-580d-9cea-645ea1e40400,5d462a8e-32e0-59ad-ae5c-9d66eda72663,2,326.98,32.70
5315bac5-43d6-5154-b1dd-0dec81222f00,3c03ca0b-0c40-580d-9cea-645ea1e40400,e139b0f5-6ca3-5ccb-8610-5a52b4b0eb6c,5,1053.19,789.89
1c1e08a0-b742-58e4-855c-d42a99de5278,9c6aa455-4b3a-5a2f-b476-4ea2c107d2df,f65edfe2-43ae-59f6-b37a-f98344e1a998,6,1061.75,318.52
b3364a71-4403-5a32-bfbc-2bfe859d8064,ffc1e1f6-0ded-5633-83fd-4a3e7f922a1d,c0bff87f-f764-5151-8aec-dda48ea91847,12,437.68,0.00
9f5c555c-b653-59aa-9c35-faa4f30515ff,f9577377-dcf2-509b-bfc6-61ae270f4989,d3739878-986b-5b5f-a096-4452493d6cbb,1,869.60,0.00
83c30365-d2e5-54c6-998f-1c913d69235f,f9577377-dcf2-509b-bfc6-61ae270f4989,b6edaedb-a02c-5fbc-b05c-2b5d8deb20c4,5,1512.83,378.21
16710fe2-6e23-54a7-bef1-aff27288b3ad,d91d8aa8-89ee-5265-837e-5c6abae7b2ec,01351cb5-bcf4-52ee-88a1-c6442df67004,6,1268.11,380.43
3f74f58b-4de4-5828-b922-f87709c092bc,6f75ee0c-6fa3-5851-8726-c7ccf2576d65,01351cb5-bcf4-52ee-88a1-c6442df67004,3,1268.11,190.22
7fa67c8b-c710-5f3c-9b10-75d01c056736,6f75ee0c-6fa3-5851-8726-c7ccf2576d65,1cc795b2-21b3-5c5e-84f0-8f1fa20a6dd4,4,668.78,133.76
6a5e4435-e768-5012-97a4-3503422884a4,6f75ee0c-6fa3-5851-8726-c7ccf2576d65,eff08d1d-eb3b-559a-8ca9-60c7b365af52,4,1515.93,303.19
4f352b4e-86e3-5f85-abfd-52ddf19d35b5,6f75ee0c-6fa3-5851-8726-c7ccf2576d65,8b12c834-e054-5502-85aa-99d1eb81eee0,2,1393.76,0.00
e149fcd3-ef39-5396-ad39-920877129bfa,6f75ee0c-6fa3-5851-8726-c7ccf2576d65,f65edfe2-43ae-59f6-b37a-f98344e1a998,12,1061.75,0.00
84a3ada2-4f03-5801-b2e0-cc280fa55930,45c7c3aa-9a2b-5555-b57e-1f5bc43b6d4d,91bd15e4-105e-5926-abe6-7ceaf8c07375,6,393.96,236.38
5ce012e6-87dd-527b-b4f9-7f78731145a8,45c7c3aa-9a2b-5555-b57e-1f5bc43b6d4d,deaf9542-d65c-5f41-b22e-b1d033baea7a,11,1236.17,0.00
3ab9d897-ac18-5b18-910b-5c86cda8d16e,da7f4316-3e77-54b7-96c1-15c5924ee627,8ac2c18a-5896-572a-9f44-f5d60109258d,10,270.85,135.42
5cbf3849-f3a7-58f7-a4d2-c6a7c6d926db,da7f4316-3e77-54b7-96c1-15c5924ee627,eff08d1d-eb3b-559a-8ca9-60c7b365af52,7,1515.93,530.58
7bf2d550-e19b-5917-a5dd-2ae0187e46a2,da7f4316-3e77-54b7-96c1-15c5924ee627,d37c44df-541b-5bf4-b395-65b41bac88a8,7,1334.93,0.00
fddf66db-c7cf-5471-bb51-902051e5ab05,282de309-ff43-5531-aec9-54c0e5364332,559ab41c-d860-5ab1-aaa1-483577af7b67,1,305.73,45.86
02b35800-52e2-5d5c-8957-2ddbaced274b,4c0765d0-c170-56ec-ab18-4f040f120fc6,91bd15e4-105e-5926-abe6-7ceaf8c07375,6,393.96,118.19
674ce0ee-6955-5476-973b-b19e351c54fa,9663eb47-6a1d-50ef-8ba0-fdfdf34b6edc,f9fe7a6c-9a44-59e2-a4cc-fef69cc2e48e,5,684.00,0.00
c1c2fcff-1640-5ca0-adc5-a3b5a2f34696,9663eb47-6a1d-50ef-8ba0-fdfdf34b6edc,80450a39-8a90-55da-adf7-0b6a1b84aeeb,1,1385.41,207.81
1b743d45-c0d2-5dd6-9c58-796faa64c866,9663eb47-6a1d-50ef-8ba0-fdfdf34b6edc,31a97c6b-10cf-54c1-b463-f81683a437cc,7,1252.58,0.00
3870ece6-7938-5058-bb14-b2ee518b5dfa,8aecd19b-c2fd-522e-b9a6-97dd440b07bd,13ea52a1-6b55-57c7-b84e-acf7fb92f106,9,368.84,165.98
1c700e30-01de-53cf-ad89-5e316d4070b8,8aecd19b-c2fd-522e-b9a6-97dd440b07bd,a042ed60-9218-5159-876b-6c4dd0e5f934,5,381.33,286.00
006914cb-a114-5717-a560-692b09cf765e,50c68ab1-ea09-5ed0-b913-d593f7bb2992,8ac2c18a-5896-572a-9f44-f5d60109258d,2,270.85,81.26
f450d949-709c-5799-b304-c28282619b57,50c68ab1-ea09-5ed0-b913-d593f7bb2992,13e04507-297b-56af-85d7-75b609d982a1,4,652.61,0.00
3d59ed62-1d2e-502d-9c54-84dd28d25577,50c68ab1-ea09-5ed0-b913-d593f7bb2992,86eda21c-1dbc-500a-9201-b7d6b0786cc8,2,1060.50,106.05
6dd7b625-c7da-59d6-805d-f0d3b762e673,50c68ab1-ea09-5ed0-b913-d593f7bb2992,bab29423-27f9-5732-bd8b-a403c95b1a96,12,947.18,0.00
4e92d35b-1049-5a90-bd23-f7a0453c3a54,4b68430f-710d-58cb-b3bc-5f02426b61e3,45669348-c1a3-5956-bbf2-d29bd438fbdc,10,536.14,0.00
810af778-7e88-57f3-bad6-d0d80fa3fd3e,4b68430f-710d-58cb-b3bc-5f02426b61e3,0caef625-914f-5fea-8e59-19b212bfbd46,10,1252.51,626.26
d6a11d82-1a99-5ad8-b3ad-b83e738169d4,c3c990b8-ca34-5b61-bd86-b95ead4046ef,d37c44df-541b-5bf4-b395-65b41bac88a8,10,1334.93,667.46
a24f9559-5020-5d3e-aad0-3993dd8b762b,c3c990b8-ca34-5b61-bd86-b95ead4046ef,8d892cdc-d358-5f2b-a85b-cbecc7e0a664,1,1003.20,50.16
aa0536c3-3acd-5dc8-aa9b-17265398daef,c3c990b8-ca34-5b61-bd86-b95ead4046ef,31a97c6b-10cf-54c1-b463-f81683a437cc,10,1252.58,0.00
6595e377-ae7e-5512-83f7-7b5d3439ef6c,1ae19242-d440-56c4-9aee-cb936cd26a90,0f2c8ffe-5a45-5cfc-afbf-417553294a54,2,237.59,0.00
28d1de47-69f8-5c35-a4ed-369abe42d6b5,1ae19242-d440-56c4-9aee-cb936cd26a90,2f2113cc-589a-55b5-846a-78fddce3a3c9,1,688.27,0.00
67c00135-2e9d-5bc1-bfb9-7e436aa047c7,1ae19242-d440-56c4-9aee-cb936cd26a90,d68351a2-cf36-5984-a091-28a9f5b6bb7e,7,1017.79,0.00
a5756d5b-8557-57d1-b633-042ef12c840f,1ae19242-d440-56c4-9aee-cb936cd26a90,13ea52a1-6b55-57c7-b84e-acf7fb92f106,10,368.84,184.42
a1d422b0-ea97-5d6e-a1bd-8899749bde4a,1ae19242-d440-56c4-9aee-cb936cd26a90,0137b3c3-db39-5e56-abf7-8ae43bc349ad,6,1129.31,1016.38
559fa54e-e50c-5780-bc46-c7fd9aff60a0,de3145bf-a12c-5485-b508-ab67781cbcab,241d3cd0-ef2c-56b8-bb75-b039a61b370a,12,378.32,0.00
8e42dee0-8dab-5c01-9d83-9ae8e138a225,de3145bf-a12c-5485-b508-ab67781cbcab,201fb8e4-2c24-5483-b44d-4063694486b2,4,1026.69,205.34
90d3ee3d-c653-54b7-89b7-eadb67442a51,89ddf206-eac0-5038-8edb-59381eaad8f1,1cc795b2-21b3-5c5e-84f0-8f1fa20a6dd4,2,668.78,200.63
378f3dcf-c549-5670-9141-2b24cba32188,89ddf206-eac0-5038-8edb-59381eaad8f1,13ea52a1-6b55-57c7-b84e-acf7fb92f106,5,368.84,184.42
097576e4-f6db-5f82-9e56-ac5e938ec8c6,89ddf206-eac0-5038-8edb-59381eaad8f1,d96da70b-0cb5-58c8-928a-aafb2d90b154,3,1827.60,0.00
4df0fd8d-e9b8-5fce-bd14-d12ffaa0c426,b7e1a2e8-630e-5c7d-8f1d-862db2529547,13e04507-297b-56af-85d7-75b609d982a1,12,652.61,783.13
1080bb7b-6886-55dd-b657-8bae76b65dfa,b7e1a2e8-630e-5c7d-8f1d-862db2529547,01351cb5-bcf4-52ee-88a1-c6442df67004,9,1268.11,1141.30
909cdf0d-218f-5779-80b4-e92e0363cc51,9628095e-e1d6-55e1-9b35-66a9141eb32f,e53c7da2-eb34-5499-8fd8-380dd673ea82,6,1587.45,952.47
2e5e0e93-2386-5f3c-9330-1849fabda755,9628095e-e1d6-55e1-9b35-66a9141eb32f,952e981c-e5c2-53da-984a-78dc5e3b1ad4,9,130.99,0.00
6baabee8-dbf2-5292-998f-806a4dfa174a,9628095e-e1d6-55e1-9b35-66a9141eb32f,8b12c834-e054-5502-85aa-99d1eb81eee0,6,1393.76,0.00
e7d916a3-5e50-5a94-b691-aefa9f2cb855,9628095e-e1d6-55e1-9b35-66a9141eb32f,0eb49bc4-406e-5d63-a28c-3e5b6ef668e4,3,1139.13,170.87
1ca3bf2b-7598-50a8-a919-200d01a79690,9628095e-e1d6-55e1-9b35-66a9141eb32f,a042ed60-9218-5159-876b-6c4dd0e5f934,1,381.33,0.00
1033a613-54bd-58e4-812a-6edabcc431ec,7fe8b207-3154-5ebe-b822-21f4b77de3b6,5d79cff2-0e77-58a2-b1bf-c506ed3c98bd,7,822.40,863.52
62416a60-5e90-5314-bc95-219ee82ac49f,7fe8b207-3154-5ebe-b822-21f4b77de3b6,80450a39-8a90-55da-adf7-0b6a1b84aeeb,12,1385.41,0.00
9db7203a-73dd-5faf-92fa-0b14b873e543,c19851e6-bffd-5aa9-9f44-8d925436e601,952e981c-e5c2-53da-984a-78dc5e3b1ad4,4,130.99,0.00
134e5c08-6c65-5f80-a935-584233acb81e,2fd76024-9698-581e-9b22-f4c1e8ce530c,591abda9-fd16-5958-b0e9-586f0dfa6e54,9,875.54,0.00
15cc0a84-3eff-5b94-b399-901aac98f120,2fd76024-9698-581e-9b22-f4c1e8ce530c,3d307d78-b10f-5539-a951-7bcc9fd17161,6,1342.24,0.00
f702e72a-66c4-5c58-8cfd-f9b2ab000c00,2fd76024-9698-581e-9b22-f4c1e8ce530c,1fa2b768-1b9d-5b9c-befa-fac1ccb97563,9,771.34,347.10
e55fcc01-a1d0-582e-80dd-d23ca922d55f,f6ce1842-a44c-58a1-b857-41b59132604a,6469a098-75a3-5b3b-839a-ad075a8e67ad,2,728.47,145.69
21d10ae6-f208-5986-9aea-fcfec395687a,b91acb75-367b-5a6e-8f5c-12f1c71718ac,d68351a2-cf36-5984-a091-28a9f5b6bb7e,6,1017.79,305.34
b0f00857-c939-554d-ac94-7781fc3d4f19,ad73331e-a031-573c-a81e-231ccf7b4a28,bab29423-27f9-5732-bd8b-a403c95b1a96,11,947.18,0.00
bafad63d-14e6-5db6-a3f9-fd0e269176c4,ad73331e-a031-573c-a81e-231ccf7b4a28,508dfc85-5bf2-5709-b1e3-06ff86d5acb8,4,387.07,0.00
fffc4daf-a233-5bd6-a23f-ccdaf5253338,ad73331e-a031-573c-a81e-231ccf7b4a28,8d6058a9-d9fb-546e-b841-e6b4a0978311,5,1083.86,0.00
6399b1b8-588d-5c2a-90e0-2e18d0760ba4,53550631-4c0f-57fc-baf6-4ceada1fdb81,829935ce-9ec7-5afb-a542-873877c9ce31,6,378.45,340.60
8be7aa4f-5464-585b-9b13-dc178cca93b3,652760d1-0e18-5d41-bdd6-d3df44ce9d5f,88f79184-2cf9-5f72-8e4a-cedfa68d9d06,6,475.83,0.00
bd07258d-2ccb-5406-a211-079ea1f47287,652760d1-0e18-5d41-bdd6-d3df44ce9d5f,b6464168-fc86-5543-9805-0861ea9c66cc,1,1065.14,53.26
cf51beeb-961b-5f4d-b964-735ac19a65ec,652760d1-0e18-5d41-bdd6-d3df44ce9d5f,d6b2e2d8-f41b-5418-ba12-fcffc0aa6508,11,1950.05,0.00
5d5a15ee-d55d-5674-a77d-769dea4f78cc,652760d1-0e18-5d41-bdd6-d3df44ce9d5f,f78fc905-81d2-5f52-8c77-1cff3a4b42b7,9,290.47,261.42
98815241-48f2-59c4-bc3d-0d119837ce3a,652760d1-0e18-5d41-bdd6-d3df44ce9d5f,ac03c1f7-3948-530e-8de5-80756984ab20,1,564.84,0.00
e69c1c76-c7a5-5acf-ab14-33ac6a2ddf92,0d7a4f56-b629-5514-9f66-32ad7bb362a9,b5386670-1687-5260-ad33-97e5d697c425,11,902.07,0.00
3d1e8160-112a-570f-97c0-7209ae788c5f,0d7a4f56-b629-5514-9f66-32ad7bb362a9,559ab41c-d860-5ab1-aaa1-483577af7b67,4,305.73,122.29
86d5e5d2-fb86-5a84-9d16-220760654c16,0d7a4f56-b629-5514-9f66-32ad7bb362a9,b6edaedb-a02c-5fbc-b05c-2b5d8deb20c4,4,1512.83,907.70
5928aab5-ffbd-55ee-bc45-04a08648746f,0d7a4f56-b629-5514-9f66-32ad7bb362a9,8d892cdc-d358-5f2b-a85b-cbecc7e0a664,1,1003.20,100.32
9f734738-d7a8-5685-b4dd-1cd61fa68b69,0d7a4f56-b629-5514-9f66-32ad7bb362a9,9a2e8c5f-4d3e-5cb8-ba78-f2bd562ee61b,5,688.27,0.00
fae543a8-eeeb-5867-8d99-90053c6bd38b,e73fe3d2-42d4-5dca-b72a-16e3d21aa789,e139b0f5-6ca3-5ccb-8610-5a52b4b0eb6c,11,1053.19,579.25
92e39eba-f2e7-53d3-9d20-6f0bfec69b2b,e73fe3d2-42d4-5dca-b72a-16e3d21aa789,db43f9b2-c956-5785-8950-8287c47db3ae,11,894.98,492.24
307de282-08cd-561d-bcac-6171ac9d8f77,e73fe3d2-42d4-5dca-b72a-16e3d21aa789,228ccd2f-642c-5fdf-abf0-129af98a3568,5,148.91,111.68
9e94b038-e1d3-50ad-a3e3-7aaa84316faa,e73fe3d2-42d4-5dca-b72a-16e3d21aa789,13ea52a1-6b55-57c7-b84e-acf7fb92f106,3,368.84,0.00
4dec4432-3c45-55a9-8792-85eb20b735a6,eebbdf4f-03af-5d07-8278-c6e63bcea00d,43d6da55-777b-55ef-8cf5-d4cc7bfa63ad,2,1159.60,0.00
36e0ea0e-6fa1-5a2d-b241-bf279bac973a,eebbdf4f-03af-5d07-8278-c6e63bcea00d,db43f9b2-c956-5785-8950-8287c47db3ae,1,894.98,44.75
6889014a-8dd6-532e-90e2-eb69d1a6b371,eebbdf4f-03af-5d07-8278-c6e63bcea00d,201fb8e4-2c24-5483-b44d-4063694486b2,3,1026.69,0.00
f8f4449d-6d55-5daa-bf4a-0ecdbca9ebf9,eebbdf4f-03af-5d07-8278-c6e63bcea00d,01351cb5-bcf4-52ee-88a1-c6442df67004,8,1268.11,1521.73
ff3a7ba9-3560-5866-bf8c-8f8a22d21a5b,24b91348-cb7d-5486-aead-5e0107ed5f7c,cb09f248-037d-5a0d-9970-99cb102c05d8,8,1006.42,402.57
82f9daaa-f063-52c7-bf52-1faa7d94648c,99219ca4-f56c-5c64-a85b-1b42f08e3232,2f2113cc-589a-55b5-846a-78fddce3a3c9,4,688.27,0.00
ff4d60d0-6f63-5e84-a727-53589ad04cbc,99219ca4-f56c-5c64-a85b-1b42f08e3232,39cb20a1-5dca-5b11-90c4-3e96e441ed0c,4,447.96,0.00
6b1409f1-f8b7-5d91-b702-c3bf9fc01f3b,99219ca4-f56c-5c64-a85b-1b42f08e3232,1cc795b2-21b3-5c5e-84f0-8f1fa20a6dd4,7,668.78,0.00
684b696b-1adc-5188-886e-85db42b7b914,b9c1089f-330d-5ee0-a201-065a8a8a4845,c3e9c7fb-d6ab-5171-a827-7aad6b6d2342,8,1198.11,0.00
f36aff3d-590b-5f91-9966-9a309673e4b7,ae5f0179-9013-5f30-b5c1-0e36d59249ae,eff08d1d-eb3b-559a-8ca9-60c7b365af52,10,1515.93,2273.90
137abbcd-b572-548f-82a1-f8702e1e9165,ae5f0179-9013-5f30-b5c1-0e36d59249ae,617fd070-2fb8-5ff6-8eaa-308844dc97ac,5,1871.53,467.88
838639df-28f5-59e0-b3d5-62a2c7a750fb,ae5f0179-9013-5f30-b5c1-0e36d59249ae,e69a7c0b-6875-5a37-a379-abbc430fb47b,11,1211.55,0.00
2435e4e7-cc3c-5715-92c8-d89882ce72e1,460368bf-df8d-5b81-83a2-8d1627791f9c,0caef625-914f-5fea-8e59-19b212bfbd46,3,1252.51,563.63
7f6a945c-2857-5104-a3f0-547d21763460,5d947d56-7083-5a94-97e6-96cd1190b3b3,a042ed60-9218-5159-876b-6c4dd0e5f934,7,381.33,0.00
faf2c46b-0379-5d2e-8c8e-8a06bf1022b7,5d947d56-7083-5a94-97e6-96cd1190b3b3,31a97c6b-10cf-54c1-b463-f81683a437cc,6,1252.58,0.00
e5d357ea-41b5-5bcf-8dc5-9df5a04e0d88,5d947d56-7083-5a94-97e6-96cd1190b3b3,1657c1e2-1668-5957-a5e5-822140c08707,7,1260.09,441.03
b407ca56-c99a-59fe-97e5-f0e1e51d76dc,d6cde855-f00e-53b8-8a0c-ea3d25b643bd,4dbc0e6b-ab10-5b67-a928-f87e1ed2bb9a,6,233.65,0.00
723d6849-ad6f-5dac-8410-2c2f7f6b4a18,d6cde855-f00e-53b8-8a0c-ea3d25b643bd,a042ed60-9218-5159-876b-6c4dd0e5f934,11,381.33,419.46
27eab691-536b-5fcc-9656-b8319d594973,d6cde855-f00e-53b8-8a0c-ea3d25b643bd,80450a39-8a90-55da-adf7-0b6a1b84aeeb,4,1385.41,0.00
6cc588d3-fdf0-5163-bd15-a86cdfa6699f,22b47278-eee7-5905-bf64-18ca6946a36d,508dfc85-5bf2-5709-b1e3-06ff86d5acb8,6,387.07,116.12
1d778fba-5438-5cd3-91db-63d7cfdbad48,22b47278-eee7-5905-bf64-18ca6946a36d,1dd457fd-1d71-5eb5-b684-6f07d43e876c,5,897.97,0.00
542ed977-716e-5f2f-b97d-0d7d6573a1b5,22b47278-eee7-5905-bf64-18ca6946a36d,db630ac7-839d-5331-93df-dc621d8357b6,10,582.16,582.16
8e600ead-049c-589c-b1e2-b189491a08a0,22b47278-eee7-5905-bf64-18ca6946a36d,bab29423-27f9-5732-bd8b-a403c95b1a96,8,947.18,757.74
054de1b3-4fe0-5391-a844-2a56b9001977,22b47278-eee7-5905-bf64-18ca6946a36d,d6b2e2d8-f41b-5418-ba12-fcffc0aa6508,7,1950.05,0.00
d749c547-c132-532a-9a73-6344dbd4af81,d341e0d0-4edc-5c7d-800e-5bf0157863f4,2f2113cc-589a-55b5-846a-78fddce3a3c9,7,688.27,240.89
f33477b7-c76f-5bc3-a55c-3ece3da160b7,d341e0d0-4edc-5c7d-800e-5bf0157863f4,91bd15e4-105e-5926-abe6-7ceaf8c07375,2,393.96,39.40
17b7147e-2a67-5190-9df7-cc35a1b4799f,d341e0d0-4edc-5c7d-800e-5bf0157863f4,f78fc905-81d2-5f52-8c77-1cff3a4b42b7,4,290.47,0.00
266e2a20-5de0-59f7-a6af-24aa36c4a463,cf112e2f-c91d-59d0-b0ff-4a2dc04f4d7b,1760c2e4-563f-5bac-abcd-baf5317434c8,1,1665.26,0.00
cfc29abb-073f-50f4-8858-ee4bc394832f,cf112e2f-c91d-59d0-b0ff-4a2dc04f4d7b,d96da70b-0cb5-58c8-928a-aafb2d90b154,3,1827.60,0.00
e2fc89ba-2e46-5dda-813d-e2b962f43a5b,cf112e2f-c91d-59d0-b0ff-4a2dc04f4d7b,1dd457fd-1d71-5eb5-b684-6f07d43e876c,7,897.97,0.00
12a2f3c5-d48c-5bc5-84d3-582ad626f89a,db3141d9-b080-579e-ba04-7835d7bd4ee6,8dfa6632-930f-5fdc-b7cd-8d5908a33d66,6,271.74,0.00
8726aaed-56fd-5f15-a478-4e5d149135a7,db3141d9-b080-579e-ba04-7835d7bd4ee6,3205bb8a-e766-5617-a3d4-78aaa9883bc8,5,1355.84,1016.88
9cba3c32-6af9-5125-8266-141da8789527,970621b4-827e-563d-814b-bc0f2dc008d2,34baeb4c-81dc-5b29-bc76-0b8fd47cdbed,11,262.62,433.32
53b4bb46-d7db-5644-9b39-8cf3b0c34928,970621b4-827e-563d-814b-bc0f2dc008d2,c0bff87f-f764-5151-8aec-dda48ea91847,8,437.68,0.00
ec5821c6-5083-56ba-ad0b-2fe3b02ce066,54b362fb-8554-5778-a63c-7ec784892028,bab29423-27f9-5732-bd8b-a403c95b1a96,10,947.18,1420.77
8720e58a-260d-5c5a-bf67-059702bca590,54b362fb-8554-5778-a63c-7ec784892028,829935ce-9ec7-5afb-a542-873877c9ce31,5,378.45,94.61
2a5729aa-0162-5230-9add-5f453089e0b5,54b362fb-8554-5778-a63c-7ec784892028,0eb49bc4-406e-5d63-a28c-3e5b6ef668e4,9,1139.13,512.61
3da35b7d-b33a-523a-96c5-4581b4d14ca3,2f3918fd-6803-56d5-906d-357097418ba5,d520aef1-b021-5cf0-a1d3-9e7e6d31aab7,8,568.52,0.00
67850d13-09fe-5447-a5c4-50974766dcfd,2f3918fd-6803-56d5-906d-357097418ba5,0f2c8ffe-5a45-5cfc-afbf-417553294a54,4,237.59,0.00
e7aeb9a8-550a-5b0f-9892-0e52dc7612b7,2f3918fd-6803-56d5-906d-357097418ba5,b4065918-1c4b-50b6-b69a-d859f24bfe23,6,1132.17,0.00
15f15ece-fe19-5172-bc67-38d43932ae25,2f3918fd-6803-56d5-906d-357097418ba5,dee51c26-0113-56c0-a9c6-edbcfc488df1,6,83.53,0.00
861878cd-2315-57c8-8844-5209d92f78c0,2f3918fd-6803-56d5-906d-357097418ba5,829935ce-9ec7-5afb-a542-873877c9ce31,11,378.45,624.44
5146e576-b2b9-5d20-a66a-7e24dbd77a5d,933672a9-7a3e-57d2-9e11-b946fbe4f252,9b6b9203-f582-59b6-b64c-309881607c86,4,876.23,525.74
da34204e-1905-5a27-8b47-7d6f5a79e191,933672a9-7a3e-57d2-9e11-b946fbe4f252,e53c7da2-eb34-5499-8fd8-380dd673ea82,4,1587.45,317.49
584b491d-21bb-5f6a-ae43-2f002a84bde0,933672a9-7a3e-57d2-9e11-b946fbe4f252,0f2c8ffe-5a45-5cfc-afbf-417553294a54,6,237.59,0.00
b7378a6b-66c3-5002-a240-e34e64f18556,933672a9-7a3e-57d2-9e11-b946fbe4f252,8b12c834-e054-5502-85aa-99d1eb81eee0,9,1393.76,1254.38
a6a94211-ec66-5ca3-962e-08fe831ce335,b9f89574-2083-5bad-81e7-162d5c7fa329,80450a39-8a90-55da-adf7-0b6a1b84aeeb,11,1385.41,0.00
50f9cd69-aedf-5284-9b9d-10b6fa64faf2,69000f1f-7bc2-536d-ba2b-a7a68a428ea7,eff08d1d-eb3b-559a-8ca9-60c7b365af52,11,1515.93,2501.28
ddf5e6bf-624e-53bb-b256-cbf585d5f951,69000f1f-7bc2-536d-ba2b-a7a68a428ea7,39cb20a1-5dca-5b11-90c4-3e96e441ed0c,7,447.96,0.00
61a196a1-03a5-588b-bbbd-f7d181887515,69000f1f-7bc2-536d-ba2b-a7a68a428ea7,e139b0f5-6ca3-5ccb-8610-5a52b4b0eb6c,3,1053.19,0.00
1db92a8b-ba5b-5338-94e0-2126b2b2defa,69000f1f-7bc2-536d-ba2b-a7a68a428ea7,88f79184-2cf9-5f72-8e4a-cedfa68d9d06,11,475.83,0.00
6bc3ea3d-7b3a-5600-b987-0d4aed8adb43,69000f1f-7bc2-536d-ba2b-a7a68a428ea7,5d462a8e-32e0-59ad-ae5c-9d66eda72663,9,326.98,441.42
19949235-000c-5872-aff3-8cde35cd937e,03a9b024-fcf3-5883-a3e1-23aa6f9f0e75,201fb8e4-2c24-5483-b44d-4063694486b2,12,1026.69,616.01
8be286fb-79fa-5789-b7c8-c8efe558bf3d,03a9b024-fcf3-5883-a3e1-23aa6f9f0e75,af3fc15f-c662-5a5e-9e9c-3b2d4e1b6029,12,1539.94,0.00
8f28e6bf-24e9-5c4e-af7c-de5ec6230c28,882f0f31-1992-532b-83f4-2a84917e537d,b5386670-1687-5260-ad33-97e5d697c425,6,902.07,811.86
a5c44fcf-4b0a-5cbb-9e6b-b4bc511fafd4,882f0f31-1992-532b-83f4-2a84917e537d,af3fc15f-c662-5a5e-9e9c-3b2d4e1b6029,5,1539.94,769.97
00f512ef-415a-54dc-acb3-e0e47deb5346,882f0f31-1992-532b-83f4-2a84917e537d,d6b2e2d8-f41b-5418-ba12-fcffc0aa6508,8,1950.05,2340.06
f4bc489a-ddf2-5a37-bc1e-fd7d87e57133,882f0f31-1992-532b-83f4-2a84917e537d,34baeb4c-81dc-5b29-bc76-0b8fd47cdbed,6,262.62,78.79
53ca3e86-169f-5c2c-a4e9-6398d76d25df,d0e70011-4e10-52d3-bfa0-f414bdff6523,9b6b9203-f582-59b6-b64c-309881607c86,1,876.23,0.00
996671ab-bb2b-53d2-9645-2aca057f0d2c,d0e70011-4e10-52d3-bfa0-f414bdff6523,1fa2b768-1b9d-5b9c-befa-fac1ccb97563,7,771.34,269.97
039ab044-fbd7-5738-9aa3-26912329fb7c,d0e70011-4e10-52d3-bfa0-f414bdff6523,3d307d78-b10f-5539-a951-7bcc9fd17161,11,1342.24,2214.70
05525a6f-715a-5e3c-9a53-80ab8d0b68e8,d0e70011-4e10-52d3-bfa0-f414bdff6523,ac03c1f7-3948-530e-8de5-80756984ab20,4,564.84,225.94
cfe03410-94c1-5718-9e40-96e2722df23a,d0e70011-4e10-52d3-bfa0-f414bdff6523,0137b3c3-db39-5e56-abf7-8ae43bc349ad,6,1129.31,1016.38
19394aec-88d6-5571-b606-bf2c0ffe158a,0e4ae194-2404-572a-aaaf-c89d77a60a59,5d79cff2-0e77-58a2-b1bf-c506ed3c98bd,5,822.40,0.00
9a7247bf-aa02-5e59-8638-4c90638357b4,0e4ae194-2404-572a-aaaf-c89d77a60a59,1ac8de35-b264-5704-978e-ce8dc08dd02d,4,452.98,0.00
24349b3d-f538-5e60-9d5f-773d6f193494,0e4ae194-2404-572a-aaaf-c89d77a60a59,deaf9542-d65c-5f41-b22e-b1d033baea7a,12,1236.17,0.00
fa43c179-d5f5-5744-97c8-02c66f5cc1a0,0e4ae194-2404-572a-aaaf-c89d77a60a59,e53c7da2-eb34-5499-8fd8-380dd673ea82,11,1587.45,0.00
3e186d68-06f3-56df-98f0-b3b0ae1b62f7,4f6c979d-9c4d-570e-b674-2694b79a105c,91bd15e4-105e-5926-abe6-7ceaf8c07375,3,393.96,59.09
3bf854b8-5e94-5d76-948e-cdd01ec96b7e,4f6c979d-9c4d-570e-b674-2694b79a105c,e69a7c0b-6875-5a37-a379-abbc430fb47b,7,1211.55,424.04
ce4cad97-0713-51bf-aec7-8a986648dd93,81ed36bd-083f-50d2-910b-392b184fcbc7,c3e9c7fb-d6ab-5171-a827-7aad6b6d2342,12,1198.11,0.00
a171c31b-86e2-59e2-931d-31fe84cf7c3c,81ed36bd-083f-50d2-910b-392b184fcbc7,1dd457fd-1d71-5eb5-b684-6f07d43e876c,6,897.97,0.00
d6e70056-a16d-51f8-b678-f86bb2f3e6ae,81ed36bd-083f-50d2-910b-392b184fcbc7,e3b2c918-6a66-5db3-87f9-e5c71515f2ab,2,1297.73,259.55
c0efa8f8-dc22-55e9-98de-862920aa65de,81ed36bd-083f-50d2-910b-392b184fcbc7,cdea42fb-ee49-5a22-a213-56a8f9fcb148,2,1597.00,0.00
00034d1f-cb0c-55e4-81bc-abe5dcebb015,81ed36bd-083f-50d2-910b-392b184fcbc7,45669348-c1a3-5956-bbf2-d29bd438fbdc,5,536.14,0.00
dea17af3-48f4-5743-ac66-73e0a953f86b,b6e6c9ea-b744-5caf-953e-331a52f74be6,cb09f248-037d-5a0d-9970-99cb102c05d8,11,1006.42,0.00
c8cda183-0ad4-558e-9a48-e010371b8024,b6e6c9ea-b744-5caf-953e-331a52f74be6,8dfa6632-930f-5fdc-b7cd-8d5908a33d66,11,271.74,149.46
0136805f-9f21-506a-a175-41cf20289e37,b6e6c9ea-b744-5caf-953e-331a52f74be6,91bd15e4-105e-5926-abe6-7ceaf8c07375,2,393.96,0.00
a3516114-82a3-5956-978a-323c3b37f3e0,e748d413-d4bf-5d21-8fcb-3b928d065a70,deaf9542-d65c-5f41-b22e-b1d033baea7a,5,1236.17,309.04
6c72193e-969e-54b3-88ec-5ef0259274bb,16ea69ba-5741-51fb-b61b-ff0071d58efe,673811d5-2f11-5108-8b80-c9dd0dc2adda,8,503.75,403.00
bb5be0b3-a38f-570b-a705-9298373174cf,16ea69ba-5741-51fb-b61b-ff0071d58efe,1760c2e4-563f-5bac-abcd-baf5317434c8,4,1665.26,0.00
b6b6047d-04b7-59b9-8937-64ae5962b0cd,16ea69ba-5741-51fb-b61b-ff0071d58efe,8ac2c18a-5896-572a-9f44-f5d60109258d,7,270.85,189.60
0808cf77-8ca3-5217-93cf-4001b82462f0,16ea69ba-5741-51fb-b61b-ff0071d58efe,3205bb8a-e766-5617-a3d4-78aaa9883bc8,2,1355.84,406.75
216db642-4f38-5415-926e-3016fa339652,16ea69ba-5741-51fb-b61b-ff0071d58efe,b4065918-1c4b-50b6-b69a-d859f24bfe23,7,1132.17,396.26
27811501-d485-5899-9a2b-fbfdba34853e,cc81dfc7-f3ab-5fac-8565-e04e1fdc2f09,1dd10a82-5cdc-539f-af3f-d3f255171973,3,107.50,32.25
a39371e3-352a-555b-97c1-3c3b59cc47e8,cc81dfc7-f3ab-5fac-8565-e04e1fdc2f09,673811d5-2f11-5108-8b80-c9dd0dc2adda,4,503.75,0.00
f167de97-a253-5e71-9fbd-7f1e9900d26f,cc81dfc7-f3ab-5fac-8565-e04e1fdc2f09,13ea52a1-6b55-57c7-b84e-acf7fb92f106,3,368.84,110.65
4d6bae49-627e-5b3b-b80e-82732b5d239a,71dc3811-4c6a-5b77-ac65-16f5fbe23af9,b5386670-1687-5260-ad33-97e5d697c425,10,902.07,0.00
38704275-facb-5e4e-8e70-495f8e8a279b,71dc3811-4c6a-5b77-ac65-16f5fbe23af9,228ccd2f-642c-5fdf-abf0-129af98a3568,11,148.91,0.00
2c49f3f1-2541-56f9-9c71-f7b0d48a48e1,7ded4f13-8cfb-57ed-9b3c-cfa1b64e2c33,af3fc15f-c662-5a5e-9e9c-3b2d4e1b6029,4,1539.94,923.96
ebdbf8dc-d55c-5952-8aff-7e6316e5429e,7ded4f13-8cfb-57ed-9b3c-cfa1b64e2c33,b6464168-fc86-5543-9805-0861ea9c66cc,7,1065.14,745.60
0b8a21b3-f300-5706-899c-c3fd273a5458,170a942d-f2ae-5c7c-a2db-82095a3e90b0,d96da70b-0cb5-58c8-928a-aafb2d90b154,10,1827.60,913.80
e95ecd22-822a-5c9f-bdc1-8b009a753b9a,8c51b75f-bd78-5b22-ad42-21fba5633120,1dd457fd-1d71-5eb5-b684-6f07d43e876c,9,897.97,808.17
0b84f2e1-081d-5c63-bbae-111bff71b9a5,8c51b75f-bd78-5b22-ad42-21fba5633120,d96da70b-0cb5-58c8-928a-aafb2d90b154,8,1827.60,0.00
2d0a2e12-32d1-5cd6-bb7d-a9f73bc68f08,8c51b75f-bd78-5b22-ad42-21fba5633120,613ff8f3-9a2b-5f66-8d3e-3e05d5391002,10,474.67,237.34
463538a0-28d3-5af0-973d-f49f68bef50e,304c1de0-6e8c-58ef-822c-882a29cbcd6a,91bd15e4-105e-5926-abe6-7ceaf8c07375,11,393.96,650.03
8f10c56a-be98-5e8d-975f-0a5d8728fca5,304c1de0-6e8c-58ef-822c-882a29cbcd6a,d6b2e2d8-f41b-5418-ba12-fcffc0aa6508,4,1950.05,390.01
19a78493-98b9-5d25-af5a-73c597428aed,896a8ebb-b3eb-5d2c-9cf0-622c36ea8d8c,db630ac7-839d-5331-93df-dc621d8357b6,3,582.16,261.97
d87141a2-c492-58b9-9e72-f07524b5373a,896a8ebb-b3eb-5d2c-9cf0-622c36ea8d8c,508dfc85-5bf2-5709-b1e3-06ff86d5acb8,11,387.07,212.89
16248a3f-4911-5852-9d14-dd859f2b264e,896a8ebb-b3eb-5d2c-9cf0-622c36ea8d8c,201fb8e4-2c24-5483-b44d-4063694486b2,7,1026.69,718.68
46922da3-c6fe-51f4-8727-cc562fd27e3c,3182774d-3fb5-5b73-8fd8-17bafa23a10b,eff08d1d-eb3b-559a-8ca9-60c7b365af52,3,1515.93,454.78
ef253a16-742a-5885-a61f-803bd450bd05,3182774d-3fb5-5b73-8fd8-17bafa23a10b,673811d5-2f11-5108-8b80-c9dd0dc2adda,12,503.75,0.00
d19ae64f-a80e-5666-9d61-829548a15b0b,3182774d-3fb5-5b73-8fd8-17bafa23a10b,6469a098-75a3-5b3b-839a-ad075a8e67ad,8,728.47,582.78
bf3d0b43-23c3-5f4d-8d3a-397b08f7de9f,3182774d-3fb5-5b73-8fd8-17bafa23a10b,851c23cd-3716-5170-b9ac-0c25ddc7c95c,9,497.01,0.00
6bc77bb0-1acd-591c-8a3c-cf9aaf0d798f,4729cd3d-7f34-555f-ac3d-788df1075576,559ab41c-d860-5ab1-aaa1-483577af7b67,9,305.73,412.74
84e0f69c-858c-5638-a01e-34c226544868,4729cd3d-7f34-555f-ac3d-788df1075576,2e263bcd-bacc-5f51-b35b-70d1674f4dc5,8,370.19,0.00
9418dbde-9159-5f4c-83ba-0bc79a47ae23,4729cd3d-7f34-555f-ac3d-788df1075576,3205bb8a-e766-5617-a3d4-78aaa9883bc8,7,1355.84,1423.63
656e04c3-c9e2-5584-b25a-21c13df5a5f4,4729cd3d-7f34-555f-ac3d-788df1075576,1fa2b768-1b9d-5b9c-befa-fac1ccb97563,5,771.34,385.67
ef2c46ca-18e5-57da-a290-8a530949f923,c8149441-6a86-5dd7-b4e5-206a8c867c0c,e53c7da2-eb34-5499-8fd8-380dd673ea82,5,1587.45,793.72
4622d5f4-9060-56c6-afc3-5bed28572236,c8149441-6a86-5dd7-b4e5-206a8c867c0c,5d462a8e-32e0-59ad-ae5c-9d66eda72663,12,326.98,392.38
b106a235-aca9-5b72-91fe-be71b3f44830,c8149441-6a86-5dd7-b4e5-206a8c867c0c,896e7662-34d0-5631-bb0f-b5ce6b0ad1ba,11,1691.47,1860.62
d5a0b551-5929-5104-b4bf-e791c58f261a,c8149441-6a86-5dd7-b4e5-206a8c867c0c,f218ba8f-81cf-5efd-ad55-5f4ef76110c2,9,1484.37,0.00
9f5c1aea-74fd-5774-922c-204917331e5f,e9222fc7-a1ce-5f90-bc4c-98af96a5c295,0eb49bc4-406e-5d63-a28c-3e5b6ef668e4,8,1139.13,0.00
b27c21e5-9018-55e7-ba80-df250ff59477,d95855d8-2594-582f-852b-91c28d6855e8,fb4140fc-b3c1-5a6a-8613-9b068fdd2b39,7,931.77,0.00
2962e213-1fcf-516e-bcf5-302b08a5c45b,24972470-c33c-586e-97d6-ce7e6df541a2,a042ed60-9218-5159-876b-6c4dd0e5f934,5,381.33,0.00
07675015-2570-5536-90a1-452ede0fd52c,29b90aa8-4ea9-580d-8a6b-f1f1ad21918c,591abda9-fd16-5958-b0e9-586f0dfa6e54,3,875.54,0.00
c06ae5d3-8e8a-541c-97de-f18ff4d86411,29b90aa8-4ea9-580d-8a6b-f1f1ad21918c,13e04507-297b-56af-85d7-75b609d982a1,9,652.61,587.35
1c41691c-14f6-5c1f-b8ec-8dff6d079153,29b90aa8-4ea9-580d-8a6b-f1f1ad21918c,d520aef1-b021-5cf0-a1d3-9e7e6d31aab7,5,568.52,0.00
f8fd8a06-d105-5265-bfb9-ba238a837e65,f5511add-5272-5396-8382-f05ad6a6b380,13ea52a1-6b55-57c7-b84e-acf7fb92f106,8,368.84,147.54
19cf21fa-3477-5787-8595-544a2d64e8ec,f5511add-5272-5396-8382-f05ad6a6b380,591abda9-fd16-5958-b0e9-586f0dfa6e54,2,875.54,0.00
099ef190-86b0-5ec4-8241-5df678c09fb7,f5511add-5272-5396-8382-f05ad6a6b380,deaf9542-d65c-5f41-b22e-b1d033baea7a,4,1236.17,494.47
98635dc7-d27b-5d40-b3a3-a2392d3a77d7,f5511add-5272-5396-8382-f05ad6a6b380,80450a39-8a90-55da-adf7-0b6a1b84aeeb,10,1385.41,0.00
8194c960-2ac9-5993-a86c-3e49fe8ae7e8,f5511add-5272-5396-8382-f05ad6a6b380,d96da70b-0cb5-58c8-928a-aafb2d90b154,4,1827.60,1096.56
1d1ed674-6d8f-58fc-93b7-c2c3e4be7627,63b065f2-28b0-58ca-973d-12a98b632ac2,c0bff87f-f764-5151-8aec-dda48ea91847,2,437.68,0.00
2ffa7d33-e068-5da6-bb04-ea07d5502a61,63b065f2-28b0-58ca-973d-12a98b632ac2,f9fe7a6c-9a44-59e2-a4cc-fef69cc2e48e,10,684.00,0.00
89e7af74-db38-5537-bd83-ca2226240ac3,92afeb4a-6c14-50a9-abaf-62b0564a922e,d68351a2-cf36-5984-a091-28a9f5b6bb7e,11,1017.79,0.00
6c8ee634-1a93-58fc-9a69-0e93081ae60f,26ccc1f0-df78-5589-ad36-bdf73e420e1e,1ac8de35-b264-5704-978e-ce8dc08dd02d,1,452.98,0.00
49d4a50f-fb23-54e0-aefe-3c530e77be25,da8b883e-80de-5ad2-8f52-6e006e7e4791,db43f9b2-c956-5785-8950-8287c47db3ae,10,894.98,447.49
90ebcbe1-e796-5b21-b346-8915bdf70819,da8b883e-80de-5ad2-8f52-6e006e7e4791,952e981c-e5c2-53da-984a-78dc5e3b1ad4,6,130.99,39.30
bb201408-0f5a-5a08-91d0-70fbd8e61c7e,bca1559b-96af-500f-b3b4-5071850659cf,896e7662-34d0-5631-bb0f-b5ce6b0ad1ba,1,1691.47,253.72
2f412d58-5892-5526-b182-f1dc757d19a7,a85f12b7-e17c-5283-bfb5-f4ad0f594bd4,0137b3c3-db39-5e56-abf7-8ae43bc349ad,12,1129.31,1355.17
e158a437-469b-551d-bad1-00cf2f21af0d,a85f12b7-e17c-5283-bfb5-f4ad0f594bd4,a042ed60-9218-5159-876b-6c4dd0e5f934,5,381.33,95.33
0a589855-84e6-5350-9724-e44a88dea84f,7b130b80-657c-5d70-b64d-677aa10ad5e8,1dd10a82-5cdc-539f-af3f-d3f255171973,12,107.50,0.00
5380a7c2-6009-5607-bd72-b856d615934a,7b130b80-657c-5d70-b64d-677aa10ad5e8,1ac8de35-b264-5704-978e-ce8dc08dd02d,12,452.98,0.00
d5436d83-a28f-5692-97fb-42267dc04931,7b130b80-657c-5d70-b64d-677aa10ad5e8,952e981c-e5c2-53da-984a-78dc5e3b1ad4,4,130.99,52.40
56085f89-59d5-5afa-b4e9-11a82b545d45,7b130b80-657c-5d70-b64d-677aa10ad5e8,8dfa6632-930f-5fdc-b7cd-8d5908a33d66,10,271.74,0.00
bbc4f807-1ef4-5c45-8a11-016c05f984ed,198d0158-5160-5863-8582-eaa356c03ef7,80450a39-8a90-55da-adf7-0b6a1b84aeeb,4,1385.41,554.16
4d44f0fa-e95e-57ad-b710-3573e4c5c3ca,198d0158-5160-5863-8582-eaa356c03ef7,e3b2c918-6a66-5db3-87f9-e5c71515f2ab,11,1297.73,1427.50
d8321e88-2124-5b1d-b042-48fb2ed6add5,198d0158-5160-5863-8582-eaa356c03ef7,241d3cd0-ef2c-56b8-bb75-b039a61b370a,6,378.32,0.00
0a8e10d5-36b3-57fd-874c-c6201ec86099,198d0158-5160-5863-8582-eaa356c03ef7,1dd10a82-5cdc-539f-af3f-d3f255171973,2,107.50,32.25
0a777da5-6e3d-534d-99db-ad1bde6792a3,198d0158-5160-5863-8582-eaa356c03ef7,e53c7da2-eb34-5499-8fd8-380dd673ea82,12,1587.45,1904.94
5b5ae2bb-98d6-5495-bdc1-20a66d4440b3,7c145a95-45e5-5960-ab87-364b026ff2fb,1fa2b768-1b9d-5b9c-befa-fac1ccb97563,10,771.34,0.00
e248b654-a804-5514-9d85-8f1412033b8d,7c145a95-45e5-5960-ab87-364b026ff2fb,e3b2c918-6a66-5db3-87f9-e5c71515f2ab,2,1297.73,129.77
78321291-6ec4-501c-8ee3-a93a89717c21,7c145a95-45e5-5960-ab87-364b026ff2fb,cd410e43-ec3c-524b-84c6-84482a7b1204,3,549.24,164.77
67adb935-dd04-5a68-b60c-35bd6ba8817d,7c145a95-45e5-5960-ab87-364b026ff2fb,8ac2c18a-5896-572a-9f44-f5d60109258d,8,270.85,216.68
71206ba2-c23a-5ea9-8449-69196c5a2aa3,39a91d61-2abd-5a5f-9c38-f0fde125f71b,45669348-c1a3-5956-bbf2-d29bd438fbdc,8,536.14,214.46
4a67a14e-4d7f-52f2-aef9-d596eb3fc45f,39a91d61-2abd-5a5f-9c38-f0fde125f71b,b4065918-1c4b-50b6-b69a-d859f24bfe23,9,1132.17,0.00
7e3547a6-837c-59d3-ae20-5b4f9601f7fe,39a91d61-2abd-5a5f-9c38-f0fde125f71b,228ccd2f-642c-5fdf-abf0-129af98a3568,5,148.91,0.00
a6a5e8fa-add6-5b77-b80c-072b56a27822,39a91d61-2abd-5a5f-9c38-f0fde125f71b,cdea42fb-ee49-5a22-a213-56a8f9fcb148,4,1597.00,958.20
a7ace73b-5500-54b6-ac60-e26dd34ede1e,c5e26e3c-2fcf-5ec6-8ff7-35820d7b4fcc,1cc795b2-21b3-5c5e-84f0-8f1fa20a6dd4,11,668.78,1103.49
07a5a08b-0c61-50b4-8de5-35e18f87ad5f,c5e26e3c-2fcf-5ec6-8ff7-35820d7b4fcc,d96da70b-0cb5-58c8-928a-aafb2d90b154,11,1827.60,1005.18
b70e47ca-d633-5b78-a4e3-463a0d6f0e08,c5e26e3c-2fcf-5ec6-8ff7-35820d7b4fcc,af3fc15f-c662-5a5e-9e9c-3b2d4e1b6029,5,1539.94,1154.96
ca4b72c4-ba55-5bb3-8469-435813301a58,c5e26e3c-2fcf-5ec6-8ff7-35820d7b4fcc,39cb20a1-5dca-5b11-90c4-3e96e441ed0c,8,447.96,0.00
8773eafb-d34a-5701-bc74-11b6b64707cb,c5e26e3c-2fcf-5ec6-8ff7-35820d7b4fcc,cd410e43-ec3c-524b-84c6-84482a7b1204,7,549.24,0.00
b4d664d8-1f82-578d-a6ae-d5386982d5e0,647a9705-f02b-5873-815e-04c06c2666d9,1657c1e2-1668-5957-a5e5-822140c08707,8,1260.09,504.04
9e81c6d1-7a5f-53eb-a1b1-76856a4a656e,647a9705-f02b-5873-815e-04c06c2666d9,db43f9b2-c956-5785-8950-8287c47db3ae,5,894.98,447.49
e411fb5e-c0e4-51ee-be4d-ba2b78c9315e,661a74db-3b09-5d04-9c03-319c0d4b81ed,d96da70b-0cb5-58c8-928a-aafb2d90b154,7,1827.60,639.66
194b0422-3b08-5227-82b8-3bebfb560d4f,661a74db-3b09-5d04-9c03-319c0d4b81ed,0caef625-914f-5fea-8e59-19b212bfbd46,12,1252.51,1503.01
9debb908-e016-54da-9516-337417796390,df970340-372e-5e08-8966-1f431ced270e,0caef625-914f-5fea-8e59-19b212bfbd46,12,1252.51,2254.52
33609186-fa84-54b1-948c-99874d2d9db5,df970340-372e-5e08-8966-1f431ced270e,f9fe7a6c-9a44-59e2-a4cc-fef69cc2e48e,2,684.00,0.00
a885720a-9727-5c18-a597-2e4a409bebd8,df970340-372e-5e08-8966-1f431ced270e,d96da70b-0cb5-58c8-928a-aafb2d90b154,5,1827.60,0.00
654b9cbc-d98f-51f9-9d52-d3b1c84a6098,d1266772-21fa-56a5-8ac8-dfc22cf84287,e69a7c0b-6875-5a37-a379-abbc430fb47b,3,1211.55,0.00
08039228-588a-532b-b579-9f4e8526d1b8,d1266772-21fa-56a5-8ac8-dfc22cf84287,5d79cff2-0e77-58a2-b1bf-c506ed3c98bd,6,822.40,740.16
b42df4bb-2177-558c-b522-faaa43490762,d1266772-21fa-56a5-8ac8-dfc22cf84287,617fd070-2fb8-5ff6-8eaa-308844dc97ac,6,1871.53,1684.38
41bdb30f-5dc0-591f-99f7-b2f5a80249b0,d1266772-21fa-56a5-8ac8-dfc22cf84287,e53c7da2-eb34-5499-8fd8-380dd673ea82,9,1587.45,0.00
763f3c87-b97d-55f1-bd36-2df80fe579a8,d1266772-21fa-56a5-8ac8-dfc22cf84287,43d6da55-777b-55ef-8cf5-d4cc7bfa63ad,11,1159.60,0.00
c2c9562e-5c6f-5be8-835c-6559e461c7eb,78b6cf76-e041-59d7-a7dc-f22fb74ce5db,d68351a2-cf36-5984-a091-28a9f5b6bb7e,1,1017.79,0.00
c7fe7509-7397-5ab3-ae6f-a01a34d99a64,78b6cf76-e041-59d7-a7dc-f22fb74ce5db,673811d5-2f11-5108-8b80-c9dd0dc2adda,9,503.75,453.38
fe46fe31-4fad-5f6e-b6c4-575cae6ae63a,78b6cf76-e041-59d7-a7dc-f22fb74ce5db,0137b3c3-db39-5e56-abf7-8ae43bc349ad,7,1129.31,0.00
ce4778d7-81ee-5772-baf5-97ce49d2831c,78b6cf76-e041-59d7-a7dc-f22fb74ce5db,613ff8f3-9a2b-5f66-8d3e-3e05d5391002,11,474.67,0.00
27ab78ef-53ca-5822-b7b9-2fa4b35ffa93,e7ee60cb-def9-5ecd-b226-112f9d75fedc,201fb8e4-2c24-5483-b44d-4063694486b2,8,1026.69,0.00
22fc10b3-ae19-578f-b093-a016350c0937,e7ee60cb-def9-5ecd-b226-112f9d75fedc,4dbc0e6b-ab10-5b67-a928-f87e1ed2bb9a,9,233.65,105.14
280b1482-55ce-5e55-aed8-82d00109f3cd,e7ee60cb-def9-5ecd-b226-112f9d75fedc,13ea52a1-6b55-57c7-b84e-acf7fb92f106,8,368.84,295.07
9b1e3f21-04a9-5aa4-945c-e1cfb543df2d,e7ee60cb-def9-5ecd-b226-112f9d75fedc,3205bb8a-e766-5617-a3d4-78aaa9883bc8,11,1355.84,0.00
777df35f-5934-5830-9780-dd1346bb320d,74f9fd97-b0b9-5d9d-9ef3-0f02d6cc7190,13e04507-297b-56af-85d7-75b609d982a1,5,652.61,0.00
62e311d5-4bf0-5910-bd73-b3a44e2a8433,74f9fd97-b0b9-5d9d-9ef3-0f02d6cc7190,896e7662-34d0-5631-bb0f-b5ce6b0ad1ba,10,1691.47,845.74
acc0a2c8-90b8-51ad-8149-05570926a24f,74f9fd97-b0b9-5d9d-9ef3-0f02d6cc7190,d520aef1-b021-5cf0-a1d3-9e7e6d31aab7,6,568.52,0.00
2b8baab7-37f9-5507-892c-2670c7f7cc00,09f8c338-ca43-5f40-b517-2c3d36363801,2e263bcd-bacc-5f51-b35b-70d1674f4dc5,9,370.19,0.00
0f1860ca-3670-501f-960d-f6557d37b14f,09f8c338-ca43-5f40-b517-2c3d36363801,f350d57a-8885-50f1-b76a-29f7a8057a35,6,1251.43,0.00
9f081432-efb0-5d93-8cd5-c5d7c9a99d24,09f8c338-ca43-5f40-b517-2c3d36363801,db630ac7-839d-5331-93df-dc621d8357b6,1,582.16,0.00
2a402527-3e13-5c8b-9fa0-b00c37ce0e29,09f8c338-ca43-5f40-b517-2c3d36363801,de536700-41fe-55c3-beb9-bfb9849c872b,8,1685.26,674.10
4a2b7898-e6ee-543b-aaaf-32f3da7a48c7,a85e50aa-162c-56f8-bf97-46242d3bbc29,829935ce-9ec7-5afb-a542-873877c9ce31,10,378.45,189.22
7ad77d48-573c-5f7e-b687-ce8b534df6e0,a85e50aa-162c-56f8-bf97-46242d3bbc29,e691a6a3-7dd7-5d95-b97e-997e3af77227,3,551.10,0.00
144c85d2-3431-552b-a3f1-0391ca263735,a85e50aa-162c-56f8-bf97-46242d3bbc29,9f7bfd37-85ae-5a17-9b9f-5dafe3ec68ee,10,1138.16,1138.16
898c25d3-9414-550e-a37c-fd92f1611ab6,a85e50aa-162c-56f8-bf97-46242d3bbc29,0137b3c3-db39-5e56-abf7-8ae43bc349ad,11,1129.31,1863.36
d2452215-61ca-5559-8773-b922932e5b24,4b0fe5bb-a4d7-56d8-8d1c-1e6ca66e0827,201fb8e4-2c24-5483-b44d-4063694486b2,6,1026.69,308.01
5f97f041-c380-58f0-8313-5a718b4291e6,453a760e-c8ad-5878-9f44-db53e58eb56d,c0bff87f-f764-5151-8aec-dda48ea91847,3,437.68,131.30
80d9faf4-bdbd-53a2-94fa-cf25875e6f8f,5c47dec2-a383-5989-aae9-59ec967de417,8d892cdc-d358-5f2b-a85b-cbecc7e0a664,3,1003.20,0.00
cde15737-991d-5bc8-add6-542f8b23a333,5c47dec2-a383-5989-aae9-59ec967de417,91bd15e4-105e-5926-abe6-7ceaf8c07375,5,393.96,196.98
e1bf14dc-d31b-5908-8328-8cd5d99958da,5c47dec2-a383-5989-aae9-59ec967de417,eff08d1d-eb3b-559a-8ca9-60c7b365af52,8,1515.93,0.00
f5a449b4-3060-534c-b334-7a300b708255,5c47dec2-a383-5989-aae9-59ec967de417,d37c44df-541b-5bf4-b395-65b41bac88a8,7,1334.93,467.23
6bd41513-e6a2-5753-b239-32065fc5a6c7,5c47dec2-a383-5989-aae9-59ec967de417,de536700-41fe-55c3-beb9-bfb9849c872b,7,1685.26,0.00
7cff0a1a-e014-5db2-aa1d-d12974543d84,c3afd0bc-5ff1-5f97-9963-d5a7df151ade,12003734-bab7-5410-8c89-f9a8c4967dea,6,1269.66,761.80
884a5bfa-1796-54bb-b7f1-a47bc0d118cd,c3afd0bc-5ff1-5f97-9963-d5a7df151ade,01351cb5-bcf4-52ee-88a1-c6442df67004,7,1268.11,1331.52
d559d9f1-533b-534c-a625-dd859f0e37a4,c3afd0bc-5ff1-5f97-9963-d5a7df151ade,e139b0f5-6ca3-5ccb-8610-5a52b4b0eb6c,3,1053.19,315.96
39249f7b-6b2e-5968-bd6f-3cef09ea8930,f11a876d-dbce-58a2-a84f-6a283aa2f351,3205bb8a-e766-5617-a3d4-78aaa9883bc8,8,1355.84,1084.67
07950711-fc46-54e7-af42-bc7b350217c5,f11a876d-dbce-58a2-a84f-6a283aa2f351,613ff8f3-9a2b-5f66-8d3e-3e05d5391002,4,474.67,94.93
c5589beb-73e1-565e-99f1-69fbaa859c5c,f11a876d-dbce-58a2-a84f-6a283aa2f351,c0bff87f-f764-5151-8aec-dda48ea91847,8,437.68,0.00
f7a3c351-f82d-5f97-8419-e15b90e29867,201b7475-f3fc-54c5-8f1a-9133a8064870,b4b5a0e3-641b-562e-8386-bff3564cf295,2,158.25,47.48
fbac4be4-4939-565b-9571-255adf2b5d2d,201b7475-f3fc-54c5-8f1a-9133a8064870,3205bb8a-e766-5617-a3d4-78aaa9883bc8,9,1355.84,1830.38
5d6364f1-0d25-5070-be35-e6a8ff00f9c6,201b7475-f3fc-54c5-8f1a-9133a8064870,45669348-c1a3-5956-bbf2-d29bd438fbdc,6,536.14,0.00
66feb99b-4faa-587c-9ee2-8fca8f25e608,f72eb123-455c-509f-aec8-3ad2350710ce,d68351a2-cf36-5984-a091-28a9f5b6bb7e,8,1017.79,814.23
6a95e619-fd71-5408-810b-0daa7dcdd0c1,f72eb123-455c-509f-aec8-3ad2350710ce,e69a7c0b-6875-5a37-a379-abbc430fb47b,3,1211.55,0.00
41c13ccd-9c20-58f7-8d01-f02fece98f25,f72eb123-455c-509f-aec8-3ad2350710ce,e53c7da2-eb34-5499-8fd8-380dd673ea82,8,1587.45,634.98
1e716b87-2adc-5cad-867f-85db73261ee5,f72eb123-455c-509f-aec8-3ad2350710ce,12003734-bab7-5410-8c89-f9a8c4967dea,6,1269.66,761.80
725642c6-69c9-5103-b439-a9461c77744a,f72eb123-455c-509f-aec8-3ad2350710ce,228ccd2f-642c-5fdf-abf0-129af98a3568,3,148.91,67.01
459ca2f8-8c37-5150-90f6-b8f0c4d06e60,dfedca82-21f7-5423-95cc-d187eec0a1bd,4dbc0e6b-ab10-5b67-a928-f87e1ed2bb9a,8,233.65,93.46
2f36b848-e3d7-5c98-8449-d00b32edbca6,dfedca82-21f7-5423-95cc-d187eec0a1bd,d520aef1-b021-5cf0-a1d3-9e7e6d31aab7,9,568.52,255.83
6ee21711-bca9-50ef-8ba2-96a2e1384da7,dfedca82-21f7-5423-95cc-d187eec0a1bd,e53c7da2-eb34-5499-8fd8-380dd673ea82,4,1587.45,952.47
ae8eace8-d2de-5ecc-bc64-b01d23e9a990,dfedca82-21f7-5423-95cc-d187eec0a1bd,8a195dd5-491c-532c-9a61-886a24d451c0,7,1141.76,1198.85
5920b129-7190-5e26-94a2-c6949765a768,dfedca82-21f7-5423-95cc-d187eec0a1bd,b4b5a0e3-641b-562e-8386-bff3564cf295,5,158.25,118.69
0a92f259-1cb0-5d9b-afe6-96bb723df061,c24d4816-1016-57cb-a0d4-77073723209d,9e165d6f-802f-5694-a25a-20885ba2aa7f,11,433.03,476.33
4c9f6d82-abd2-5ce4-953d-1ce61a6c79bc,c24d4816-1016-57cb-a0d4-77073723209d,1c3b9a21-09fa-5c21-bdad-35f2eb8a273f,1,1126.26,112.63
062b6c1e-861a-5f8c-a84c-34445dbdea5f,c24d4816-1016-57cb-a0d4-77073723209d,dee51c26-0113-56c0-a9c6-edbcfc488df1,11,83.53,45.94
3ebb42d9-d02f-5b90-951f-2f4218396aed,c24d4816-1016-57cb-a0d4-77073723209d,9f7bfd37-85ae-5a17-9b9f-5dafe3ec68ee,9,1138.16,0.00
9f4989f0-0949-5ef8-858f-93027f3f8773,c24d4816-1016-57cb-a0d4-77073723209d,0eb49bc4-406e-5d63-a28c-3e5b6ef668e4,3,1139.13,341.74
eaddbff1-3040-5d72-8d0a-90d319dd87d2,fb694b7f-9f0d-5411-828a-2c5e96c94925,617fd070-2fb8-5ff6-8eaa-308844dc97ac,4,1871.53,0.00
379ab070-3c2c-5a10-96ee-e815b814ee8a,88046340-ead5-5c82-ab12-b3fb02b018f0,6469a098-75a3-5b3b-839a-ad075a8e67ad,11,728.47,801.32
3f425190-5e7b-5f60-9faf-6a994b0516ec,88046340-ead5-5c82-ab12-b3fb02b018f0,2f2113cc-589a-55b5-846a-78fddce3a3c9,10,688.27,0.00
db906065-1a4c-5307-aebe-293bbad7209b,88046340-ead5-5c82-ab12-b3fb02b018f0,13ea52a1-6b55-57c7-b84e-acf7fb92f106,4,368.84,0.00
03b9eea9-c523-5915-854d-b0ba2638bf91,88046340-ead5-5c82-ab12-b3fb02b018f0,8a195dd5-491c-532c-9a61-886a24d451c0,1,1141.76,0.00
af76ec2b-16ea-5bc1-aaeb-c81d780fd43c,091b034e-7c25-5260-8459-dc3c72a5b0c0,d520aef1-b021-5cf0-a1d3-9e7e6d31aab7,11,568.52,312.69
fad5245b-067a-5ecb-9326-e40b1848e637,091b034e-7c25-5260-8459-dc3c72a5b0c0,31a97c6b-10cf-54c1-b463-f81683a437cc,9,1252.58,0.00
c4e500ee-177f-5522-aed5-b0b07aa9a9af,091b034e-7c25-5260-8459-dc3c72a5b0c0,2f2113cc-589a-55b5-846a-78fddce3a3c9,2,688.27,206.48
30774853-1231-52e5-9d02-aebec1851a45,091b034e-7c25-5260-8459-dc3c72a5b0c0,f218ba8f-81cf-5efd-ad55-5f4ef76110c2,12,1484.37,0.00
54a16226-74a9-537c-9309-2da3912256a7,091b034e-7c25-5260-8459-dc3c72a5b0c0,a042ed60-9218-5159-876b-6c4dd0e5f934,1,381.33,57.20
c2effa84-dc53-5ac7-9f96-aac1d584df53,ff88ac1a-b67a-5f47-932e-d080ac74864c,e3b2c918-6a66-5db3-87f9-e5c71515f2ab,3,1297.73,194.66
36dd1e41-7574-5a3b-a37f-9bdd11dc9309,ff88ac1a-b67a-5f47-932e-d080ac74864c,bab29423-27f9-5732-bd8b-a403c95b1a96,2,947.18,284.15
eab9c856-0261-5f7d-9eb4-467a7c33cef9,f29ea718-2ea0-5ec7-a590-5901016056ff,6469a098-75a3-5b3b-839a-ad075a8e67ad,3,728.47,218.54
419e721e-1528-5915-9e34-fa9a5173d834,f29ea718-2ea0-5ec7-a590-5901016056ff,dee51c26-0113-56c0-a9c6-edbcfc488df1,11,83.53,0.00
54a24611-9187-5475-9e60-dcd2bf47c54b,f29ea718-2ea0-5ec7-a590-5901016056ff,8ac2c18a-5896-572a-9f44-f5d60109258d,8,270.85,216.68
a90623e6-28df-597c-b85f-3faf561fb910,f29ea718-2ea0-5ec7-a590-5901016056ff,d37c44df-541b-5bf4-b395-65b41bac88a8,4,1334.93,0.00
acab28de-4ada-5f52-a3b0-daa203515f8d,2eed9dd7-0633-55f6-beca-a14ffdfa68ab,2e263bcd-bacc-5f51-b35b-70d1674f4dc5,10,370.19,0.00
eba112e9-3cb3-59d0-bfe5-a558848cbc6a,2eed9dd7-0633-55f6-beca-a14ffdfa68ab,9b6b9203-f582-59b6-b64c-309881607c86,10,876.23,438.12
67811b89-6862-5771-9cbb-ea274052967e,2eed9dd7-0633-55f6-beca-a14ffdfa68ab,3205bb8a-e766-5617-a3d4-78aaa9883bc8,10,1355.84,2033.76
250d3baa-b7ba-5055-9e71-a8889efa4577,2eed9dd7-0633-55f6-beca-a14ffdfa68ab,f350d57a-8885-50f1-b76a-29f7a8057a35,12,1251.43,2252.57
2c03ac7b-8f2d-5fff-b0e1-4acab773fbec,09e0d3a6-c41b-596b-b1f1-9498149b6f83,d96da70b-0cb5-58c8-928a-aafb2d90b154,12,1827.60,0.00
6f70264a-2c3c-517e-b9c7-9da588969687,09e0d3a6-c41b-596b-b1f1-9498149b6f83,cdea42fb-ee49-5a22-a213-56a8f9fcb148,5,1597.00,1197.75
50205d50-eb14-574a-9f8e-2dc971ba788f,09e0d3a6-c41b-596b-b1f1-9498149b6f83,cd410e43-ec3c-524b-84c6-84482a7b1204,3,549.24,0.00
69d33663-ec67-568f-b176-9b83c2138927,09e0d3a6-c41b-596b-b1f1-9498149b6f83,43d6da55-777b-55ef-8cf5-d4cc7bfa63ad,1,1159.60,115.96
38be35b3-05da-5522-b0fc-32f69bf283dc,df5ed943-2686-5d8e-a199-a7b38f84435c,0137b3c3-db39-5e56-abf7-8ae43bc349ad,4,1129.31,0.00
8264203a-8b19-5f43-947e-42a82e83fb0b,df5ed943-2686-5d8e-a199-a7b38f84435c,43d6da55-777b-55ef-8cf5-d4cc7bfa63ad,5,1159.60,289.90
68a65086-023e-5654-8f79-dd3006ead649,df5ed943-2686-5d8e-a199-a7b38f84435c,12003734-bab7-5410-8c89-f9a8c4967dea,10,1269.66,1269.66
3468dfe1-3f3d-505a-929e-026d827e3ca0,df5ed943-2686-5d8e-a199-a7b38f84435c,952e981c-e5c2-53da-984a-78dc5e3b1ad4,6,130.99,0.00
251d3b7e-8d9f-55a8-93d7-38c2cf0272e1,df5ed943-2686-5d8e-a199-a7b38f84435c,0caef625-914f-5fea-8e59-19b212bfbd46,11,1252.51,688.88
cb49463c-89b9-5443-9294-8ff14d19fab4,c6edfea9-222e-599b-8865-f1228a473a61,f350d57a-8885-50f1-b76a-29f7a8057a35,9,1251.43,1126.29
d49395d9-8ed0-5778-aad7-702b9ea404cb,c6edfea9-222e-599b-8865-f1228a473a61,6469a098-75a3-5b3b-839a-ad075a8e67ad,7,728.47,764.89
7337bd10-090b-5513-a968-0a5ac8680d70,c6edfea9-222e-599b-8865-f1228a473a61,0f2c8ffe-5a45-5cfc-afbf-417553294a54,2,237.59,0.00
ae4daf3a-e4c3-5e67-9047-da78bca519c1,3a0bf353-1d4e-50f8-9dad-114216578898,8d6058a9-d9fb-546e-b841-e6b4a0978311,2,1083.86,0.00
27e2f636-c31c-54cc-8e3b-19dedb3ac056,3a0bf353-1d4e-50f8-9dad-114216578898,cd410e43-ec3c-524b-84c6-84482a7b1204,5,549.24,274.62
343c5478-bb8d-5cff-9670-6b39e4da43d6,3a0bf353-1d4e-50f8-9dad-114216578898,b6464168-fc86-5543-9805-0861ea9c66cc,9,1065.14,0.00
1f098b72-25a8-54df-83c7-5777f5f6a4a2,3a0bf353-1d4e-50f8-9dad-114216578898,f9fe7a6c-9a44-59e2-a4cc-fef69cc2e48e,6,684.00,0.00
03acfe21-4575-53e6-b320-76f37f3b2981,3a0bf353-1d4e-50f8-9dad-114216578898,201fb8e4-2c24-5483-b44d-4063694486b2,3,1026.69,308.01
2f248d24-0d18-59d6-9041-b9ce7fd3b7dd,59a8e9f6-1b72-5d94-b885-24cc6015c72d,559ab41c-d860-5ab1-aaa1-483577af7b67,3,305.73,45.86
40e91df2-c0ec-51bb-9c23-ccea3f226d0d,59a8e9f6-1b72-5d94-b885-24cc6015c72d,1fa2b768-1b9d-5b9c-befa-fac1ccb97563,10,771.34,385.67
0bf70d66-9e3f-53e1-a8b2-ff587d016fcf,0ed827eb-7141-55a8-8c4d-845a082f4e24,7169fcc7-7527-510c-b88d-bdcd257ce105,5,1025.31,0.00
eb94624d-eb2b-5743-8cd6-ed4e7cf3cda9,f3d6eb92-37c2-5ed2-b7df-bba5790b0158,a042ed60-9218-5159-876b-6c4dd0e5f934,7,381.33,400.40
0d37ed5a-9bf8-52ed-917e-1f6661850f9c,f3d6eb92-37c2-5ed2-b7df-bba5790b0158,8b12c834-e054-5502-85aa-99d1eb81eee0,11,1393.76,2299.70
f655772b-47c6-5ef5-8801-a2a5142967f4,c5e75594-b6cb-5d8f-8fcb-5522b984d461,deaf9542-d65c-5f41-b22e-b1d033baea7a,6,1236.17,0.00
26284418-ee6b-501a-9b97-7ea48401994d,bbd759a5-928a-5c4e-9d5a-0ebc37913427,9e165d6f-802f-5694-a25a-20885ba2aa7f,12,433.03,519.64
6e8ef7a8-33e6-5ff3-887d-7cf134f3a20b,bbd759a5-928a-5c4e-9d5a-0ebc37913427,deaf9542-d65c-5f41-b22e-b1d033baea7a,5,1236.17,0.00
3d698719-4863-56a3-9389-a0f0589b79ff,bbd759a5-928a-5c4e-9d5a-0ebc37913427,c3e9c7fb-d6ab-5171-a827-7aad6b6d2342,4,1198.11,479.24
ab2708bb-7136-5991-bf2c-7271ab2c40c6,bbd759a5-928a-5c4e-9d5a-0ebc37913427,9a2e8c5f-4d3e-5cb8-ba78-f2bd562ee61b,8,688.27,275.31
846d4536-2604-5e2f-a4cc-ddee3bde2e05,bbd759a5-928a-5c4e-9d5a-0ebc37913427,45669348-c1a3-5956-bbf2-d29bd438fbdc,6,536.14,0.00
43359ddf-b63d-56a1-82f8-441cbd048278,5e1ac0fb-77ea-512c-9a21-28a026518557,e691a6a3-7dd7-5d95-b97e-997e3af77227,12,551.10,0.00
0ce99db9-8352-5c6b-a60b-dd763a66997c,5e1ac0fb-77ea-512c-9a21-28a026518557,ac03c1f7-3948-530e-8de5-80756984ab20,7,564.84,395.39
7042f962-15b7-5416-93ab-80fa314fa46f,5e1ac0fb-77ea-512c-9a21-28a026518557,0eb49bc4-406e-5d63-a28c-3e5b6ef668e4,6,1139.13,341.74
a9aacfe8-7b7a-5cbd-9deb-0e6d707df011,033a3b11-324f-5863-8d37-0fc8ceeea9f1,db43f9b2-c956-5785-8950-8287c47db3ae,6,894.98,805.48
53ba0360-4c8d-582f-a15f-1190c485b280,ffeda47e-0781-55b2-996c-ebac069a01ee,d4214473-2bf7-5b77-bb1f-734e590c4014,4,1245.02,0.00
0001cc5f-f37c-5b79-bcd3-934b29ce5975,ffeda47e-0781-55b2-996c-ebac069a01ee,13e04507-297b-56af-85d7-75b609d982a1,8,652.61,0.00
548a68c7-7b6c-5d10-856c-7a7363155282,ffeda47e-0781-55b2-996c-ebac069a01ee,91bd15e4-105e-5926-abe6-7ceaf8c07375,3,393.96,118.19
469ccb2d-cde1-5dd5-ae78-992ac41fdbbc,b43776e2-69de-580d-aa7b-6a4e3da23088,f78fc905-81d2-5f52-8c77-1cff3a4b42b7,7,290.47,101.66
f2a63a4d-e113-5b6f-9553-2d38bb908bdf,b43776e2-69de-580d-aa7b-6a4e3da23088,d3739878-986b-5b5f-a096-4452493d6cbb,11,869.60,0.00
486245fd-df65-54b6-85e3-235ea03c951f,b43776e2-69de-580d-aa7b-6a4e3da23088,fb4140fc-b3c1-5a6a-8613-9b068fdd2b39,12,931.77,1118.12
e3205505-fb2c-57a4-928d-a94f821632b2,b43776e2-69de-580d-aa7b-6a4e3da23088,673811d5-2f11-5108-8b80-c9dd0dc2adda,12,503.75,604.50
bd50c126-d76e-5672-ad39-e469b365b124,b43776e2-69de-580d-aa7b-6a4e3da23088,2e263bcd-bacc-5f51-b35b-70d1674f4dc5,5,370.19,92.55
50c678e4-a880-58a3-a599-392275aaffda,c59b2d42-7f97-59ae-a497-016d055a7025,a042ed60-9218-5159-876b-6c4dd0e5f934,7,381.33,0.00
77405d00-0f4e-5e84-8d01-8b5f76b0e441,c59b2d42-7f97-59ae-a497-016d055a7025,e3b2c918-6a66-5db3-87f9-e5c71515f2ab,5,1297.73,0.00
3f6e7ada-0a55-5e3c-ba95-857fa65ae13f,c59b2d42-7f97-59ae-a497-016d055a7025,ac03c1f7-3948-530e-8de5-80756984ab20,9,564.84,0.00
eefdbb2e-7a3e-5949-8448-2b431e1e254f,33e099d3-e086-5447-b484-d1a5bce1703d,b4065918-1c4b-50b6-b69a-d859f24bfe23,4,1132.17,679.30
b910ce74-5267-594f-a393-0de8002ff4dd,cff06404-23e9-58d3-a3e2-847ce0984a22,45669348-c1a3-5956-bbf2-d29bd438fbdc,3,536.14,80.42
e7272edc-55cc-568c-8237-76d72c029fdb,cff06404-23e9-58d3-a3e2-847ce0984a22,b6edaedb-a02c-5fbc-b05c-2b5d8deb20c4,9,1512.83,0.00
f1ce06d2-a51e-598e-b10d-b8b2f81ea600,cff06404-23e9-58d3-a3e2-847ce0984a22,e3b2c918-6a66-5db3-87f9-e5c71515f2ab,6,1297.73,1167.96
e7e6f982-f91e-5afa-99fe-70a30df65567,cff06404-23e9-58d3-a3e2-847ce0984a22,9b6b9203-f582-59b6-b64c-309881607c86,1,876.23,131.43
2dcec9a8-4e0c-5fad-a9cd-6d0dcf186e58,44d6e837-c1c4-5e4a-84d8-072adad37d7c,1c3b9a21-09fa-5c21-bdad-35f2eb8a273f,2,1126.26,112.63
8f5300a0-cbbc-5ede-a1ee-ce87471d6045,44d6e837-c1c4-5e4a-84d8-072adad37d7c,896e7662-34d0-5631-bb0f-b5ce6b0ad1ba,11,1691.47,1860.62
a83e51af-bf10-5c1a-bc6f-1d837cdd5492,44d6e837-c1c4-5e4a-84d8-072adad37d7c,1dd10a82-5cdc-539f-af3f-d3f255171973,6,107.50,96.75
a9ff8d96-1dda-5fd5-838e-dcf43de2f239,18b85aa3-ad4b-56d6-bcca-0fb9262894a9,dee51c26-0113-56c0-a9c6-edbcfc488df1,11,83.53,137.82
95502eda-1593-5e97-b8df-01d4785efc83,18b85aa3-ad4b-56d6-bcca-0fb9262894a9,cdea42fb-ee49-5a22-a213-56a8f9fcb148,3,1597.00,239.55
a1111b89-e9c7-5f3a-afcb-c35cf4bae78c,c06f97d6-b5e9-5609-b8a3-d01117be110f,241d3cd0-ef2c-56b8-bb75-b039a61b370a,1,378.32,0.00
7d0069fb-c8dc-5ecd-be38-3dcd06ca5031,c06f97d6-b5e9-5609-b8a3-d01117be110f,4dbc0e6b-ab10-5b67-a928-f87e1ed2bb9a,7,233.65,163.56
28f6a5e6-6eeb-5d26-b11b-53253271ed5c,c06f97d6-b5e9-5609-b8a3-d01117be110f,d6b2e2d8-f41b-5418-ba12-fcffc0aa6508,1,1950.05,97.50
c5a67d18-24c8-50ed-b7a5-d9335aea41d4,c06f97d6-b5e9-5609-b8a3-d01117be110f,91bd15e4-105e-5926-abe6-7ceaf8c07375,4,393.96,0.00
4b140f1b-6c2c-58e2-98d3-ac4075a76455,c06f97d6-b5e9-5609-b8a3-d01117be110f,eff08d1d-eb3b-559a-8ca9-60c7b365af52,10,1515.93,757.96
da101573-9e49-51d8-a5fa-70b5aeb8bc86,b2611cb5-36ba-5d4a-96fd-492459f5b895,e3b2c918-6a66-5db3-87f9-e5c71515f2ab,3,1297.73,0.00
4d57c289-09c2-5be3-952b-7ad31409a265,b2611cb5-36ba-5d4a-96fd-492459f5b895,5d79cff2-0e77-58a2-b1bf-c506ed3c98bd,8,822.40,0.00
2d027398-eb21-5845-aa20-bcc7c6ff9469,b2611cb5-36ba-5d4a-96fd-492459f5b895,cb09f248-037d-5a0d-9970-99cb102c05d8,2,1006.42,301.93
0863bb62-1f97-5058-a423-cfb68dfac15b,ae625f4a-8550-532d-982b-c896fda2efe8,f65edfe2-43ae-59f6-b37a-f98344e1a998,6,1061.75,955.58
00e01293-7892-522b-9e06-c6d64b5dd640,ae625f4a-8550-532d-982b-c896fda2efe8,1dd10a82-5cdc-539f-af3f-d3f255171973,8,107.50,0.00
3d0df577-a6d8-558d-8784-26c984539ca3,8d60f734-2322-53d9-acf1-344e0f909e27,eff08d1d-eb3b-559a-8ca9-60c7b365af52,1,1515.93,75.80
5408f4a7-2d0a-5158-b05f-7bacd014f797,8d60f734-2322-53d9-acf1-344e0f909e27,9e165d6f-802f-5694-a25a-20885ba2aa7f,4,433.03,0.00
b9ee0111-5150-543c-8048-020a05d2ed3b,8d60f734-2322-53d9-acf1-344e0f909e27,db43f9b2-c956-5785-8950-8287c47db3ae,2,894.98,268.49
d539514d-df12-5c1a-9dcd-dda08712d042,8d60f734-2322-53d9-acf1-344e0f909e27,c0bff87f-f764-5151-8aec-dda48ea91847,12,437.68,0.00
755e9d3c-6e6a-5f75-b2fc-57d1d0f52b28,6095393e-1c58-584b-8caf-3b851524b94c,9f7bfd37-85ae-5a17-9b9f-5dafe3ec68ee,12,1138.16,1365.79
d328b748-c9ed-5ab9-a6ed-a28f7924b7ce,6095393e-1c58-584b-8caf-3b851524b94c,617fd070-2fb8-5ff6-8eaa-308844dc97ac,2,1871.53,187.15
e5cc06d2-b66e-53ee-8658-5dd18b4347ce,6095393e-1c58-584b-8caf-3b851524b94c,75679cf6-5497-5e69-b773-db773bc6a245,5,1441.14,0.00
32167394-e34d-5e99-8357-8ac4b3f1b2fb,6095393e-1c58-584b-8caf-3b851524b94c,6469a098-75a3-5b3b-839a-ad075a8e67ad,2,728.47,0.00
cb0d04af-a2fd-54de-88b4-80bb19615372,90b84cdb-f673-51d8-b248-9fe1e0403dac,12003734-bab7-5410-8c89-f9a8c4967dea,8,1269.66,1523.59
1692f94f-3afa-542b-bdd4-8684269beb11,90b84cdb-f673-51d8-b248-9fe1e0403dac,8dfa6632-930f-5fdc-b7cd-8d5908a33d66,8,271.74,0.00
f122ef25-bfcb-5cff-9568-a108d62235ae,90b84cdb-f673-51d8-b248-9fe1e0403dac,f218ba8f-81cf-5efd-ad55-5f4ef76110c2,11,1484.37,0.00
4fafb7e5-842d-58c2-865c-bc15116dd9bb,90b84cdb-f673-51d8-b248-9fe1e0403dac,0f2c8ffe-5a45-5cfc-afbf-417553294a54,9,237.59,106.92
4558469b-1fb9-5944-b744-b9806f49ea1f,802cf09f-51fa-5831-988b-11b6e78ce179,613ff8f3-9a2b-5f66-8d3e-3e05d5391002,5,474.67,118.67
9c1aeecb-6608-5637-a7a8-53282beb74e8,802cf09f-51fa-5831-988b-11b6e78ce179,d96da70b-0cb5-58c8-928a-aafb2d90b154,7,1827.60,639.66
24b8f2b5-a1e8-55cd-8a69-33441755e001,802cf09f-51fa-5831-988b-11b6e78ce179,617fd070-2fb8-5ff6-8eaa-308844dc97ac,5,1871.53,935.76
b30ec7e5-a02a-5406-beee-7378df58157c,802cf09f-51fa-5831-988b-11b6e78ce179,c0bff87f-f764-5151-8aec-dda48ea91847,3,437.68,196.96
c5650c45-f3ff-559a-9a2c-d079dcf5bd40,802cf09f-51fa-5831-988b-11b6e78ce179,1760c2e4-563f-5bac-abcd-baf5317434c8,8,1665.26,0.00
22a70429-d0ed-51e3-8f7a-fb1d99dc0c03,5013c5c5-dc55-5515-ab3a-319af79409d6,508dfc85-5bf2-5709-b1e3-06ff86d5acb8,11,387.07,0.00
2d8633bd-d1c8-5695-9f0e-af8278f5be29,5013c5c5-dc55-5515-ab3a-319af79409d6,3d307d78-b10f-5539-a951-7bcc9fd17161,11,1342.24,2214.70
71691d02-456a-5beb-970c-3dd4388c695d,5013c5c5-dc55-5515-ab3a-319af79409d6,e53c7da2-eb34-5499-8fd8-380dd673ea82,12,1587.45,952.47
ba1a1b0c-e7c9-5fdc-a9a2-b87f4bb2701a,5013c5c5-dc55-5515-ab3a-319af79409d6,fd5d29e1-571f-589d-be31-aa00127c02aa,8,943.56,1132.27
9e665b47-589c-5c6d-93d7-0d865c1c577e,1d0bb681-56eb-5842-86e6-85815aca39d1,851c23cd-3716-5170-b9ac-0c25ddc7c95c,3,497.01,0.00
15aacc35-559d-5c9e-9998-890188d16c90,1d0bb681-56eb-5842-86e6-85815aca39d1,13e04507-297b-56af-85d7-75b609d982a1,2,652.61,130.52
a4be33c8-a696-5619-86b8-08c9d5bf39b1,1d0bb681-56eb-5842-86e6-85815aca39d1,0caef625-914f-5fea-8e59-19b212bfbd46,3,1252.51,187.88
d7e5cae9-cd50-5c2c-8537-cff5ad6fa87f,1d0bb681-56eb-5842-86e6-85815aca39d1,fd5d29e1-571f-589d-be31-aa00127c02aa,10,943.56,0.00
0826c6a1-6b4c-53a2-83ce-dfdd1b754f09,df8b7b0c-ef62-580e-b720-3f85f94baa6e,d3739878-986b-5b5f-a096-4452493d6cbb,2,869.60,0.00
b883d5c5-7f55-5b9f-ba80-df0f8c4563dc,df8b7b0c-ef62-580e-b720-3f85f94baa6e,599db343-a607-5259-8af1-adde7b1a86ce,11,1047.10,575.90
408fade4-a70a-5523-a27d-80da66f42f5a,df8b7b0c-ef62-580e-b720-3f85f94baa6e,c3e9c7fb-d6ab-5171-a827-7aad6b6d2342,6,1198.11,0.00
7f2d898a-d657-5199-8614-e83c76ac3906,b3670511-7ae5-5c9a-baf6-a5c51f3ee467,0137b3c3-db39-5e56-abf7-8ae43bc349ad,7,1129.31,0.00
18b43496-8f6e-5148-bf65-8aface22757b,b3670511-7ae5-5c9a-baf6-a5c51f3ee467,deaf9542-d65c-5f41-b22e-b1d033baea7a,3,1236.17,0.00
7e114acb-9e38-5868-8c8a-e4b84c740af9,b3670511-7ae5-5c9a-baf6-a5c51f3ee467,ac03c1f7-3948-530e-8de5-80756984ab20,2,564.84,0.00
324d2598-eea2-522d-88da-4d4bb7fd49bc,de455c66-5b11-56ba-b759-e67fd86610cc,952e981c-e5c2-53da-984a-78dc5e3b1ad4,7,130.99,0.00
34851074-ed50-5d00-b8d2-c86c4e6a781e,de455c66-5b11-56ba-b759-e67fd86610cc,c2be7cd9-f7ee-544a-9ceb-7052826da8ce,2,183.13,0.00
80879d0e-00a6-5968-b941-494b99d9ca65,de455c66-5b11-56ba-b759-e67fd86610cc,2f2113cc-589a-55b5-846a-78fddce3a3c9,9,688.27,619.44
27478fe6-7093-537f-8157-80fe4a666eff,de455c66-5b11-56ba-b759-e67fd86610cc,d68351a2-cf36-5984-a091-28a9f5b6bb7e,2,1017.79,203.56
e2747e43-7a06-5561-b304-1ad36ac7d32d,de455c66-5b11-56ba-b759-e67fd86610cc,86eda21c-1dbc-500a-9201-b7d6b0786cc8,3,1060.50,318.15
783d05f6-44f6-559f-87e1-07c032eb938b,1b5d3c05-4fe7-5f07-b54f-493da5b3f9ae,8d892cdc-d358-5f2b-a85b-cbecc7e0a664,11,1003.20,0.00
1cf3666f-6532-5f15-89b5-1952340b249b,1b5d3c05-4fe7-5f07-b54f-493da5b3f9ae,2f2113cc-589a-55b5-846a-78fddce3a3c9,9,688.27,619.44
3a0b198e-0896-5281-8e25-1e5c9b5d62c8,1b5d3c05-4fe7-5f07-b54f-493da5b3f9ae,75679cf6-5497-5e69-b773-db773bc6a245,10,1441.14,0.00
aa3cd645-930e-56ce-ad70-61155d739140,1b5d3c05-4fe7-5f07-b54f-493da5b3f9ae,0137b3c3-db39-5e56-abf7-8ae43bc349ad,3,1129.31,0.00
bd55506d-3b27-5e54-87dd-675d1e311336,1b5d3c05-4fe7-5f07-b54f-493da5b3f9ae,a042ed60-9218-5159-876b-6c4dd0e5f934,7,381.33,0.00
06dcd173-d8fa-5c3e-bf5e-4b0dc5697ed8,4563d014-8077-5fa6-ab11-a54bcd616c11,80450a39-8a90-55da-adf7-0b6a1b84aeeb,10,1385.41,0.00
1a0ba599-256f-580a-8f9b-62e7f14e326f,4563d014-8077-5fa6-ab11-a54bcd616c11,01351cb5-bcf4-52ee-88a1-c6442df67004,12,1268.11,760.87
c73801bb-a5b7-55e5-aaa0-80194800a0da,4563d014-8077-5fa6-ab11-a54bcd616c11,8ac2c18a-5896-572a-9f44-f5d60109258d,9,270.85,0.00
d94386de-3c89-520f-801d-cd6b9da20504,3b6cdb1b-d919-5fd0-9d96-9c5693774234,f65edfe2-43ae-59f6-b37a-f98344e1a998,5,1061.75,265.44
3cac02e3-7732-516c-89e0-184b0a3bfd00,3b6cdb1b-d919-5fd0-9d96-9c5693774234,4dbc0e6b-ab10-5b67-a928-f87e1ed2bb9a,9,233.65,0.00
37bcdaa0-8c37-5700-a587-0ed6ec45e9af,3b6cdb1b-d919-5fd0-9d96-9c5693774234,8b12c834-e054-5502-85aa-99d1eb81eee0,1,1393.76,0.00
c870df8f-fb91-5ecd-bfde-def900b94342,3b6cdb1b-d919-5fd0-9d96-9c5693774234,e53c7da2-eb34-5499-8fd8-380dd673ea82,5,1587.45,793.72
149a6523-28d9-5788-9b49-61932e9ad07d,161f80ff-2cb6-5f4f-9449-5947a4158f7d,e53c7da2-eb34-5499-8fd8-380dd673ea82,11,1587.45,0.00
a1d60537-04c8-50e8-988f-92146d0a9a17,161f80ff-2cb6-5f4f-9449-5947a4158f7d,f350d57a-8885-50f1-b76a-29f7a8057a35,6,1251.43,0.00
14ffebdc-41c5-5179-bbbb-cc739d3b9d46,161f80ff-2cb6-5f4f-9449-5947a4158f7d,cb09f248-037d-5a0d-9970-99cb102c05d8,6,1006.42,301.93
b33d3fb0-96b2-556f-abe7-1dcdf914c924,161f80ff-2cb6-5f4f-9449-5947a4158f7d,896e7662-34d0-5631-bb0f-b5ce6b0ad1ba,2,1691.47,0.00
5b332cd5-ea33-508b-8559-409a5855c0a6,f5e775e5-f44d-5843-b0a4-43c833bcddd6,aa67b9d9-b4e2-53f3-9447-ca933b53344f,5,1163.44,0.00
20b64f53-d3a8-536f-87fd-3a7311551354,f5e775e5-f44d-5843-b0a4-43c833bcddd6,f65edfe2-43ae-59f6-b37a-f98344e1a998,9,1061.75,0.00
9ef2dc40-0239-5c08-aaaa-1b8cddb7a6f2,f5e775e5-f44d-5843-b0a4-43c833bcddd6,91bd15e4-105e-5926-abe6-7ceaf8c07375,2,393.96,0.00
89892519-d069-5433-aed3-b6f2e1136fe9,f5e775e5-f44d-5843-b0a4-43c833bcddd6,f78fc905-81d2-5f52-8c77-1cff3a4b42b7,4,290.47,0.00
a31f5f2b-c70e-50eb-9827-54993c33daa1,f5e775e5-f44d-5843-b0a4-43c833bcddd6,75679cf6-5497-5e69-b773-db773bc6a245,4,1441.14,288.23
8a7e6cf7-af68-55dc-b0e8-56bcaf5c5ac4,9b13102d-2b9a-5d13-97d9-0cc76b4ea1e3,deaf9542-d65c-5f41-b22e-b1d033baea7a,7,1236.17,0.00
bfebdf9f-3b57-5e2d-84b3-c72284751563,9b13102d-2b9a-5d13-97d9-0cc76b4ea1e3,eff08d1d-eb3b-559a-8ca9-60c7b365af52,1,1515.93,0.00
71cc7de4-8a19-5d8d-93a9-9561d7fe799b,c51749cf-8315-5dbf-bf26-7e9f2dde38bf,8b12c834-e054-5502-85aa-99d1eb81eee0,8,1393.76,1115.01
0f397bf4-8712-5085-b6b9-e0a939fb0990,08b82e78-ec8f-5dc8-9f5d-269063f44ffe,e53c7da2-eb34-5499-8fd8-380dd673ea82,4,1587.45,317.49
9ee0f824-e7f0-5554-ad38-1da10ea92d67,08b82e78-ec8f-5dc8-9f5d-269063f44ffe,34baeb4c-81dc-5b29-bc76-0b8fd47cdbed,4,262.62,0.00
7c2e0ed2-3859-5dee-982b-2d0a0daaa60e,08b82e78-ec8f-5dc8-9f5d-269063f44ffe,45669348-c1a3-5956-bbf2-d29bd438fbdc,2,536.14,53.61
6246f69f-5385-5c23-84a2-08a06d7c248d,08b82e78-ec8f-5dc8-9f5d-269063f44ffe,1dd10a82-5cdc-539f-af3f-d3f255171973,2,107.50,10.75
977c79e4-8b66-5d64-a176-60013846ff6a,03cc1d75-d3e0-5aee-8de1-38e6dba1a64e,0caef625-914f-5fea-8e59-19b212bfbd46,12,1252.51,1503.01
370d4650-4990-5271-804b-6799398105a4,03cc1d75-d3e0-5aee-8de1-38e6dba1a64e,f9fe7a6c-9a44-59e2-a4cc-fef69cc2e48e,5,684.00,513.00
8347edcb-93f5-54df-892d-110858db3e4d,ea45da65-fbc8-535d-a945-190ccd6a6eaf,d68351a2-cf36-5984-a091-28a9f5b6bb7e,5,1017.79,0.00
58640f60-c6d0-5963-b7ad-7c4b01829f5b,aa9cf5cf-059f-585a-bcd7-34a1d1d45e3e,e691a6a3-7dd7-5d95-b97e-997e3af77227,4,551.10,330.66
f0d01b11-3869-5fc6-abff-ebd37fc4f61a,aa9cf5cf-059f-585a-bcd7-34a1d1d45e3e,01351cb5-bcf4-52ee-88a1-c6442df67004,12,1268.11,0.00
a107a029-ea73-592f-845d-3870c32320b9,aa9cf5cf-059f-585a-bcd7-34a1d1d45e3e,eff08d1d-eb3b-559a-8ca9-60c7b365af52,4,1515.93,0.00
06ca0e0d-0d5d-5a20-9cb8-9d2cb8ac5346,7800c72d-95a1-51a5-b402-9d3dc4ec5394,3d307d78-b10f-5539-a951-7bcc9fd17161,2,1342.24,134.22
b9419bb2-8c23-540d-b5c0-8467dd4d49cc,f7cafc09-87e8-5c70-8936-21bce9d1ba7f,9a2e8c5f-4d3e-5cb8-ba78-f2bd562ee61b,6,688.27,0.00
2327ea6c-c446-5854-82b9-2c9e8586f8f5,f7cafc09-87e8-5c70-8936-21bce9d1ba7f,b4b5a0e3-641b-562e-8386-bff3564cf295,11,158.25,0.00
91b17e18-3d46-53fe-a6a5-2b074692783f,f7cafc09-87e8-5c70-8936-21bce9d1ba7f,f65edfe2-43ae-59f6-b37a-f98344e1a998,5,1061.75,796.31
1271d4b8-6e22-518c-878d-b06a9f00fc18,fcdea270-e3e2-5450-b478-fa506aa07aa4,deaf9542-d65c-5f41-b22e-b1d033baea7a,1,1236.17,0.00
7fc00dd4-e8e4-5b3c-95af-d8556d6bee46,fcdea270-e3e2-5450-b478-fa506aa07aa4,241d3cd0-ef2c-56b8-bb75-b039a61b370a,4,378.32,226.99
0e758e3c-2e87-538c-b298-7423180634c0,fcdea270-e3e2-5450-b478-fa506aa07aa4,e691a6a3-7dd7-5d95-b97e-997e3af77227,9,551.10,0.00
843ac1e2-b3ec-570d-9c46-471a8a538174,fcdea270-e3e2-5450-b478-fa506aa07aa4,851c23cd-3716-5170-b9ac-0c25ddc7c95c,6,497.01,447.31
ee79d60f-2b4c-5e86-b085-fa026acbff6d,fcdea270-e3e2-5450-b478-fa506aa07aa4,d520aef1-b021-5cf0-a1d3-9e7e6d31aab7,1,568.52,0.00
9cd8e6d4-64c7-5e37-9444-fcfd0a3cfe2b,9b90846e-21e4-56d9-8073-b9d8146286c8,34baeb4c-81dc-5b29-bc76-0b8fd47cdbed,7,262.62,0.00
e12cca5f-f2ae-584e-9b91-60dac01f0d97,9b90846e-21e4-56d9-8073-b9d8146286c8,613ff8f3-9a2b-5f66-8d3e-3e05d5391002,10,474.67,474.67
041a0a68-c2e4-55d3-a68e-22fb99bb31ad,9b90846e-21e4-56d9-8073-b9d8146286c8,5d462a8e-32e0-59ad-ae5c-9d66eda72663,3,326.98,98.09
085fa448-9eae-52cb-a7e2-fc6c0e273c7a,9b90846e-21e4-56d9-8073-b9d8146286c8,aa67b9d9-b4e2-53f3-9447-ca933b53344f,9,1163.44,1570.64
5e8a579e-d129-5f98-9e41-b9d03b53bf13,9b90846e-21e4-56d9-8073-b9d8146286c8,1fa2b768-1b9d-5b9c-befa-fac1ccb97563,12,771.34,1388.41
c8445b17-d437-5f5c-83a1-c7b4925c51fe,624d1bf4-5c13-5249-9def-05852ee78163,f218ba8f-81cf-5efd-ad55-5f4ef76110c2,7,1484.37,0.00
6a482515-9a7c-53fd-9072-40195b2dc54e,1100f887-81b8-5a14-81b0-1df1fb2d6c5a,f218ba8f-81cf-5efd-ad55-5f4ef76110c2,7,1484.37,519.53
a7d1df27-dc45-5730-bd6a-04606ef8e38c,1100f887-81b8-5a14-81b0-1df1fb2d6c5a,829935ce-9ec7-5afb-a542-873877c9ce31,7,378.45,132.46
49f15848-bef0-55bb-a516-084934e3c71b,1100f887-81b8-5a14-81b0-1df1fb2d6c5a,e53c7da2-eb34-5499-8fd8-380dd673ea82,9,1587.45,1428.70
86823fec-4ab6-5813-9c7b-2a7ea3d0686c,1100f887-81b8-5a14-81b0-1df1fb2d6c5a,b6edaedb-a02c-5fbc-b05c-2b5d8deb20c4,9,1512.83,2042.32
59e4421a-9fdf-5b7a-8a81-21b4d5549790,1100f887-81b8-5a14-81b0-1df1fb2d6c5a,9f7bfd37-85ae-5a17-9b9f-5dafe3ec68ee,6,1138.16,0.00
164ac8be-ca33-5b71-a5b4-b26533968070,64ba8fbf-1bc7-5798-a870-165ffc2f5893,af3fc15f-c662-5a5e-9e9c-3b2d4e1b6029,10,1539.94,0.00
81cd8ac4-765a-5223-9c54-043d84ca1c96,64ba8fbf-1bc7-5798-a870-165ffc2f5893,d96da70b-0cb5-58c8-928a-aafb2d90b154,4,1827.60,365.52
311a719a-7977-5579-b0b5-6e734edc2a0c,64ba8fbf-1bc7-5798-a870-165ffc2f5893,91bd15e4-105e-5926-abe6-7ceaf8c07375,9,393.96,0.00
741620ad-0093-5c9b-a6cf-7bd53f698938,c1839f6b-a7a8-534d-8b5b-08ac577db1cc,dee51c26-0113-56c0-a9c6-edbcfc488df1,10,83.53,0.00
b11dc92b-7fa9-5720-8992-0f31cd24946e,c1839f6b-a7a8-534d-8b5b-08ac577db1cc,1fa2b768-1b9d-5b9c-befa-fac1ccb97563,12,771.34,0.00
289da9d8-528c-5604-a078-bd48a43f075d,c1839f6b-a7a8-534d-8b5b-08ac577db1cc,613ff8f3-9a2b-5f66-8d3e-3e05d5391002,7,474.67,166.13
c092ade2-2690-5614-9b6d-0fad8044b03e,c1839f6b-a7a8-534d-8b5b-08ac577db1cc,8a195dd5-491c-532c-9a61-886a24d451c0,3,1141.76,171.26
34f4532d-6c02-55f8-b544-ce5c704b3d90,24187380-8654-5f64-ad07-667f7447b609,cdea42fb-ee49-5a22-a213-56a8f9fcb148,6,1597.00,0.00
f4972119-82fd-50fb-bc45-f884b146ee73,24187380-8654-5f64-ad07-667f7447b609,8d892cdc-d358-5f2b-a85b-cbecc7e0a664,3,1003.20,0.00
868c687b-5be3-5f8d-a6b6-ef7a2e9a40b1,22916dff-b638-5ccb-b3d2-ffb1b04af68d,c2be7cd9-f7ee-544a-9ceb-7052826da8ce,7,183.13,128.19
d6d4ce2c-5b52-5430-80a2-9ce13af506a1,22916dff-b638-5ccb-b3d2-ffb1b04af68d,db43f9b2-c956-5785-8950-8287c47db3ae,11,894.98,0.00
1d667c0c-a7ad-5e61-8242-57abba5101a4,22916dff-b638-5ccb-b3d2-ffb1b04af68d,b6edaedb-a02c-5fbc-b05c-2b5d8deb20c4,3,1512.83,0.00
2ed26da3-45f1-5654-b37a-8697e9b0a7d0,22916dff-b638-5ccb-b3d2-ffb1b04af68d,1dd457fd-1d71-5eb5-b684-6f07d43e876c,1,897.97,44.90
4ffe7281-1717-5709-935e-4797056d8361,22916dff-b638-5ccb-b3d2-ffb1b04af68d,5d462a8e-32e0-59ad-ae5c-9d66eda72663,6,326.98,196.19
db3fb884-8178-54b6-b3f7-cedf5ab9c875,7565c7a1-4d31-5cba-a4ef-1557ccb4ec42,d96da70b-0cb5-58c8-928a-aafb2d90b154,11,1827.60,1005.18
563ed785-a093-5872-ba23-7dd2be558b44,7565c7a1-4d31-5cba-a4ef-1557ccb4ec42,1760c2e4-563f-5bac-abcd-baf5317434c8,1,1665.26,0.00
6746b840-b252-5e1c-b249-f068832d301c,7565c7a1-4d31-5cba-a4ef-1557ccb4ec42,c3e9c7fb-d6ab-5171-a827-7aad6b6d2342,7,1198.11,838.68
91c62fc2-ca7a-50d3-8220-9f8edd1a6675,7565c7a1-4d31-5cba-a4ef-1557ccb4ec42,0caef625-914f-5fea-8e59-19b212bfbd46,2,1252.51,250.50
7b7fdd91-37ef-565a-a41f-875ca90599e5,7565c7a1-4d31-5cba-a4ef-1557ccb4ec42,e691a6a3-7dd7-5d95-b97e-997e3af77227,10,551.10,0.00
21347c8a-9fbc-5654-bfde-9935085a2124,2efa508c-7e5d-5437-b07e-4b756844cf37,1dd457fd-1d71-5eb5-b684-6f07d43e876c,5,897.97,448.98
54bb3bae-33e2-5caa-964e-54eac1e2e7b4,2efa508c-7e5d-5437-b07e-4b756844cf37,c2be7cd9-f7ee-544a-9ceb-7052826da8ce,9,183.13,247.23
1d18ba38-a428-5371-8bc9-676c688b3cba,2efa508c-7e5d-5437-b07e-4b756844cf37,e69a7c0b-6875-5a37-a379-abbc430fb47b,2,1211.55,121.16
a0c043a1-10f1-5c0a-a027-7dda231b2f8a,706cba17-03ad-5855-aff9-4695b7539022,1dd457fd-1d71-5eb5-b684-6f07d43e876c,2,897.97,0.00
69fb157a-17b2-5fe1-b300-498837034d99,706cba17-03ad-5855-aff9-4695b7539022,1cc795b2-21b3-5c5e-84f0-8f1fa20a6dd4,12,668.78,401.27
b73df8d2-c238-5cd0-a50e-e746ec7676e6,b3ba367d-ee54-5f5e-9413-b653c74c0caf,c0bff87f-f764-5151-8aec-dda48ea91847,12,437.68,525.22
3d3c7480-2709-5d0b-87bf-d6bcab2b779b,b3ba367d-ee54-5f5e-9413-b653c74c0caf,952e981c-e5c2-53da-984a-78dc5e3b1ad4,10,130.99,0.00
e957771f-fccf-50c3-b83b-1f18f2cc372c,98a42da2-ae6d-5f58-8f11-c3f2a6edb36a,1dd457fd-1d71-5eb5-b684-6f07d43e876c,3,897.97,0.00
dc794b4d-a0d2-5ff4-8551-d07987180c3d,98a42da2-ae6d-5f58-8f11-c3f2a6edb36a,e69a7c0b-6875-5a37-a379-abbc430fb47b,11,1211.55,1999.06
bb546d36-011c-55e3-a5df-99584546aca5,98a42da2-ae6d-5f58-8f11-c3f2a6edb36a,13ea52a1-6b55-57c7-b84e-acf7fb92f106,7,368.84,258.19
5639cd21-c492-5938-a122-b7764e33d760,f07892b0-4521-54c0-9531-92ac5a72eaa2,86eda21c-1dbc-500a-9201-b7d6b0786cc8,2,1060.50,318.15
afe27fbb-5f04-5a32-b48a-9d70e25ee25b,f07892b0-4521-54c0-9531-92ac5a72eaa2,d520aef1-b021-5cf0-a1d3-9e7e6d31aab7,9,568.52,767.50
7b24ebf0-a871-531b-8709-078de7c5ce89,f07892b0-4521-54c0-9531-92ac5a72eaa2,e3b2c918-6a66-5db3-87f9-e5c71515f2ab,6,1297.73,389.32
c613a0f7-cccb-51c7-a18e-903b070e1408,f07892b0-4521-54c0-9531-92ac5a72eaa2,bab29423-27f9-5732-bd8b-a403c95b1a96,6,947.18,568.31
1b2abc1a-c723-598f-ab42-4d85c7025802,f07892b0-4521-54c0-9531-92ac5a72eaa2,eff08d1d-eb3b-559a-8ca9-60c7b365af52,10,1515.93,1515.93
b79554f9-7460-5c28-a970-c34fbf604cf5,9053b8c0-b46f-5511-9d68-97f30dd57767,8a195dd5-491c-532c-9a61-886a24d451c0,4,1141.76,685.06
c2523d2d-dfc1-56fb-89a3-96a4466fe3f2,9053b8c0-b46f-5511-9d68-97f30dd57767,c0bff87f-f764-5151-8aec-dda48ea91847,2,437.68,131.30
d5b6e947-0090-5964-bc8d-65e32f9825a9,9053b8c0-b46f-5511-9d68-97f30dd57767,8d892cdc-d358-5f2b-a85b-cbecc7e0a664,11,1003.20,551.76
0a0e31e9-4dba-5b0b-b34d-c6c7ba9c9d41,9053b8c0-b46f-5511-9d68-97f30dd57767,9a2e8c5f-4d3e-5cb8-ba78-f2bd562ee61b,8,688.27,0.00
e62d272b-6b59-5a78-938b-99b07298557c,9053b8c0-b46f-5511-9d68-97f30dd57767,eff08d1d-eb3b-559a-8ca9-60c7b365af52,12,1515.93,0.00
07298621-742e-5417-9d40-09ac7ac6e612,92e4a7fb-f5bb-502f-9d37-68ccad30d193,8d6058a9-d9fb-546e-b841-e6b4a0978311,10,1083.86,541.93
8520bc5f-7006-50c0-a5bd-c5530b56cb84,92e4a7fb-f5bb-502f-9d37-68ccad30d193,4dbc0e6b-ab10-5b67-a928-f87e1ed2bb9a,3,233.65,35.05
df43d8eb-3560-5543-a3da-20b6e5b3e7d7,b7a47b5a-df6f-58d3-9c5a-213c4701c061,b6edaedb-a02c-5fbc-b05c-2b5d8deb20c4,9,1512.83,0.00
07723b84-4c8b-5bc5-8239-1c6f6c299551,b7a47b5a-df6f-58d3-9c5a-213c4701c061,7169fcc7-7527-510c-b88d-bdcd257ce105,3,1025.31,0.00
3cf044d2-6738-56a2-9af2-5ec33a784e52,b7a47b5a-df6f-58d3-9c5a-213c4701c061,80450a39-8a90-55da-adf7-0b6a1b84aeeb,9,1385.41,0.00
b96a7b11-88fc-5757-92df-ef42add5018a,b7a47b5a-df6f-58d3-9c5a-213c4701c061,0eb49bc4-406e-5d63-a28c-3e5b6ef668e4,6,1139.13,683.48
33cc3b24-3043-5686-ae51-d255109fb267,db0ffd12-51cc-52ef-aa49-ab96f990921a,5d462a8e-32e0-59ad-ae5c-9d66eda72663,11,326.98,179.84
2e8a75fd-81b3-5d86-91b6-a82f9667c251,f9ca615b-4e10-5228-b758-983f919cc69b,241d3cd0-ef2c-56b8-bb75-b039a61b370a,7,378.32,132.41
40688ec2-e572-5578-aca7-af1589c7e650,f9ca615b-4e10-5228-b758-983f919cc69b,1657c1e2-1668-5957-a5e5-822140c08707,9,1260.09,0.00
dd7d1364-407d-53c8-a854-2c586b2775a2,e2f292e6-06a1-5fbd-a387-cd71f5ed22e0,12003734-bab7-5410-8c89-f9a8c4967dea,6,1269.66,380.90
99fda51b-0c65-5eda-b0a8-2ec7bef0ee4a,e2f292e6-06a1-5fbd-a387-cd71f5ed22e0,613ff8f3-9a2b-5f66-8d3e-3e05d5391002,10,474.67,474.67
629912b2-f1ad-5aac-b810-0d34774f41cb,e2f292e6-06a1-5fbd-a387-cd71f5ed22e0,de536700-41fe-55c3-beb9-bfb9849c872b,12,1685.26,2022.31
6f0e80cd-0984-508f-ada9-e4d6008f29c6,3e0cc2e0-4a32-5df6-b413-cb5fdca4cc38,d37c44df-541b-5bf4-b395-65b41bac88a8,11,1334.93,1468.42
f6c417c7-13f0-5d94-b66f-44040f04bac1,3e0cc2e0-4a32-5df6-b413-cb5fdca4cc38,591abda9-fd16-5958-b0e9-586f0dfa6e54,3,875.54,131.33
9aa735d1-3f4b-5069-be26-df82bc12042b,3e0cc2e0-4a32-5df6-b413-cb5fdca4cc38,241d3cd0-ef2c-56b8-bb75-b039a61b370a,2,378.32,75.66
bfa83fb2-ee50-56cc-8434-b922e39a71ac,3a71157e-a6b2-5b1a-a6f4-275bd893967c,617fd070-2fb8-5ff6-8eaa-308844dc97ac,10,1871.53,0.00
d6e04e5f-be71-52d3-b45f-8ad8fc928dca,3a71157e-a6b2-5b1a-a6f4-275bd893967c,cdea42fb-ee49-5a22-a213-56a8f9fcb148,1,1597.00,159.70
e462cf51-202d-5623-bc07-22ae8019cc71,3a71157e-a6b2-5b1a-a6f4-275bd893967c,8d6058a9-d9fb-546e-b841-e6b4a0978311,1,1083.86,54.19
9859a586-f368-5dea-bac2-519401b9d892,0d7efbc2-9128-5045-8898-13372957747a,d37c44df-541b-5bf4-b395-65b41bac88a8,12,1334.93,800.96
e294311e-9a09-55a9-a6c1-d8059a0bec90,0d7efbc2-9128-5045-8898-13372957747a,dee51c26-0113-56c0-a9c6-edbcfc488df1,12,83.53,100.24
8ecc7418-b319-5a86-a674-8df926ba59eb,2ae76653-af64-52e4-b8b1-d2829f5638a3,3d307d78-b10f-5539-a951-7bcc9fd17161,4,1342.24,805.34
a297dd56-4fd1-59ea-90ac-9f86a8f51c40,2ae76653-af64-52e4-b8b1-d2829f5638a3,7169fcc7-7527-510c-b88d-bdcd257ce105,2,1025.31,307.59
fb7ef1ab-10d7-56f8-b1de-8b94ff93f4cf,2ae76653-af64-52e4-b8b1-d2829f5638a3,8b12c834-e054-5502-85aa-99d1eb81eee0,2,1393.76,418.13
b9a0e311-b6fc-5c37-b9ce-d667ab34f425,2ae76653-af64-52e4-b8b1-d2829f5638a3,13e04507-297b-56af-85d7-75b609d982a1,6,652.61,0.00
88022573-e0ac-5878-a079-32a92b750697,2ae76653-af64-52e4-b8b1-d2829f5638a3,39cb20a1-5dca-5b11-90c4-3e96e441ed0c,6,447.96,268.78
308ccfae-a695-5c90-934c-14c385a2e559,f5c24456-e26c-5d22-99d1-f4b476e9d7c8,eff08d1d-eb3b-559a-8ca9-60c7b365af52,6,1515.93,1364.34
43706b73-2d86-5bc9-894f-00592a8364a8,f5c24456-e26c-5d22-99d1-f4b476e9d7c8,1ac8de35-b264-5704-978e-ce8dc08dd02d,12,452.98,0.00
f268a0d4-6fdd-53e4-bfcb-25d9a10b474a,f5c24456-e26c-5d22-99d1-f4b476e9d7c8,e69a7c0b-6875-5a37-a379-abbc430fb47b,9,1211.55,1090.40
39145dce-8ba8-59d1-b8ff-2ac817019366,f5c24456-e26c-5d22-99d1-f4b476e9d7c8,d37c44df-541b-5bf4-b395-65b41bac88a8,11,1334.93,0.00
829e665d-dcf9-50a9-aa01-7497ce872dba,f8cead5a-0a36-545c-86c6-364a86834ed4,75679cf6-5497-5e69-b773-db773bc6a245,12,1441.14,0.00
80bfcc61-300f-53d9-87be-157ce28b471e,f8cead5a-0a36-545c-86c6-364a86834ed4,db630ac7-839d-5331-93df-dc621d8357b6,10,582.16,873.24
3f69043d-48f5-51d3-b8d0-a39185ef1220,f8cead5a-0a36-545c-86c6-364a86834ed4,559ab41c-d860-5ab1-aaa1-483577af7b67,12,305.73,183.44
1c20e5c5-34a9-5735-a398-487a0e75e3cc,f8cead5a-0a36-545c-86c6-364a86834ed4,5d79cff2-0e77-58a2-b1bf-c506ed3c98bd,10,822.40,0.00
e64b5896-4c63-54eb-9562-ec754e7c761f,47bdf02c-27c9-5da5-b708-265fbcabf242,43d6da55-777b-55ef-8cf5-d4cc7bfa63ad,11,1159.60,637.78
04cde0b2-72f8-5f7b-829d-86243afc6063,90e33644-a65b-5513-808f-1eacd006f72a,4dbc0e6b-ab10-5b67-a928-f87e1ed2bb9a,8,233.65,0.00
2a2d4e19-b3fc-515f-93cd-aae2b997b12c,5b2b44af-1df8-5981-af1a-2325f5a92e5e,d6b2e2d8-f41b-5418-ba12-fcffc0aa6508,2,1950.05,195.00
6ba2e2e1-96d6-5d3f-9022-715364b11e18,5b2b44af-1df8-5981-af1a-2325f5a92e5e,e139b0f5-6ca3-5ccb-8610-5a52b4b0eb6c,7,1053.19,1105.85
c6bf9995-41ba-5ed4-997e-ef8bd75662b7,94486466-4343-5990-94a8-72f45e93303f,d3739878-986b-5b5f-a096-4452493d6cbb,11,869.60,0.00
bd2d7db0-c0f6-5bb5-a4a4-68dcb13e423c,94486466-4343-5990-94a8-72f45e93303f,de536700-41fe-55c3-beb9-bfb9849c872b,11,1685.26,2780.68
fa29f7f6-a255-59d5-a7e6-773ffdb73750,94486466-4343-5990-94a8-72f45e93303f,8dfa6632-930f-5fdc-b7cd-8d5908a33d66,3,271.74,122.28
49215274-1775-535a-af18-73d9c2c76212,256941f5-9c64-5069-8bc8-14af4ebcf544,0f2c8ffe-5a45-5cfc-afbf-417553294a54,1,237.59,23.76
ac5c76a6-056c-5adf-baa7-54904b4fee82,55b9ef90-a704-59d9-ba1c-ab88ca41c566,7169fcc7-7527-510c-b88d-bdcd257ce105,5,1025.31,0.00
27609d22-59c0-52a1-bc12-75ff42129d72,55b9ef90-a704-59d9-ba1c-ab88ca41c566,b4065918-1c4b-50b6-b69a-d859f24bfe23,7,1132.17,792.52
0b4f6501-b485-55f5-9e7d-cd992cef21f5,55b9ef90-a704-59d9-ba1c-ab88ca41c566,952e981c-e5c2-53da-984a-78dc5e3b1ad4,8,130.99,52.40
b9ee9fc5-f57a-5f47-ad25-98148b5bc0f6,8bb250b5-7120-5885-8609-0f54a3e18c9a,fb4140fc-b3c1-5a6a-8613-9b068fdd2b39,11,931.77,1024.95
8618ccbf-9c0a-596a-a1a3-82a53af65091,b0f3e005-479b-53c3-96dd-b09907632c9b,12003734-bab7-5410-8c89-f9a8c4967dea,5,1269.66,634.83
7a3f3211-f70b-5718-a727-98c0cd1f56de,b0f3e005-479b-53c3-96dd-b09907632c9b,b4b5a0e3-641b-562e-8386-bff3564cf295,7,158.25,0.00
85d84f1d-b567-55e8-8b97-3d9cc559f71c,b0f3e005-479b-53c3-96dd-b09907632c9b,86eda21c-1dbc-500a-9201-b7d6b0786cc8,7,1060.50,742.35
eea2760e-6226-52c5-85a5-41e191f70803,b0f3e005-479b-53c3-96dd-b09907632c9b,f9fe7a6c-9a44-59e2-a4cc-fef69cc2e48e,8,684.00,820.80
6e36fdaa-00fc-5149-9730-2f54f5ef7be8,3a811d7d-0203-56ae-b219-391b0698ae67,f65edfe2-43ae-59f6-b37a-f98344e1a998,8,1061.75,1274.10
fee757d9-463b-5cc1-bab3-89f739ed5e13,8f8d23a7-872c-5a50-8f88-cc48bc5fda46,6469a098-75a3-5b3b-839a-ad075a8e67ad,7,728.47,764.89
73e6fc99-31a3-5de2-b17b-247ce14bd2ee,8f8d23a7-872c-5a50-8f88-cc48bc5fda46,241d3cd0-ef2c-56b8-bb75-b039a61b370a,1,378.32,0.00
ff0450df-5764-54f2-8416-392e623ca0d8,8f8d23a7-872c-5a50-8f88-cc48bc5fda46,9b6b9203-f582-59b6-b64c-309881607c86,7,876.23,306.68
5c5489ff-b086-5a6f-a97a-9b7d55f264c2,86bc8477-d343-54d8-a4c8-20f7c5c8e79e,e53c7da2-eb34-5499-8fd8-380dd673ea82,9,1587.45,1428.70
0731966f-9333-5d45-a06d-aad34a7c9b8f,86bc8477-d343-54d8-a4c8-20f7c5c8e79e,39cb20a1-5dca-5b11-90c4-3e96e441ed0c,10,447.96,447.96
32f2f747-cf84-580f-a189-7fb15fb89181,3d6ffbe8-11af-571a-a1e5-974792f1a748,d4214473-2bf7-5b77-bb1f-734e590c4014,1,1245.02,0.00
9d4e029f-c1d8-57c7-97c0-9996c53a3244,9ebb00e8-1fae-5034-b108-57c26908d65c,cdea42fb-ee49-5a22-a213-56a8f9fcb148,5,1597.00,0.00
a2c93035-f9f9-58f3-a07a-fda699ca7f44,9ebb00e8-1fae-5034-b108-57c26908d65c,aa67b9d9-b4e2-53f3-9447-ca933b53344f,12,1163.44,698.06
5bbdc14c-c89b-5aa8-930e-be64fc8f5a4c,f8499a97-792c-51ba-b25e-93f8890c6099,9f7bfd37-85ae-5a17-9b9f-5dafe3ec68ee,2,1138.16,227.63
fe58c008-ee54-5af3-b460-187b5f3fe02f,f8499a97-792c-51ba-b25e-93f8890c6099,1c3b9a21-09fa-5c21-bdad-35f2eb8a273f,1,1126.26,0.00
dafd590b-0c3a-50e2-98ee-929ca4f29f81,8e173705-648d-5e9d-818d-ef99aee1c707,d6b2e2d8-f41b-5418-ba12-fcffc0aa6508,5,1950.05,487.51
2aa96294-1fb9-5743-bc47-af52abd5a77f,62401a66-6a04-5de5-919e-39655851cd60,9a2e8c5f-4d3e-5cb8-ba78-f2bd562ee61b,1,688.27,0.00
1ffb3c05-cf90-5efc-93b0-3c84e2fbe73d,6bf72c61-4920-58e8-9540-a2f6647b39e7,3205bb8a-e766-5617-a3d4-78aaa9883bc8,11,1355.84,1491.42
56100b66-ff67-53d4-ab8c-1fe77314f18c,1a223cbb-66fe-53a8-8528-dc2d7ac727a6,b4065918-1c4b-50b6-b69a-d859f24bfe23,11,1132.17,1868.08
bb53603f-2d1d-5788-a16e-827a95650f5e,0fb3d03c-94a3-5d48-a27d-fc1bf3298cb0,599db343-a607-5259-8af1-adde7b1a86ce,3,1047.10,314.13
61cc188c-5616-5b5d-a61e-be7c861e8873,0fb3d03c-94a3-5d48-a27d-fc1bf3298cb0,6469a098-75a3-5b3b-839a-ad075a8e67ad,12,728.47,874.16
c7b53fe8-6dd1-580b-afe8-d94ae8352b8b,0fb3d03c-94a3-5d48-a27d-fc1bf3298cb0,0f2c8ffe-5a45-5cfc-afbf-417553294a54,1,237.59,11.88
c623c1fc-c1cd-5653-b337-33b7763fbabb,0fb3d03c-94a3-5d48-a27d-fc1bf3298cb0,8d892cdc-d358-5f2b-a85b-cbecc7e0a664,6,1003.20,0.00
bbfecd2c-695e-534c-905d-106a8c96f360,0fb3d03c-94a3-5d48-a27d-fc1bf3298cb0,8dfa6632-930f-5fdc-b7cd-8d5908a33d66,8,271.74,108.70
eee904b3-3785-58b7-950d-2fe85d3a2e25,c35cda3b-9c94-5e0f-a646-5450c801d83c,e3b2c918-6a66-5db3-87f9-e5c71515f2ab,12,1297.73,0.00
655dd5f4-636c-5ddd-a77f-d9b3d80b2571,c35cda3b-9c94-5e0f-a646-5450c801d83c,13ea52a1-6b55-57c7-b84e-acf7fb92f106,7,368.84,129.09
8b5a2e7a-dbe5-507d-92a4-6eaa3d70b5d3,c35cda3b-9c94-5e0f-a646-5450c801d83c,5d79cff2-0e77-58a2-b1bf-c506ed3c98bd,6,822.40,246.72
7d190ddc-7700-5f2b-bce0-9f17bd512fdf,c35cda3b-9c94-5e0f-a646-5450c801d83c,d68351a2-cf36-5984-a091-28a9f5b6bb7e,4,1017.79,203.56
d44481ed-76c5-5402-a5a6-d5a07384add6,c35cda3b-9c94-5e0f-a646-5450c801d83c,34baeb4c-81dc-5b29-bc76-0b8fd47cdbed,7,262.62,91.92
fbc50d85-1925-5254-8df3-c5b0cf3bd88a,a6c72d83-c908-5be0-8f42-4cd3c33ec962,fd5d29e1-571f-589d-be31-aa00127c02aa,7,943.56,660.49
40210440-e796-5715-ab68-5240249653c0,9d55cfd0-8a88-5b8a-827c-18748ed19316,1dd10a82-5cdc-539f-af3f-d3f255171973,8,107.50,129.00
d5081ab2-3b0e-5634-b136-219c4fafa285,9d55cfd0-8a88-5b8a-827c-18748ed19316,f9fe7a6c-9a44-59e2-a4cc-fef69cc2e48e,12,684.00,820.80
ecb469c8-2946-5a5b-bdb9-4a1ff982cce1,9d55cfd0-8a88-5b8a-827c-18748ed19316,2e263bcd-bacc-5f51-b35b-70d1674f4dc5,5,370.19,277.64
67a09ed6-1cc8-5134-a1b3-c7c852508234,82f8a8ae-9859-51d4-93bc-6032196406ea,613ff8f3-9a2b-5f66-8d3e-3e05d5391002,7,474.67,0.00
44da9af2-cd63-5407-98e2-9bfe143a023a,8e0e7385-eb07-526b-896f-184ec5952f2e,88f79184-2cf9-5f72-8e4a-cedfa68d9d06,12,475.83,0.00
33a4393d-2a63-5db2-9b9c-8d93a748c3df,8e0e7385-eb07-526b-896f-184ec5952f2e,3d307d78-b10f-5539-a951-7bcc9fd17161,12,1342.24,1610.69
ad7e1328-459a-52bc-9953-4fb25f32b1f1,8e0e7385-eb07-526b-896f-184ec5952f2e,f78fc905-81d2-5f52-8c77-1cff3a4b42b7,5,290.47,0.00
2585b37e-f2d4-5967-aa4b-e0d9987b2054,066b0be0-53e5-507f-8877-ecbc62283202,e139b0f5-6ca3-5ccb-8610-5a52b4b0eb6c,1,1053.19,157.98
ff35f73d-9b99-501e-bb98-5eaafe0bdd1d,00adf203-fc39-57ed-844d-52cd8a6b12ec,599db343-a607-5259-8af1-adde7b1a86ce,2,1047.10,0.00
5918c8f0-b1c2-5239-8106-deae98868f5e,c6d913e8-3a9b-51af-81cf-13bf2dbfffea,1657c1e2-1668-5957-a5e5-822140c08707,2,1260.09,0.00
69cf0ce7-1eab-51e2-8529-514a3cd3c6e4,c6d913e8-3a9b-51af-81cf-13bf2dbfffea,91bd15e4-105e-5926-abe6-7ceaf8c07375,10,393.96,0.00
9557ad5f-1216-57a2-8e07-dd54a9072d27,57295db8-60be-5b20-adc7-94b1dcdd57da,1dd457fd-1d71-5eb5-b684-6f07d43e876c,9,897.97,0.00
2857bd12-d5da-5df8-88e9-f39aeb540f06,57295db8-60be-5b20-adc7-94b1dcdd57da,e139b0f5-6ca3-5ccb-8610-5a52b4b0eb6c,8,1053.19,1263.83
2be8e1c0-5211-59af-8d16-0752e3c533ec,b84b10aa-2357-5c55-9ad2-db15b3843389,e691a6a3-7dd7-5d95-b97e-997e3af77227,10,551.10,826.65
5fc331d2-55b5-5669-8349-f5fb152c711f,b84b10aa-2357-5c55-9ad2-db15b3843389,2e263bcd-bacc-5f51-b35b-70d1674f4dc5,12,370.19,0.00
663d91e2-5c87-57ab-89ed-6e978a22ca67,b84b10aa-2357-5c55-9ad2-db15b3843389,1657c1e2-1668-5957-a5e5-822140c08707,3,1260.09,567.04
91a6ff86-4838-5423-bf88-d921d88236b1,b84b10aa-2357-5c55-9ad2-db15b3843389,8d892cdc-d358-5f2b-a85b-cbecc7e0a664,7,1003.20,351.12
3c41f246-24bb-5394-96f7-f3a849e079ee,7e62e320-eef4-5389-ae8a-4d6057610f0e,0137b3c3-db39-5e56-abf7-8ae43bc349ad,10,1129.31,1693.96
e9f6730d-6a1d-53d9-9696-4253257e0533,7e62e320-eef4-5389-ae8a-4d6057610f0e,af3fc15f-c662-5a5e-9e9c-3b2d4e1b6029,8,1539.94,615.98
8c3e4327-0379-59ff-a7af-df22ce56f0f5,7e62e320-eef4-5389-ae8a-4d6057610f0e,851c23cd-3716-5170-b9ac-0c25ddc7c95c,2,497.01,0.00
abaec3a3-7f90-5190-bd88-7f600f8babed,7e62e320-eef4-5389-ae8a-4d6057610f0e,31a97c6b-10cf-54c1-b463-f81683a437cc,9,1252.58,0.00
c5cc7a4c-ee49-512f-94c0-621b0dd88205,7e62e320-eef4-5389-ae8a-4d6057610f0e,f9fe7a6c-9a44-59e2-a4cc-fef69cc2e48e,12,684.00,0.00
4cce0540-2264-5617-a158-622e62eadf93,7b821be3-57dc-5b1f-96b3-ad5490cc627b,1657c1e2-1668-5957-a5e5-822140c08707,8,1260.09,1512.11
9309f46a-1a6a-5e27-9377-3984e90183b9,7b821be3-57dc-5b1f-96b3-ad5490cc627b,9b6b9203-f582-59b6-b64c-309881607c86,7,876.23,0.00
5d5ccb5f-dc43-578d-b1f7-80beebfe0875,7b821be3-57dc-5b1f-96b3-ad5490cc627b,45669348-c1a3-5956-bbf2-d29bd438fbdc,12,536.14,965.05
1de8a857-9865-55cb-b855-601592a306fc,7b821be3-57dc-5b1f-96b3-ad5490cc627b,39cb20a1-5dca-5b11-90c4-3e96e441ed0c,1,447.96,0.00
e3dcda4d-c64d-5b64-bca6-0a062fc0ec56,7b821be3-57dc-5b1f-96b3-ad5490cc627b,75679cf6-5497-5e69-b773-db773bc6a245,1,1441.14,72.06
88d5027d-2957-5a8f-ba90-3e3bb8596f8e,ae376f3d-77dc-57e0-8ce7-3ba151be7abc,591abda9-fd16-5958-b0e9-586f0dfa6e54,1,875.54,87.55
98f1db3f-7236-56aa-8e9b-2983ede6b9b8,ae376f3d-77dc-57e0-8ce7-3ba151be7abc,13e04507-297b-56af-85d7-75b609d982a1,6,652.61,0.00
7fef56f1-bfcc-5b95-a47c-6b4a39a330e1,ae376f3d-77dc-57e0-8ce7-3ba151be7abc,8dfa6632-930f-5fdc-b7cd-8d5908a33d66,3,271.74,122.28
23aa5e2c-964a-5881-8317-3d1a166b80b5,ae376f3d-77dc-57e0-8ce7-3ba151be7abc,673811d5-2f11-5108-8b80-c9dd0dc2adda,9,503.75,0.00
3d6df859-d450-5534-b3c4-09f4aa428db5,3f4bbea2-46ac-5efb-9d7b-a807fed4add5,34baeb4c-81dc-5b29-bc76-0b8fd47cdbed,8,262.62,105.05
3b33ff4c-9434-562f-88e7-4c5925155856,87c7b9f4-4363-575b-a248-8643792a31c5,8dfa6632-930f-5fdc-b7cd-8d5908a33d66,12,271.74,163.04
fd58232a-332f-536e-9cf1-87df933ce814,87c7b9f4-4363-575b-a248-8643792a31c5,829935ce-9ec7-5afb-a542-873877c9ce31,1,378.45,56.77
f52e67cb-66f3-5e57-8e4a-83325e5c5310,87c7b9f4-4363-575b-a248-8643792a31c5,d68351a2-cf36-5984-a091-28a9f5b6bb7e,2,1017.79,203.56
9c97d20e-a594-5e6e-b113-9c12c5b3d15a,cf2d5f88-def8-507a-9776-7d4a8ea4a773,9f7bfd37-85ae-5a17-9b9f-5dafe3ec68ee,7,1138.16,0.00
ddbfbe04-ecd5-59be-bdcd-a78bb7857171,cf2d5f88-def8-507a-9776-7d4a8ea4a773,2e263bcd-bacc-5f51-b35b-70d1674f4dc5,10,370.19,0.00
e0e8e004-fed6-5e5f-8d33-22a06636709d,cf2d5f88-def8-507a-9776-7d4a8ea4a773,8a195dd5-491c-532c-9a61-886a24d451c0,5,1141.76,0.00
eb2b8d46-0d44-5448-a994-8462d053b5c9,d516d767-b095-571f-8749-7f88cc67d977,8dfa6632-930f-5fdc-b7cd-8d5908a33d66,6,271.74,0.00
3dff1103-0ee6-54c7-ab23-42638e1857af,3c8ab4f0-51f0-5003-b80e-4b2b5c144c45,eff08d1d-eb3b-559a-8ca9-60c7b365af52,4,1515.93,606.37
999a312d-0896-55e6-97a2-23de449d11fa,3c8ab4f0-51f0-5003-b80e-4b2b5c144c45,f218ba8f-81cf-5efd-ad55-5f4ef76110c2,1,1484.37,222.66
0235c566-c8b9-5fea-8f78-05d4329048eb,3c8ab4f0-51f0-5003-b80e-4b2b5c144c45,dee51c26-0113-56c0-a9c6-edbcfc488df1,7,83.53,0.00
b9c3badc-b314-54f0-9795-b9f0587ce8cb,3c8ab4f0-51f0-5003-b80e-4b2b5c144c45,c2be7cd9-f7ee-544a-9ceb-7052826da8ce,7,183.13,64.10
4a4cdb6f-9c32-5cc5-b3fd-fb919c3418e9,129f324f-9f35-5b9c-b5a6-c82b229a6075,cdea42fb-ee49-5a22-a213-56a8f9fcb148,12,1597.00,1916.40
5157197d-0570-5275-a2f2-5c5df7d07269,129f324f-9f35-5b9c-b5a6-c82b229a6075,0eb49bc4-406e-5d63-a28c-3e5b6ef668e4,10,1139.13,569.56
048eb294-d4e8-5788-9b2d-8b63b4fdc5bd,129f324f-9f35-5b9c-b5a6-c82b229a6075,a042ed60-9218-5159-876b-6c4dd0e5f934,11,381.33,629.19
27047c66-a76f-52bb-8541-90ffcef342da,129f324f-9f35-5b9c-b5a6-c82b229a6075,599db343-a607-5259-8af1-adde7b1a86ce,6,1047.10,0.00
87fea1b5-a7b0-5eae-a2d5-6a6dfb0e6af6,60c0f381-700a-5600-a784-11cd3886ee8d,01351cb5-bcf4-52ee-88a1-c6442df67004,7,1268.11,0.00
ebad7536-2398-598b-aa6d-59c427a27aa2,60c0f381-700a-5600-a784-11cd3886ee8d,86eda21c-1dbc-500a-9201-b7d6b0786cc8,11,1060.50,1166.55
f33d59fd-065b-568f-815a-d92866b8f6c2,60c0f381-700a-5600-a784-11cd3886ee8d,1760c2e4-563f-5bac-abcd-baf5317434c8,5,1665.26,832.63
5aa49bfa-d074-5323-bde3-1c928ba9471c,60c0f381-700a-5600-a784-11cd3886ee8d,6469a098-75a3-5b3b-839a-ad075a8e67ad,12,728.47,874.16
153b4711-727f-5a4b-972d-c8be2a998126,60c0f381-700a-5600-a784-11cd3886ee8d,b4065918-1c4b-50b6-b69a-d859f24bfe23,12,1132.17,2037.91
078f64b5-e006-578d-b1b2-a31dbdaba8cd,4c87d03a-b874-5525-996b-813f53a700a3,8d892cdc-d358-5f2b-a85b-cbecc7e0a664,4,1003.20,401.28
a6c4b2d9-efb3-55be-9155-6d498945a3a3,4c87d03a-b874-5525-996b-813f53a700a3,508dfc85-5bf2-5709-b1e3-06ff86d5acb8,2,387.07,0.00
45dd4837-26a7-52d1-997e-88d9aecc3dd5,4c87d03a-b874-5525-996b-813f53a700a3,13e04507-297b-56af-85d7-75b609d982a1,6,652.61,587.35
cc1deb79-2ea7-5b40-aa69-d614ebcf3411,4c87d03a-b874-5525-996b-813f53a700a3,8b12c834-e054-5502-85aa-99d1eb81eee0,7,1393.76,1463.45
a0808de8-f125-56dd-a010-ab89a47d22ce,ee48b96c-0d9e-5054-acfe-a537853cde0d,7169fcc7-7527-510c-b88d-bdcd257ce105,10,1025.31,0.00
0592cf2f-cafd-534e-b560-d6521aea1486,ee48b96c-0d9e-5054-acfe-a537853cde0d,1c3b9a21-09fa-5c21-bdad-35f2eb8a273f,4,1126.26,225.25
50478736-e73b-506c-a014-ebeb8d050ee0,ee48b96c-0d9e-5054-acfe-a537853cde0d,1ac8de35-b264-5704-978e-ce8dc08dd02d,4,452.98,90.60
0464bf8c-370e-58bf-b522-2f3584107f85,ee48b96c-0d9e-5054-acfe-a537853cde0d,228ccd2f-642c-5fdf-abf0-129af98a3568,9,148.91,0.00
d676d790-876d-50d8-91ac-396a861a9787,ee48b96c-0d9e-5054-acfe-a537853cde0d,4dbc0e6b-ab10-5b67-a928-f87e1ed2bb9a,11,233.65,0.00
f7bd95c6-3ae8-5f0b-be63-138ff953a6f3,7c9f512b-ce60-5267-941d-32853e966e9f,9f7bfd37-85ae-5a17-9b9f-5dafe3ec68ee,6,1138.16,0.00
bfcea7bd-6b43-562b-81c1-d11d1ce3b914,7c9f512b-ce60-5267-941d-32853e966e9f,1cc795b2-21b3-5c5e-84f0-8f1fa20a6dd4,11,668.78,0.00
1b01c963-5921-59bb-b5a4-13554dd3f0b0,7c9f512b-ce60-5267-941d-32853e966e9f,952e981c-e5c2-53da-984a-78dc5e3b1ad4,10,130.99,0.00
b2b477fe-152e-523d-a93f-7443a57aaa49,7c9f512b-ce60-5267-941d-32853e966e9f,9b6b9203-f582-59b6-b64c-309881607c86,5,876.23,219.06
e6e1ec29-2692-517a-b330-49467f24e5fb,7c9f512b-ce60-5267-941d-32853e966e9f,88f79184-2cf9-5f72-8e4a-cedfa68d9d06,6,475.83,428.25
655cb899-ff3f-5adb-b188-20685f6237c6,13bafb69-80bd-593f-8704-e6d858a51b9d,e691a6a3-7dd7-5d95-b97e-997e3af77227,8,551.10,220.44
34a777ce-3403-5610-9e25-333e171b9b02,13bafb69-80bd-593f-8704-e6d858a51b9d,896e7662-34d0-5631-bb0f-b5ce6b0ad1ba,10,1691.47,845.74
26b7580c-2875-5527-a8c4-6535a5d2bfb1,13bafb69-80bd-593f-8704-e6d858a51b9d,b5386670-1687-5260-ad33-97e5d697c425,7,902.07,315.72
e07e6c82-e969-5b38-870e-3701ef8252d1,13bafb69-80bd-593f-8704-e6d858a51b9d,db43f9b2-c956-5785-8950-8287c47db3ae,11,894.98,492.24
acbbabc7-1d95-5ac1-a2b2-b8410edabad2,09401c35-ead7-5edf-ac39-7c94ba0c39a1,d6b2e2d8-f41b-5418-ba12-fcffc0aa6508,7,1950.05,1365.04
6da56d87-217b-59f7-9905-5a2656a62e78,09401c35-ead7-5edf-ac39-7c94ba0c39a1,31a97c6b-10cf-54c1-b463-f81683a437cc,3,1252.58,0.00
6c81557e-de84-5372-be61-b907e181c35e,09401c35-ead7-5edf-ac39-7c94ba0c39a1,6469a098-75a3-5b3b-839a-ad075a8e67ad,10,728.47,0.00
0ec2552a-6620-5af6-ba37-33fcb64087a6,09401c35-ead7-5edf-ac39-7c94ba0c39a1,fb4140fc-b3c1-5a6a-8613-9b068fdd2b39,3,931.77,0.00
2ab45206-23c9-558b-96cc-43f037d5642d,09401c35-ead7-5edf-ac39-7c94ba0c39a1,e53c7da2-eb34-5499-8fd8-380dd673ea82,3,1587.45,0.00
e9caef38-9da4-56fc-b800-cf875bcfa7e9,0055f3c1-ffd9-5755-a7af-1ffe5b145916,b6464168-fc86-5543-9805-0861ea9c66cc,3,1065.14,319.54
420b7d5c-6c11-5ce8-8efd-035614194557,0055f3c1-ffd9-5755-a7af-1ffe5b145916,7169fcc7-7527-510c-b88d-bdcd257ce105,9,1025.31,0.00
1debe40b-7aec-5371-988c-f9d3c20272a2,0055f3c1-ffd9-5755-a7af-1ffe5b145916,db630ac7-839d-5331-93df-dc621d8357b6,5,582.16,145.54
fb8bf518-ea12-574a-88c9-5164c175ae60,888e36c9-1fe0-5284-9353-9ffb47a1963b,1c3b9a21-09fa-5c21-bdad-35f2eb8a273f,2,1126.26,337.88
66aa2e0c-dbd7-5162-a293-1d30e2b941d8,888e36c9-1fe0-5284-9353-9ffb47a1963b,9f7bfd37-85ae-5a17-9b9f-5dafe3ec68ee,12,1138.16,1365.79
4b47a215-15d2-551e-a0e8-d12d622116c9,888e36c9-1fe0-5284-9353-9ffb47a1963b,201fb8e4-2c24-5483-b44d-4063694486b2,10,1026.69,0.00
1dd2a5a1-f7d6-5904-8cb6-7894d702018e,623ba003-f794-5e1e-8279-16cf4c3b436b,d6b2e2d8-f41b-5418-ba12-fcffc0aa6508,5,1950.05,487.51
c933cf75-fa16-5050-834f-7056f36e450c,623ba003-f794-5e1e-8279-16cf4c3b436b,d520aef1-b021-5cf0-a1d3-9e7e6d31aab7,9,568.52,255.83
4496b758-0cd7-51f4-b25e-c40bcc4b51ce,f74a7c24-8b13-5bce-9f2e-46a9b9c1cff0,5d462a8e-32e0-59ad-ae5c-9d66eda72663,11,326.98,179.84
c82757b8-d544-5002-95f8-4bfd951ebd25,f74a7c24-8b13-5bce-9f2e-46a9b9c1cff0,829935ce-9ec7-5afb-a542-873877c9ce31,5,378.45,0.00
8d937398-2f54-58bb-b922-d27a96937022,f74a7c24-8b13-5bce-9f2e-46a9b9c1cff0,599db343-a607-5259-8af1-adde7b1a86ce,6,1047.10,0.00
69b75eb5-5f05-5dbb-b2c5-eae84592dffa,f74a7c24-8b13-5bce-9f2e-46a9b9c1cff0,f65edfe2-43ae-59f6-b37a-f98344e1a998,8,1061.75,1274.10
97e2e943-99e3-5a53-841e-4d69529480be,f74a7c24-8b13-5bce-9f2e-46a9b9c1cff0,01351cb5-bcf4-52ee-88a1-c6442df67004,5,1268.11,951.08
7c9bbe1b-c8ff-5e75-a79a-f5b07a8dce41,5b7abab2-e517-5f7b-ae40-3c4ba56d433d,d4214473-2bf7-5b77-bb1f-734e590c4014,7,1245.02,0.00
dd216cdf-a659-5df8-9b59-0528909232ea,5b7abab2-e517-5f7b-ae40-3c4ba56d433d,e69a7c0b-6875-5a37-a379-abbc430fb47b,12,1211.55,0.00
f2a644fd-de26-5b5e-b8ba-c1a6e915eca7,6f921604-6ea5-5ca2-8fd9-d45d142bffd6,d96da70b-0cb5-58c8-928a-aafb2d90b154,8,1827.60,2193.12
ba342e28-e20e-5a6e-b32c-3c21d97b256b,6f921604-6ea5-5ca2-8fd9-d45d142bffd6,39cb20a1-5dca-5b11-90c4-3e96e441ed0c,4,447.96,268.78
7e36bd87-f651-5e74-8854-5e98edce7d55,6f921604-6ea5-5ca2-8fd9-d45d142bffd6,1657c1e2-1668-5957-a5e5-822140c08707,11,1260.09,0.00
4c9b325b-29e3-5e6c-a9be-f7ef42c604c5,6f921604-6ea5-5ca2-8fd9-d45d142bffd6,f78fc905-81d2-5f52-8c77-1cff3a4b42b7,6,290.47,87.14
213c3da3-bef6-5c1f-be01-42bef79fa9c8,cdf59569-03c6-5f7b-9141-2096671b77b9,af3fc15f-c662-5a5e-9e9c-3b2d4e1b6029,10,1539.94,1539.94
72211c35-3a83-54d9-bc36-d9a09d3fbce0,cdf59569-03c6-5f7b-9141-2096671b77b9,13e04507-297b-56af-85d7-75b609d982a1,4,652.61,0.00
c94622fe-efd1-55bd-a4df-46f4092124a6,c5a7ebeb-a897-5f72-8aeb-551fc4b8f219,851c23cd-3716-5170-b9ac-0c25ddc7c95c,5,497.01,124.25
36aa4501-ba98-5485-8b93-ea434cbb5d60,c5a7ebeb-a897-5f72-8aeb-551fc4b8f219,591abda9-fd16-5958-b0e9-586f0dfa6e54,2,875.54,0.00
ee90f925-b1a3-5ea4-9e58-17ff44e36887,c5a7ebeb-a897-5f72-8aeb-551fc4b8f219,88f79184-2cf9-5f72-8e4a-cedfa68d9d06,2,475.83,0.00
4062236b-d3ae-51fc-8c98-2a658276494c,c5a7ebeb-a897-5f72-8aeb-551fc4b8f219,617fd070-2fb8-5ff6-8eaa-308844dc97ac,5,1871.53,0.00
1f6a76d3-547f-5722-b3e7-ee086a2080a1,82c1ffe6-05df-5e44-84fc-01fc49336d9f,b5386670-1687-5260-ad33-97e5d697c425,5,902.07,451.04
e7496d24-a116-5f4e-8a7e-052bb7ad1796,c368e821-0f5f-5ff8-baab-a98497f56769,5d79cff2-0e77-58a2-b1bf-c506ed3c98bd,2,822.40,0.00
b9a75a4f-d106-5a02-8eb4-af3362d0766b,40395a79-ce0b-516b-b4da-707d12ec2b40,0137b3c3-db39-5e56-abf7-8ae43bc349ad,6,1129.31,1016.38
0e4a97f1-6fe5-5030-962b-4ad1e98a379f,40395a79-ce0b-516b-b4da-707d12ec2b40,43d6da55-777b-55ef-8cf5-d4cc7bfa63ad,12,1159.60,2087.28
3bff3a47-13ad-5362-87c2-dee69891602b,40395a79-ce0b-516b-b4da-707d12ec2b40,13ea52a1-6b55-57c7-b84e-acf7fb92f106,6,368.84,0.00
c7f60401-130b-5ca9-bac0-fccd7dc71e66,40395a79-ce0b-516b-b4da-707d12ec2b40,c0bff87f-f764-5151-8aec-dda48ea91847,9,437.68,393.91
dc5019d1-5237-5355-ad21-31e8112efab2,5d1f9846-5e33-5c6c-b98a-981b3dd06683,f218ba8f-81cf-5efd-ad55-5f4ef76110c2,4,1484.37,593.75
8cbdf940-8607-5bc8-b689-e56b9af00146,5d1f9846-5e33-5c6c-b98a-981b3dd06683,1c3b9a21-09fa-5c21-bdad-35f2eb8a273f,2,1126.26,0.00
844c11e6-df86-53df-941a-d0dbc1678842,7c4af81e-259c-5be7-87e5-7089c4537913,db630ac7-839d-5331-93df-dc621d8357b6,11,582.16,0.00
461be3a1-c4f2-5ec1-9075-e27d8c397e9b,7c4af81e-259c-5be7-87e5-7089c4537913,8ac2c18a-5896-572a-9f44-f5d60109258d,1,270.85,40.63
eac20326-4806-5bd6-956c-4cdf46012d71,7c4af81e-259c-5be7-87e5-7089c4537913,0eb49bc4-406e-5d63-a28c-3e5b6ef668e4,1,1139.13,170.87
91a50b3a-acc9-5e4e-ad2a-a091ab7246e9,7c4af81e-259c-5be7-87e5-7089c4537913,8d892cdc-d358-5f2b-a85b-cbecc7e0a664,4,1003.20,0.00
aa3075a3-4a78-5324-a616-3e0d75ac7797,7c4af81e-259c-5be7-87e5-7089c4537913,8a195dd5-491c-532c-9a61-886a24d451c0,8,1141.76,0.00
0d897fc6-7f66-57b4-8f55-29af85e116cf,bdf26eb0-fb7f-5d27-a243-531db912199d,1c3b9a21-09fa-5c21-bdad-35f2eb8a273f,3,1126.26,0.00
54563bb6-c915-5b51-9007-2886fd8b2268,bdf26eb0-fb7f-5d27-a243-531db912199d,1dd457fd-1d71-5eb5-b684-6f07d43e876c,9,897.97,404.09
08e72d26-253a-51a1-b6bc-521edb4c14f6,bdf26eb0-fb7f-5d27-a243-531db912199d,31a97c6b-10cf-54c1-b463-f81683a437cc,1,1252.58,62.63
be4649f0-50d3-59ae-aae9-d0f341b0e19f,bdf26eb0-fb7f-5d27-a243-531db912199d,952e981c-e5c2-53da-984a-78dc5e3b1ad4,6,130.99,117.89
45bd62e9-12dc-5b22-8fbd-399bff58bd86,bdf26eb0-fb7f-5d27-a243-531db912199d,d68351a2-cf36-5984-a091-28a9f5b6bb7e,12,1017.79,1221.35
d95d51a8-842e-5719-bac1-d78b50254674,067fbd96-844d-58e0-b932-5c8cd379be6c,c3e9c7fb-d6ab-5171-a827-7aad6b6d2342,9,1198.11,0.00
dc8d7ed8-c18b-5f92-8246-432c96364f9d,bedec434-58f8-5c24-b07e-41e5c0143059,b4b5a0e3-641b-562e-8386-bff3564cf295,5,158.25,39.56
9cf3d5e8-4c8c-5f66-8ff8-6f58e073da58,bedec434-58f8-5c24-b07e-41e5c0143059,12003734-bab7-5410-8c89-f9a8c4967dea,12,1269.66,2285.39
e6861edd-c37f-5199-995e-c979e6a8cb07,bedec434-58f8-5c24-b07e-41e5c0143059,cb09f248-037d-5a0d-9970-99cb102c05d8,10,1006.42,1509.63
cc61766e-c658-5d54-92ff-e8ee1fb90d4c,3dace698-3d9f-5ee2-805d-96d11f6a495c,7169fcc7-7527-510c-b88d-bdcd257ce105,1,1025.31,0.00
e1125540-d431-5746-a507-4bbd1df82901,3dace698-3d9f-5ee2-805d-96d11f6a495c,deaf9542-d65c-5f41-b22e-b1d033baea7a,5,1236.17,927.13
ffea44f4-f34c-59ad-aad6-ff4606a2b8d1,3dace698-3d9f-5ee2-805d-96d11f6a495c,1dd10a82-5cdc-539f-af3f-d3f255171973,4,107.50,21.50
35b511d4-8d16-58f8-94e0-d76f034c9334,59203841-252a-5116-b5b2-db22af3fddfe,5d79cff2-0e77-58a2-b1bf-c506ed3c98bd,8,822.40,0.00
c1967c51-98c8-5df3-8b6a-3f0becfb4d94,59203841-252a-5116-b5b2-db22af3fddfe,b6edaedb-a02c-5fbc-b05c-2b5d8deb20c4,10,1512.83,0.00
f171ec48-e446-5472-8acf-56ba4dee23e5,b215d095-743a-5f8c-bb1f-b60d22ab15b3,6469a098-75a3-5b3b-839a-ad075a8e67ad,8,728.47,0.00
5cbc738c-b447-56ce-82b2-539a62eb1bc8,b215d095-743a-5f8c-bb1f-b60d22ab15b3,f78fc905-81d2-5f52-8c77-1cff3a4b42b7,1,290.47,43.57
84adad79-5c4e-5921-9416-f8d559c24c01,b215d095-743a-5f8c-bb1f-b60d22ab15b3,ac03c1f7-3948-530e-8de5-80756984ab20,10,564.84,282.42
1ee2d33f-0ccf-57b7-a982-0cd478055384,b215d095-743a-5f8c-bb1f-b60d22ab15b3,508dfc85-5bf2-5709-b1e3-06ff86d5acb8,7,387.07,0.00
d1e11f0e-e8bd-5cf0-924f-798fbd527fe0,4349545e-6d2c-56fe-95a0-d9662bebca5a,c3e9c7fb-d6ab-5171-a827-7aad6b6d2342,12,1198.11,0.00
610a2951-2b6c-50de-bcb3-160b5c47a258,4349545e-6d2c-56fe-95a0-d9662bebca5a,5d462a8e-32e0-59ad-ae5c-9d66eda72663,4,326.98,0.00
2e68f4be-09fd-5383-865a-d5a9a74834c3,4349545e-6d2c-56fe-95a0-d9662bebca5a,bab29423-27f9-5732-bd8b-a403c95b1a96,5,947.18,0.00
3775376c-2673-5c3f-b8a5-798fa74d036c,0222c4f1-03a2-538c-9a93-d5d1b6f602e8,80450a39-8a90-55da-adf7-0b6a1b84aeeb,3,1385.41,207.81
31b3f1d4-291f-53d8-8c2a-b7488d024695,0222c4f1-03a2-538c-9a93-d5d1b6f602e8,c0bff87f-f764-5151-8aec-dda48ea91847,3,437.68,0.00
f8b982f7-4a9e-58e0-b3c1-550f5baef343,0222c4f1-03a2-538c-9a93-d5d1b6f602e8,9f7bfd37-85ae-5a17-9b9f-5dafe3ec68ee,1,1138.16,56.91
73aecd2e-565a-5e04-bd8f-933bd0d9b355,0222c4f1-03a2-538c-9a93-d5d1b6f602e8,e69a7c0b-6875-5a37-a379-abbc430fb47b,4,1211.55,0.00
1560b0c8-ebb8-5c32-89c8-908519e0a736,76757891-2ad5-51dd-99f6-188083c572b0,1cc795b2-21b3-5c5e-84f0-8f1fa20a6dd4,4,668.78,267.51
2adc6314-0e1e-5e4f-8117-7edda3fd1ad0,76757891-2ad5-51dd-99f6-188083c572b0,cd410e43-ec3c-524b-84c6-84482a7b1204,8,549.24,439.39
6dafdb09-30c1-5dd3-a04c-310bc4f5d8c5,f36e4fc0-c5ab-54cf-90a4-824996b91ac1,cb09f248-037d-5a0d-9970-99cb102c05d8,5,1006.42,754.82
a0a9bb5f-7eec-5a27-941d-00c097f5674b,f36e4fc0-c5ab-54cf-90a4-824996b91ac1,cd410e43-ec3c-524b-84c6-84482a7b1204,12,549.24,659.09
e9c07007-2fb3-53c7-a894-35c2948455b8,f36e4fc0-c5ab-54cf-90a4-824996b91ac1,e3b2c918-6a66-5db3-87f9-e5c71515f2ab,4,1297.73,259.55
848ac708-da6e-526b-8489-90c8052c5a3b,f36e4fc0-c5ab-54cf-90a4-824996b91ac1,0caef625-914f-5fea-8e59-19b212bfbd46,1,1252.51,187.88
6c18ba74-24b4-5673-8e71-6c7e0570d3ee,7bc175ee-a0fa-59db-87bf-707585b877a0,5d79cff2-0e77-58a2-b1bf-c506ed3c98bd,7,822.40,863.52
adeb2069-71c0-57b8-8b68-6a5a9a0a1703,7bc175ee-a0fa-59db-87bf-707585b877a0,45669348-c1a3-5956-bbf2-d29bd438fbdc,7,536.14,0.00
da2ada40-ec78-557f-a3dd-68999d06dc55,7bc175ee-a0fa-59db-87bf-707585b877a0,cdea42fb-ee49-5a22-a213-56a8f9fcb148,12,1597.00,1916.40
2a0a46d3-c3e4-5b4e-86c5-ac475ad7fb19,7bc175ee-a0fa-59db-87bf-707585b877a0,228ccd2f-642c-5fdf-abf0-129af98a3568,7,148.91,0.00
0fe2ffb4-22ab-5bb2-a184-d9b18e771c53,7bc175ee-a0fa-59db-87bf-707585b877a0,8b12c834-e054-5502-85aa-99d1eb81eee0,3,1393.76,209.06
e9bc9722-ba4c-5923-83f7-3360c5508730,02cafc86-ae3b-5c35-a558-ec76f686381e,1ac8de35-b264-5704-978e-ce8dc08dd02d,10,452.98,679.47
784445b5-b6df-596e-b096-7fa13ab24c8e,02cafc86-ae3b-5c35-a558-ec76f686381e,9f7bfd37-85ae-5a17-9b9f-5dafe3ec68ee,8,1138.16,1365.79
17ca3675-914e-5bda-882f-a48f154a2632,1cb95bea-c06c-5dd6-95ad-7a6c39ec805a,f65edfe2-43ae-59f6-b37a-f98344e1a998,10,1061.75,530.88
f20b324e-ed82-52e5-ba99-8295c9fb6773,1cb95bea-c06c-5dd6-95ad-7a6c39ec805a,01351cb5-bcf4-52ee-88a1-c6442df67004,12,1268.11,2282.60
78c25b96-0fb8-5757-98ff-97b545c49368,1cb95bea-c06c-5dd6-95ad-7a6c39ec805a,13ea52a1-6b55-57c7-b84e-acf7fb92f106,1,368.84,0.00
9f24e7ce-360e-5dae-b45b-91370df67fd9,8a007253-e32e-5817-a9af-ddaa2e5db7ea,01351cb5-bcf4-52ee-88a1-c6442df67004,4,1268.11,253.62
6f3935cb-8c06-52ba-869b-baffe356a995,0289fc1d-794f-58bb-a028-fad5be0732b8,f218ba8f-81cf-5efd-ad55-5f4ef76110c2,7,1484.37,519.53
2940afe2-7d10-5701-a43e-f6d558b89603,0289fc1d-794f-58bb-a028-fad5be0732b8,1fa2b768-1b9d-5b9c-befa-fac1ccb97563,11,771.34,0.00
8279ab83-6a32-5296-8717-2c0187793f3d,0289fc1d-794f-58bb-a028-fad5be0732b8,952e981c-e5c2-53da-984a-78dc5e3b1ad4,6,130.99,0.00
a7f94a54-dd53-5832-b68b-8df9e46a4608,0289fc1d-794f-58bb-a028-fad5be0732b8,f78fc905-81d2-5f52-8c77-1cff3a4b42b7,5,290.47,0.00
3d7faee9-338a-5b0f-a445-718cb2942de7,0289fc1d-794f-58bb-a028-fad5be0732b8,d3739878-986b-5b5f-a096-4452493d6cbb,9,869.60,1173.96
3f0611a4-4de5-5858-8240-e202385bf142,d11528bc-a43d-5874-a3ad-272f9c12c3cd,39cb20a1-5dca-5b11-90c4-3e96e441ed0c,7,447.96,0.00
f956645c-9b01-5ce0-9ddf-60cfd80f81b7,6ab0fd54-87cf-5700-b72e-244897cf0704,f350d57a-8885-50f1-b76a-29f7a8057a35,7,1251.43,876.00
12db206e-1a09-516f-8aa1-6cf9ba9c060d,6ab0fd54-87cf-5700-b72e-244897cf0704,db43f9b2-c956-5785-8950-8287c47db3ae,12,894.98,1610.96
a1ff36d4-62a7-5727-a799-1e8fea7aa985,6ab0fd54-87cf-5700-b72e-244897cf0704,f9fe7a6c-9a44-59e2-a4cc-fef69cc2e48e,5,684.00,342.00
b8078b17-9835-5203-830b-f3a99f334cbc,4aea2efb-a1e2-5381-997e-000c42069bd3,5d462a8e-32e0-59ad-ae5c-9d66eda72663,7,326.98,0.00
b259c846-1e30-56cd-bc7a-731edbe2995a,4aea2efb-a1e2-5381-997e-000c42069bd3,1657c1e2-1668-5957-a5e5-822140c08707,1,1260.09,0.00
e365af83-a5c9-557f-a431-188780591c63,4aea2efb-a1e2-5381-997e-000c42069bd3,a042ed60-9218-5159-876b-6c4dd0e5f934,11,381.33,209.73
e58da1bb-c606-5b9b-afb4-82b53ef2d79f,0b4c68be-c925-5556-9da8-aaa45d4ebc91,cdea42fb-ee49-5a22-a213-56a8f9fcb148,5,1597.00,0.00
547d9aa5-1d0a-5364-9659-d27ce56f8fcb,0b4c68be-c925-5556-9da8-aaa45d4ebc91,b6edaedb-a02c-5fbc-b05c-2b5d8deb20c4,9,1512.83,0.00
d4672293-9ca0-51df-a36f-42e1df4ca04a,0b4c68be-c925-5556-9da8-aaa45d4ebc91,9f7bfd37-85ae-5a17-9b9f-5dafe3ec68ee,12,1138.16,0.00
c5bb7dc5-0652-5be6-bb4a-4619488aa486,3f9c23a3-a3f3-5d6b-b4ac-ea2ee1b3f9ad,8d892cdc-d358-5f2b-a85b-cbecc7e0a664,2,1003.20,0.00
2fc103c7-6d75-5464-b8e5-8d649a995258,3f9c23a3-a3f3-5d6b-b4ac-ea2ee1b3f9ad,13ea52a1-6b55-57c7-b84e-acf7fb92f106,10,368.84,368.84
2a4f6b8b-50c5-50c1-ba77-8ab05d6eea55,4989cca8-7e5c-5f52-9d69-d663969d5c9c,b6edaedb-a02c-5fbc-b05c-2b5d8deb20c4,12,1512.83,2723.09
ba52e7a0-5382-5924-a317-4f655c907e92,4989cca8-7e5c-5f52-9d69-d663969d5c9c,1ac8de35-b264-5704-978e-ce8dc08dd02d,2,452.98,135.89
24dc6bda-d8ae-5b73-9f2c-7397168c71ec,4989cca8-7e5c-5f52-9d69-d663969d5c9c,d6b2e2d8-f41b-5418-ba12-fcffc0aa6508,12,1950.05,1170.03
b882213e-dc27-5d37-a7f6-25dbe59610c0,4989cca8-7e5c-5f52-9d69-d663969d5c9c,34baeb4c-81dc-5b29-bc76-0b8fd47cdbed,7,262.62,275.75
2c3375d9-a4e5-5342-9d3e-20065f7c2337,3af0587f-b3bb-5d3b-8aa4-6800a5c5b1df,952e981c-e5c2-53da-984a-78dc5e3b1ad4,9,130.99,0.00
1411c15e-945c-567a-838d-9c379c85fa76,3af0587f-b3bb-5d3b-8aa4-6800a5c5b1df,b5386670-1687-5260-ad33-97e5d697c425,6,902.07,541.24
b7c5818f-cc34-579b-9032-9bb819935157,3af0587f-b3bb-5d3b-8aa4-6800a5c5b1df,1cc795b2-21b3-5c5e-84f0-8f1fa20a6dd4,1,668.78,0.00
7576979d-ca84-5199-b032-c07464317a27,3af0587f-b3bb-5d3b-8aa4-6800a5c5b1df,1ac8de35-b264-5704-978e-ce8dc08dd02d,12,452.98,271.79
576694a0-d61a-5755-97df-421c621b0296,dad2fc10-b078-51d5-ac7f-755ef549a448,3205bb8a-e766-5617-a3d4-78aaa9883bc8,3,1355.84,0.00
8467cec4-e6f9-5085-848c-2f3951dc7224,dad2fc10-b078-51d5-ac7f-755ef549a448,241d3cd0-ef2c-56b8-bb75-b039a61b370a,1,378.32,0.00
008948c7-73ac-5d3e-a3b2-7ec59a3af3e4,dad2fc10-b078-51d5-ac7f-755ef549a448,1657c1e2-1668-5957-a5e5-822140c08707,12,1260.09,756.05
b9e546eb-64c1-5428-af25-e41341d01021,dad2fc10-b078-51d5-ac7f-755ef549a448,829935ce-9ec7-5afb-a542-873877c9ce31,5,378.45,189.22
0c73d65d-3587-56da-acaa-39f90d8d6d8b,dad2fc10-b078-51d5-ac7f-755ef549a448,39cb20a1-5dca-5b11-90c4-3e96e441ed0c,5,447.96,0.00
a76ce993-e607-54f2-9b00-c29d8a8f1b9b,8b5f0f93-7bc7-54b6-8a4b-20a1548c7d9c,b5386670-1687-5260-ad33-97e5d697c425,11,902.07,496.14
9362d12d-32b3-5ea3-9e77-d8ba990764cf,8b5f0f93-7bc7-54b6-8a4b-20a1548c7d9c,0137b3c3-db39-5e56-abf7-8ae43bc349ad,3,1129.31,338.79
f67a7f26-6cb8-53ec-8734-04268fa32e5c,d1e254dd-24a3-508d-9f6b-eb91549cd4eb,d520aef1-b021-5cf0-a1d3-9e7e6d31aab7,7,568.52,0.00
6be69ff4-d9ff-5f09-a01e-21017b86bf4f,d1e254dd-24a3-508d-9f6b-eb91549cd4eb,80450a39-8a90-55da-adf7-0b6a1b84aeeb,11,1385.41,761.98
c9218735-a714-5c2d-bfca-7b1b927c4868,911fc051-5838-5ae8-b761-346946c51df5,613ff8f3-9a2b-5f66-8d3e-3e05d5391002,2,474.67,142.40
f3a7aac1-7e95-552e-beec-80545e5898c3,e7b9d293-86de-5056-ab61-1927697b6a66,1ac8de35-b264-5704-978e-ce8dc08dd02d,10,452.98,0.00
0e9aa728-9649-5e9a-b1b1-e46e456073d4,7a156148-2af5-5212-a1fa-40882bf476a5,d37c44df-541b-5bf4-b395-65b41bac88a8,8,1334.93,0.00
7939742d-073d-528c-bb1a-24362af00cb4,7a156148-2af5-5212-a1fa-40882bf476a5,cb09f248-037d-5a0d-9970-99cb102c05d8,11,1006.42,0.00
bd8ac898-b38a-588c-af87-f28016108e87,98a0ffe3-d13f-5acb-b407-9c7dd7feaf6a,591abda9-fd16-5958-b0e9-586f0dfa6e54,1,875.54,43.78
d088c91f-d937-505a-94d7-fdecbb084629,98a0ffe3-d13f-5acb-b407-9c7dd7feaf6a,13e04507-297b-56af-85d7-75b609d982a1,10,652.61,0.00
dbd68aa1-244d-5bdd-9ba3-ce2c0a516ef4,8bb053da-fbbb-577c-b036-ce2e1021af12,d37c44df-541b-5bf4-b395-65b41bac88a8,1,1334.93,0.00
a6bca8a5-1a50-533f-b054-980f49402598,8bb053da-fbbb-577c-b036-ce2e1021af12,b4b5a0e3-641b-562e-8386-bff3564cf295,6,158.25,142.42
ed8f72cc-f8b8-5bec-9903-51f1dde53ab9,fe9a98de-0d90-5767-be0d-a45221d8d925,1cc795b2-21b3-5c5e-84f0-8f1fa20a6dd4,4,668.78,0.00
5f108625-a989-55cf-a059-75d9452f8914,fe9a98de-0d90-5767-be0d-a45221d8d925,88f79184-2cf9-5f72-8e4a-cedfa68d9d06,3,475.83,71.37
1d3438e6-1c2a-5f4b-bc42-cbe26cd397b3,fe9a98de-0d90-5767-be0d-a45221d8d925,af3fc15f-c662-5a5e-9e9c-3b2d4e1b6029,2,1539.94,461.98
d3bf77fc-7ee4-5b7b-a245-e6121ac5b68a,fe9a98de-0d90-5767-be0d-a45221d8d925,eff08d1d-eb3b-559a-8ca9-60c7b365af52,4,1515.93,909.56
4d174ae8-477d-5ab2-99a6-90b10da43f1a,e45b73b9-cc7f-581b-8752-f86a71d563d4,8ac2c18a-5896-572a-9f44-f5d60109258d,1,270.85,40.63
8b182843-3eee-5c40-8f67-ccfbd5cccd76,e45b73b9-cc7f-581b-8752-f86a71d563d4,b5386670-1687-5260-ad33-97e5d697c425,1,902.07,0.00
67b77e1f-19b0-5ddd-97e8-992603ed80aa,e45b73b9-cc7f-581b-8752-f86a71d563d4,3205bb8a-e766-5617-a3d4-78aaa9883bc8,1,1355.84,203.38
f3b3f6af-3ede-5f19-8c9e-5e0e1d879c25,0e55a3dd-47d2-51e3-a5a5-38b7b3f4aca1,0caef625-914f-5fea-8e59-19b212bfbd46,5,1252.51,626.26
51b14611-ff29-5fbd-b5b2-ce2eff64761f,0d5aa3d0-35e3-54a1-805e-0bdd70274c2b,d37c44df-541b-5bf4-b395-65b41bac88a8,5,1334.93,667.46
2bfd09b2-02bd-5a3a-b531-8f04ba09b0d2,ff1533f8-fd0a-5e0b-8e42-2f8e008a64e7,1657c1e2-1668-5957-a5e5-822140c08707,7,1260.09,1323.09
7e488725-8ba2-5e0f-bd2f-a03440308988,270ab034-cbaa-5824-83bd-d90470639d2c,80450a39-8a90-55da-adf7-0b6a1b84aeeb,4,1385.41,831.25
1f0649a4-eb8f-519b-befc-b9da6e802b28,72ef9600-ea11-5381-9cbb-d3c6e438be59,9f7bfd37-85ae-5a17-9b9f-5dafe3ec68ee,9,1138.16,1024.34
f369236e-44c8-5d93-b60b-4ee1693d0829,2600785b-c961-52cb-9827-be2697e32ee3,851c23cd-3716-5170-b9ac-0c25ddc7c95c,11,497.01,0.00
29697337-3a22-5ec9-98a7-67d723043431,2600785b-c961-52cb-9827-be2697e32ee3,f65edfe2-43ae-59f6-b37a-f98344e1a998,12,1061.75,637.05
c728bc4d-f5cf-5c59-bf23-8f211a9e9fa8,2600785b-c961-52cb-9827-be2697e32ee3,1657c1e2-1668-5957-a5e5-822140c08707,12,1260.09,0.00
d6c1fa72-4b60-5a05-92b7-789860227456,e2460296-a968-5100-98f9-935d41d6ae81,c3e9c7fb-d6ab-5171-a827-7aad6b6d2342,12,1198.11,2156.60
ae41561c-1807-513b-9806-9d1d3777aff1,10fc9de4-4452-5174-a272-7a302d11047c,c3e9c7fb-d6ab-5171-a827-7aad6b6d2342,12,1198.11,0.00
7d08307f-5105-5265-8eb6-a6e4a2c40ab4,99f8cdb6-72b5-5dfa-9a1f-dd992ffbccee,2f2113cc-589a-55b5-846a-78fddce3a3c9,8,688.27,825.92
fc6fb74e-9ce9-522c-b809-85a8fe7dee13,971b1437-bfe4-5e87-96bf-51dff73fc8bf,88f79184-2cf9-5f72-8e4a-cedfa68d9d06,6,475.83,0.00
31ac65fa-c859-5f12-b904-645254a4917e,971b1437-bfe4-5e87-96bf-51dff73fc8bf,e691a6a3-7dd7-5d95-b97e-997e3af77227,7,551.10,385.77
821805f8-be07-55e5-87fa-748b830c0af3,971b1437-bfe4-5e87-96bf-51dff73fc8bf,af3fc15f-c662-5a5e-9e9c-3b2d4e1b6029,5,1539.94,384.98
6ee62094-0c75-5e87-b1c0-b461288a181e,53ebc494-ffc8-5767-855b-ea0d1e3b1bcd,e691a6a3-7dd7-5d95-b97e-997e3af77227,1,551.10,55.11
a4dca323-fac5-5061-ae91-bcfe3c94d3f8,53ebc494-ffc8-5767-855b-ea0d1e3b1bcd,deaf9542-d65c-5f41-b22e-b1d033baea7a,12,1236.17,741.70
7d2d76fa-182b-52f7-98eb-d4f3ed8ca565,53ebc494-ffc8-5767-855b-ea0d1e3b1bcd,508dfc85-5bf2-5709-b1e3-06ff86d5acb8,6,387.07,232.24
d24176e4-727e-5501-8009-44dfdd523048,de5e81dc-37a2-5f4a-bebd-26c52d741a25,a042ed60-9218-5159-876b-6c4dd0e5f934,7,381.33,0.00
9cda6fdd-74cf-52f0-8491-bcbdd432b1fa,de5e81dc-37a2-5f4a-bebd-26c52d741a25,e3b2c918-6a66-5db3-87f9-e5c71515f2ab,5,1297.73,648.86
ac385412-3c70-5d5e-b1ff-6e530f4a71c9,d9bb0fbe-fc5c-5c9a-b90f-ff1c2845f1b3,591abda9-fd16-5958-b0e9-586f0dfa6e54,8,875.54,0.00
151256e8-fdec-5cd3-8fe6-c4c713f60bd6,d9bb0fbe-fc5c-5c9a-b90f-ff1c2845f1b3,ac03c1f7-3948-530e-8de5-80756984ab20,10,564.84,847.26
5cd347db-17cc-5620-966f-ff1ec390d42f,d9bb0fbe-fc5c-5c9a-b90f-ff1c2845f1b3,e69a7c0b-6875-5a37-a379-abbc430fb47b,12,1211.55,1453.86
f0ad9251-8a8c-587a-92af-33d900b07a06,d9bb0fbe-fc5c-5c9a-b90f-ff1c2845f1b3,d4214473-2bf7-5b77-bb1f-734e590c4014,5,1245.02,0.00
08e8d5d4-3216-55d8-87ca-b9421c54ff7d,d9bb0fbe-fc5c-5c9a-b90f-ff1c2845f1b3,75679cf6-5497-5e69-b773-db773bc6a245,4,1441.14,0.00
3162ba45-a1b5-5a49-95cf-a9ac645ae0f3,49b78507-0cf1-50d8-a986-5ca2120e43f3,5d79cff2-0e77-58a2-b1bf-c506ed3c98bd,9,822.40,370.08
326d8a3a-50f3-51c3-949a-6a2a4ecc2566,49b78507-0cf1-50d8-a986-5ca2120e43f3,b4b5a0e3-641b-562e-8386-bff3564cf295,12,158.25,284.85
58b625b3-8b47-51b0-9757-028e136f161d,49b78507-0cf1-50d8-a986-5ca2120e43f3,2f2113cc-589a-55b5-846a-78fddce3a3c9,4,688.27,275.31
df9657f7-257b-5b2b-b5c3-d91219d4bc12,49b78507-0cf1-50d8-a986-5ca2120e43f3,f350d57a-8885-50f1-b76a-29f7a8057a35,11,1251.43,1376.57
323a0b94-fb2b-5ada-afd8-558913d9c1d0,49b78507-0cf1-50d8-a986-5ca2120e43f3,8a195dd5-491c-532c-9a61-886a24d451c0,11,1141.76,1883.90
d3a0d244-33a1-55b3-a8c0-4247b9663231,50b108e2-eb18-52db-bdd7-79ed50eb38c6,617fd070-2fb8-5ff6-8eaa-308844dc97ac,11,1871.53,0.00
a587f75a-13d0-5415-8d60-509c40a07f8a,50b108e2-eb18-52db-bdd7-79ed50eb38c6,851c23cd-3716-5170-b9ac-0c25ddc7c95c,2,497.01,49.70
9d42fc36-d09d-51c3-8b34-f53f04efa9fd,50b108e2-eb18-52db-bdd7-79ed50eb38c6,d6b2e2d8-f41b-5418-ba12-fcffc0aa6508,2,1950.05,390.01
610f4cb6-79e6-5287-8fa7-a4ed194c77c6,50b108e2-eb18-52db-bdd7-79ed50eb38c6,9b6b9203-f582-59b6-b64c-309881607c86,6,876.23,262.87
ac75b52d-7cd1-587d-b514-b30be2dac9dd,15a38b92-c805-58dc-9dc2-4b8d2ce51784,5d79cff2-0e77-58a2-b1bf-c506ed3c98bd,4,822.40,164.48
e8724756-f3e1-5f7d-b453-ddeb44bb6b7a,15a38b92-c805-58dc-9dc2-4b8d2ce51784,6469a098-75a3-5b3b-839a-ad075a8e67ad,3,728.47,0.00
f40beb8f-fde8-5f04-b45f-386995cae112,15a38b92-c805-58dc-9dc2-4b8d2ce51784,7169fcc7-7527-510c-b88d-bdcd257ce105,5,1025.31,0.00
cd462363-a6f7-5f70-822a-2c526a5be555,15a38b92-c805-58dc-9dc2-4b8d2ce51784,8d892cdc-d358-5f2b-a85b-cbecc7e0a664,12,1003.20,0.00
2fdf2e10-30ea-5398-9f3e-f1aa98913fe6,5e33b091-34ec-522a-bab3-187176d47b57,bab29423-27f9-5732-bd8b-a403c95b1a96,11,947.18,1562.85
7d223303-2e39-5266-91db-bea2a73d52c3,5e33b091-34ec-522a-bab3-187176d47b57,f65edfe2-43ae-59f6-b37a-f98344e1a998,4,1061.75,212.35
bdb12cbb-b6e6-55a4-bb2f-b5d40e0a19fb,5e33b091-34ec-522a-bab3-187176d47b57,228ccd2f-642c-5fdf-abf0-129af98a3568,1,148.91,14.89
22cfc0e2-ee45-5c12-8426-efe963414d83,5e33b091-34ec-522a-bab3-187176d47b57,de536700-41fe-55c3-beb9-bfb9849c872b,11,1685.26,926.89
8e29d909-6b5b-5efb-af29-6406024b41ce,5e33b091-34ec-522a-bab3-187176d47b57,d37c44df-541b-5bf4-b395-65b41bac88a8,2,1334.93,400.48
d242fd7d-707c-5db9-8b65-2459f483f952,a700e426-de42-598f-8b26-670fd309ef23,bab29423-27f9-5732-bd8b-a403c95b1a96,1,947.18,94.72
6fdd2429-c7a9-56df-a22e-3c55b8a400d9,a700e426-de42-598f-8b26-670fd309ef23,6469a098-75a3-5b3b-839a-ad075a8e67ad,12,728.47,874.16
4dcb5535-82b9-5e13-8b41-4bed99502034,a700e426-de42-598f-8b26-670fd309ef23,f78fc905-81d2-5f52-8c77-1cff3a4b42b7,10,290.47,0.00
d194bac3-5356-561a-b548-a7cc88d11eaa,a700e426-de42-598f-8b26-670fd309ef23,d4214473-2bf7-5b77-bb1f-734e590c4014,10,1245.02,0.00
fac2cb92-18de-5f87-8441-7c3a6326a50e,ba6cd090-6ed7-5dbe-9e3c-aef41a715cbc,80450a39-8a90-55da-adf7-0b6a1b84aeeb,2,1385.41,277.08
2d1b6877-d751-509c-8ff6-42ef69c3a85f,ba6cd090-6ed7-5dbe-9e3c-aef41a715cbc,f350d57a-8885-50f1-b76a-29f7a8057a35,1,1251.43,0.00
c9e418f8-ebf8-5443-ac38-527b80440eeb,ba6cd090-6ed7-5dbe-9e3c-aef41a715cbc,a042ed60-9218-5159-876b-6c4dd0e5f934,9,381.33,171.60
61171ee7-aef3-550f-bd9c-5b76ba8e8a57,ba6cd090-6ed7-5dbe-9e3c-aef41a715cbc,1ac8de35-b264-5704-978e-ce8dc08dd02d,2,452.98,0.00
290cf320-63f3-53de-b634-8a8b66a85418,ba6cd090-6ed7-5dbe-9e3c-aef41a715cbc,d6b2e2d8-f41b-5418-ba12-fcffc0aa6508,3,1950.05,0.00
ff7f180d-e562-55a9-8779-80c912fccb26,9c5883e3-ddf8-5a08-8bee-311941e55408,b5386670-1687-5260-ad33-97e5d697c425,8,902.07,0.00
e3fd5a71-a383-57d6-98cf-10f455e3e631,9c5883e3-ddf8-5a08-8bee-311941e55408,86eda21c-1dbc-500a-9201-b7d6b0786cc8,1,1060.50,106.05
9cf09bf9-f5fe-53bb-b019-ce7aeb77a0b1,9c5883e3-ddf8-5a08-8bee-311941e55408,dee51c26-0113-56c0-a9c6-edbcfc488df1,10,83.53,0.00
77c1bbb8-378a-5a4c-915d-47c64905ed08,6a756995-0977-52bd-b274-6aeeec6d3e65,db630ac7-839d-5331-93df-dc621d8357b6,7,582.16,611.27
be934318-7c09-5d73-87af-d7197ba76f5d,6a756995-0977-52bd-b274-6aeeec6d3e65,f218ba8f-81cf-5efd-ad55-5f4ef76110c2,9,1484.37,0.00
edb8cbd0-a964-536f-b4be-aecc830e42d5,6a756995-0977-52bd-b274-6aeeec6d3e65,cdea42fb-ee49-5a22-a213-56a8f9fcb148,6,1597.00,1437.30
43e67404-a749-5308-a6dc-ca48d2404acd,1acf8bac-301c-5871-b6d3-4ed63a5cdb5d,86eda21c-1dbc-500a-9201-b7d6b0786cc8,10,1060.50,1060.50
ea856f8f-f6a0-5aa9-b040-a0c38d4c1136,fc512dd1-7179-50f4-9074-c3a44bbf05b1,0f2c8ffe-5a45-5cfc-afbf-417553294a54,5,237.59,118.80
ba4a82c4-23de-5771-9313-4db7c9eca71a,fc512dd1-7179-50f4-9074-c3a44bbf05b1,8b12c834-e054-5502-85aa-99d1eb81eee0,7,1393.76,0.00
a1588fa0-f0bb-5bcf-adbd-a981ef660639,fc512dd1-7179-50f4-9074-c3a44bbf05b1,b4065918-1c4b-50b6-b69a-d859f24bfe23,1,1132.17,56.61
af800821-7dd9-5e20-9946-e35051a2721f,fc512dd1-7179-50f4-9074-c3a44bbf05b1,0137b3c3-db39-5e56-abf7-8ae43bc349ad,9,1129.31,0.00
b9e6d30a-95f2-5930-b4fb-1b8c067fdaf8,fc512dd1-7179-50f4-9074-c3a44bbf05b1,673811d5-2f11-5108-8b80-c9dd0dc2adda,1,503.75,0.00
68beeb91-aee1-5b3e-b6e1-4b0f35ac8e8b,6c4e9d4a-9613-5fb8-b9fb-a8dcf2f0803b,d4214473-2bf7-5b77-bb1f-734e590c4014,2,1245.02,0.00
c17994b7-d70b-5ea1-b92b-62e889344c66,6c4e9d4a-9613-5fb8-b9fb-a8dcf2f0803b,e69a7c0b-6875-5a37-a379-abbc430fb47b,10,1211.55,605.78
cedfe03c-c0e9-5b9d-8d23-2af20c7484a9,6c4e9d4a-9613-5fb8-b9fb-a8dcf2f0803b,1657c1e2-1668-5957-a5e5-822140c08707,1,1260.09,63.00
3bca7eef-f18b-51b6-9eee-dbe1770e4987,6c4e9d4a-9613-5fb8-b9fb-a8dcf2f0803b,9a2e8c5f-4d3e-5cb8-ba78-f2bd562ee61b,3,688.27,103.24
a1e81213-9793-5541-8dd0-3e23aa14e512,c874ad2e-b2e3-5151-a8e0-6885a215ea11,43d6da55-777b-55ef-8cf5-d4cc7bfa63ad,11,1159.60,1913.34
0da3335b-2200-52c7-8d42-124b03598c8b,c874ad2e-b2e3-5151-a8e0-6885a215ea11,591abda9-fd16-5958-b0e9-586f0dfa6e54,6,875.54,262.66
f3807f17-6914-565e-9951-cdb26cf2aad6,c874ad2e-b2e3-5151-a8e0-6885a215ea11,0caef625-914f-5fea-8e59-19b212bfbd46,7,1252.51,438.38
ee0bc4cf-3012-5757-bb99-10d7c6ffc5c1,c874ad2e-b2e3-5151-a8e0-6885a215ea11,613ff8f3-9a2b-5f66-8d3e-3e05d5391002,7,474.67,0.00
095a23a8-5015-5ea5-986d-d12fe4a99d92,75fc82c0-fa44-5bd1-ae65-e57f97bc0472,1fa2b768-1b9d-5b9c-befa-fac1ccb97563,10,771.34,1157.01
5acc5fbf-7c5b-5982-b72d-e43070c9627b,75fc82c0-fa44-5bd1-ae65-e57f97bc0472,8b12c834-e054-5502-85aa-99d1eb81eee0,2,1393.76,139.38
d9b87abb-3de7-5ffb-9826-de82630057c9,91cd2684-613e-5fce-abee-48683ecc0d69,cdea42fb-ee49-5a22-a213-56a8f9fcb148,8,1597.00,0.00
3a4af987-8602-5d29-8a8d-a2b33cd0fdd3,91cd2684-613e-5fce-abee-48683ecc0d69,9f7bfd37-85ae-5a17-9b9f-5dafe3ec68ee,9,1138.16,0.00
5800e9ff-a3b1-5024-ad1b-91674de95abc,63c9de01-f94e-559b-b7c4-a6272038bad5,1cc795b2-21b3-5c5e-84f0-8f1fa20a6dd4,9,668.78,300.95
0d58aa84-dacc-535a-a489-a531c02531b2,63c9de01-f94e-559b-b7c4-a6272038bad5,cdea42fb-ee49-5a22-a213-56a8f9fcb148,9,1597.00,2155.95
97188f6b-9f78-5809-9737-c23b105c6a54,63c9de01-f94e-559b-b7c4-a6272038bad5,cb09f248-037d-5a0d-9970-99cb102c05d8,10,1006.42,1006.42
c1a3294d-baf5-5b62-b207-d271b36dccc8,63c9de01-f94e-559b-b7c4-a6272038bad5,cd410e43-ec3c-524b-84c6-84482a7b1204,10,549.24,274.62
8c190609-eb89-5ed2-a5cc-9c06a4730ab4,2a4073df-998c-5627-bd30-45313a18a239,829935ce-9ec7-5afb-a542-873877c9ce31,11,378.45,208.15
89ec9b8c-5dbc-58f5-b9eb-962346a2eacd,2a4073df-998c-5627-bd30-45313a18a239,4dbc0e6b-ab10-5b67-a928-f87e1ed2bb9a,12,233.65,0.00
83d21ba0-9112-5409-a659-7abe6a4096f6,2a4073df-998c-5627-bd30-45313a18a239,617fd070-2fb8-5ff6-8eaa-308844dc97ac,10,1871.53,935.76
3968e011-f872-55a1-9ecd-c767081d1a25,ff96cf18-a312-59f2-9c17-2da0f103b4ed,1760c2e4-563f-5bac-abcd-baf5317434c8,12,1665.26,0.00
e6099e91-3637-5132-a3bc-a16e4ae1c927,ff96cf18-a312-59f2-9c17-2da0f103b4ed,a042ed60-9218-5159-876b-6c4dd0e5f934,11,381.33,0.00
1ab76596-2ca4-5461-9c37-7cd44e52466f,ff96cf18-a312-59f2-9c17-2da0f103b4ed,f65edfe2-43ae-59f6-b37a-f98344e1a998,5,1061.75,265.44
c75b7b50-a699-5494-ac92-2614532a93c3,ff96cf18-a312-59f2-9c17-2da0f103b4ed,e691a6a3-7dd7-5d95-b97e-997e3af77227,3,551.10,0.00
46b947e2-fa5c-5758-9d90-bc4f7fcdae01,ff96cf18-a312-59f2-9c17-2da0f103b4ed,508dfc85-5bf2-5709-b1e3-06ff86d5acb8,11,387.07,638.67
fb94da3d-84f9-516a-8dba-1db17ca59947,c94675b9-b649-564e-a828-ec5fc1816ebf,cdea42fb-ee49-5a22-a213-56a8f9fcb148,11,1597.00,0.00
607a2cb1-5c47-5a4e-8cad-b0b8e9c4df97,c94675b9-b649-564e-a828-ec5fc1816ebf,e3b2c918-6a66-5db3-87f9-e5c71515f2ab,5,1297.73,0.00
3dd46c1b-59d2-5289-b9d5-9dce381ad00f,266cf25d-938c-5098-9988-f78f59d1e3d2,8b12c834-e054-5502-85aa-99d1eb81eee0,7,1393.76,487.82
b80d81cd-046f-5d4f-b8f2-36fbe0995909,266cf25d-938c-5098-9988-f78f59d1e3d2,1cc795b2-21b3-5c5e-84f0-8f1fa20a6dd4,4,668.78,0.00
0fa63ece-cdd7-5835-b95c-41a75b2c1258,da6be8df-ef73-5fb7-881a-088aa07de082,896e7662-34d0-5631-bb0f-b5ce6b0ad1ba,12,1691.47,2029.76
226fd0dc-e1ab-5c24-9b71-b263a99c901d,da6be8df-ef73-5fb7-881a-088aa07de082,613ff8f3-9a2b-5f66-8d3e-3e05d5391002,11,474.67,783.21
5b774f69-cf29-5cbc-b4a5-8c89d1d48376,da6be8df-ef73-5fb7-881a-088aa07de082,cb09f248-037d-5a0d-9970-99cb102c05d8,9,1006.42,0.00
8d184ffd-7f01-5e0e-b35e-28fcf65891bf,da6be8df-ef73-5fb7-881a-088aa07de082,f9fe7a6c-9a44-59e2-a4cc-fef69cc2e48e,12,684.00,820.80
47021b37-f0d8-5e83-98b1-7c00a75d59a2,19eaa5f2-b3d2-5016-818c-2277f525d114,e139b0f5-6ca3-5ccb-8610-5a52b4b0eb6c,7,1053.19,368.62
bf42401e-964a-52ce-bcec-5eec9c1427e4,19eaa5f2-b3d2-5016-818c-2277f525d114,9b6b9203-f582-59b6-b64c-309881607c86,6,876.23,788.61
d6ef6321-2c3e-5966-9bf5-483430600e89,19eaa5f2-b3d2-5016-818c-2277f525d114,829935ce-9ec7-5afb-a542-873877c9ce31,1,378.45,0.00
09b9cf78-51ec-5da4-953e-373c69ca9e96,19eaa5f2-b3d2-5016-818c-2277f525d114,34baeb4c-81dc-5b29-bc76-0b8fd47cdbed,9,262.62,118.18
d8b7fd75-f460-5f28-842a-aca41c03a9b8,19eaa5f2-b3d2-5016-818c-2277f525d114,599db343-a607-5259-8af1-adde7b1a86ce,7,1047.10,732.97
12eb181b-2240-5944-be00-dafc1ded40d4,feae78df-3345-5b59-bd1d-0ecd21116a92,0caef625-914f-5fea-8e59-19b212bfbd46,2,1252.51,0.00
b5fd7259-4a95-5fc2-8aa6-99d8ca24bef5,feae78df-3345-5b59-bd1d-0ecd21116a92,deaf9542-d65c-5f41-b22e-b1d033baea7a,5,1236.17,309.04
ce4dc4a9-c247-5914-8914-d184bbb09fb1,feae78df-3345-5b59-bd1d-0ecd21116a92,db43f9b2-c956-5785-8950-8287c47db3ae,2,894.98,179.00
ed82807e-eb8b-5513-bce6-ba38e416ab6e,feae78df-3345-5b59-bd1d-0ecd21116a92,cd410e43-ec3c-524b-84c6-84482a7b1204,7,549.24,384.47
029399c1-0bdd-525d-811e-b48d87c77371,feae78df-3345-5b59-bd1d-0ecd21116a92,591abda9-fd16-5958-b0e9-586f0dfa6e54,5,875.54,218.88
5323159f-1492-5120-9d9b-2f52e944f452,72120ba5-3013-55a8-8cb1-b658bf4dc51d,eff08d1d-eb3b-559a-8ca9-60c7b365af52,8,1515.93,0.00
471f3014-3953-59fe-ac24-a0865fe40d18,72120ba5-3013-55a8-8cb1-b658bf4dc51d,fb4140fc-b3c1-5a6a-8613-9b068fdd2b39,2,931.77,279.53
608726b1-2e21-532c-8a3a-3daaf7ca1a11,ccf17a3c-a064-5c04-a242-e83c63936daf,db630ac7-839d-5331-93df-dc621d8357b6,11,582.16,320.19
09bbb0e2-3a1f-5b1b-8351-e05947d0dc94,ccf17a3c-a064-5c04-a242-e83c63936daf,d37c44df-541b-5bf4-b395-65b41bac88a8,3,1334.93,200.24
aca618f1-1896-5ea5-8ab2-5a52547adae5,e8d25828-e622-597f-ab41-a543e01944ec,e69a7c0b-6875-5a37-a379-abbc430fb47b,5,1211.55,605.78
ce6967a0-cd99-5c50-b777-f2369c03e7a5,e8d25828-e622-597f-ab41-a543e01944ec,7169fcc7-7527-510c-b88d-bdcd257ce105,7,1025.31,0.00
c97d8ca0-655d-503e-9726-25cb736522cc,e8d25828-e622-597f-ab41-a543e01944ec,d96da70b-0cb5-58c8-928a-aafb2d90b154,9,1827.60,1644.84
2632662a-0241-5b0c-961d-5d2d868a1bbb,e8d25828-e622-597f-ab41-a543e01944ec,d6b2e2d8-f41b-5418-ba12-fcffc0aa6508,12,1950.05,2340.06
6fe9d2c9-3f35-59f2-a629-c3aece504442,4c97d2f9-60c9-5c75-81ee-a5f1916131ef,d4214473-2bf7-5b77-bb1f-734e590c4014,7,1245.02,0.00
246532f5-2b78-5443-adfb-d54f997f96cb,4c97d2f9-60c9-5c75-81ee-a5f1916131ef,45669348-c1a3-5956-bbf2-d29bd438fbdc,8,536.14,0.00
73807fd9-95b6-5bc7-a456-082ca99fa764,4c97d2f9-60c9-5c75-81ee-a5f1916131ef,e69a7c0b-6875-5a37-a379-abbc430fb47b,11,1211.55,1999.06
57cfdf43-5cd0-5268-807b-080672ec9ea8,4c97d2f9-60c9-5c75-81ee-a5f1916131ef,af3fc15f-c662-5a5e-9e9c-3b2d4e1b6029,12,1539.94,923.96
7b87ce09-991a-55e2-8e39-59bbe091cc2b,4c97d2f9-60c9-5c75-81ee-a5f1916131ef,6469a098-75a3-5b3b-839a-ad075a8e67ad,5,728.47,364.24
22b36fe1-68a1-5c15-9b51-51f2f750b004,db2971aa-7b8c-52a4-95ab-174f37270d9d,673811d5-2f11-5108-8b80-c9dd0dc2adda,1,503.75,75.56
5301ab2f-b923-5307-b0a0-060fc168ff89,db2971aa-7b8c-52a4-95ab-174f37270d9d,201fb8e4-2c24-5483-b44d-4063694486b2,3,1026.69,0.00
097f762a-473b-567e-ad8f-f922c13de98e,db2971aa-7b8c-52a4-95ab-174f37270d9d,5d79cff2-0e77-58a2-b1bf-c506ed3c98bd,4,822.40,164.48
d58ccc74-e9aa-5085-b0b0-6610a4575068,db2971aa-7b8c-52a4-95ab-174f37270d9d,8b12c834-e054-5502-85aa-99d1eb81eee0,5,1393.76,0.00
ceb706a6-bf5e-5cb1-badd-8b103d90a4b0,6dabc12f-f953-5e31-8c5d-834f965dd341,1fa2b768-1b9d-5b9c-befa-fac1ccb97563,5,771.34,385.67
1daec9cf-fb0b-5531-92ad-e44252b9be5f,6dabc12f-f953-5e31-8c5d-834f965dd341,d4214473-2bf7-5b77-bb1f-734e590c4014,5,1245.02,622.51
acac6eb7-4076-5ff5-bf9a-c33670e17158,6dabc12f-f953-5e31-8c5d-834f965dd341,d96da70b-0cb5-58c8-928a-aafb2d90b154,12,1827.60,1096.56
2fc66387-c1a7-5451-9a98-fe63a4f97ad5,6dabc12f-f953-5e31-8c5d-834f965dd341,cb09f248-037d-5a0d-9970-99cb102c05d8,5,1006.42,503.21
e0bb1822-551a-5ec9-8c9d-f2c75fa5eb82,6dabc12f-f953-5e31-8c5d-834f965dd341,599db343-a607-5259-8af1-adde7b1a86ce,3,1047.10,157.06
70f300ea-fcc0-5d90-8a76-44c912bc41be,af71018a-6cf9-532d-8446-3bb4737c347b,de536700-41fe-55c3-beb9-bfb9849c872b,5,1685.26,1263.94
cf2d441b-50b6-59c0-b90b-d223dea74e66,af71018a-6cf9-532d-8446-3bb4737c347b,851c23cd-3716-5170-b9ac-0c25ddc7c95c,11,497.01,273.36
8cebe19b-2890-516a-bba4-3b04d8138eac,af71018a-6cf9-532d-8446-3bb4737c347b,1c3b9a21-09fa-5c21-bdad-35f2eb8a273f,5,1126.26,0.00
fd406181-5e05-5b24-b3b6-b8888b6bf1c8,af71018a-6cf9-532d-8446-3bb4737c347b,6469a098-75a3-5b3b-839a-ad075a8e67ad,9,728.47,0.00
dba5f4ce-d6a7-54e9-8eca-bd21593df311,9125d996-ac95-5bd5-a46e-039bdc82bcb5,8b12c834-e054-5502-85aa-99d1eb81eee0,9,1393.76,0.00
6c521bff-b510-5071-96f1-28e1df89c986,9125d996-ac95-5bd5-a46e-039bdc82bcb5,1657c1e2-1668-5957-a5e5-822140c08707,1,1260.09,126.01
093c7f01-1fc6-5aa4-86aa-3683b82564eb,9125d996-ac95-5bd5-a46e-039bdc82bcb5,d520aef1-b021-5cf0-a1d3-9e7e6d31aab7,12,568.52,1023.34
16a95828-2b00-597a-888d-cc2924c6a0a0,9125d996-ac95-5bd5-a46e-039bdc82bcb5,13e04507-297b-56af-85d7-75b609d982a1,10,652.61,326.30
d246754b-adc1-5c23-9a57-c06c610680af,12ac70bd-3d08-59f0-b3c1-13ac6d235df2,8d6058a9-d9fb-546e-b841-e6b4a0978311,1,1083.86,54.19
7795952b-d331-5c71-9343-a2fcf01d0165,12ac70bd-3d08-59f0-b3c1-13ac6d235df2,b6464168-fc86-5543-9805-0861ea9c66cc,10,1065.14,532.57
167a42a0-ff9f-5d4c-bcac-a9e6c1308e27,12ac70bd-3d08-59f0-b3c1-13ac6d235df2,b5386670-1687-5260-ad33-97e5d697c425,4,902.07,360.83
47e83e8a-e768-5a63-8422-cd05724e8dd6,12ac70bd-3d08-59f0-b3c1-13ac6d235df2,d4214473-2bf7-5b77-bb1f-734e590c4014,11,1245.02,684.76
6154a5af-45da-5394-bc39-54ede05d622f,23e2bf6b-cf76-5717-832d-ac1095e76eb0,f78fc905-81d2-5f52-8c77-1cff3a4b42b7,10,290.47,0.00
bd629ff4-19c8-5ca7-9acc-21ea36c6d8e5,23e2bf6b-cf76-5717-832d-ac1095e76eb0,d37c44df-541b-5bf4-b395-65b41bac88a8,11,1334.93,0.00
726469a2-2b47-59e3-858e-f6a9e1f59d60,23e2bf6b-cf76-5717-832d-ac1095e76eb0,e691a6a3-7dd7-5d95-b97e-997e3af77227,5,551.10,413.32
6c4f4691-3cd2-518e-a6b8-5dc6caeb9a86,c6a11cb0-ff82-58e0-88c7-cacdbd32c785,829935ce-9ec7-5afb-a542-873877c9ce31,4,378.45,151.38
59b0b422-4202-5225-bc11-2fc689c9fb39,c6a11cb0-ff82-58e0-88c7-cacdbd32c785,cd410e43-ec3c-524b-84c6-84482a7b1204,4,549.24,0.00
b6e9aa86-b2c2-5dc2-8ffe-f55ce508ef52,c6a11cb0-ff82-58e0-88c7-cacdbd32c785,80450a39-8a90-55da-adf7-0b6a1b84aeeb,1,1385.41,207.81
5bf5bbc6-e0b3-546b-9567-007520d2aac4,c6a11cb0-ff82-58e0-88c7-cacdbd32c785,9b6b9203-f582-59b6-b64c-309881607c86,7,876.23,613.36
8617597c-778d-5c7c-8c87-492ffcbfb857,c6a11cb0-ff82-58e0-88c7-cacdbd32c785,b4b5a0e3-641b-562e-8386-bff3564cf295,10,158.25,237.38
e148f60a-326a-5888-b47b-f485d59ab1d7,c5c79d55-f42c-55f5-a39c-9b287c811243,0f2c8ffe-5a45-5cfc-afbf-417553294a54,5,237.59,0.00
f0ec5bc5-6598-5b84-ad93-f7e374a45931,c5c79d55-f42c-55f5-a39c-9b287c811243,cdea42fb-ee49-5a22-a213-56a8f9fcb148,7,1597.00,558.95
f623a1d5-a922-5a04-aa25-fcfe4c449445,c5c79d55-f42c-55f5-a39c-9b287c811243,fd5d29e1-571f-589d-be31-aa00127c02aa,11,943.56,518.96
62cbc6ed-315d-5572-b023-4b4d77465a3c,c5c79d55-f42c-55f5-a39c-9b287c811243,1dd457fd-1d71-5eb5-b684-6f07d43e876c,3,897.97,134.70
950820b3-c594-5b48-9e08-fead72ee9fd1,6c51c4ea-bd19-5a3d-af89-182c21618d2f,cd410e43-ec3c-524b-84c6-84482a7b1204,7,549.24,0.00
29eb0b59-cfda-5170-b927-4c7c0fcf0cf0,de203539-6306-5fe2-be3f-7e44ea2bd0f4,0eb49bc4-406e-5d63-a28c-3e5b6ef668e4,5,1139.13,569.56
cfb1b82b-4555-5095-8d84-0461b69731e9,de203539-6306-5fe2-be3f-7e44ea2bd0f4,9f7bfd37-85ae-5a17-9b9f-5dafe3ec68ee,3,1138.16,0.00
e14e84f8-9204-5b6f-8d20-7e3b5835defd,925bbcb4-48bc-5f2d-bce8-bd0d578e3485,9f7bfd37-85ae-5a17-9b9f-5dafe3ec68ee,5,1138.16,284.54
d3860523-7b1e-5e5f-aefb-c71abf027893,60a6a035-4b01-5270-8b35-e6e1d3878650,bab29423-27f9-5732-bd8b-a403c95b1a96,9,947.18,426.23
1a47f94f-c6d6-531f-a49f-ec6cf825fcb4,60a6a035-4b01-5270-8b35-e6e1d3878650,9a2e8c5f-4d3e-5cb8-ba78-f2bd562ee61b,5,688.27,172.07
d11b354e-0cde-58e4-bb92-aff63587ea6c,8b32f3e6-83af-5b03-982e-bf9f2e0b74c0,1dd457fd-1d71-5eb5-b684-6f07d43e876c,6,897.97,0.00
5ed1798f-c20d-5178-82a8-4fe45ebed0e8,8b32f3e6-83af-5b03-982e-bf9f2e0b74c0,c2be7cd9-f7ee-544a-9ceb-7052826da8ce,2,183.13,36.63
9e000da2-d9fb-50f6-a715-71dfe90f9138,8b32f3e6-83af-5b03-982e-bf9f2e0b74c0,201fb8e4-2c24-5483-b44d-4063694486b2,6,1026.69,0.00
0b050e21-b4dc-5380-ac4c-259e3db199fb,8b32f3e6-83af-5b03-982e-bf9f2e0b74c0,2f2113cc-589a-55b5-846a-78fddce3a3c9,5,688.27,172.07
4509e287-38ef-51a1-88e6-8aa6b0622423,8b32f3e6-83af-5b03-982e-bf9f2e0b74c0,34baeb4c-81dc-5b29-bc76-0b8fd47cdbed,3,262.62,118.18
1ab4235f-0f1e-5561-80fe-f46965e34b84,3e21e97e-9897-5329-b30f-ddfd7b03b3b1,f350d57a-8885-50f1-b76a-29f7a8057a35,4,1251.43,0.00
6878b9fe-dc09-5734-bf2d-7859399b209f,3e21e97e-9897-5329-b30f-ddfd7b03b3b1,34baeb4c-81dc-5b29-bc76-0b8fd47cdbed,6,262.62,157.57
e54ec98f-cff9-596d-9db2-1e403b43abef,3e21e97e-9897-5329-b30f-ddfd7b03b3b1,db43f9b2-c956-5785-8950-8287c47db3ae,9,894.98,1208.22
98cf8ebc-e555-5b12-ae4b-b079776bb057,3e21e97e-9897-5329-b30f-ddfd7b03b3b1,241d3cd0-ef2c-56b8-bb75-b039a61b370a,3,378.32,0.00
1dbe2516-a15e-5239-a3d8-b1841ea1810f,e9f9675a-d11b-5d8f-b1ba-c362ff66e8d3,34baeb4c-81dc-5b29-bc76-0b8fd47cdbed,3,262.62,39.39
5aea637a-c31a-54f6-82f5-e5e863cf4d20,344a43fa-2d49-5036-86db-07fe1f1f553f,9f7bfd37-85ae-5a17-9b9f-5dafe3ec68ee,10,1138.16,569.08
384aea6a-619d-5b6a-bb79-2d7b7f164c57,344a43fa-2d49-5036-86db-07fe1f1f553f,39cb20a1-5dca-5b11-90c4-3e96e441ed0c,3,447.96,134.39
0b307575-f218-5dff-aacb-0814d7d47aa6,d54fcb33-b40c-586f-9291-6ceecbc77548,b4b5a0e3-641b-562e-8386-bff3564cf295,4,158.25,63.30
c22ac849-5712-5194-9cc8-25639060a92e,d54fcb33-b40c-586f-9291-6ceecbc77548,1cc795b2-21b3-5c5e-84f0-8f1fa20a6dd4,7,668.78,702.22
8c15e450-0d58-554e-9d6b-f705af74be20,d54fcb33-b40c-586f-9291-6ceecbc77548,4dbc0e6b-ab10-5b67-a928-f87e1ed2bb9a,1,233.65,0.00
e87bfa6b-6153-5c48-baeb-7b38ae245cd8,d54fcb33-b40c-586f-9291-6ceecbc77548,43d6da55-777b-55ef-8cf5-d4cc7bfa63ad,10,1159.60,0.00
79c95030-6ddd-53aa-b23d-24ce054cad31,a6af0535-6c49-5301-9e2b-2412cd510d9b,5d462a8e-32e0-59ad-ae5c-9d66eda72663,11,326.98,0.00
535bc0f3-3a93-541a-91f8-d2001b9b9fe2,a6af0535-6c49-5301-9e2b-2412cd510d9b,d520aef1-b021-5cf0-a1d3-9e7e6d31aab7,10,568.52,0.00
af10a342-4920-5c2c-8f09-359a62cb66e7,a6af0535-6c49-5301-9e2b-2412cd510d9b,1657c1e2-1668-5957-a5e5-822140c08707,7,1260.09,0.00
6f875d44-43d9-5acc-932a-8c03e6ce3013,293bff3f-541b-5e96-95df-455ce66f3e33,617fd070-2fb8-5ff6-8eaa-308844dc97ac,10,1871.53,0.00
0d256a16-54b3-55f4-9b29-47be612391fb,9445171c-3586-5420-a39d-0ac57b73eb04,241d3cd0-ef2c-56b8-bb75-b039a61b370a,3,378.32,0.00
5fee9386-cde1-54de-9a2e-bfeeff8cbcf5,9445171c-3586-5420-a39d-0ac57b73eb04,43d6da55-777b-55ef-8cf5-d4cc7bfa63ad,9,1159.60,1565.46
134813c0-2898-5638-b6a2-e71e800202d0,9445171c-3586-5420-a39d-0ac57b73eb04,673811d5-2f11-5108-8b80-c9dd0dc2adda,4,503.75,100.75
fb0deb98-7fc5-561b-98ac-2dc4fb8a4257,9445171c-3586-5420-a39d-0ac57b73eb04,7169fcc7-7527-510c-b88d-bdcd257ce105,9,1025.31,922.78
f814fdbc-9d24-5275-97ba-00ef9941255c,5ba54930-9412-50f1-9aad-fd8bc45fde01,1c3b9a21-09fa-5c21-bdad-35f2eb8a273f,12,1126.26,0.00
d4d6d341-1f14-539f-b5bb-3481237d417b,5ba54930-9412-50f1-9aad-fd8bc45fde01,1ac8de35-b264-5704-978e-ce8dc08dd02d,7,452.98,0.00
0a8fb93f-8a52-52dd-9539-21903352b340,5ba54930-9412-50f1-9aad-fd8bc45fde01,e691a6a3-7dd7-5d95-b97e-997e3af77227,8,551.10,0.00
412168c3-1803-5a52-a95d-e7890c5ee03a,c4863672-8941-58cf-b7ce-e1f3cbe59ef8,8d892cdc-d358-5f2b-a85b-cbecc7e0a664,3,1003.20,451.44
a88892bd-7667-5fac-8e2c-947a76410151,c4863672-8941-58cf-b7ce-e1f3cbe59ef8,f78fc905-81d2-5f52-8c77-1cff3a4b42b7,11,290.47,479.28
9cd217d0-de72-5011-b033-c49c06d6d7ac,25db580c-c21e-50bc-afa9-1f26e33efcca,508dfc85-5bf2-5709-b1e3-06ff86d5acb8,1,387.07,19.35
a0afdd9b-8c44-5db7-a61a-abf1cd78832d,25db580c-c21e-50bc-afa9-1f26e33efcca,b4065918-1c4b-50b6-b69a-d859f24bfe23,6,1132.17,0.00
81265c04-8ff0-5ac7-b3ee-332e82912c59,33e7ff3e-d608-591a-99c5-733a57d998ba,a042ed60-9218-5159-876b-6c4dd0e5f934,5,381.33,0.00
2ba4f84f-6f6b-589c-95b8-a2c393fd5ff1,33e7ff3e-d608-591a-99c5-733a57d998ba,896e7662-34d0-5631-bb0f-b5ce6b0ad1ba,3,1691.47,761.16
bec09362-6a79-57c8-adec-7a5ebe6056c8,33e7ff3e-d608-591a-99c5-733a57d998ba,dee51c26-0113-56c0-a9c6-edbcfc488df1,5,83.53,0.00
cb7eac96-cd3f-5d8b-8706-d20431baf781,33e7ff3e-d608-591a-99c5-733a57d998ba,0137b3c3-db39-5e56-abf7-8ae43bc349ad,4,1129.31,451.72
73345876-9575-5f23-ab90-1da932b42ad6,33e7ff3e-d608-591a-99c5-733a57d998ba,d3739878-986b-5b5f-a096-4452493d6cbb,5,869.60,434.80
55227acb-6ee4-5582-8b9e-948311ef9353,9c9cec77-896a-5f78-a519-f8d12bf16a65,6469a098-75a3-5b3b-839a-ad075a8e67ad,3,728.47,109.27
7258a0f6-7e2e-58fb-9dd6-e82a555ff907,2e4a4052-9fdc-5dba-aa6d-d148e67802be,13e04507-297b-56af-85d7-75b609d982a1,10,652.61,978.92
b446f424-f6d5-5e41-b941-98d403ba0ada,feed48e3-8447-599e-865c-313223705d64,b4065918-1c4b-50b6-b69a-d859f24bfe23,4,1132.17,226.43
902e6b78-18f3-5047-9318-9ec85f7a61da,35d43645-8b38-50ed-84d3-1abf472eaa19,5d462a8e-32e0-59ad-ae5c-9d66eda72663,12,326.98,0.00
7929e277-2c72-5c37-ba9c-0e50a534eb3f,35d43645-8b38-50ed-84d3-1abf472eaa19,75679cf6-5497-5e69-b773-db773bc6a245,10,1441.14,0.00
01ca4740-4154-5d2c-9016-e73f8fb35d55,35d43645-8b38-50ed-84d3-1abf472eaa19,dee51c26-0113-56c0-a9c6-edbcfc488df1,5,83.53,20.88
ba6cd0f0-0d01-52b3-bbb8-243f22aeb280,35d43645-8b38-50ed-84d3-1abf472eaa19,851c23cd-3716-5170-b9ac-0c25ddc7c95c,11,497.01,820.07
b3491504-453d-5e1a-ad66-d60155b21214,35d43645-8b38-50ed-84d3-1abf472eaa19,b4065918-1c4b-50b6-b69a-d859f24bfe23,5,1132.17,0.00
490822b5-8b3d-51c6-a8b8-2fc66c865777,a3c2b15e-0633-5a99-a9f0-a944532a6c4a,8dfa6632-930f-5fdc-b7cd-8d5908a33d66,9,271.74,0.00
d47115cb-5c42-54e5-bb31-b2d5b10a975a,a3c2b15e-0633-5a99-a9f0-a944532a6c4a,591abda9-fd16-5958-b0e9-586f0dfa6e54,10,875.54,0.00
8235645b-a1f6-5ab5-9f4a-666a58931878,a3c2b15e-0633-5a99-a9f0-a944532a6c4a,1fa2b768-1b9d-5b9c-befa-fac1ccb97563,12,771.34,462.80
234cd0c6-13fd-5ec1-9353-c140dec1a99c,a3c2b15e-0633-5a99-a9f0-a944532a6c4a,db43f9b2-c956-5785-8950-8287c47db3ae,10,894.98,894.98
709c52bd-fd4d-5f8e-bd05-3735106d20b2,cbaa5355-b465-5024-8132-ae0f0f7d0d6f,0137b3c3-db39-5e56-abf7-8ae43bc349ad,9,1129.31,0.00
129b5319-9c72-5a06-907f-27bcbf128234,cbaa5355-b465-5024-8132-ae0f0f7d0d6f,7169fcc7-7527-510c-b88d-bdcd257ce105,10,1025.31,1537.96
2a760591-1d39-5a53-9395-f3934dfe3cda,cbaa5355-b465-5024-8132-ae0f0f7d0d6f,1dd457fd-1d71-5eb5-b684-6f07d43e876c,4,897.97,359.19
60644493-431f-5c40-858b-9fdb10c3dbb7,cbaa5355-b465-5024-8132-ae0f0f7d0d6f,34baeb4c-81dc-5b29-bc76-0b8fd47cdbed,1,262.62,26.26
9278d375-b655-5184-be6c-7110cd58bd67,4766e43a-add9-5d4a-8095-87878bce20ad,8b12c834-e054-5502-85aa-99d1eb81eee0,12,1393.76,2508.77
192f38a6-307c-5cac-bfa7-ab405aa6a084,4766e43a-add9-5d4a-8095-87878bce20ad,3d307d78-b10f-5539-a951-7bcc9fd17161,4,1342.24,0.00
2f4ce3c1-389d-566b-ae69-4ce0cbcf10c2,4766e43a-add9-5d4a-8095-87878bce20ad,f9fe7a6c-9a44-59e2-a4cc-fef69cc2e48e,8,684.00,820.80
b495bb3f-0caa-57da-9c0c-aeb087b369a1,2b22f95a-7f01-5769-a534-0d4641a75d68,7169fcc7-7527-510c-b88d-bdcd257ce105,5,1025.31,0.00
7ee8d550-ce43-568b-a093-faab59501d1c,2b22f95a-7f01-5769-a534-0d4641a75d68,1fa2b768-1b9d-5b9c-befa-fac1ccb97563,10,771.34,771.34
0c202dae-44ac-5a8b-a36b-0379154babc1,2ae9ac6e-7865-5004-928f-a1ba22e6c27a,cdea42fb-ee49-5a22-a213-56a8f9fcb148,12,1597.00,0.00
7e347e83-e680-5a61-aadb-5f93983d9a07,2ae9ac6e-7865-5004-928f-a1ba22e6c27a,31a97c6b-10cf-54c1-b463-f81683a437cc,9,1252.58,1690.98
46be969f-7b12-59bb-b42f-d0d928bd6810,7adc7c7c-002a-535a-8bee-19e7e6fb603f,8d6058a9-d9fb-546e-b841-e6b4a0978311,11,1083.86,1192.25
06420090-b316-599c-b5ba-6c0d8baf940d,7adc7c7c-002a-535a-8bee-19e7e6fb603f,591abda9-fd16-5958-b0e9-586f0dfa6e54,6,875.54,787.99
131893c7-1017-59b0-b339-2187da7f3ec7,23762e54-206f-51b3-ac7f-63ad3db1d30b,8d892cdc-d358-5f2b-a85b-cbecc7e0a664,7,1003.20,702.24
4c6206e6-33e1-5d3e-abe2-d8ab4889f832,23762e54-206f-51b3-ac7f-63ad3db1d30b,db43f9b2-c956-5785-8950-8287c47db3ae,4,894.98,0.00
3d8d6d4d-b741-5927-84b5-60e657ea478f,23762e54-206f-51b3-ac7f-63ad3db1d30b,d68351a2-cf36-5984-a091-28a9f5b6bb7e,6,1017.79,916.01
41910bfe-af90-54a1-b19d-2f1a7fd87dbf,23762e54-206f-51b3-ac7f-63ad3db1d30b,01351cb5-bcf4-52ee-88a1-c6442df67004,3,1268.11,0.00
0e6b0b46-8a3d-57b5-afae-71b4ef8629bf,23762e54-206f-51b3-ac7f-63ad3db1d30b,1c3b9a21-09fa-5c21-bdad-35f2eb8a273f,7,1126.26,394.19
9b207d91-7937-5d30-b049-53c288d45bd6,de905c8c-efa1-520b-8e90-c21fd35e1c50,b6edaedb-a02c-5fbc-b05c-2b5d8deb20c4,11,1512.83,0.00
d6bf0269-05d7-5073-b3f2-17024c98c835,de905c8c-efa1-520b-8e90-c21fd35e1c50,8ac2c18a-5896-572a-9f44-f5d60109258d,12,270.85,0.00
56d994a6-f69c-5921-84ce-f12e585dca5f,de905c8c-efa1-520b-8e90-c21fd35e1c50,0f2c8ffe-5a45-5cfc-afbf-417553294a54,5,237.59,59.40
8fc403db-04f8-5081-aeeb-888878440d3e,03e0bbc3-a593-5e4b-a244-30805ea40c59,45669348-c1a3-5956-bbf2-d29bd438fbdc,10,536.14,0.00
c34e4c5e-8417-55b4-9cee-7b315b8d2039,03e0bbc3-a593-5e4b-a244-30805ea40c59,829935ce-9ec7-5afb-a542-873877c9ce31,5,378.45,0.00
fa43d9f6-44c2-540e-81fe-e49fa4bf1a55,03e0bbc3-a593-5e4b-a244-30805ea40c59,de536700-41fe-55c3-beb9-bfb9849c872b,6,1685.26,1011.16
dc14c4b7-3e02-5ba8-805d-7a36bb5cf4dc,03e0bbc3-a593-5e4b-a244-30805ea40c59,31a97c6b-10cf-54c1-b463-f81683a437cc,2,1252.58,250.52
d5925957-4864-5558-8508-b707da9c974e,1d1dcee7-6a5e-5b4a-97fa-512bf5b3baa7,1dd10a82-5cdc-539f-af3f-d3f255171973,10,107.50,0.00
6b2c6030-31f2-5278-9139-e4c4c3679788,1d1dcee7-6a5e-5b4a-97fa-512bf5b3baa7,91bd15e4-105e-5926-abe6-7ceaf8c07375,12,393.96,236.38
cefca630-1deb-500f-a3f2-68af0624f1ab,1d1dcee7-6a5e-5b4a-97fa-512bf5b3baa7,952e981c-e5c2-53da-984a-78dc5e3b1ad4,5,130.99,32.75
2ebec024-49db-54c3-bef1-bf7024915099,a50d5051-054e-578f-9e40-1103e6de72dd,c2be7cd9-f7ee-544a-9ceb-7052826da8ce,3,183.13,0.00
95292d7e-ec28-5916-a1ea-5207fabd8b01,a50d5051-054e-578f-9e40-1103e6de72dd,88f79184-2cf9-5f72-8e4a-cedfa68d9d06,10,475.83,475.83
ef419b40-dcd8-5e70-a14a-9345f8b79eba,83752b19-b530-5898-9c3b-e4b4f26ebd69,43d6da55-777b-55ef-8cf5-d4cc7bfa63ad,11,1159.60,637.78
7f90af6a-31e8-58c7-98be-282192197358,6107312f-3598-5a9a-b9f5-122392139006,f65edfe2-43ae-59f6-b37a-f98344e1a998,6,1061.75,955.58
d6f1c64f-fa95-5a34-a242-5a947306d713,6107312f-3598-5a9a-b9f5-122392139006,e3b2c918-6a66-5db3-87f9-e5c71515f2ab,6,1297.73,0.00
383e941e-bca2-5b37-9282-ac1785642cc7,6107312f-3598-5a9a-b9f5-122392139006,deaf9542-d65c-5f41-b22e-b1d033baea7a,7,1236.17,0.00
a1ac50f8-b3f1-5cc6-bcd7-16480e156b56,6107312f-3598-5a9a-b9f5-122392139006,8d6058a9-d9fb-546e-b841-e6b4a0978311,2,1083.86,325.16
0981a8ce-7417-5b5a-a3fc-ad122af27e90,7e8c7f33-c655-5ddd-83c4-b0bb404097e0,db630ac7-839d-5331-93df-dc621d8357b6,1,582.16,0.00
7fee96fb-e156-5170-8eb3-c508cb441b71,7e8c7f33-c655-5ddd-83c4-b0bb404097e0,d520aef1-b021-5cf0-a1d3-9e7e6d31aab7,9,568.52,767.50
18d2d9bf-0231-51cb-b5c1-ed1f71715d83,7e8c7f33-c655-5ddd-83c4-b0bb404097e0,952e981c-e5c2-53da-984a-78dc5e3b1ad4,1,130.99,0.00
f4b8eb38-0b79-519a-9594-95d6bfb086e4,7e8c7f33-c655-5ddd-83c4-b0bb404097e0,fd5d29e1-571f-589d-be31-aa00127c02aa,9,943.56,0.00
eb4501ea-4549-5478-bc7f-1846215b45e0,9e23f8fc-ff35-581f-ae81-35d173710b55,f65edfe2-43ae-59f6-b37a-f98344e1a998,11,1061.75,0.00
85b19053-76e2-589d-83e5-0eaece5c0216,9e23f8fc-ff35-581f-ae81-35d173710b55,01351cb5-bcf4-52ee-88a1-c6442df67004,6,1268.11,380.43
b29015be-e5f1-51a7-9731-a8a0a0a1805c,9e23f8fc-ff35-581f-ae81-35d173710b55,1ac8de35-b264-5704-978e-ce8dc08dd02d,3,452.98,67.95
682e5675-efb6-54ab-a76e-f3fd86577ec7,9e23f8fc-ff35-581f-ae81-35d173710b55,851c23cd-3716-5170-b9ac-0c25ddc7c95c,7,497.01,173.95
e1810bcf-3ec3-55fa-a9bb-2baee4dc2d9f,9e23f8fc-ff35-581f-ae81-35d173710b55,13e04507-297b-56af-85d7-75b609d982a1,6,652.61,0.00
b48724e0-5eba-5506-b25a-cd324f0b805f,1b672ee5-1731-5b60-af5f-832138f2b788,c3e9c7fb-d6ab-5171-a827-7aad6b6d2342,12,1198.11,0.00
7e213c58-adcd-5066-a081-b604f0effb53,1b672ee5-1731-5b60-af5f-832138f2b788,e53c7da2-eb34-5499-8fd8-380dd673ea82,1,1587.45,0.00
b95560ae-e50f-5cf1-a2f6-dc23f938749b,1b672ee5-1731-5b60-af5f-832138f2b788,d96da70b-0cb5-58c8-928a-aafb2d90b154,4,1827.60,1096.56
840cb4fc-956d-5e6d-ac1e-5e7a6230b44f,1b672ee5-1731-5b60-af5f-832138f2b788,b4b5a0e3-641b-562e-8386-bff3564cf295,9,158.25,0.00
d52d41bc-b262-53ae-9622-2be95cf2efe7,9d514969-5ee9-5d12-b977-fc3b9467f48c,de536700-41fe-55c3-beb9-bfb9849c872b,8,1685.26,1348.21
32e54e38-3455-522e-a8ce-3cf3cdca948f,9d514969-5ee9-5d12-b977-fc3b9467f48c,d3739878-986b-5b5f-a096-4452493d6cbb,8,869.60,0.00
31a76fbc-4756-509f-8eee-de1cd5288981,9e4868f3-6378-5b61-af84-e6fe78237627,8d6058a9-d9fb-546e-b841-e6b4a0978311,8,1083.86,1300.63
eb436f9d-de41-5040-ac62-3b2700b03837,9e4868f3-6378-5b61-af84-e6fe78237627,0137b3c3-db39-5e56-abf7-8ae43bc349ad,5,1129.31,0.00
d4067495-a06a-5508-89c4-d4948e714c4e,f0cda2c5-2d5d-54e6-9120-532630c81c98,31a97c6b-10cf-54c1-b463-f81683a437cc,12,1252.58,0.00
74c62a73-1033-53cb-814b-0693ebfc5a8f,f0cda2c5-2d5d-54e6-9120-532630c81c98,c2be7cd9-f7ee-544a-9ceb-7052826da8ce,6,183.13,109.88
0c4a3af8-5b71-5fa9-b19a-67304a9bac7b,f0cda2c5-2d5d-54e6-9120-532630c81c98,3205bb8a-e766-5617-a3d4-78aaa9883bc8,5,1355.84,677.92
a93a7c0c-bc62-5236-930e-5e5541fbb90c,f0cda2c5-2d5d-54e6-9120-532630c81c98,f9fe7a6c-9a44-59e2-a4cc-fef69cc2e48e,8,684.00,0.00
0977a126-f6e4-5eb2-bbe7-c3016b974f3a,7900e7df-a2ae-53c7-b2ba-796a3805d7ab,80450a39-8a90-55da-adf7-0b6a1b84aeeb,12,1385.41,1662.49
a8ca0009-d2a0-5075-87dc-ebea354f4907,7900e7df-a2ae-53c7-b2ba-796a3805d7ab,8d6058a9-d9fb-546e-b841-e6b4a0978311,10,1083.86,1083.86
01188841-6fd3-56c9-a06f-fbbc428718c8,7900e7df-a2ae-53c7-b2ba-796a3805d7ab,1c3b9a21-09fa-5c21-bdad-35f2eb8a273f,3,1126.26,168.94
ca8e9f0b-bcc1-5bb5-a37e-d043eae6e095,7900e7df-a2ae-53c7-b2ba-796a3805d7ab,201fb8e4-2c24-5483-b44d-4063694486b2,8,1026.69,1232.03
049d1b79-b982-51fe-bb3a-3293df67a3a9,8a2a8ef5-9512-5b0c-ae5c-12461b304b4f,5d79cff2-0e77-58a2-b1bf-c506ed3c98bd,8,822.40,328.96
afdf23aa-d51a-5697-b7ff-d71e64cddedf,8a2a8ef5-9512-5b0c-ae5c-12461b304b4f,4dbc0e6b-ab10-5b67-a928-f87e1ed2bb9a,8,233.65,186.92
a37a0d49-2bad-520f-bb85-da11da37a70e,8a2a8ef5-9512-5b0c-ae5c-12461b304b4f,1cc795b2-21b3-5c5e-84f0-8f1fa20a6dd4,1,668.78,100.32
b4a51cc1-59aa-5d5c-8750-c234979a45cb,57877947-89b0-5630-9001-581552922ac7,9b6b9203-f582-59b6-b64c-309881607c86,4,876.23,350.49
fe4883f7-ad0b-587f-99b8-f756f66293ba,57877947-89b0-5630-9001-581552922ac7,4dbc0e6b-ab10-5b67-a928-f87e1ed2bb9a,2,233.65,0.00
e11eb995-64f3-543c-a9e7-7bf41613982c,e21aed84-21f7-5df2-bae4-1e1677eae298,9a2e8c5f-4d3e-5cb8-ba78-f2bd562ee61b,10,688.27,1032.40
f1ffcd68-3715-5369-a2e1-d536ff257cfc,e21aed84-21f7-5df2-bae4-1e1677eae298,ac03c1f7-3948-530e-8de5-80756984ab20,7,564.84,0.00
3159bd50-a630-5da9-be41-fe2a4b817234,e21aed84-21f7-5df2-bae4-1e1677eae298,952e981c-e5c2-53da-984a-78dc5e3b1ad4,4,130.99,78.59
55570556-b67d-5036-9507-3ecd8c324731,e21aed84-21f7-5df2-bae4-1e1677eae298,12003734-bab7-5410-8c89-f9a8c4967dea,6,1269.66,1142.69
b3a2f43a-2d8b-52fc-9edf-778982b416c9,e21aed84-21f7-5df2-bae4-1e1677eae298,db630ac7-839d-5331-93df-dc621d8357b6,6,582.16,349.30
4bdda757-f70a-5c3a-87a0-90998dc09554,484ebf19-6d3c-5bc5-8af4-ac69e63190fa,d6b2e2d8-f41b-5418-ba12-fcffc0aa6508,11,1950.05,0.00
f4e5491b-2f9d-54ea-a254-6214946c3feb,484ebf19-6d3c-5bc5-8af4-ac69e63190fa,896e7662-34d0-5631-bb0f-b5ce6b0ad1ba,4,1691.47,0.00
757728bc-6e7a-55ee-ae1b-49d3041b9cad,722d309a-7003-5a2c-b703-b8d91f2b3ac8,dee51c26-0113-56c0-a9c6-edbcfc488df1,11,83.53,91.88
37f19c57-e201-5bb7-91f2-cf7042d45af4,37f6ba00-3b7b-52d4-958e-93767a45cbc8,86eda21c-1dbc-500a-9201-b7d6b0786cc8,2,1060.50,106.05
41a96660-a77d-5d15-98cb-da4a63c9cf12,37f6ba00-3b7b-52d4-958e-93767a45cbc8,fb4140fc-b3c1-5a6a-8613-9b068fdd2b39,8,931.77,0.00
66832120-e242-53f3-9dd3-38c01e3fe013,37f6ba00-3b7b-52d4-958e-93767a45cbc8,8d892cdc-d358-5f2b-a85b-cbecc7e0a664,7,1003.20,702.24
7c14262b-b53f-5433-bb9d-b84d9a50811e,37f6ba00-3b7b-52d4-958e-93767a45cbc8,673811d5-2f11-5108-8b80-c9dd0dc2adda,12,503.75,0.00
728ba1cb-caac-5447-8243-671860acce0d,e0106ab3-7fbe-598c-a6ba-055cbfba3e02,f65edfe2-43ae-59f6-b37a-f98344e1a998,4,1061.75,0.00
4476c7d2-1f59-5df1-bbed-34c877a43dc9,e0106ab3-7fbe-598c-a6ba-055cbfba3e02,599db343-a607-5259-8af1-adde7b1a86ce,9,1047.10,942.39
cebc95d6-cd8c-5d6f-817d-20e45d30a07f,4379cd8f-d1ac-5ea1-bed2-5f41314791b5,de536700-41fe-55c3-beb9-bfb9849c872b,12,1685.26,2022.31
1a55e8d0-35f8-5736-8ba4-54826dbdfc73,4379cd8f-d1ac-5ea1-bed2-5f41314791b5,e139b0f5-6ca3-5ccb-8610-5a52b4b0eb6c,9,1053.19,0.00
74b80223-5298-573e-9f2c-a8e18a569d27,4379cd8f-d1ac-5ea1-bed2-5f41314791b5,d37c44df-541b-5bf4-b395-65b41bac88a8,7,1334.93,0.00
c0888e77-6752-552a-9771-80589f1147e4,2887bccb-58fd-526c-a31d-c80708e292ff,91bd15e4-105e-5926-abe6-7ceaf8c07375,12,393.96,236.38
27a5cea3-bd9d-544f-b0c9-88476a0f31e0,8abff979-d2d6-551e-827b-0b39faa07821,508dfc85-5bf2-5709-b1e3-06ff86d5acb8,12,387.07,0.00
ea656505-fed9-5fde-b0bd-1e3ff22ce32b,8abff979-d2d6-551e-827b-0b39faa07821,896e7662-34d0-5631-bb0f-b5ce6b0ad1ba,11,1691.47,1860.62
a9b3b471-54d6-5ff5-b561-47d52812f9a3,00f361e0-b639-5006-a1d7-9d735b6cc098,5d79cff2-0e77-58a2-b1bf-c506ed3c98bd,3,822.40,123.36
7faa5170-e5e4-5f80-8eb4-424857e187f4,5af80a03-0459-5545-81c9-9697ca8dbeab,5d462a8e-32e0-59ad-ae5c-9d66eda72663,5,326.98,81.74
38575edc-3250-5740-bd2c-01a0b3fe2d9c,5d3d5e70-cbc5-5a5b-8eab-a2bf4a762f22,559ab41c-d860-5ab1-aaa1-483577af7b67,5,305.73,0.00
3d0cd1b2-aa88-5dac-864a-c9e260db9c03,5d3d5e70-cbc5-5a5b-8eab-a2bf4a762f22,9e165d6f-802f-5694-a25a-20885ba2aa7f,9,433.03,194.86
c5b53c61-937a-54df-bbee-692621a6acfe,5d3d5e70-cbc5-5a5b-8eab-a2bf4a762f22,eff08d1d-eb3b-559a-8ca9-60c7b365af52,5,1515.93,0.00
35c842af-4849-5408-add5-7d976c2cd757,5d3d5e70-cbc5-5a5b-8eab-a2bf4a762f22,de536700-41fe-55c3-beb9-bfb9849c872b,9,1685.26,0.00
15c4c531-02ca-5ab6-8bca-a04c9eca748d,5d3d5e70-cbc5-5a5b-8eab-a2bf4a762f22,e53c7da2-eb34-5499-8fd8-380dd673ea82,3,1587.45,476.24
4f4ecdf5-ce82-5850-ab34-a997aee46085,fe462ed9-956f-5718-a330-e6d1a73e699c,f350d57a-8885-50f1-b76a-29f7a8057a35,9,1251.43,0.00
367a7304-f10c-5cbe-9d25-87286e5bfe49,fe462ed9-956f-5718-a330-e6d1a73e699c,8d892cdc-d358-5f2b-a85b-cbecc7e0a664,10,1003.20,1504.80
743b590d-363a-53d8-aaf2-368aa55c44db,fe462ed9-956f-5718-a330-e6d1a73e699c,b4065918-1c4b-50b6-b69a-d859f24bfe23,5,1132.17,566.08
3e9d8167-8bcf-5b38-9863-7ff105c2f8f3,fe462ed9-956f-5718-a330-e6d1a73e699c,b6edaedb-a02c-5fbc-b05c-2b5d8deb20c4,7,1512.83,1588.47
26e3354b-06c7-5ea3-8204-a9c9db36f6f7,9ab30ee9-d1ac-5f82-9beb-09c8c2ca5fc3,e69a7c0b-6875-5a37-a379-abbc430fb47b,4,1211.55,484.62
58507616-b14b-55e0-84cc-cd1558262f2f,5644b60a-365e-5818-8c32-7a97aa7eed32,8d892cdc-d358-5f2b-a85b-cbecc7e0a664,10,1003.20,0.00
f6ef7ee1-ed20-5974-a96c-dd4ca1a72da9,5644b60a-365e-5818-8c32-7a97aa7eed32,1760c2e4-563f-5bac-abcd-baf5317434c8,2,1665.26,499.58
d36db6c6-7314-5c5c-b382-8439c9c6d434,5644b60a-365e-5818-8c32-7a97aa7eed32,3205bb8a-e766-5617-a3d4-78aaa9883bc8,7,1355.84,0.00
29313eca-ae4e-518c-8821-b34fc1056fea,5644b60a-365e-5818-8c32-7a97aa7eed32,af3fc15f-c662-5a5e-9e9c-3b2d4e1b6029,3,1539.94,0.00
e1934a34-201e-5002-8c83-77f48c5661e6,8db47adb-7a6c-5421-8c1b-3f79f87de618,1dd10a82-5cdc-539f-af3f-d3f255171973,2,107.50,21.50
defb8f01-8133-584d-a059-d9e3ad0062eb,8db47adb-7a6c-5421-8c1b-3f79f87de618,508dfc85-5bf2-5709-b1e3-06ff86d5acb8,4,387.07,154.83
b5213f9d-1531-52bd-a207-4514070f0dfa,8db47adb-7a6c-5421-8c1b-3f79f87de618,5d79cff2-0e77-58a2-b1bf-c506ed3c98bd,11,822.40,1356.96
42f8905b-0568-5b25-b3c5-431a84f09f6e,16519de2-3cdd-50a9-9bae-94664cdd6d63,3d307d78-b10f-5539-a951-7bcc9fd17161,11,1342.24,0.00
dd12209e-98cb-506d-a626-29e183ec0b3c,16519de2-3cdd-50a9-9bae-94664cdd6d63,b5386670-1687-5260-ad33-97e5d697c425,1,902.07,0.00
3cb783c2-4618-5da3-a922-afe0e5c1c3cc,ac73e843-fce2-5285-a151-3deaf2d9088e,31a97c6b-10cf-54c1-b463-f81683a437cc,5,1252.58,939.44
580a17a4-9b00-5dc3-992c-46540fbd0129,ac73e843-fce2-5285-a151-3deaf2d9088e,591abda9-fd16-5958-b0e9-586f0dfa6e54,4,875.54,0.00
ec6a2ff5-fe25-5ea3-a2a3-c3a89b061ca4,ac73e843-fce2-5285-a151-3deaf2d9088e,fd5d29e1-571f-589d-be31-aa00127c02aa,6,943.56,849.20
570e24fc-5589-52a5-ab85-3747dbfa0d5f,ac73e843-fce2-5285-a151-3deaf2d9088e,e69a7c0b-6875-5a37-a379-abbc430fb47b,6,1211.55,1090.40
3755963a-b859-550b-bc26-0b6c8a60bba4,eb026ea1-2411-5103-8ebf-ee6bb8c3b0b0,613ff8f3-9a2b-5f66-8d3e-3e05d5391002,7,474.67,0.00
99476fc3-66e3-51f6-854f-b932e0e8c7e1,942da97e-3720-5b14-b120-cc4197485bc1,aa67b9d9-b4e2-53f3-9447-ca933b53344f,6,1163.44,0.00
02015d83-e62a-5241-a342-bbbd576e3adc,942da97e-3720-5b14-b120-cc4197485bc1,d37c44df-541b-5bf4-b395-65b41bac88a8,8,1334.93,1601.92
99c62696-d0f9-5b69-9d27-45047f4c7f7a,36b55c6e-e892-55eb-be07-4accbe9ac4d9,db43f9b2-c956-5785-8950-8287c47db3ae,9,894.98,0.00
57a24d56-0a8b-57c0-a080-387a5944ef23,b1f557ed-e9ab-5076-b745-8abd5fbb8af7,1dd10a82-5cdc-539f-af3f-d3f255171973,9,107.50,0.00
193f2959-ed89-534d-a8e0-2a174db21731,b1f557ed-e9ab-5076-b745-8abd5fbb8af7,8d6058a9-d9fb-546e-b841-e6b4a0978311,12,1083.86,0.00
b2479bd4-1978-5335-998a-cee02bb69e4a,b1f557ed-e9ab-5076-b745-8abd5fbb8af7,241d3cd0-ef2c-56b8-bb75-b039a61b370a,1,378.32,56.75
80e444b1-18f9-525f-be2e-ca99b8118262,2cfd22a3-4321-5cb6-ae01-30a306801e6b,f218ba8f-81cf-5efd-ad55-5f4ef76110c2,11,1484.37,816.40
873a2c2c-c1f6-5214-bb1b-34518d691084,2cfd22a3-4321-5cb6-ae01-30a306801e6b,1dd457fd-1d71-5eb5-b684-6f07d43e876c,5,897.97,0.00
62e643c2-84fe-564b-af61-76a1b183c6fb,2cfd22a3-4321-5cb6-ae01-30a306801e6b,617fd070-2fb8-5ff6-8eaa-308844dc97ac,3,1871.53,561.46
3ffbc038-19e7-5fb1-b6d8-d9e0e312eb77,2cfd22a3-4321-5cb6-ae01-30a306801e6b,f65edfe2-43ae-59f6-b37a-f98344e1a998,5,1061.75,265.44
26c587d1-2b60-5967-b1af-ffb64c7ff306,a81f7d7f-a2c5-51d8-b071-8072b27044e2,e69a7c0b-6875-5a37-a379-abbc430fb47b,11,1211.55,666.35
5a02a76c-14bb-549e-bbd8-994bac8a2595,70ee72a5-96f9-57d6-96df-512228ea06e4,673811d5-2f11-5108-8b80-c9dd0dc2adda,10,503.75,0.00
1d8ce4fc-bfb8-5a25-84ce-cb80b635fc77,70ee72a5-96f9-57d6-96df-512228ea06e4,6469a098-75a3-5b3b-839a-ad075a8e67ad,3,728.47,0.00
18a1d4b9-0747-5b5f-af88-ccc75db93dc0,70ee72a5-96f9-57d6-96df-512228ea06e4,228ccd2f-642c-5fdf-abf0-129af98a3568,11,148.91,0.00
d15d3ee6-bf80-55bb-a3c9-2347ab36bb98,70ee72a5-96f9-57d6-96df-512228ea06e4,c2be7cd9-f7ee-544a-9ceb-7052826da8ce,8,183.13,146.50
edec9951-f2b9-5e14-b650-f9c0e606d244,e22fcf28-4cbb-5d3f-84f7-d139679a0902,c2be7cd9-f7ee-544a-9ceb-7052826da8ce,1,183.13,27.47
80cb24f3-1527-5cb2-92d1-de7b18b3df0a,e22fcf28-4cbb-5d3f-84f7-d139679a0902,b4065918-1c4b-50b6-b69a-d859f24bfe23,3,1132.17,0.00
2d7b6ead-d382-5036-9671-274df006f2b4,31142f2a-3d8f-5060-a51b-de522807addb,d3739878-986b-5b5f-a096-4452493d6cbb,2,869.60,0.00
f04897aa-bffc-51b2-84b1-44de5ace90fc,31142f2a-3d8f-5060-a51b-de522807addb,de536700-41fe-55c3-beb9-bfb9849c872b,4,1685.26,674.10
7d640117-ab2e-548d-89d4-4811b35bbe43,14c64024-6a0a-5a95-a8ae-e975b2d606ed,f350d57a-8885-50f1-b76a-29f7a8057a35,4,1251.43,0.00
8d5b9752-73a3-545d-9d79-f95ecdce8c65,14c64024-6a0a-5a95-a8ae-e975b2d606ed,613ff8f3-9a2b-5f66-8d3e-3e05d5391002,4,474.67,284.80
7c60fb0b-e864-523f-9903-2fb3f016205d,14c64024-6a0a-5a95-a8ae-e975b2d606ed,d68351a2-cf36-5984-a091-28a9f5b6bb7e,3,1017.79,0.00
c31d30af-04d5-5ca8-ae61-87d97ebae805,14c64024-6a0a-5a95-a8ae-e975b2d606ed,d520aef1-b021-5cf0-a1d3-9e7e6d31aab7,2,568.52,56.85
cd52b8dc-8520-5216-9f72-49c4c40b7c43,14c64024-6a0a-5a95-a8ae-e975b2d606ed,d96da70b-0cb5-58c8-928a-aafb2d90b154,6,1827.60,1096.56
d3f0f89b-c846-5d8a-b08f-5d3f9b436d3a,e34729fe-9acb-5321-bbc3-18d53a90ea21,9e165d6f-802f-5694-a25a-20885ba2aa7f,12,433.03,779.45
5bbf6bc9-b6ef-5087-b28d-89579e9a4039,e34729fe-9acb-5321-bbc3-18d53a90ea21,c0bff87f-f764-5151-8aec-dda48ea91847,2,437.68,131.30
da6d1037-7fa4-583d-8949-4542eec1b03f,e34729fe-9acb-5321-bbc3-18d53a90ea21,12003734-bab7-5410-8c89-f9a8c4967dea,8,1269.66,1015.73
965e3108-9c00-5b64-9e0e-f4bfe47114e4,e34729fe-9acb-5321-bbc3-18d53a90ea21,4dbc0e6b-ab10-5b67-a928-f87e1ed2bb9a,3,233.65,0.00
94131c58-23f5-5652-95eb-0fb4fda5fbf3,e34729fe-9acb-5321-bbc3-18d53a90ea21,9a2e8c5f-4d3e-5cb8-ba78-f2bd562ee61b,2,688.27,137.65
74ebafcb-d5f6-5098-b89b-43e67cf6c0ca,57c9d468-6166-50a6-8220-ea198e87a0bc,d6b2e2d8-f41b-5418-ba12-fcffc0aa6508,10,1950.05,2925.08
5cd7dfbe-d5dd-5d6f-8d47-bf822a3c58f7,57c9d468-6166-50a6-8220-ea198e87a0bc,8b12c834-e054-5502-85aa-99d1eb81eee0,6,1393.76,0.00
776d768f-4120-56c4-a9d5-b15caec3ad48,57c9d468-6166-50a6-8220-ea198e87a0bc,13e04507-297b-56af-85d7-75b609d982a1,6,652.61,0.00
755368c9-fe16-5763-b3e5-a731d79ff558,c2b4e5ae-71c7-5b2f-b350-a539136cc502,9b6b9203-f582-59b6-b64c-309881607c86,2,876.23,87.62
c7d43074-39a7-5a00-b44e-0be652fc71b6,aaa08a3c-6f28-5926-9c65-d2beb58482f8,e3b2c918-6a66-5db3-87f9-e5c71515f2ab,3,1297.73,194.66
4e658ab3-1707-56ab-bc89-2575799bb1c1,2bddc8b0-a03c-582a-9698-a5947779cf85,f78fc905-81d2-5f52-8c77-1cff3a4b42b7,9,290.47,0.00
d70e4919-39ec-53ed-81b7-8fd3f676de9c,2bddc8b0-a03c-582a-9698-a5947779cf85,829935ce-9ec7-5afb-a542-873877c9ce31,5,378.45,0.00
4fa109f9-d947-5cd4-b3d1-1f3e98b5da59,2bddc8b0-a03c-582a-9698-a5947779cf85,39cb20a1-5dca-5b11-90c4-3e96e441ed0c,5,447.96,335.97
baec4661-353f-59ac-9087-b9428f7d2c86,2bddc8b0-a03c-582a-9698-a5947779cf85,5d462a8e-32e0-59ad-ae5c-9d66eda72663,9,326.98,0.00
d430e520-c9f0-5766-84e1-cbd2a09a59da,2bddc8b0-a03c-582a-9698-a5947779cf85,e53c7da2-eb34-5499-8fd8-380dd673ea82,3,1587.45,476.24
91504505-77ec-5a92-ba3f-2471f79bff77,0adf4a41-8b66-5fc9-8053-43eb3415f8ee,1760c2e4-563f-5bac-abcd-baf5317434c8,3,1665.26,0.00
ef4b0c97-25f3-5c42-8a60-feaae9c02623,0adf4a41-8b66-5fc9-8053-43eb3415f8ee,673811d5-2f11-5108-8b80-c9dd0dc2adda,6,503.75,151.12
c8e88125-9bda-55c8-b7ae-f7c7ffe1eb47,f861200c-0297-5ae6-ac78-1a82aec23f58,12003734-bab7-5410-8c89-f9a8c4967dea,3,1269.66,380.90
5f794e59-9650-5343-b8a5-d6de00b91548,f861200c-0297-5ae6-ac78-1a82aec23f58,deaf9542-d65c-5f41-b22e-b1d033baea7a,1,1236.17,185.43
7d5ff16d-dd6e-5740-bd57-37538a7edb7c,f861200c-0297-5ae6-ac78-1a82aec23f58,45669348-c1a3-5956-bbf2-d29bd438fbdc,7,536.14,0.00
2cc4f449-fd48-5199-bb9c-8f646d09016c,f861200c-0297-5ae6-ac78-1a82aec23f58,e69a7c0b-6875-5a37-a379-abbc430fb47b,12,1211.55,0.00
f0e4dd3d-843e-5bec-9bd5-033ad9e7c681,119bc04d-502a-5553-ad26-3c562813b9e4,8d892cdc-d358-5f2b-a85b-cbecc7e0a664,4,1003.20,0.00
57a7b8ad-df99-5ad8-8891-d6d7e9ababb9,119bc04d-502a-5553-ad26-3c562813b9e4,0f2c8ffe-5a45-5cfc-afbf-417553294a54,3,237.59,0.00
3736a489-afa9-51dd-8d97-e37ca09446a9,51f7571e-ad00-5230-9cef-182f7b649db4,eff08d1d-eb3b-559a-8ca9-60c7b365af52,6,1515.93,0.00
2bc58eb6-257b-59e5-be3b-194bac92c73a,51f7571e-ad00-5230-9cef-182f7b649db4,31a97c6b-10cf-54c1-b463-f81683a437cc,1,1252.58,62.63
4dd728a6-ce19-5325-b5cb-0edbf3b18637,51f7571e-ad00-5230-9cef-182f7b649db4,5d79cff2-0e77-58a2-b1bf-c506ed3c98bd,6,822.40,740.16
8469f649-eb99-574e-aade-bc4e58e0fa9d,51f7571e-ad00-5230-9cef-182f7b649db4,1ac8de35-b264-5704-978e-ce8dc08dd02d,6,452.98,0.00
36b1a00a-608c-5d39-a51a-772981b03d6b,51f7571e-ad00-5230-9cef-182f7b649db4,591abda9-fd16-5958-b0e9-586f0dfa6e54,10,875.54,875.54
eb16ecb3-af93-5fe9-a54f-d02db4e66142,5d4825c7-068b-5931-a5af-4d661e7b46f1,8b12c834-e054-5502-85aa-99d1eb81eee0,12,1393.76,0.00
aa851736-7b62-503e-8f96-2076477c4254,5d4825c7-068b-5931-a5af-4d661e7b46f1,241d3cd0-ef2c-56b8-bb75-b039a61b370a,6,378.32,113.50
5f06388d-e622-5d12-812c-80ea00642dfb,80e84e2b-ef90-5efe-8a84-6aefbef99b0e,cb09f248-037d-5a0d-9970-99cb102c05d8,5,1006.42,251.60
f98625e2-f432-5404-be93-8cedeec9d83b,684229bc-b4e2-5120-bac9-cd4525d5ec3d,b4b5a0e3-641b-562e-8386-bff3564cf295,3,158.25,0.00
312edd99-378d-5121-a3eb-0667382006a0,684229bc-b4e2-5120-bac9-cd4525d5ec3d,fd5d29e1-571f-589d-be31-aa00127c02aa,7,943.56,660.49
25b376f0-22bd-5d3a-bcc0-9648ae5d26ab,684229bc-b4e2-5120-bac9-cd4525d5ec3d,1c3b9a21-09fa-5c21-bdad-35f2eb8a273f,1,1126.26,0.00
11384512-aff6-5b4e-937b-29fec75dcc5e,684229bc-b4e2-5120-bac9-cd4525d5ec3d,851c23cd-3716-5170-b9ac-0c25ddc7c95c,3,497.01,74.55
9141eac9-aa9e-57eb-b7b2-7f2eb3e4da5a,684229bc-b4e2-5120-bac9-cd4525d5ec3d,0137b3c3-db39-5e56-abf7-8ae43bc349ad,4,1129.31,451.72
36ac1f43-620a-5089-bf66-b49d87640769,132350a6-9dfd-5f7b-9a5b-10d9b7893a62,1657c1e2-1668-5957-a5e5-822140c08707,12,1260.09,1512.11
84dc299e-9cc1-5d0a-8ca3-946b9d5dae1a,065a294d-a108-5718-a9fb-4e705db6ee76,c2be7cd9-f7ee-544a-9ceb-7052826da8ce,10,183.13,0.00
470a3931-792d-5c22-b8b8-2a76f8163528,065a294d-a108-5718-a9fb-4e705db6ee76,fb4140fc-b3c1-5a6a-8613-9b068fdd2b39,3,931.77,0.00
f5b5f7fa-e5e1-5119-9d1e-dc77b8446a83,065a294d-a108-5718-a9fb-4e705db6ee76,7169fcc7-7527-510c-b88d-bdcd257ce105,4,1025.31,0.00
195d57e0-18aa-51bb-b330-9d98522e97c0,065a294d-a108-5718-a9fb-4e705db6ee76,4dbc0e6b-ab10-5b67-a928-f87e1ed2bb9a,5,233.65,116.82
e55a9668-b3af-5f95-a711-0b3dc8b4a629,1b75a585-286a-5370-a1c1-4f13afe91d3e,01351cb5-bcf4-52ee-88a1-c6442df67004,3,1268.11,0.00
835a6799-73c4-5ff6-8754-986ef923a210,1b75a585-286a-5370-a1c1-4f13afe91d3e,9f7bfd37-85ae-5a17-9b9f-5dafe3ec68ee,11,1138.16,625.99
245bba66-96e9-5201-9538-86168592e36b,1b75a585-286a-5370-a1c1-4f13afe91d3e,0caef625-914f-5fea-8e59-19b212bfbd46,8,1252.51,1503.01
8b3c2a7f-10cd-5788-8d16-973261a1e538,1b75a585-286a-5370-a1c1-4f13afe91d3e,31a97c6b-10cf-54c1-b463-f81683a437cc,4,1252.58,250.52
92380bf2-70d0-5da3-adf6-271e7a931c1c,4142bb80-0299-52ac-9335-da0b98cb2545,8d6058a9-d9fb-546e-b841-e6b4a0978311,2,1083.86,325.16
6e44e66f-ecb4-51a3-bc47-2c20e83d7019,4142bb80-0299-52ac-9335-da0b98cb2545,b4065918-1c4b-50b6-b69a-d859f24bfe23,11,1132.17,622.69
0a10a709-3f32-557d-a9c6-6397376056b1,770ed0a9-c68f-5db8-8e00-36611f108738,1cc795b2-21b3-5c5e-84f0-8f1fa20a6dd4,11,668.78,0.00
74e78538-72b7-5def-97cb-9dea78d3c047,770ed0a9-c68f-5db8-8e00-36611f108738,cd410e43-ec3c-524b-84c6-84482a7b1204,1,549.24,0.00
01163b85-d306-54d9-920e-d146e42ae0bc,770ed0a9-c68f-5db8-8e00-36611f108738,d68351a2-cf36-5984-a091-28a9f5b6bb7e,10,1017.79,0.00
adc47213-7f87-54b3-9b66-3e2d0fd4019b,770ed0a9-c68f-5db8-8e00-36611f108738,deaf9542-d65c-5f41-b22e-b1d033baea7a,8,1236.17,494.47
bd670c96-f2d3-51c1-9a7b-76ec83726c03,137faec3-54ec-5b28-b427-d40c0f0f8075,613ff8f3-9a2b-5f66-8d3e-3e05d5391002,10,474.67,237.34
1c048074-1a81-54f5-82d4-cee591bdaf7b,137faec3-54ec-5b28-b427-d40c0f0f8075,1dd10a82-5cdc-539f-af3f-d3f255171973,7,107.50,112.88
8ccd08e7-c7c5-5422-a8ea-a5c7d06f9b33,7657eed3-28cd-50a4-91a9-0fad05b7c2a7,3205bb8a-e766-5617-a3d4-78aaa9883bc8,10,1355.84,1355.84
a0fa67dc-5ade-5e15-8e40-086df292be8f,7657eed3-28cd-50a4-91a9-0fad05b7c2a7,91bd15e4-105e-5926-abe6-7ceaf8c07375,4,393.96,236.38
5bc0be02-6c54-5c8b-b8a2-1d556fb7dea4,7657eed3-28cd-50a4-91a9-0fad05b7c2a7,db43f9b2-c956-5785-8950-8287c47db3ae,12,894.98,1610.96
b3aab68f-3e1f-522c-9f8f-526358f367a6,7657eed3-28cd-50a4-91a9-0fad05b7c2a7,673811d5-2f11-5108-8b80-c9dd0dc2adda,7,503.75,352.62
620054c8-0a7d-5313-8436-d70961128ccf,7657eed3-28cd-50a4-91a9-0fad05b7c2a7,e691a6a3-7dd7-5d95-b97e-997e3af77227,3,551.10,0.00
d70c02d2-607e-583c-8824-025cdc28d2f1,cb28bce5-1388-5b2f-ad17-5ee9adca0992,d3739878-986b-5b5f-a096-4452493d6cbb,9,869.60,0.00
28280fe2-4859-5db5-acc8-6dfc4d2b40b1,cb28bce5-1388-5b2f-ad17-5ee9adca0992,2e263bcd-bacc-5f51-b35b-70d1674f4dc5,1,370.19,0.00
a1a826d4-deaa-5384-b10b-a9ae1b5b65fb,dc3bf91e-ea0f-5af8-9744-f72d4f074364,12003734-bab7-5410-8c89-f9a8c4967dea,8,1269.66,0.00
36c89820-d140-58cb-8ac9-32c96ac293e5,dc3bf91e-ea0f-5af8-9744-f72d4f074364,4dbc0e6b-ab10-5b67-a928-f87e1ed2bb9a,3,233.65,105.14
f69c3dbd-0770-5cda-bf6b-329830ee02fd,5c05281e-efba-5c9e-b7cf-700c372ad353,5d462a8e-32e0-59ad-ae5c-9d66eda72663,8,326.98,0.00
f1ee5f13-7cfe-52e9-aab8-7c5ac2d7f1fc,5c05281e-efba-5c9e-b7cf-700c372ad353,d520aef1-b021-5cf0-a1d3-9e7e6d31aab7,5,568.52,426.39
10967bac-1e52-5f6b-adbe-58f96fc339df,2433cd77-47ae-535d-8c61-0b8b44ccebde,591abda9-fd16-5958-b0e9-586f0dfa6e54,7,875.54,0.00
4363ff41-b0c1-5e1c-9bec-3257018b1f86,2433cd77-47ae-535d-8c61-0b8b44ccebde,f9fe7a6c-9a44-59e2-a4cc-fef69cc2e48e,12,684.00,1231.20
6dc64dd0-109a-58c3-87b4-e8bc46856d6d,2433cd77-47ae-535d-8c61-0b8b44ccebde,6469a098-75a3-5b3b-839a-ad075a8e67ad,9,728.47,983.43
1df93d51-6d96-53a4-9f3e-4d58fba8098e,2433cd77-47ae-535d-8c61-0b8b44ccebde,bab29423-27f9-5732-bd8b-a403c95b1a96,12,947.18,568.31
e4f1f07c-de20-5458-bacb-ee1593247148,2433cd77-47ae-535d-8c61-0b8b44ccebde,af3fc15f-c662-5a5e-9e9c-3b2d4e1b6029,4,1539.94,615.98
7042c285-9a02-5231-a818-1e715ef1824f,a09e57d9-5b38-5b18-a417-4a3f0fe95d94,241d3cd0-ef2c-56b8-bb75-b039a61b370a,1,378.32,37.83
4d8525d1-88b3-5537-8d6d-4288dc7b3982,a09e57d9-5b38-5b18-a417-4a3f0fe95d94,d68351a2-cf36-5984-a091-28a9f5b6bb7e,1,1017.79,50.89
dd878aa9-c1f5-5ee3-af42-f2884a72a5dd,a09e57d9-5b38-5b18-a417-4a3f0fe95d94,db43f9b2-c956-5785-8950-8287c47db3ae,5,894.98,447.49
8d8d0e24-40b4-5c72-b959-5c9f8dc2e5fb,a09e57d9-5b38-5b18-a417-4a3f0fe95d94,43d6da55-777b-55ef-8cf5-d4cc7bfa63ad,1,1159.60,173.94
c0b9eea5-c0ef-5971-8bae-08132a28ae42,a09e57d9-5b38-5b18-a417-4a3f0fe95d94,b6edaedb-a02c-5fbc-b05c-2b5d8deb20c4,3,1512.83,0.00
9b908c13-d32b-5f80-a487-ca8d3400a367,bd2e56af-8fc7-51fc-9068-3ba82e205e01,9f7bfd37-85ae-5a17-9b9f-5dafe3ec68ee,3,1138.16,0.00
d7f4aeeb-971d-5caf-8c84-83a8ee30d2be,88dcd3e4-56cf-5e79-b368-741b3e2da847,b6464168-fc86-5543-9805-0861ea9c66cc,3,1065.14,319.54
fd0ceffa-2fc1-54ac-a248-e1490ad869ed,88dcd3e4-56cf-5e79-b368-741b3e2da847,88f79184-2cf9-5f72-8e4a-cedfa68d9d06,8,475.83,380.66
6dbd1d54-b5c3-53c5-aa5b-1209cac05899,88dcd3e4-56cf-5e79-b368-741b3e2da847,80450a39-8a90-55da-adf7-0b6a1b84aeeb,9,1385.41,0.00
7ec2d388-1c85-537e-9c39-b330d65dfbac,88dcd3e4-56cf-5e79-b368-741b3e2da847,c3e9c7fb-d6ab-5171-a827-7aad6b6d2342,6,1198.11,718.87
116af747-548c-5b9d-b582-1073ed060c30,88dcd3e4-56cf-5e79-b368-741b3e2da847,b6edaedb-a02c-5fbc-b05c-2b5d8deb20c4,7,1512.83,0.00
b08f3900-84a1-5650-8b09-44db28f45238,be2840b8-87f6-5f53-9b8e-7ff1b9ece8c7,de536700-41fe-55c3-beb9-bfb9849c872b,4,1685.26,0.00
32129717-0c29-5b5d-9101-a61081fc6a48,be2840b8-87f6-5f53-9b8e-7ff1b9ece8c7,1ac8de35-b264-5704-978e-ce8dc08dd02d,6,452.98,271.79
220d312a-43b5-56ac-ac01-5a650d410837,4d49d279-c554-5672-b57a-5bfe3831d200,3d307d78-b10f-5539-a951-7bcc9fd17161,12,1342.24,2416.03
877afa2c-93d4-5e80-8ce2-7ba12141e2de,4d49d279-c554-5672-b57a-5bfe3831d200,80450a39-8a90-55da-adf7-0b6a1b84aeeb,3,1385.41,623.43
2228b8ee-9fae-52a2-bcfd-a0f1c5e3ab77,4d49d279-c554-5672-b57a-5bfe3831d200,3205bb8a-e766-5617-a3d4-78aaa9883bc8,5,1355.84,1016.88
2372bc1b-31fc-5e02-9b21-09bb3e0c5e15,4d49d279-c554-5672-b57a-5bfe3831d200,1ac8de35-b264-5704-978e-ce8dc08dd02d,8,452.98,0.00
b3cedacc-3446-5e54-85d3-befcbea01b91,4d49d279-c554-5672-b57a-5bfe3831d200,591abda9-fd16-5958-b0e9-586f0dfa6e54,6,875.54,525.32
42f877db-7f5a-5860-b068-7fee31fb9c89,a595c176-3488-55b2-bcc6-2694260769e3,e139b0f5-6ca3-5ccb-8610-5a52b4b0eb6c,5,1053.19,526.60
7596e7ea-b1cc-5c78-9d41-c44ec27983f4,95cbec38-4be0-5f65-9214-28a79127b047,613ff8f3-9a2b-5f66-8d3e-3e05d5391002,9,474.67,427.20
f41a8023-b82a-598a-b36d-decc70e262d3,2767bbb5-be81-531e-9c8c-f172f10b82c0,1dd10a82-5cdc-539f-af3f-d3f255171973,7,107.50,0.00
d1819232-bb12-5048-908b-fb3b1168e606,2767bbb5-be81-531e-9c8c-f172f10b82c0,39cb20a1-5dca-5b11-90c4-3e96e441ed0c,7,447.96,0.00
c5450144-de1a-5fe9-8565-d618cd19d8cb,2767bbb5-be81-531e-9c8c-f172f10b82c0,34baeb4c-81dc-5b29-bc76-0b8fd47cdbed,3,262.62,118.18
f60ec867-1e7e-5758-979f-4f30c0e37989,2767bbb5-be81-531e-9c8c-f172f10b82c0,db43f9b2-c956-5785-8950-8287c47db3ae,12,894.98,0.00
0a813b4a-2f16-505f-a74b-45cbc0c1be5b,2808a95e-1aab-55bb-b30b-a21acb836fcd,1dd10a82-5cdc-539f-af3f-d3f255171973,1,107.50,10.75
f7cc6083-4c2b-5075-a2d2-c63d80016300,2808a95e-1aab-55bb-b30b-a21acb836fcd,952e981c-e5c2-53da-984a-78dc5e3b1ad4,6,130.99,78.59
5a4d7a74-1892-5d11-8840-1d53eb370fcf,2808a95e-1aab-55bb-b30b-a21acb836fcd,86eda21c-1dbc-500a-9201-b7d6b0786cc8,2,1060.50,212.10
ecdf1b17-86c1-59db-bdd4-2bb713475663,2808a95e-1aab-55bb-b30b-a21acb836fcd,8b12c834-e054-5502-85aa-99d1eb81eee0,7,1393.76,975.63
9c74b655-e014-5cc2-a37d-23a892802720,74ae216f-39b2-568d-93ae-d23fefebb878,829935ce-9ec7-5afb-a542-873877c9ce31,3,378.45,56.77
bbbd9b6b-2eb7-5077-84a6-fbe8f4617169,74ae216f-39b2-568d-93ae-d23fefebb878,c3e9c7fb-d6ab-5171-a827-7aad6b6d2342,12,1198.11,718.87
c1ab7a75-4c2d-5907-9e58-0b2dc13b89d8,74ae216f-39b2-568d-93ae-d23fefebb878,e69a7c0b-6875-5a37-a379-abbc430fb47b,5,1211.55,605.78
363cb211-23d5-592e-838e-241f0e38693c,8dee1eb7-f1e2-5aa6-8de7-306144045f7b,f218ba8f-81cf-5efd-ad55-5f4ef76110c2,1,1484.37,222.66
2f240371-d9d8-5cff-a24a-a3ddf1354a34,8dee1eb7-f1e2-5aa6-8de7-306144045f7b,e53c7da2-eb34-5499-8fd8-380dd673ea82,6,1587.45,476.24
91b6c08e-f99d-57e7-af1b-174d56de8ec3,9c61c325-2054-50a5-b31f-e53ae4beba68,1657c1e2-1668-5957-a5e5-822140c08707,12,1260.09,756.05
5d51bf24-2cf0-5f82-a581-62f1efca4a51,2f1986ba-3c90-5de8-a904-1c4723e94c9e,13ea52a1-6b55-57c7-b84e-acf7fb92f106,1,368.84,18.44
3039d8e0-81f7-5194-8937-498ce79c5727,2f1986ba-3c90-5de8-a904-1c4723e94c9e,851c23cd-3716-5170-b9ac-0c25ddc7c95c,11,497.01,0.00
0bd4bd8b-0a22-5c06-815a-c0d77c48d0e0,2f1986ba-3c90-5de8-a904-1c4723e94c9e,613ff8f3-9a2b-5f66-8d3e-3e05d5391002,5,474.67,356.00
3e7be0e3-51f9-5ffc-98dc-23e6e54e2a6a,4e05f386-e499-58d7-b931-d5cd99e4372a,1dd10a82-5cdc-539f-af3f-d3f255171973,1,107.50,0.00
0efb1bbb-a1f2-5225-955e-51d8f8abd84f,4e05f386-e499-58d7-b931-d5cd99e4372a,88f79184-2cf9-5f72-8e4a-cedfa68d9d06,2,475.83,142.75
d8f4d7f7-607c-5c41-8106-9355aa5cddf1,4e05f386-e499-58d7-b931-d5cd99e4372a,d6b2e2d8-f41b-5418-ba12-fcffc0aa6508,8,1950.05,0.00
9a8f671d-bd37-52fb-b852-84044f957780,1ddc1e8e-8077-5efe-9ff2-e401122662a5,1fa2b768-1b9d-5b9c-befa-fac1ccb97563,7,771.34,809.91
b98e9280-d507-5186-9d68-490cb47d1201,1ddc1e8e-8077-5efe-9ff2-e401122662a5,12003734-bab7-5410-8c89-f9a8c4967dea,8,1269.66,1015.73
19969f1c-73ee-515e-b5c5-d1ea47bff412,1ddc1e8e-8077-5efe-9ff2-e401122662a5,39cb20a1-5dca-5b11-90c4-3e96e441ed0c,12,447.96,537.55
581282f4-58c9-5964-b0e6-17ee16466c4a,f42f1b78-2fd5-57f4-acee-a128e4ba889d,1c3b9a21-09fa-5c21-bdad-35f2eb8a273f,1,1126.26,112.63
c9019f5e-2ef6-5877-a1ae-e0778df0a2fb,b19e1f9b-5aed-5696-8b1c-7f1ada98ba45,86eda21c-1dbc-500a-9201-b7d6b0786cc8,1,1060.50,53.02
e3d602bf-fad7-5f9c-98d3-8dcda4da7100,b19e1f9b-5aed-5696-8b1c-7f1ada98ba45,75679cf6-5497-5e69-b773-db773bc6a245,9,1441.14,648.51
06f3fcb2-cb27-562a-91e7-48d3fd212cc3,b19e1f9b-5aed-5696-8b1c-7f1ada98ba45,2f2113cc-589a-55b5-846a-78fddce3a3c9,6,688.27,206.48
25d461e4-60d8-5ac1-a684-d8f0962d93a4,b19e1f9b-5aed-5696-8b1c-7f1ada98ba45,673811d5-2f11-5108-8b80-c9dd0dc2adda,6,503.75,302.25
8897f50d-c27b-52e5-9db0-cf3496162284,2f53dda3-680b-5d73-85b7-283cf2b84b02,db43f9b2-c956-5785-8950-8287c47db3ae,11,894.98,1476.72
3b2d8f10-9332-52ce-b945-285d5585e1f5,2f53dda3-680b-5d73-85b7-283cf2b84b02,613ff8f3-9a2b-5f66-8d3e-3e05d5391002,1,474.67,47.47
938ee3e2-d129-5c04-ade6-64f237ef1ab8,2f53dda3-680b-5d73-85b7-283cf2b84b02,db630ac7-839d-5331-93df-dc621d8357b6,1,582.16,0.00
3c56b9b7-3163-569c-923e-b85110822c84,ff2988ac-ec2f-5baa-9c78-c41aea47b4e1,31a97c6b-10cf-54c1-b463-f81683a437cc,9,1252.58,563.66
7ed78d4c-c846-5b41-b3b2-853556a032e3,ff2988ac-ec2f-5baa-9c78-c41aea47b4e1,4dbc0e6b-ab10-5b67-a928-f87e1ed2bb9a,6,233.65,140.19
e71e5f82-9a9c-5bc1-aeda-087cc843223b,ff2988ac-ec2f-5baa-9c78-c41aea47b4e1,1657c1e2-1668-5957-a5e5-822140c08707,10,1260.09,0.00
b2d87dbc-b8f8-5792-aff9-68bf35703621,ff2988ac-ec2f-5baa-9c78-c41aea47b4e1,d68351a2-cf36-5984-a091-28a9f5b6bb7e,12,1017.79,0.00
70aded25-2ddd-57b0-ac34-340dbafb1604,ff2988ac-ec2f-5baa-9c78-c41aea47b4e1,dee51c26-0113-56c0-a9c6-edbcfc488df1,9,83.53,0.00
cc085b27-c831-5c7c-9ac7-17c7748fe267,052d4e86-d8b3-5426-a8d5-0a4f7672bb58,1fa2b768-1b9d-5b9c-befa-fac1ccb97563,11,771.34,1272.71
5041d7c0-bb82-5f83-accb-11636e53c1ab,052d4e86-d8b3-5426-a8d5-0a4f7672bb58,d520aef1-b021-5cf0-a1d3-9e7e6d31aab7,11,568.52,0.00
21db3154-86b9-57ca-9d3a-f539fa7de8d9,50ba662e-50fa-5498-bac3-b5cf20ac7496,12003734-bab7-5410-8c89-f9a8c4967dea,3,1269.66,380.90
48296684-2c0b-50a6-a2f8-69530eff685a,50ba662e-50fa-5498-bac3-b5cf20ac7496,b6464168-fc86-5543-9805-0861ea9c66cc,9,1065.14,958.63
94431ead-f7da-51e1-ace5-80e2d178596a,50ba662e-50fa-5498-bac3-b5cf20ac7496,de536700-41fe-55c3-beb9-bfb9849c872b,12,1685.26,0.00
62b2a04b-7da4-5d5f-afef-4bf410d2e988,1b354c4f-dee7-56cc-995d-591f17bd2b38,9a2e8c5f-4d3e-5cb8-ba78-f2bd562ee61b,3,688.27,309.72
9b497905-115a-55ae-9d52-70faf38ceb4d,1b354c4f-dee7-56cc-995d-591f17bd2b38,75679cf6-5497-5e69-b773-db773bc6a245,1,1441.14,216.17
7b9397af-33ee-5728-bd9e-235b0884f5a5,10335996-e2c3-5df9-9328-7093c01d9d4d,3205bb8a-e766-5617-a3d4-78aaa9883bc8,2,1355.84,406.75
7b6cfc54-93b2-5fa3-8546-acb6e3dbdd03,10335996-e2c3-5df9-9328-7093c01d9d4d,8d892cdc-d358-5f2b-a85b-cbecc7e0a664,3,1003.20,0.00
bf51d8d1-fcb9-5000-8b53-88c23a7d8cbc,10335996-e2c3-5df9-9328-7093c01d9d4d,88f79184-2cf9-5f72-8e4a-cedfa68d9d06,4,475.83,0.00
a2b0aafa-cebe-5561-b254-acc3d62f7975,10335996-e2c3-5df9-9328-7093c01d9d4d,d96da70b-0cb5-58c8-928a-aafb2d90b154,12,1827.60,1096.56
5223e765-cfcf-5844-8571-ff480fb6b3c9,4d80028f-da09-50a7-b3ab-9c8f8482005b,2f2113cc-589a-55b5-846a-78fddce3a3c9,10,688.27,344.14
fb5040f2-03f2-5c30-8170-456d9c54a875,cd175684-8d7e-5d5a-ab0d-24481fb45ec0,cb09f248-037d-5a0d-9970-99cb102c05d8,7,1006.42,352.25
88f953a6-de41-58db-904b-c63233a5f3ff,cd175684-8d7e-5d5a-ab0d-24481fb45ec0,1760c2e4-563f-5bac-abcd-baf5317434c8,2,1665.26,166.53
7553f62f-818b-5d89-97e8-a404942386f3,cd175684-8d7e-5d5a-ab0d-24481fb45ec0,591abda9-fd16-5958-b0e9-586f0dfa6e54,7,875.54,0.00
d07d4a9c-b709-5ae7-a5a9-1ef313bbb43e,c9f43f4a-41f5-5f69-9d15-83dc6818db65,91bd15e4-105e-5926-abe6-7ceaf8c07375,11,393.96,650.03
4189b79d-c036-5c02-823f-0432e49e1e75,c9f43f4a-41f5-5f69-9d15-83dc6818db65,7169fcc7-7527-510c-b88d-bdcd257ce105,7,1025.31,717.72
fea9a18a-afdb-56b6-8b9a-4ae7e1be68f4,68e66f04-8399-59f8-a02e-7d493e4afc78,599db343-a607-5259-8af1-adde7b1a86ce,10,1047.10,0.00
dd19fb5b-ca1b-55d1-a518-c84041e5ffcf,68e66f04-8399-59f8-a02e-7d493e4afc78,a042ed60-9218-5159-876b-6c4dd0e5f934,3,381.33,114.40
f47e2217-cbc4-5db4-a03e-3a26442c3329,68e66f04-8399-59f8-a02e-7d493e4afc78,508dfc85-5bf2-5709-b1e3-06ff86d5acb8,12,387.07,0.00
1e584d18-43db-5e77-aa82-cd7623a2d8d5,68e66f04-8399-59f8-a02e-7d493e4afc78,4dbc0e6b-ab10-5b67-a928-f87e1ed2bb9a,6,233.65,0.00
307de557-0fa7-58b2-99c9-4664cc9f0cee,a56b1a81-8824-5835-8630-34c6c9e659eb,45669348-c1a3-5956-bbf2-d29bd438fbdc,5,536.14,268.07
0ddb8812-184b-529c-883b-61ddffc4393f,a56b1a81-8824-5835-8630-34c6c9e659eb,cdea42fb-ee49-5a22-a213-56a8f9fcb148,6,1597.00,958.20
30b0ac81-1f9b-5b38-a54f-ee4712cbf39c,a56b1a81-8824-5835-8630-34c6c9e659eb,86eda21c-1dbc-500a-9201-b7d6b0786cc8,1,1060.50,159.08
6b90d93a-20dd-5f2e-b24a-1fecfab8609b,a56b1a81-8824-5835-8630-34c6c9e659eb,b6edaedb-a02c-5fbc-b05c-2b5d8deb20c4,11,1512.83,2496.17
06d98f19-7e84-543c-9a8c-646bb20cb6fa,a56b1a81-8824-5835-8630-34c6c9e659eb,31a97c6b-10cf-54c1-b463-f81683a437cc,3,1252.58,0.00
df3d48ea-a869-59a4-b8b7-84fbe44564bf,a7d02e77-76ef-5747-94e3-d845179de42c,deaf9542-d65c-5f41-b22e-b1d033baea7a,12,1236.17,741.70
7bf39b87-95c7-50c3-8b01-c27d7bc95d21,a7d02e77-76ef-5747-94e3-d845179de42c,43d6da55-777b-55ef-8cf5-d4cc7bfa63ad,9,1159.60,521.82
b23f8c9f-5865-557d-a815-03a2c59dcee9,a7d02e77-76ef-5747-94e3-d845179de42c,aa67b9d9-b4e2-53f3-9447-ca933b53344f,4,1163.44,0.00
895e5b29-5f36-5a65-9c20-a19804f46d72,be799022-86b9-5f3c-87ea-28983ca36301,7169fcc7-7527-510c-b88d-bdcd257ce105,5,1025.31,768.98
fff0aacc-4f88-5e45-a4d3-10d24bda30a0,a2055aef-356b-51ef-9dd2-b629aa1c93a8,cb09f248-037d-5a0d-9970-99cb102c05d8,12,1006.42,0.00
bd349263-bc5e-51f7-af9a-197e363d9f71,a2055aef-356b-51ef-9dd2-b629aa1c93a8,2f2113cc-589a-55b5-846a-78fddce3a3c9,6,688.27,412.96
5f81beb3-da84-5b08-b525-0b6ae22d0660,a2055aef-356b-51ef-9dd2-b629aa1c93a8,3d307d78-b10f-5539-a951-7bcc9fd17161,1,1342.24,0.00
a7b5e2fa-34a4-59a3-9db3-1baacd15ddfe,8199f83c-927b-50a4-a432-f83145eddf14,8dfa6632-930f-5fdc-b7cd-8d5908a33d66,1,271.74,0.00
049df9ce-4e11-5fde-b905-8c004be050cc,8199f83c-927b-50a4-a432-f83145eddf14,12003734-bab7-5410-8c89-f9a8c4967dea,1,1269.66,190.45
3f2e0639-d8b3-5c39-b8c5-bac8ee4eb7e3,8199f83c-927b-50a4-a432-f83145eddf14,86eda21c-1dbc-500a-9201-b7d6b0786cc8,6,1060.50,0.00
da77a335-c494-5d6b-a207-940ca65ca5a6,b0071339-dcd7-5589-a572-716395f69b4f,e69a7c0b-6875-5a37-a379-abbc430fb47b,2,1211.55,0.00
ea26a25a-ff04-577c-b5a8-4b7a42b622fd,b0071339-dcd7-5589-a572-716395f69b4f,8d6058a9-d9fb-546e-b841-e6b4a0978311,9,1083.86,0.00
8129d85e-ac26-5638-a5fb-6a46b64f72ad,b0071339-dcd7-5589-a572-716395f69b4f,952e981c-e5c2-53da-984a-78dc5e3b1ad4,10,130.99,196.48
d4c698c7-8b0b-5f6c-a547-1eff8ced9666,b0071339-dcd7-5589-a572-716395f69b4f,851c23cd-3716-5170-b9ac-0c25ddc7c95c,5,497.01,0.00
405204e4-9e28-5aa2-a1e2-66e4c6371103,b0071339-dcd7-5589-a572-716395f69b4f,b5386670-1687-5260-ad33-97e5d697c425,12,902.07,1623.73
5f028fe5-ecba-50bf-9370-55845c0f4ad5,ebbc087f-f300-5298-bbef-3f909ae8cb17,8d892cdc-d358-5f2b-a85b-cbecc7e0a664,2,1003.20,0.00
b859ffe5-ffd5-5faa-b8f4-98d2e962fb36,ebbc087f-f300-5298-bbef-3f909ae8cb17,241d3cd0-ef2c-56b8-bb75-b039a61b370a,5,378.32,283.74
49a8a8eb-3acb-5de3-b31a-1a2410a61c49,7e6c4207-4ac6-599d-a1e8-5b651250c841,43d6da55-777b-55ef-8cf5-d4cc7bfa63ad,11,1159.60,1275.56
39a8e855-4b1e-54db-8829-aea8962ecf8f,7e6c4207-4ac6-599d-a1e8-5b651250c841,b4065918-1c4b-50b6-b69a-d859f24bfe23,12,1132.17,2037.91
1474b520-6c6b-58ea-8920-51ade37691a4,7e6c4207-4ac6-599d-a1e8-5b651250c841,80450a39-8a90-55da-adf7-0b6a1b84aeeb,7,1385.41,0.00
47fe7218-19a7-5de3-b311-04852d7d346a,6ac25d1d-f9e9-5eb5-9b96-00f2d4023462,c2be7cd9-f7ee-544a-9ceb-7052826da8ce,5,183.13,45.78
c76c1952-4cb8-5e27-8182-1a1ef89ac88f,6ac25d1d-f9e9-5eb5-9b96-00f2d4023462,8b12c834-e054-5502-85aa-99d1eb81eee0,3,1393.76,418.13
c97866c6-f44c-51d7-8b11-72418366e453,6ac25d1d-f9e9-5eb5-9b96-00f2d4023462,cb09f248-037d-5a0d-9970-99cb102c05d8,7,1006.42,704.49
c9b14ad3-9448-5f4d-be46-3a25992fd97a,88dd6e7a-ee4f-5051-925d-77ad40287e30,1dd457fd-1d71-5eb5-b684-6f07d43e876c,7,897.97,314.29
f5151b1d-7a1d-532f-92cc-122872175ffb,88dd6e7a-ee4f-5051-925d-77ad40287e30,508dfc85-5bf2-5709-b1e3-06ff86d5acb8,6,387.07,0.00
ef64bbb7-860c-5a4d-812e-f8b7942ad2d0,9c8bfa35-4115-5c1f-bf4b-be129d3dd413,d4214473-2bf7-5b77-bb1f-734e590c4014,7,1245.02,0.00
6eda3fc7-83c2-5d01-bba7-55bbf70445d2,9c8bfa35-4115-5c1f-bf4b-be129d3dd413,f65edfe2-43ae-59f6-b37a-f98344e1a998,2,1061.75,212.35
490b664e-7348-51d9-a880-6527aea007c8,c2805e7a-c50e-5248-a080-c4c60bc80d98,eff08d1d-eb3b-559a-8ca9-60c7b365af52,6,1515.93,1364.34
03886a2b-a504-53dd-aa16-d8f701b52ecd,c2805e7a-c50e-5248-a080-c4c60bc80d98,1c3b9a21-09fa-5c21-bdad-35f2eb8a273f,1,1126.26,56.31
25977812-2f73-5e3d-a114-a813fdf11d65,c2805e7a-c50e-5248-a080-c4c60bc80d98,591abda9-fd16-5958-b0e9-586f0dfa6e54,7,875.54,306.44
75a6ca49-d2af-52a6-9a64-94eb7c25423d,c2805e7a-c50e-5248-a080-c4c60bc80d98,829935ce-9ec7-5afb-a542-873877c9ce31,7,378.45,264.92
f5ca48a2-7bff-5dfd-8f31-91950a1ac0ca,e38b3f27-1d54-5f00-bb06-06eda3eee90b,bab29423-27f9-5732-bd8b-a403c95b1a96,3,947.18,284.15
c8c41c26-6fcb-58d9-85f1-f6a4dad69218,e38b3f27-1d54-5f00-bb06-06eda3eee90b,673811d5-2f11-5108-8b80-c9dd0dc2adda,11,503.75,554.12
946ed819-3394-5f34-81c9-ed3cc84958ed,e38b3f27-1d54-5f00-bb06-06eda3eee90b,af3fc15f-c662-5a5e-9e9c-3b2d4e1b6029,4,1539.94,0.00
d23f38b0-fe02-5258-bca9-6edd555f0a7c,ee53e2a5-d07d-5e6e-a65a-3c03cac23228,9f7bfd37-85ae-5a17-9b9f-5dafe3ec68ee,2,1138.16,227.63
9225660c-9b57-597d-9966-d3e9b81bc77e,ee53e2a5-d07d-5e6e-a65a-3c03cac23228,f218ba8f-81cf-5efd-ad55-5f4ef76110c2,4,1484.37,0.00
221ced6d-93f8-500e-ae3f-b5b25ca2b4ae,5270cfbc-879b-5548-b773-fd5f455d13bc,d68351a2-cf36-5984-a091-28a9f5b6bb7e,4,1017.79,407.12
b633865b-04df-566c-9a9c-476428d83f3a,5270cfbc-879b-5548-b773-fd5f455d13bc,cd410e43-ec3c-524b-84c6-84482a7b1204,2,549.24,54.92
b9a79485-1cf0-5ead-8afa-bf1f68853e3c,5270cfbc-879b-5548-b773-fd5f455d13bc,591abda9-fd16-5958-b0e9-586f0dfa6e54,6,875.54,525.32
ef27aa03-5dd7-5f4d-8a39-469e5dace55e,5270cfbc-879b-5548-b773-fd5f455d13bc,b6edaedb-a02c-5fbc-b05c-2b5d8deb20c4,4,1512.83,907.70
6f1bd874-c4ca-5ea8-a4a7-1e3e3894cca8,5270cfbc-879b-5548-b773-fd5f455d13bc,617fd070-2fb8-5ff6-8eaa-308844dc97ac,9,1871.53,2526.57
f53e361c-6a85-55c6-b19e-4260ffec22fb,200b23f9-67d1-5556-936a-7bea4a81fb0c,5d462a8e-32e0-59ad-ae5c-9d66eda72663,8,326.98,261.58
82d4eda6-add4-54c2-83c3-c994ce9792cf,200b23f9-67d1-5556-936a-7bea4a81fb0c,559ab41c-d860-5ab1-aaa1-483577af7b67,11,305.73,0.00
96d7f58d-bbaf-53c8-aaf1-a53ec852eb50,200b23f9-67d1-5556-936a-7bea4a81fb0c,12003734-bab7-5410-8c89-f9a8c4967dea,10,1269.66,634.83
178c0b3c-df29-533e-8ff3-044c28980dd5,200b23f9-67d1-5556-936a-7bea4a81fb0c,45669348-c1a3-5956-bbf2-d29bd438fbdc,8,536.14,0.00
5db914c1-facc-558b-ae2a-f3fc9ee2daa0,200b23f9-67d1-5556-936a-7bea4a81fb0c,f350d57a-8885-50f1-b76a-29f7a8057a35,2,1251.43,250.29
6e243368-5f89-5cf1-8fb3-58652a4120c7,4f1d7023-b914-5d8b-99af-773dbf4b2cf5,31a97c6b-10cf-54c1-b463-f81683a437cc,1,1252.58,0.00
b1509093-d716-5ddb-9985-73fd4796a25c,4f1d7023-b914-5d8b-99af-773dbf4b2cf5,13e04507-297b-56af-85d7-75b609d982a1,11,652.61,358.94
cb396b60-640b-5f9e-9c2a-3ca31de2f311,4f1d7023-b914-5d8b-99af-773dbf4b2cf5,5d462a8e-32e0-59ad-ae5c-9d66eda72663,3,326.98,0.00
29c376d6-05de-5551-a8cf-2593e86378ec,4f1d7023-b914-5d8b-99af-773dbf4b2cf5,599db343-a607-5259-8af1-adde7b1a86ce,1,1047.10,52.36
85ce0c71-1fb3-50f1-aaa0-9be0f6425e00,4f1d7023-b914-5d8b-99af-773dbf4b2cf5,e53c7da2-eb34-5499-8fd8-380dd673ea82,4,1587.45,634.98
61d78de7-44e1-518f-9405-f50f272d2682,30ff5a19-066c-53a6-b928-42331ddfffb9,bab29423-27f9-5732-bd8b-a403c95b1a96,6,947.18,852.46
83221271-4f4a-5c43-8cde-96d870e0b708,30ff5a19-066c-53a6-b928-42331ddfffb9,b4065918-1c4b-50b6-b69a-d859f24bfe23,5,1132.17,0.00
307f783a-58cb-5c54-b839-d2386b603ccc,30ff5a19-066c-53a6-b928-42331ddfffb9,508dfc85-5bf2-5709-b1e3-06ff86d5acb8,7,387.07,0.00
53a84102-0b7e-5341-a592-3ecfbd2ea875,e02266bc-4e2b-566f-86f2-691c3c19c09a,8ac2c18a-5896-572a-9f44-f5d60109258d,4,270.85,54.17
2d1a8941-d3c9-548c-b9d0-69a34286e8bd,f4a8a90f-24cc-52bb-945c-b6be0c397816,34baeb4c-81dc-5b29-bc76-0b8fd47cdbed,8,262.62,0.00
dd728fd6-3af6-58cb-8a59-fb7fd78b4afb,f4a8a90f-24cc-52bb-945c-b6be0c397816,4dbc0e6b-ab10-5b67-a928-f87e1ed2bb9a,8,233.65,280.38
e1f58bb3-368a-5876-9ec6-be9d103f176c,f4a8a90f-24cc-52bb-945c-b6be0c397816,1cc795b2-21b3-5c5e-84f0-8f1fa20a6dd4,12,668.78,0.00
6ffe16f3-2c6f-53b1-8c24-46aa865981ef,f4a8a90f-24cc-52bb-945c-b6be0c397816,599db343-a607-5259-8af1-adde7b1a86ce,9,1047.10,0.00
10ac3a5f-98b1-562b-b823-a2c6cbbbf5e9,f4a8a90f-24cc-52bb-945c-b6be0c397816,12003734-bab7-5410-8c89-f9a8c4967dea,6,1269.66,0.00
4641ed50-693c-5a9a-be12-003df0c0f8d7,10bbb5d1-8477-5712-a051-74a097d72eae,673811d5-2f11-5108-8b80-c9dd0dc2adda,1,503.75,75.56
9e3a7627-7169-5eca-9966-10ab6083118b,10bbb5d1-8477-5712-a051-74a097d72eae,5d462a8e-32e0-59ad-ae5c-9d66eda72663,8,326.98,392.38
cd851e9f-367a-5967-8d40-097553afe8ce,10bbb5d1-8477-5712-a051-74a097d72eae,12003734-bab7-5410-8c89-f9a8c4967dea,4,1269.66,0.00
8fb6cda3-5bb3-5ab9-8198-5226752298f4,10bbb5d1-8477-5712-a051-74a097d72eae,1cc795b2-21b3-5c5e-84f0-8f1fa20a6dd4,9,668.78,0.00
fe59e507-4496-572e-bac3-137d131600f7,10bbb5d1-8477-5712-a051-74a097d72eae,952e981c-e5c2-53da-984a-78dc5e3b1ad4,6,130.99,117.89
a0701415-13eb-51ed-b6f6-34d158b55fab,1f6bd632-40d1-50c4-a0d7-56096677147f,31a97c6b-10cf-54c1-b463-f81683a437cc,11,1252.58,688.92
1ca433b2-ab52-57c7-9992-64b1c99cd396,1f6bd632-40d1-50c4-a0d7-56096677147f,613ff8f3-9a2b-5f66-8d3e-3e05d5391002,5,474.67,237.34
690150b6-2f9d-517e-9c57-e3ffb6a1c844,1f6bd632-40d1-50c4-a0d7-56096677147f,80450a39-8a90-55da-adf7-0b6a1b84aeeb,7,1385.41,969.79
49461e32-c335-5372-b074-e6d97850acba,1f6bd632-40d1-50c4-a0d7-56096677147f,d3739878-986b-5b5f-a096-4452493d6cbb,8,869.60,347.84
b55dbefb-8141-5c9a-bd8a-6b5e19e3cd23,1f6bd632-40d1-50c4-a0d7-56096677147f,12003734-bab7-5410-8c89-f9a8c4967dea,3,1269.66,0.00
e03c1483-1f90-506c-8034-e061cbdf37bd,d1c70901-bdfd-5fc3-97fa-44db1ce24fca,8a195dd5-491c-532c-9a61-886a24d451c0,10,1141.76,0.00
376b803f-1e8f-55ca-8cfb-1213913606b6,36177adb-e7b4-5884-898b-15704fe5135c,e53c7da2-eb34-5499-8fd8-380dd673ea82,11,1587.45,0.00
e8d1e189-066b-50c0-b878-20c8fa2013e3,b5e05454-d53a-5048-9ac3-03d0f5f7ad70,1c3b9a21-09fa-5c21-bdad-35f2eb8a273f,3,1126.26,0.00
36832ecd-84da-53b8-99a8-538cfabcd302,b5e05454-d53a-5048-9ac3-03d0f5f7ad70,fd5d29e1-571f-589d-be31-aa00127c02aa,7,943.56,330.25
7fe6ed69-eef2-575f-937a-2ed4afef9c6a,67f97ee3-5b20-5724-b32c-a7dbac3d8c85,b4065918-1c4b-50b6-b69a-d859f24bfe23,8,1132.17,905.74
47864dd9-0463-5670-b2b1-0efee4acabf2,67f97ee3-5b20-5724-b32c-a7dbac3d8c85,8a195dd5-491c-532c-9a61-886a24d451c0,4,1141.76,228.35
f9e744ea-150d-59d0-bbe7-edc366058844,67f97ee3-5b20-5724-b32c-a7dbac3d8c85,45669348-c1a3-5956-bbf2-d29bd438fbdc,11,536.14,0.00
46aaa0cd-1c1d-5ff7-b92a-ec96ddbde399,67f97ee3-5b20-5724-b32c-a7dbac3d8c85,c3e9c7fb-d6ab-5171-a827-7aad6b6d2342,7,1198.11,419.34
4ea83899-f26a-5a27-862b-58ab2c95fe7c,67f97ee3-5b20-5724-b32c-a7dbac3d8c85,559ab41c-d860-5ab1-aaa1-483577af7b67,4,305.73,122.29
8eb68b03-0ee4-5c75-a30c-7210cb05fa49,a824db74-22f7-568d-8d72-6a0993ddd6fe,d96da70b-0cb5-58c8-928a-aafb2d90b154,3,1827.60,0.00
4a0fa0f8-9f99-5e33-9e2b-db1518b43884,a824db74-22f7-568d-8d72-6a0993ddd6fe,e69a7c0b-6875-5a37-a379-abbc430fb47b,2,1211.55,0.00
c4af3833-9ea3-509c-a140-0659bbc3b8da,a824db74-22f7-568d-8d72-6a0993ddd6fe,617fd070-2fb8-5ff6-8eaa-308844dc97ac,1,1871.53,280.73
f195bee2-951a-5518-b8da-48fd16d0c2b9,a824db74-22f7-568d-8d72-6a0993ddd6fe,673811d5-2f11-5108-8b80-c9dd0dc2adda,10,503.75,0.00
ee95637b-b55e-5e39-b815-fc07f859ecbe,a824db74-22f7-568d-8d72-6a0993ddd6fe,91bd15e4-105e-5926-abe6-7ceaf8c07375,8,393.96,0.00
bec48ffc-f64e-5f1c-9a9b-66d2e5e4f506,d0b08668-e688-5f86-9e58-460d54b5004f,31a97c6b-10cf-54c1-b463-f81683a437cc,1,1252.58,187.89
09842132-e4a7-5b03-a971-c961ce3e139f,d0b08668-e688-5f86-9e58-460d54b5004f,deaf9542-d65c-5f41-b22e-b1d033baea7a,6,1236.17,0.00
d98fac08-fcd1-5f54-9f3e-f6e5a886f3e4,d0b08668-e688-5f86-9e58-460d54b5004f,8b12c834-e054-5502-85aa-99d1eb81eee0,1,1393.76,139.38
71c70eed-a509-5e9a-b9ab-4b15e21e51ac,d0b08668-e688-5f86-9e58-460d54b5004f,1c3b9a21-09fa-5c21-bdad-35f2eb8a273f,6,1126.26,1013.63
c73e93cc-e62c-5835-ac77-b315218dd5ac,1de64791-6d69-5ea6-a52a-5659ad023e19,8b12c834-e054-5502-85aa-99d1eb81eee0,4,1393.76,278.75
0fc7d70c-e84e-5850-aacc-591700651aba,1de64791-6d69-5ea6-a52a-5659ad023e19,952e981c-e5c2-53da-984a-78dc5e3b1ad4,4,130.99,0.00
d4e6f60d-f983-580e-9c1c-341a66f19b8e,1de64791-6d69-5ea6-a52a-5659ad023e19,d37c44df-541b-5bf4-b395-65b41bac88a8,8,1334.93,0.00
06f7069a-1135-55a1-923a-4de258820122,1de64791-6d69-5ea6-a52a-5659ad023e19,3d307d78-b10f-5539-a951-7bcc9fd17161,2,1342.24,0.00
8758e222-2181-5ff7-85b8-d347cd6d8450,1de64791-6d69-5ea6-a52a-5659ad023e19,b5386670-1687-5260-ad33-97e5d697c425,1,902.07,0.00
05ce39f4-98b0-5cbe-baec-87669a6938f7,7bb8aa5b-38a1-58b0-b529-e634c6a7bdf0,952e981c-e5c2-53da-984a-78dc5e3b1ad4,2,130.99,0.00
ee03b6d2-3814-5d75-9340-4f7f31753c8a,7bb8aa5b-38a1-58b0-b529-e634c6a7bdf0,e691a6a3-7dd7-5d95-b97e-997e3af77227,12,551.10,991.98
ef5d9e9c-b8ca-5d01-b3d0-1324a2e01d2c,7bb8aa5b-38a1-58b0-b529-e634c6a7bdf0,cd410e43-ec3c-524b-84c6-84482a7b1204,2,549.24,109.85
26d4dce0-69fb-53a3-a769-10729b12731d,6a4ec012-a31b-54d1-8254-62cdb74d66ed,e139b0f5-6ca3-5ccb-8610-5a52b4b0eb6c,1,1053.19,157.98
306f2895-e092-5114-bdea-9af69000b36c,6a4ec012-a31b-54d1-8254-62cdb74d66ed,2f2113cc-589a-55b5-846a-78fddce3a3c9,4,688.27,0.00
ad46fb26-b75e-566b-a148-23ce3379340d,6a4ec012-a31b-54d1-8254-62cdb74d66ed,88f79184-2cf9-5f72-8e4a-cedfa68d9d06,11,475.83,0.00
35a1c400-0b63-5e21-abfb-87b5a05fa74a,6a4ec012-a31b-54d1-8254-62cdb74d66ed,f65edfe2-43ae-59f6-b37a-f98344e1a998,1,1061.75,53.09
eb6e97ac-83b8-58bb-bd0c-e7bc0c3c635c,fa38a614-296b-5a0f-9ae7-9f74f9d6dc4b,4dbc0e6b-ab10-5b67-a928-f87e1ed2bb9a,3,233.65,105.14
41c091e4-fb42-5c5a-9744-a41bdb00e6e4,fa38a614-296b-5a0f-9ae7-9f74f9d6dc4b,eff08d1d-eb3b-559a-8ca9-60c7b365af52,8,1515.93,606.37
889be24d-9d09-587c-9b73-8779ccebfd31,fa38a614-296b-5a0f-9ae7-9f74f9d6dc4b,f218ba8f-81cf-5efd-ad55-5f4ef76110c2,11,1484.37,1632.81
0e9014d8-65d1-588d-82d4-2d20197dfe4d,fa38a614-296b-5a0f-9ae7-9f74f9d6dc4b,e69a7c0b-6875-5a37-a379-abbc430fb47b,10,1211.55,0.00
7a8cdd16-8df0-57a7-95d9-bc17b9502d12,fa38a614-296b-5a0f-9ae7-9f74f9d6dc4b,952e981c-e5c2-53da-984a-78dc5e3b1ad4,10,130.99,196.48
dbfbc2c8-bb79-5d62-940f-e41422e81df2,f9fc0562-e745-5d0d-984a-3d286f739118,8dfa6632-930f-5fdc-b7cd-8d5908a33d66,1,271.74,13.59
b0fc093b-d008-5d34-93e5-e081aef677c6,f9fc0562-e745-5d0d-984a-3d286f739118,13ea52a1-6b55-57c7-b84e-acf7fb92f106,9,368.84,0.00
65ce530f-9b3d-509a-873e-f22997093d32,f9fc0562-e745-5d0d-984a-3d286f739118,599db343-a607-5259-8af1-adde7b1a86ce,4,1047.10,418.84
6667e252-5a9f-5b01-bd55-a3c6163d44d9,b7978c49-6e00-5d19-84ed-3964e65c1c53,cd410e43-ec3c-524b-84c6-84482a7b1204,1,549.24,54.92
6ee08999-5b04-5b1e-9cc0-c137649f5887,b7978c49-6e00-5d19-84ed-3964e65c1c53,4dbc0e6b-ab10-5b67-a928-f87e1ed2bb9a,9,233.65,0.00
0b01aeff-3878-5945-9f74-b2fd032000ca,b7978c49-6e00-5d19-84ed-3964e65c1c53,9a2e8c5f-4d3e-5cb8-ba78-f2bd562ee61b,7,688.27,722.68
489b153c-104a-5122-ab37-b2d601600888,b7978c49-6e00-5d19-84ed-3964e65c1c53,f78fc905-81d2-5f52-8c77-1cff3a4b42b7,9,290.47,392.13
770488a8-da7e-58f6-b1d1-4022bfc25e5c,b7978c49-6e00-5d19-84ed-3964e65c1c53,13ea52a1-6b55-57c7-b84e-acf7fb92f106,4,368.84,0.00
64e9c340-2895-5f9c-912a-f512873c4e9e,ab132b56-9b67-556c-9d89-7544531ebe92,9a2e8c5f-4d3e-5cb8-ba78-f2bd562ee61b,9,688.27,0.00
65625bc7-5699-525d-b5d4-fccb6d75b8e5,ab132b56-9b67-556c-9d89-7544531ebe92,673811d5-2f11-5108-8b80-c9dd0dc2adda,9,503.75,680.06
473c9194-a04d-59f2-acc3-93a5834ca568,231c4b92-047a-5dd2-b551-27aa3d2f1f3e,b5386670-1687-5260-ad33-97e5d697c425,7,902.07,631.45
0f2370a3-d6a3-5fe2-9971-f1cf61626b33,231c4b92-047a-5dd2-b551-27aa3d2f1f3e,0eb49bc4-406e-5d63-a28c-3e5b6ef668e4,3,1139.13,170.87
c44bdd1a-0948-575b-ae17-81f5e32d77f3,f9794882-b5a9-569d-9d60-4be412e3e8d8,1ac8de35-b264-5704-978e-ce8dc08dd02d,12,452.98,0.00
21ef18d9-a6ac-56a6-b545-c06d28bf7f48,b7a1a062-9652-58ef-ad63-51bad8301a8d,e691a6a3-7dd7-5d95-b97e-997e3af77227,4,551.10,0.00
fb0837a5-5c2d-560b-8b9d-39a1f1d390e6,b7a1a062-9652-58ef-ad63-51bad8301a8d,a042ed60-9218-5159-876b-6c4dd0e5f934,12,381.33,0.00
278f359f-752c-5a67-a0c3-45763e0b2dba,b7a1a062-9652-58ef-ad63-51bad8301a8d,13ea52a1-6b55-57c7-b84e-acf7fb92f106,3,368.84,165.98
88bf32da-fba0-5649-a968-f012964eb0e7,0c3d52fa-3b9d-5522-bda4-086a9aa5b6fa,dee51c26-0113-56c0-a9c6-edbcfc488df1,1,83.53,12.53
40d45551-01f9-5923-a3c0-f768a5916a0c,f40655a1-4100-5586-8a38-3569941280c2,a042ed60-9218-5159-876b-6c4dd0e5f934,11,381.33,629.19
956c498b-0e24-5eeb-a2c6-877ec5ec5b14,f40655a1-4100-5586-8a38-3569941280c2,8d892cdc-d358-5f2b-a85b-cbecc7e0a664,1,1003.20,0.00
8892ae15-814d-5983-a6f8-b9930f238e25,b6e0d8fa-e057-528f-a8bb-dab82583ee1b,e53c7da2-eb34-5499-8fd8-380dd673ea82,12,1587.45,952.47
5559e2ad-2abf-5e4a-b975-da891e77bfee,b6e0d8fa-e057-528f-a8bb-dab82583ee1b,fd5d29e1-571f-589d-be31-aa00127c02aa,1,943.56,0.00
1f0b8997-f0d9-5745-824f-f36760486109,76c9af2b-9275-5ee9-967d-2aa6d292d6f9,8d892cdc-d358-5f2b-a85b-cbecc7e0a664,1,1003.20,0.00
85c58593-67be-5074-9869-c51519197307,76c9af2b-9275-5ee9-967d-2aa6d292d6f9,34baeb4c-81dc-5b29-bc76-0b8fd47cdbed,7,262.62,0.00
721ca959-cc77-55e5-a491-3931e6095697,6cef1ca4-0437-51ed-81ea-22110bfe9fb9,fd5d29e1-571f-589d-be31-aa00127c02aa,8,943.56,0.00
de52b754-7c85-5d00-99a2-49a1637124c1,6cef1ca4-0437-51ed-81ea-22110bfe9fb9,d4214473-2bf7-5b77-bb1f-734e590c4014,10,1245.02,0.00
a2e18f19-0767-5527-88b1-4ac7e881ef0e,8ba20e66-6770-5939-810a-4799cde2026a,508dfc85-5bf2-5709-b1e3-06ff86d5acb8,4,387.07,0.00
afa72edb-335b-51ed-918d-3ed7cf51e6b6,8ba20e66-6770-5939-810a-4799cde2026a,db630ac7-839d-5331-93df-dc621d8357b6,11,582.16,640.38
a57f4093-2267-5178-ad3a-be26fcc107a6,8ba20e66-6770-5939-810a-4799cde2026a,599db343-a607-5259-8af1-adde7b1a86ce,12,1047.10,1884.78
bd255adc-b3be-5861-9aae-c3d466178fe4,8ba20e66-6770-5939-810a-4799cde2026a,45669348-c1a3-5956-bbf2-d29bd438fbdc,7,536.14,187.65
1d15f5d3-ccfc-5029-ae7d-f487c54c7808,0b7ebfd5-bb34-5cc8-9966-15a1b5898745,3d307d78-b10f-5539-a951-7bcc9fd17161,11,1342.24,0.00
5d2d01da-8065-5698-8a56-a65acf838818,0b7ebfd5-bb34-5cc8-9966-15a1b5898745,4dbc0e6b-ab10-5b67-a928-f87e1ed2bb9a,4,233.65,0.00
3ab58e9e-33f7-5a04-b3c3-495fd88673ad,0b7ebfd5-bb34-5cc8-9966-15a1b5898745,39cb20a1-5dca-5b11-90c4-3e96e441ed0c,10,447.96,0.00
0467dede-a7a3-5f66-be36-13672fd67206,0b7ebfd5-bb34-5cc8-9966-15a1b5898745,eff08d1d-eb3b-559a-8ca9-60c7b365af52,8,1515.93,606.37
2a5e5e22-ae3a-5800-ae29-8007317f82b5,7169714c-1965-5c6b-bbfc-bc1194b376c8,a042ed60-9218-5159-876b-6c4dd0e5f934,9,381.33,514.80
5cd91016-9287-5e7c-8f72-b8ec49e89400,7169714c-1965-5c6b-bbfc-bc1194b376c8,4dbc0e6b-ab10-5b67-a928-f87e1ed2bb9a,5,233.65,58.41
e1648381-3da4-535b-bd1d-934ff2b00bc7,7169714c-1965-5c6b-bbfc-bc1194b376c8,fb4140fc-b3c1-5a6a-8613-9b068fdd2b39,6,931.77,0.00
19f35ab8-4e4c-519d-a748-34291f47a263,332ba1b2-5280-5533-9462-75052905950b,dee51c26-0113-56c0-a9c6-edbcfc488df1,11,83.53,91.88
66299455-92b0-54c5-b6cf-db2329d75bab,332ba1b2-5280-5533-9462-75052905950b,43d6da55-777b-55ef-8cf5-d4cc7bfa63ad,1,1159.60,0.00
3fe05533-00b2-5977-b172-490003200374,332ba1b2-5280-5533-9462-75052905950b,d3739878-986b-5b5f-a096-4452493d6cbb,7,869.60,0.00
41405e07-e893-5048-b95d-f23142c376bb,332ba1b2-5280-5533-9462-75052905950b,0137b3c3-db39-5e56-abf7-8ae43bc349ad,4,1129.31,677.59
0fc4eaf1-e2bd-5edb-9f76-d173d968857e,b319ae28-18df-5af7-9eac-5883b8951448,b4065918-1c4b-50b6-b69a-d859f24bfe23,11,1132.17,1868.08
7a63c26c-2860-5e48-a318-89766bf96609,b319ae28-18df-5af7-9eac-5883b8951448,5d462a8e-32e0-59ad-ae5c-9d66eda72663,3,326.98,147.14
6449e568-1964-5214-81fa-16d9268c3dd1,b319ae28-18df-5af7-9eac-5883b8951448,d68351a2-cf36-5984-a091-28a9f5b6bb7e,3,1017.79,0.00
8ad80395-5e1b-5070-88e4-c4bbfcd2ca4d,b319ae28-18df-5af7-9eac-5883b8951448,9b6b9203-f582-59b6-b64c-309881607c86,9,876.23,0.00
b4248bb4-36dd-50fb-a8b0-9ee38fdb2f8d,b319ae28-18df-5af7-9eac-5883b8951448,9f7bfd37-85ae-5a17-9b9f-5dafe3ec68ee,4,1138.16,0.00
587f157d-81c3-5e09-9e87-ba0cc7f2192c,d947c56b-efa8-56ed-8493-5ed1a0022dcf,d3739878-986b-5b5f-a096-4452493d6cbb,4,869.60,173.92
332e8160-0049-5a04-8c3d-a8558b29401f,d947c56b-efa8-56ed-8493-5ed1a0022dcf,f65edfe2-43ae-59f6-b37a-f98344e1a998,6,1061.75,637.05
37baf43f-1ee3-58eb-9584-d615ce4d8d87,d947c56b-efa8-56ed-8493-5ed1a0022dcf,f350d57a-8885-50f1-b76a-29f7a8057a35,1,1251.43,0.00
3a9687c8-c665-52c5-ac28-5f192eb430de,2e4dee6b-d350-5fac-a7b6-dc9949ae64bf,1dd457fd-1d71-5eb5-b684-6f07d43e876c,4,897.97,538.78
308dfa40-6cd2-54cb-b76a-31b3ac537e8e,2e4dee6b-d350-5fac-a7b6-dc9949ae64bf,b5386670-1687-5260-ad33-97e5d697c425,9,902.07,0.00
5372813d-4607-52cb-b025-09127a5a8686,2e4dee6b-d350-5fac-a7b6-dc9949ae64bf,d6b2e2d8-f41b-5418-ba12-fcffc0aa6508,1,1950.05,195.00
42bacedc-146a-5d8f-b869-6655678d4013,2e4dee6b-d350-5fac-a7b6-dc9949ae64bf,cdea42fb-ee49-5a22-a213-56a8f9fcb148,8,1597.00,0.00
8dea1b0a-2ad3-5f50-b983-faa00b7d56f8,2e4dee6b-d350-5fac-a7b6-dc9949ae64bf,613ff8f3-9a2b-5f66-8d3e-3e05d5391002,2,474.67,0.00
6118ded4-4e6d-5976-a3c3-4fca4de6ee3b,a3f3707e-f04c-5b97-925e-6dd06c67d353,1dd457fd-1d71-5eb5-b684-6f07d43e876c,12,897.97,1616.35
126033bd-f344-5893-ab5c-e600de3da6e9,2df6976b-59be-5732-b34d-029554a62896,deaf9542-d65c-5f41-b22e-b1d033baea7a,4,1236.17,0.00
93c1be88-1e93-5fd9-9f4e-d5fff180b9b2,01ffd59c-2f48-5ba1-a6e4-c642b2642303,86eda21c-1dbc-500a-9201-b7d6b0786cc8,4,1060.50,636.30
6a508798-62f3-5392-bdc4-223ba375341a,01ffd59c-2f48-5ba1-a6e4-c642b2642303,d6b2e2d8-f41b-5418-ba12-fcffc0aa6508,12,1950.05,0.00
62f5a470-008f-5e56-9b85-5db19d67136b,01ffd59c-2f48-5ba1-a6e4-c642b2642303,0caef625-914f-5fea-8e59-19b212bfbd46,5,1252.51,939.38
e4d5fcd1-6455-5984-befe-2e915f450043,01ffd59c-2f48-5ba1-a6e4-c642b2642303,12003734-bab7-5410-8c89-f9a8c4967dea,2,1269.66,380.90
5c1bcc12-cdb1-57c3-b72a-98fea6685b76,c7647b69-c4d9-507c-bc0b-641470393a7e,bab29423-27f9-5732-bd8b-a403c95b1a96,11,947.18,1041.90
0699644c-e986-58e8-bdc3-70d459afaf1d,c7647b69-c4d9-507c-bc0b-641470393a7e,01351cb5-bcf4-52ee-88a1-c6442df67004,1,1268.11,126.81
67c251fa-85ab-54e4-b46d-53be3b790097,b2bbcd37-362a-531f-bd66-46488a05819a,1cc795b2-21b3-5c5e-84f0-8f1fa20a6dd4,4,668.78,267.51
2fe8927d-e3d5-51ab-b924-36f8168341b9,b2bbcd37-362a-531f-bd66-46488a05819a,cb09f248-037d-5a0d-9970-99cb102c05d8,4,1006.42,0.00
a8bd4035-0c43-5dc8-95dc-13daa42f3501,b2bbcd37-362a-531f-bd66-46488a05819a,1fa2b768-1b9d-5b9c-befa-fac1ccb97563,4,771.34,462.80
88a7af39-2adb-55e5-987e-47b9bdbf6b5a,b2bbcd37-362a-531f-bd66-46488a05819a,0137b3c3-db39-5e56-abf7-8ae43bc349ad,9,1129.31,508.19
4d95c9e7-2ee0-5ab1-8944-e8dd26242a93,31a72544-6067-57d6-b9b4-e291b3a38e95,d4214473-2bf7-5b77-bb1f-734e590c4014,3,1245.02,373.51
f7c660df-9414-51bf-9be9-37dcb673387b,31a72544-6067-57d6-b9b4-e291b3a38e95,673811d5-2f11-5108-8b80-c9dd0dc2adda,6,503.75,0.00
8a738ccc-f561-5341-b05f-dc36b6ed0424,31a72544-6067-57d6-b9b4-e291b3a38e95,896e7662-34d0-5631-bb0f-b5ce6b0ad1ba,5,1691.47,0.00
1d36e4d5-fbd3-5b84-b400-8a174aea1dc2,0291115f-ad49-5e77-a9a6-80adf75744d4,13ea52a1-6b55-57c7-b84e-acf7fb92f106,5,368.84,92.21
b8e13730-244e-5dab-a9cd-9ec2686b5f31,0291115f-ad49-5e77-a9a6-80adf75744d4,e3b2c918-6a66-5db3-87f9-e5c71515f2ab,10,1297.73,0.00
9793f0b0-3ea6-573e-b536-4672202d2469,0291115f-ad49-5e77-a9a6-80adf75744d4,228ccd2f-642c-5fdf-abf0-129af98a3568,8,148.91,178.69
9a2ca397-eac5-5cee-b5b3-182b2538c150,0291115f-ad49-5e77-a9a6-80adf75744d4,34baeb4c-81dc-5b29-bc76-0b8fd47cdbed,3,262.62,0.00
520a790e-a034-5479-97b5-6c6b96b91e1d,a251b214-c7e6-517b-9b34-04f3bea9bdf0,f218ba8f-81cf-5efd-ad55-5f4ef76110c2,7,1484.37,1558.59
22740f73-6a15-552e-bf7a-abf9df649252,a251b214-c7e6-517b-9b34-04f3bea9bdf0,617fd070-2fb8-5ff6-8eaa-308844dc97ac,1,1871.53,93.58
c7b42471-df62-5e12-9afb-2ad3265a99a0,a251b214-c7e6-517b-9b34-04f3bea9bdf0,851c23cd-3716-5170-b9ac-0c25ddc7c95c,3,497.01,74.55
ecac982f-4829-596e-a8a9-a9bad0668452,a5651d43-eac3-5ac0-b633-5179c612d415,673811d5-2f11-5108-8b80-c9dd0dc2adda,12,503.75,906.75
e4a7cce7-85dc-5363-a1a3-5b999a7754aa,a5651d43-eac3-5ac0-b633-5179c612d415,ac03c1f7-3948-530e-8de5-80756984ab20,7,564.84,395.39
3579b0bf-2040-5bed-8c15-48df5c22c06d,a5651d43-eac3-5ac0-b633-5179c612d415,5d462a8e-32e0-59ad-ae5c-9d66eda72663,9,326.98,0.00
347cdd04-e3f7-5c46-ba9f-b7e69c1cfa72,95528616-ba35-5d23-98e7-64931e41a737,e691a6a3-7dd7-5d95-b97e-997e3af77227,3,551.10,0.00
93d940c1-bcdf-57fa-b843-b2ec3a97d2f5,2d7e0670-5165-5119-b130-35181d4b4ccd,b4b5a0e3-641b-562e-8386-bff3564cf295,8,158.25,189.90
6422a1fe-835f-5409-8084-2b88c56905d6,2d7e0670-5165-5119-b130-35181d4b4ccd,1dd10a82-5cdc-539f-af3f-d3f255171973,9,107.50,145.12
0f3361c8-836b-5a75-9933-f31ca7e43505,b56611c0-03c1-5217-9a8c-49abaddf0581,613ff8f3-9a2b-5f66-8d3e-3e05d5391002,7,474.67,332.27
210863f8-4ffa-5f97-914f-345705bc64f2,b56611c0-03c1-5217-9a8c-49abaddf0581,cd410e43-ec3c-524b-84c6-84482a7b1204,1,549.24,54.92
bdfcdd83-8f0e-5ae5-82c2-7f264dda4be6,b56611c0-03c1-5217-9a8c-49abaddf0581,d68351a2-cf36-5984-a091-28a9f5b6bb7e,6,1017.79,0.00
c43aa654-a186-5bfa-9d5a-1a3588e000f5,b56611c0-03c1-5217-9a8c-49abaddf0581,b4065918-1c4b-50b6-b69a-d859f24bfe23,5,1132.17,849.13
5413d4be-19fa-57cb-9664-0ee9b0d4139f,b56611c0-03c1-5217-9a8c-49abaddf0581,13e04507-297b-56af-85d7-75b609d982a1,3,652.61,0.00
3f529ed9-3910-51f4-87df-dd8b604d1f62,de69f34e-3c25-52a2-8492-2b3a3ac3f620,1657c1e2-1668-5957-a5e5-822140c08707,12,1260.09,1512.11
856ed119-90a6-5ff9-a5bc-1948a4b3728b,de69f34e-3c25-52a2-8492-2b3a3ac3f620,af3fc15f-c662-5a5e-9e9c-3b2d4e1b6029,8,1539.94,615.98
e9ea15f8-a7fd-5566-9937-56dd39507b47,de69f34e-3c25-52a2-8492-2b3a3ac3f620,e53c7da2-eb34-5499-8fd8-380dd673ea82,3,1587.45,476.24
b81b8e69-5705-5058-bc70-86fb12ede339,73547adf-b291-5de8-9af5-e3089d6ca36d,f218ba8f-81cf-5efd-ad55-5f4ef76110c2,4,1484.37,593.75
d744b99d-0946-58c1-ad5b-12a8562af0b0,73547adf-b291-5de8-9af5-e3089d6ca36d,fd5d29e1-571f-589d-be31-aa00127c02aa,7,943.56,330.25
fe3a1e2d-ef47-56a1-9f39-89291f7c5425,73547adf-b291-5de8-9af5-e3089d6ca36d,8d6058a9-d9fb-546e-b841-e6b4a0978311,8,1083.86,1300.63
02f938f3-7e60-5a64-ae9b-a06e98b3e075,73547adf-b291-5de8-9af5-e3089d6ca36d,829935ce-9ec7-5afb-a542-873877c9ce31,12,378.45,0.00
909b9238-0c85-5c41-9723-b63c8ebf1786,73547adf-b291-5de8-9af5-e3089d6ca36d,43d6da55-777b-55ef-8cf5-d4cc7bfa63ad,10,1159.60,1739.40
601fe0fd-b153-5548-bc0b-c4d7dada38b3,67147bd6-9491-5f5e-bf25-69217143c863,34baeb4c-81dc-5b29-bc76-0b8fd47cdbed,7,262.62,0.00
86062709-8697-5624-8888-7716c2a18585,67147bd6-9491-5f5e-bf25-69217143c863,228ccd2f-642c-5fdf-abf0-129af98a3568,12,148.91,89.35
30f10110-c229-52e0-8e3f-c0fe4134cfe7,67147bd6-9491-5f5e-bf25-69217143c863,952e981c-e5c2-53da-984a-78dc5e3b1ad4,3,130.99,19.65
8633d0e4-08a9-5f83-b302-b34efbc074d8,67147bd6-9491-5f5e-bf25-69217143c863,ac03c1f7-3948-530e-8de5-80756984ab20,12,564.84,677.81
30c6fd5e-a903-51c8-81c6-be6eedc8dc93,e74da8f0-1001-5a5f-a0ce-ea2f16f3e5fe,241d3cd0-ef2c-56b8-bb75-b039a61b370a,11,378.32,0.00
df7110ee-e0aa-5d52-8d17-1f27abc690c6,e74da8f0-1001-5a5f-a0ce-ea2f16f3e5fe,bab29423-27f9-5732-bd8b-a403c95b1a96,3,947.18,0.00
cdc23876-27f0-5ecb-8ec5-1d681e6235f9,e74da8f0-1001-5a5f-a0ce-ea2f16f3e5fe,8b12c834-e054-5502-85aa-99d1eb81eee0,12,1393.76,1672.51
12ab4b33-6922-5844-aa3a-23c8f1297cb4,ff303f59-824e-56a2-91ef-70fc7315af81,9b6b9203-f582-59b6-b64c-309881607c86,9,876.23,0.00
ed146a69-1cdf-540d-a462-3b4f720e55d2,ff303f59-824e-56a2-91ef-70fc7315af81,bab29423-27f9-5732-bd8b-a403c95b1a96,10,947.18,473.59
5e8ef814-a0f0-50ec-b367-82ff67af2b00,ff303f59-824e-56a2-91ef-70fc7315af81,cd410e43-ec3c-524b-84c6-84482a7b1204,10,549.24,823.86
d45c060e-0f1c-54ef-b034-b31cbbdc6b7e,ff303f59-824e-56a2-91ef-70fc7315af81,0f2c8ffe-5a45-5cfc-afbf-417553294a54,8,237.59,0.00
05f3493d-08b2-55e3-95cf-1a019ec47fde,ff303f59-824e-56a2-91ef-70fc7315af81,829935ce-9ec7-5afb-a542-873877c9ce31,12,378.45,681.21
6a3abfc3-2fb7-5c95-8106-6d0d8c72b653,5dce901d-4281-5e06-a7c7-1da297faeb39,829935ce-9ec7-5afb-a542-873877c9ce31,12,378.45,227.07
92bc4f70-983d-5578-8bc4-ac4e686dd479,c8ce83be-649f-5572-b040-3f5cbd9b4ae6,1dd10a82-5cdc-539f-af3f-d3f255171973,12,107.50,64.50
7c56dde6-806a-57f2-a239-aa9ba882776d,c8ce83be-649f-5572-b040-3f5cbd9b4ae6,613ff8f3-9a2b-5f66-8d3e-3e05d5391002,6,474.67,142.40
e7368819-4a01-514e-82dd-cd19bcdffd59,610c0ffd-f50a-5837-9122-e82db1799baa,599db343-a607-5259-8af1-adde7b1a86ce,10,1047.10,0.00
aa037e82-5d5b-528c-a913-008d9a42c8f4,610c0ffd-f50a-5837-9122-e82db1799baa,896e7662-34d0-5631-bb0f-b5ce6b0ad1ba,5,1691.47,845.74
db7e85ad-79c7-53f6-ad04-f51ef2f69b06,fdace8d3-cd4d-5024-b403-3ed7ce2ee8a3,d4214473-2bf7-5b77-bb1f-734e590c4014,6,1245.02,0.00
7aeaca82-2dad-53e0-b364-240bfd3c3890,fdace8d3-cd4d-5024-b403-3ed7ce2ee8a3,d520aef1-b021-5cf0-a1d3-9e7e6d31aab7,2,568.52,0.00
ededa9ec-5f0e-5b4c-9f82-1fe8843c9928,fdace8d3-cd4d-5024-b403-3ed7ce2ee8a3,13ea52a1-6b55-57c7-b84e-acf7fb92f106,9,368.84,0.00
06bbabaa-e874-5c08-9220-81312ab7f6c3,fdace8d3-cd4d-5024-b403-3ed7ce2ee8a3,75679cf6-5497-5e69-b773-db773bc6a245,10,1441.14,0.00
23d1cbd2-b1a8-571a-ad22-88648d6c4cea,fdace8d3-cd4d-5024-b403-3ed7ce2ee8a3,bab29423-27f9-5732-bd8b-a403c95b1a96,1,947.18,94.72
2a6f4091-f4cc-552f-850a-09fd596d6c78,88c7dc14-0fda-58d0-a67b-11e84919c558,b4b5a0e3-641b-562e-8386-bff3564cf295,7,158.25,166.16
88a0979c-fb13-585d-ac7d-897b2f842624,88c7dc14-0fda-58d0-a67b-11e84919c558,1c3b9a21-09fa-5c21-bdad-35f2eb8a273f,4,1126.26,0.00
dce4417c-7122-577d-a130-47cbdc49d4cb,14522cc2-0916-52a1-9a64-42bca180445d,e69a7c0b-6875-5a37-a379-abbc430fb47b,8,1211.55,1453.86
617194d1-fbb1-5850-857d-8545e9d13dae,14522cc2-0916-52a1-9a64-42bca180445d,01351cb5-bcf4-52ee-88a1-c6442df67004,5,1268.11,634.06
ae695101-d92f-5476-b61c-94d9947ecf1b,14522cc2-0916-52a1-9a64-42bca180445d,613ff8f3-9a2b-5f66-8d3e-3e05d5391002,2,474.67,94.93
85dcdb57-1448-52ad-a832-cef2e779bbfb,14522cc2-0916-52a1-9a64-42bca180445d,af3fc15f-c662-5a5e-9e9c-3b2d4e1b6029,3,1539.94,461.98
2c7ce2ad-16a8-556f-b57f-98e79ba1059b,14522cc2-0916-52a1-9a64-42bca180445d,f218ba8f-81cf-5efd-ad55-5f4ef76110c2,5,1484.37,742.18
d1ddfd72-fa12-57c6-b096-570874a87b56,6b77e6fa-ee89-5369-80e3-007701cb3fb5,508dfc85-5bf2-5709-b1e3-06ff86d5acb8,5,387.07,96.77
2683b554-c7d8-59f5-82a0-d196841c093b,ecc859f8-4b72-546b-acdc-3e3435d93b73,8a195dd5-491c-532c-9a61-886a24d451c0,6,1141.76,1027.58
106bd568-ea49-5657-93c0-f5a55e384934,ecc859f8-4b72-546b-acdc-3e3435d93b73,0137b3c3-db39-5e56-abf7-8ae43bc349ad,6,1129.31,338.79
f2f1112c-0a37-5ea0-98bf-615427906032,ecc859f8-4b72-546b-acdc-3e3435d93b73,b4065918-1c4b-50b6-b69a-d859f24bfe23,2,1132.17,113.22
5351ce02-bdcd-5dfb-ac32-6f16f9689cac,ecc859f8-4b72-546b-acdc-3e3435d93b73,0f2c8ffe-5a45-5cfc-afbf-417553294a54,6,237.59,213.83
7a1a9a0c-b578-54f2-8d1d-bdcfb1a59639,ecc859f8-4b72-546b-acdc-3e3435d93b73,45669348-c1a3-5956-bbf2-d29bd438fbdc,10,536.14,804.21
164d66a9-66ca-5cfb-be46-30c820870539,0102ce60-ed0d-5fc8-9063-3e1a951221b3,dee51c26-0113-56c0-a9c6-edbcfc488df1,12,83.53,0.00
eea1673b-a021-52c1-bafc-6e9025ada9f7,0102ce60-ed0d-5fc8-9063-3e1a951221b3,f65edfe2-43ae-59f6-b37a-f98344e1a998,11,1061.75,1167.92
af6d3985-50d0-5295-9c6e-dd04e2b24956,0102ce60-ed0d-5fc8-9063-3e1a951221b3,12003734-bab7-5410-8c89-f9a8c4967dea,2,1269.66,380.90
f510c356-4891-5265-9a09-a28d37933af2,0102ce60-ed0d-5fc8-9063-3e1a951221b3,d4214473-2bf7-5b77-bb1f-734e590c4014,1,1245.02,0.00
ee4bb35b-040d-5d83-8bdf-5f8e60f4e774,ffa6f8b6-8a7a-5579-a479-8f9810fb6ef2,fb4140fc-b3c1-5a6a-8613-9b068fdd2b39,6,931.77,0.00
96b15510-dd7a-5a12-965d-bccb75e06413,ffa6f8b6-8a7a-5579-a479-8f9810fb6ef2,508dfc85-5bf2-5709-b1e3-06ff86d5acb8,4,387.07,154.83
d6798f27-7be8-57fc-be07-f9013bbfb309,ffa6f8b6-8a7a-5579-a479-8f9810fb6ef2,9e165d6f-802f-5694-a25a-20885ba2aa7f,10,433.03,0.00
ad48db84-fe44-5cb1-8460-1ff0dbf92f60,ffa6f8b6-8a7a-5579-a479-8f9810fb6ef2,559ab41c-d860-5ab1-aaa1-483577af7b67,11,305.73,0.00
fc197435-0719-5dc1-823d-aaac0501c850,8823a377-39ea-5ebc-b70e-64dd0ddc18b9,8d6058a9-d9fb-546e-b841-e6b4a0978311,6,1083.86,650.32
c829b3d1-88f8-5400-a8f6-92cc2d1cd190,8823a377-39ea-5ebc-b70e-64dd0ddc18b9,0137b3c3-db39-5e56-abf7-8ae43bc349ad,6,1129.31,0.00
6efffc5d-df5c-5cc9-8cd4-21dc4309c1e8,8823a377-39ea-5ebc-b70e-64dd0ddc18b9,829935ce-9ec7-5afb-a542-873877c9ce31,10,378.45,567.68
4b736dd8-0438-59b2-888d-5cdef769795b,8823a377-39ea-5ebc-b70e-64dd0ddc18b9,db43f9b2-c956-5785-8950-8287c47db3ae,2,894.98,268.49
b111169e-1d5b-59b7-b12e-6e5408995ad2,9d0de916-c5d5-55a7-876e-717af808bfd2,591abda9-fd16-5958-b0e9-586f0dfa6e54,6,875.54,262.66
feb17f9b-5ad5-57f4-a7b0-b009bc6d3383,8eb2047c-8387-5be5-b170-bc2920d574cb,ac03c1f7-3948-530e-8de5-80756984ab20,9,564.84,0.00
2afc43a1-4e58-5ba8-a18b-f11c4cbf5dab,61dc289c-5052-5f04-af9e-ccaaf79eeaed,ac03c1f7-3948-530e-8de5-80756984ab20,3,564.84,254.18
4e727adc-38d3-554f-9433-0bc92540999a,61dc289c-5052-5f04-af9e-ccaaf79eeaed,f78fc905-81d2-5f52-8c77-1cff3a4b42b7,9,290.47,392.13
738d28e4-e283-574d-953d-967dcee234df,6aa691a6-77f3-51e2-b200-88c811d5dc02,599db343-a607-5259-8af1-adde7b1a86ce,5,1047.10,523.55
a549d5c2-c477-5aec-b1e9-ad0a49b5e8cb,15f933e7-6232-5582-8f8f-ec2d65ea0d95,d520aef1-b021-5cf0-a1d3-9e7e6d31aab7,8,568.52,454.82
325071d6-43e0-5a6e-9f44-e9dcff5674ba,15f933e7-6232-5582-8f8f-ec2d65ea0d95,6469a098-75a3-5b3b-839a-ad075a8e67ad,3,728.47,0.00
09810261-9621-5d8d-a749-5bea5fd0fb64,15f933e7-6232-5582-8f8f-ec2d65ea0d95,e3b2c918-6a66-5db3-87f9-e5c71515f2ab,9,1297.73,1167.96
a3925842-d110-5a85-8b81-6ac5afd663c7,15f933e7-6232-5582-8f8f-ec2d65ea0d95,aa67b9d9-b4e2-53f3-9447-ca933b53344f,4,1163.44,698.06
3f08b091-21ac-50e3-ac98-14381bfc74cf,0d291368-df01-50f9-8444-536ad537dbaa,1cc795b2-21b3-5c5e-84f0-8f1fa20a6dd4,6,668.78,401.27
d8c92144-9fee-56c3-b283-ace59e19f107,0d291368-df01-50f9-8444-536ad537dbaa,ac03c1f7-3948-530e-8de5-80756984ab20,6,564.84,169.45
8577deae-218c-568a-928c-6e80c7a2726f,0d291368-df01-50f9-8444-536ad537dbaa,d4214473-2bf7-5b77-bb1f-734e590c4014,5,1245.02,0.00
fcb1d7f3-7707-53db-b777-3f2145ece805,0d291368-df01-50f9-8444-536ad537dbaa,896e7662-34d0-5631-bb0f-b5ce6b0ad1ba,11,1691.47,1860.62
6bb15738-1c94-57a6-8f6b-ca3f4b5b3dfd,0d291368-df01-50f9-8444-536ad537dbaa,e53c7da2-eb34-5499-8fd8-380dd673ea82,1,1587.45,0.00
52b21376-9052-5d1a-9aba-4029b417574e,24ac10e7-32e3-58c6-a046-dd29aa88b7af,4dbc0e6b-ab10-5b67-a928-f87e1ed2bb9a,2,233.65,23.36
3d0126b4-3e3b-5176-b873-af3e1cf16ac6,24ac10e7-32e3-58c6-a046-dd29aa88b7af,228ccd2f-642c-5fdf-abf0-129af98a3568,12,148.91,0.00
246ed964-3272-5963-a0ec-beeb0e01bd71,24ac10e7-32e3-58c6-a046-dd29aa88b7af,241d3cd0-ef2c-56b8-bb75-b039a61b370a,7,378.32,0.00
be52eb2b-0bd1-5e20-8a28-ac249caa8761,d83140cc-55f8-5a60-b7a3-a44dca228400,75679cf6-5497-5e69-b773-db773bc6a245,12,1441.14,2594.05
8eea98ed-e300-596a-a0f2-f2d47e625b84,d83140cc-55f8-5a60-b7a3-a44dca228400,9a2e8c5f-4d3e-5cb8-ba78-f2bd562ee61b,2,688.27,137.65
7926444a-5dc3-54e8-bdeb-0b9918010a01,d83140cc-55f8-5a60-b7a3-a44dca228400,896e7662-34d0-5631-bb0f-b5ce6b0ad1ba,7,1691.47,1184.03
ddbd2619-01a0-5f1b-8ac6-7358d50fac92,71f749c4-eb4e-5908-9c1e-8263107e5885,deaf9542-d65c-5f41-b22e-b1d033baea7a,7,1236.17,1297.98
e60a7f7f-3491-5254-9346-a1bfcb8b6082,71f749c4-eb4e-5908-9c1e-8263107e5885,db630ac7-839d-5331-93df-dc621d8357b6,5,582.16,145.54
2ead02f2-55f5-529f-b1a6-183587d80345,71f749c4-eb4e-5908-9c1e-8263107e5885,86eda21c-1dbc-500a-9201-b7d6b0786cc8,8,1060.50,0.00
5abdb918-9776-564e-be31-82bb8b80c95d,71f749c4-eb4e-5908-9c1e-8263107e5885,d4214473-2bf7-5b77-bb1f-734e590c4014,6,1245.02,0.00
af2e6235-4743-535e-8901-8fbeecb7b864,758d4395-5026-58b5-bbff-d44edd5aee42,12003734-bab7-5410-8c89-f9a8c4967dea,6,1269.66,0.00
4f9e4090-03b6-5d44-a89e-3e29a3d5801d,758d4395-5026-58b5-bbff-d44edd5aee42,fb4140fc-b3c1-5a6a-8613-9b068fdd2b39,1,931.77,0.00
23ae0ead-8978-55fa-b3d6-3cc8fe0250a2,758d4395-5026-58b5-bbff-d44edd5aee42,fd5d29e1-571f-589d-be31-aa00127c02aa,8,943.56,754.85
79e85ec5-0cec-5dd6-ab7b-65e1aee3b7ac,758d4395-5026-58b5-bbff-d44edd5aee42,d6b2e2d8-f41b-5418-ba12-fcffc0aa6508,2,1950.05,390.01
4c7059d5-ed4b-5523-94d0-e5adccac5986,a477b773-07f2-5667-a7f2-742c79db9e67,5d79cff2-0e77-58a2-b1bf-c506ed3c98bd,6,822.40,0.00
c8668f9f-79d0-5328-9be0-7c194f866753,a477b773-07f2-5667-a7f2-742c79db9e67,5d462a8e-32e0-59ad-ae5c-9d66eda72663,3,326.98,0.00
129db0ba-8eea-546b-b726-8e394f90d7c0,a477b773-07f2-5667-a7f2-742c79db9e67,0eb49bc4-406e-5d63-a28c-3e5b6ef668e4,6,1139.13,0.00
896330c0-2dd8-52b4-9067-85172e4c9642,b55a070f-8fc3-5ea0-ab30-d1687f30dd5a,f218ba8f-81cf-5efd-ad55-5f4ef76110c2,7,1484.37,519.53
2470cc02-3f51-594a-9687-ea226dbdee65,b55a070f-8fc3-5ea0-ab30-d1687f30dd5a,1dd457fd-1d71-5eb5-b684-6f07d43e876c,10,897.97,897.97
d3af6657-e309-5b61-919b-1c1d0609ba16,14a6f234-1a27-5be8-89cd-6cd1082a0d01,45669348-c1a3-5956-bbf2-d29bd438fbdc,6,536.14,160.84
fbfd1a3c-a75a-55ef-8bba-6386f03d8381,cf778779-2343-5a9e-a5f2-98cc3a595103,b5386670-1687-5260-ad33-97e5d697c425,5,902.07,451.04
f73e0f88-5d44-5669-9240-cfe6e20d7c56,cf778779-2343-5a9e-a5f2-98cc3a595103,fb4140fc-b3c1-5a6a-8613-9b068fdd2b39,7,931.77,326.12
02830de4-2a7f-52f1-85e8-58ee456597b6,cf778779-2343-5a9e-a5f2-98cc3a595103,fd5d29e1-571f-589d-be31-aa00127c02aa,3,943.56,0.00
8a300823-b2c9-50d7-88d5-5272072309ff,b7eadb32-eb2e-5df6-915d-b5015c3271da,b6edaedb-a02c-5fbc-b05c-2b5d8deb20c4,4,1512.83,907.70
2ffef6ac-3a7e-52e3-9ef1-ffd6b7bb1308,b7eadb32-eb2e-5df6-915d-b5015c3271da,9e165d6f-802f-5694-a25a-20885ba2aa7f,3,433.03,64.95
28d1b460-dd49-53dc-92ce-604939ca0d13,b7eadb32-eb2e-5df6-915d-b5015c3271da,1fa2b768-1b9d-5b9c-befa-fac1ccb97563,1,771.34,0.00
f729bb5a-4464-5e6b-935a-c4d10d5dbd37,b7eadb32-eb2e-5df6-915d-b5015c3271da,db630ac7-839d-5331-93df-dc621d8357b6,12,582.16,349.30
a2e85091-f160-5bbc-bb2d-8519620d7264,2b94bd5f-3e45-5008-af1e-259f6aeb05a2,db43f9b2-c956-5785-8950-8287c47db3ae,5,894.98,223.74
339118b4-f457-578e-b4f6-eceecc80a419,2b94bd5f-3e45-5008-af1e-259f6aeb05a2,9e165d6f-802f-5694-a25a-20885ba2aa7f,7,433.03,0.00
b315d737-904b-5209-9052-dc66ff284fc3,3a58d010-47f2-53a3-b59a-0a7936ce7c40,c3e9c7fb-d6ab-5171-a827-7aad6b6d2342,2,1198.11,239.62
ea37360c-549c-5bb6-88ff-c621c08249bd,3a58d010-47f2-53a3-b59a-0a7936ce7c40,b6464168-fc86-5543-9805-0861ea9c66cc,6,1065.14,958.63
5f7d90c2-097d-56f0-b5a7-2c78e5171a3c,f41c8896-18c7-5fc1-a100-3587e8066ea8,7169fcc7-7527-510c-b88d-bdcd257ce105,12,1025.31,1845.56
c6438579-f980-59bc-a6b5-5ea0491d2a01,f41c8896-18c7-5fc1-a100-3587e8066ea8,5d79cff2-0e77-58a2-b1bf-c506ed3c98bd,10,822.40,0.00
c25d6b5e-acff-5891-a120-b2fad754e251,f41c8896-18c7-5fc1-a100-3587e8066ea8,f9fe7a6c-9a44-59e2-a4cc-fef69cc2e48e,6,684.00,410.40
3d8fca58-3cd6-5e43-af0f-50cf4e16e75f,f41c8896-18c7-5fc1-a100-3587e8066ea8,fd5d29e1-571f-589d-be31-aa00127c02aa,11,943.56,1556.87
b85ba26d-eb7c-5baa-9663-a2e18ad30f96,f41c8896-18c7-5fc1-a100-3587e8066ea8,952e981c-e5c2-53da-984a-78dc5e3b1ad4,12,130.99,0.00
5ab5f935-986e-56b8-9ef7-04e09c3cdbad,172069cc-e351-51f3-bfb4-c9c0c7672d7f,2e263bcd-bacc-5f51-b35b-70d1674f4dc5,9,370.19,0.00
b7d320be-0fe1-51d2-8f6f-3503f682d0b6,172069cc-e351-51f3-bfb4-c9c0c7672d7f,952e981c-e5c2-53da-984a-78dc5e3b1ad4,12,130.99,0.00
ccc6b995-27bc-52d1-ac6d-e20eab70f06b,d46541fe-2f13-5a52-b3e7-9377405c1562,8a195dd5-491c-532c-9a61-886a24d451c0,7,1141.76,799.23
0e451795-de86-5753-94ef-ceb8a5840e71,ad8a3c98-7b56-56fa-88ad-52f21cd20f0a,952e981c-e5c2-53da-984a-78dc5e3b1ad4,7,130.99,91.69
2245aa8e-92e8-5a40-a7a7-2db59d8f0322,ad8a3c98-7b56-56fa-88ad-52f21cd20f0a,b4065918-1c4b-50b6-b69a-d859f24bfe23,1,1132.17,169.83
c6801e0b-4516-5bbb-acd9-345f4f181a8c,ad8a3c98-7b56-56fa-88ad-52f21cd20f0a,0137b3c3-db39-5e56-abf7-8ae43bc349ad,10,1129.31,0.00
27dc8924-e0a4-51bb-af27-3e2b0647f88d,ad8a3c98-7b56-56fa-88ad-52f21cd20f0a,af3fc15f-c662-5a5e-9e9c-3b2d4e1b6029,9,1539.94,692.97
b94a0d0b-23cd-55ba-a00b-0ccf3c33ded2,ad8a3c98-7b56-56fa-88ad-52f21cd20f0a,591abda9-fd16-5958-b0e9-586f0dfa6e54,9,875.54,0.00
dfe596af-af0b-5f53-8f44-73f57c8709cc,d4fa79a2-62d5-5f6d-b878-99ee122785da,db630ac7-839d-5331-93df-dc621d8357b6,5,582.16,436.62
6d9b840b-4726-537a-a432-cfdec6717424,d4fa79a2-62d5-5f6d-b878-99ee122785da,a042ed60-9218-5159-876b-6c4dd0e5f934,5,381.33,190.66
843aa52f-6623-50df-b5b3-6b9275678deb,d4fa79a2-62d5-5f6d-b878-99ee122785da,3d307d78-b10f-5539-a951-7bcc9fd17161,3,1342.24,201.34
1f5184a9-99fe-5bbb-a8a0-c7616a7612cb,9496f5bf-a5ff-5cd1-8f8f-b26e92c8dea7,9b6b9203-f582-59b6-b64c-309881607c86,12,876.23,1577.21
0b6537e5-7ac4-5369-baad-08d0695ea529,9496f5bf-a5ff-5cd1-8f8f-b26e92c8dea7,5d462a8e-32e0-59ad-ae5c-9d66eda72663,5,326.98,245.24
5a049b73-0aa7-527b-8f39-0a643b9b0614,9496f5bf-a5ff-5cd1-8f8f-b26e92c8dea7,b5386670-1687-5260-ad33-97e5d697c425,9,902.07,0.00
9a1b3646-7afb-53a2-b03e-cd5f46e32114,9496f5bf-a5ff-5cd1-8f8f-b26e92c8dea7,d4214473-2bf7-5b77-bb1f-734e590c4014,3,1245.02,0.00
042fac20-5652-5e08-b7e9-dae2a87b4820,02cefc57-182b-5c24-a412-bc1d1fcd2ebc,b5386670-1687-5260-ad33-97e5d697c425,11,902.07,0.00
f5ac04c8-5249-5b59-afd7-5537d6dcdcdd,02cefc57-182b-5c24-a412-bc1d1fcd2ebc,cdea42fb-ee49-5a22-a213-56a8f9fcb148,9,1597.00,0.00
d862c77c-302b-5776-b3f3-731770fb2c26,02cefc57-182b-5c24-a412-bc1d1fcd2ebc,3205bb8a-e766-5617-a3d4-78aaa9883bc8,11,1355.84,2237.14
c2112f3d-d4e1-5869-ad74-e6170a053ba6,02cefc57-182b-5c24-a412-bc1d1fcd2ebc,228ccd2f-642c-5fdf-abf0-129af98a3568,11,148.91,0.00
288b2ed0-be18-51ef-8bcc-3b68c01c5b7a,02cefc57-182b-5c24-a412-bc1d1fcd2ebc,2e263bcd-bacc-5f51-b35b-70d1674f4dc5,2,370.19,111.06
55f719e5-9950-52c5-96f1-371a97e82697,0c6f9e45-3180-59ee-828a-5ca718ae7978,c2be7cd9-f7ee-544a-9ceb-7052826da8ce,9,183.13,0.00
0354b873-b5b9-5e49-a155-fa4903a6e46b,0c6f9e45-3180-59ee-828a-5ca718ae7978,829935ce-9ec7-5afb-a542-873877c9ce31,11,378.45,0.00
a3f52215-1938-55f9-bde8-52951fc73b67,0c6f9e45-3180-59ee-828a-5ca718ae7978,f218ba8f-81cf-5efd-ad55-5f4ef76110c2,4,1484.37,296.87
ae15724d-8673-55c1-81c7-8e8452e98eae,0c6f9e45-3180-59ee-828a-5ca718ae7978,0caef625-914f-5fea-8e59-19b212bfbd46,6,1252.51,375.75
32644572-b006-5ea5-942d-3d56f02d3615,0c6f9e45-3180-59ee-828a-5ca718ae7978,f350d57a-8885-50f1-b76a-29f7a8057a35,4,1251.43,0.00
feb7b345-7b88-5a63-8bc6-2f9a8b572b77,257348ef-45b0-5dcd-af58-f69366b3493d,f65edfe2-43ae-59f6-b37a-f98344e1a998,7,1061.75,0.00
e4c92ce5-05e5-578b-be9a-61fff0f43c1b,e06fbd89-d4bf-5815-b3c5-ef190e72f9a0,fb4140fc-b3c1-5a6a-8613-9b068fdd2b39,8,931.77,745.42
fb73af8c-6a0c-5254-8dd3-11da3e51ecaf,4199cc09-f1de-581e-8bab-e5d321910465,241d3cd0-ef2c-56b8-bb75-b039a61b370a,8,378.32,302.66
268593a9-9882-5cb5-8e98-af3b7f0f9fed,4199cc09-f1de-581e-8bab-e5d321910465,f218ba8f-81cf-5efd-ad55-5f4ef76110c2,10,1484.37,1484.37
35efdd5d-c677-5933-90bf-ba548c394351,4199cc09-f1de-581e-8bab-e5d321910465,8ac2c18a-5896-572a-9f44-f5d60109258d,10,270.85,0.00
e2a7d3ad-b290-554f-8bb3-ed27b2c6deda,2909d17a-095d-509d-97df-44fdba68910e,f65edfe2-43ae-59f6-b37a-f98344e1a998,10,1061.75,0.00
2029d0c4-2eff-5356-80d2-4862b9c2da18,2909d17a-095d-509d-97df-44fdba68910e,c2be7cd9-f7ee-544a-9ceb-7052826da8ce,2,183.13,18.31
a3dc0ebd-0249-596b-8a8a-e1bd2604f3f4,2909d17a-095d-509d-97df-44fdba68910e,2f2113cc-589a-55b5-846a-78fddce3a3c9,11,688.27,757.10
aa1f5a20-014b-57bf-8b8b-7b1ec715b0bc,e6b55a13-b22c-5449-8d53-a61a98cdd6c8,aa67b9d9-b4e2-53f3-9447-ca933b53344f,1,1163.44,58.17
7cc0e6db-304e-5fb4-9855-875d7e0d1f19,e6b55a13-b22c-5449-8d53-a61a98cdd6c8,9a2e8c5f-4d3e-5cb8-ba78-f2bd562ee61b,12,688.27,1238.89
2efe7aa5-e9f2-59e3-bb8a-8f6c7bdab514,e6b55a13-b22c-5449-8d53-a61a98cdd6c8,1cc795b2-21b3-5c5e-84f0-8f1fa20a6dd4,12,668.78,0.00
8762e5d1-9c8c-528f-83d6-c2fc5db2e572,ed264d74-c516-5ae3-b8cd-bb2a418ce1ab,cb09f248-037d-5a0d-9970-99cb102c05d8,6,1006.42,0.00
3885c010-9274-5f7f-9b83-7a4e5ec395aa,ed264d74-c516-5ae3-b8cd-bb2a418ce1ab,9a2e8c5f-4d3e-5cb8-ba78-f2bd562ee61b,7,688.27,0.00
da9701dc-2a3c-5575-bbe9-97416e9c5c8b,ed264d74-c516-5ae3-b8cd-bb2a418ce1ab,613ff8f3-9a2b-5f66-8d3e-3e05d5391002,12,474.67,284.80
27d0a8ab-378f-50ed-aa5d-dc5d259613dc,947ca1a1-dc7d-55fa-99a9-46a65c3363b2,c3e9c7fb-d6ab-5171-a827-7aad6b6d2342,7,1198.11,1258.02
a6707794-ee10-5635-9e59-d661e069c0d7,947ca1a1-dc7d-55fa-99a9-46a65c3363b2,db43f9b2-c956-5785-8950-8287c47db3ae,8,894.98,0.00
a7415acc-d9cb-58de-ab6f-9723597797ff,53766658-a8df-5965-bd07-228ab8fb0b76,13ea52a1-6b55-57c7-b84e-acf7fb92f106,9,368.84,165.98
a5d64d27-f612-5172-8f4b-e654c94a63c6,53766658-a8df-5965-bd07-228ab8fb0b76,1dd457fd-1d71-5eb5-b684-6f07d43e876c,7,897.97,314.29
6fdd99bb-10f7-57a4-9230-d205c1c2020c,53766658-a8df-5965-bd07-228ab8fb0b76,617fd070-2fb8-5ff6-8eaa-308844dc97ac,8,1871.53,1497.22
1fcbc51f-f41b-5941-a79d-307f8e2781a1,53766658-a8df-5965-bd07-228ab8fb0b76,599db343-a607-5259-8af1-adde7b1a86ce,5,1047.10,261.78
87f655f2-d426-51ff-b42e-e785d433589e,53766658-a8df-5965-bd07-228ab8fb0b76,db43f9b2-c956-5785-8950-8287c47db3ae,2,894.98,0.00
fa0ebd6b-3cfe-5bb5-afea-7f395f050909,98dbe245-3426-53f8-a383-52c6984eec13,31a97c6b-10cf-54c1-b463-f81683a437cc,1,1252.58,187.89
dbc7a1bd-7f22-5509-b3a2-12eb814ad140,98dbe245-3426-53f8-a383-52c6984eec13,1dd457fd-1d71-5eb5-b684-6f07d43e876c,12,897.97,538.78
ba9c79e9-a671-5f16-8989-ca4a94a5e460,2f37f8e7-7e09-5f9d-b311-10d170f993ce,e53c7da2-eb34-5499-8fd8-380dd673ea82,8,1587.45,634.98
de8dd051-779f-58e8-99ac-3dc5b978117a,2f37f8e7-7e09-5f9d-b311-10d170f993ce,1ac8de35-b264-5704-978e-ce8dc08dd02d,11,452.98,498.28
ad8ddbaa-6c90-5683-9b6a-69904f1bd06f,2f37f8e7-7e09-5f9d-b311-10d170f993ce,851c23cd-3716-5170-b9ac-0c25ddc7c95c,12,497.01,0.00
663b6172-d508-5b70-9b3e-1dd4df730670,2f37f8e7-7e09-5f9d-b311-10d170f993ce,d96da70b-0cb5-58c8-928a-aafb2d90b154,6,1827.60,548.28
d322528f-70f9-5311-9bbf-1135ee8e5390,df4324a9-03e8-591f-97c9-1d442a099951,c3e9c7fb-d6ab-5171-a827-7aad6b6d2342,4,1198.11,0.00
75071b80-8091-54c2-9fc2-e7e6c026ac0d,df4324a9-03e8-591f-97c9-1d442a099951,8b12c834-e054-5502-85aa-99d1eb81eee0,1,1393.76,209.06
e66d4634-b439-5e78-bfa4-183359269e8d,df4324a9-03e8-591f-97c9-1d442a099951,deaf9542-d65c-5f41-b22e-b1d033baea7a,12,1236.17,1483.40
76a73ed4-27a9-5bfe-8fcc-bf14097c3a74,df4324a9-03e8-591f-97c9-1d442a099951,228ccd2f-642c-5fdf-abf0-129af98a3568,1,148.91,7.45
29240288-4476-5a5a-b87f-25bd4cd3f4c2,032493c6-62f8-567b-94c4-09501c182517,d68351a2-cf36-5984-a091-28a9f5b6bb7e,2,1017.79,0.00
44c65203-29c1-5201-9a2e-91a0e144652f,032493c6-62f8-567b-94c4-09501c182517,f350d57a-8885-50f1-b76a-29f7a8057a35,4,1251.43,0.00
b6fdd65e-8376-56ad-af61-6925c8e2bbc8,032493c6-62f8-567b-94c4-09501c182517,e69a7c0b-6875-5a37-a379-abbc430fb47b,6,1211.55,726.93
8b68be11-23b9-5b63-bb5e-c4852f5369b3,1e22c4e7-d950-5a7e-89d1-7616d61c7208,01351cb5-bcf4-52ee-88a1-c6442df67004,4,1268.11,253.62
ac477caf-24b5-52ae-9737-feb63635400f,1e22c4e7-d950-5a7e-89d1-7616d61c7208,13ea52a1-6b55-57c7-b84e-acf7fb92f106,1,368.84,55.33
c7a3e703-11e4-533a-9ef0-8642d4eb72d5,1e22c4e7-d950-5a7e-89d1-7616d61c7208,0caef625-914f-5fea-8e59-19b212bfbd46,1,1252.51,0.00
3e4924b5-3820-5cea-9d35-8afd3a016f90,1e22c4e7-d950-5a7e-89d1-7616d61c7208,91bd15e4-105e-5926-abe6-7ceaf8c07375,2,393.96,118.19
1c144c31-234b-5ade-a6c1-80a89e5dc12f,e93743c6-f6c9-50df-8ec8-6ded828866ca,e69a7c0b-6875-5a37-a379-abbc430fb47b,10,1211.55,605.78
02ae7371-5970-5302-b84b-b1dc8a690fc3,e8c8f7d6-ef36-5fc2-9dcc-3b872b254654,8dfa6632-930f-5fdc-b7cd-8d5908a33d66,11,271.74,149.46
af7e53ac-8851-5660-9313-c4e4105bcf51,e8c8f7d6-ef36-5fc2-9dcc-3b872b254654,b4b5a0e3-641b-562e-8386-bff3564cf295,6,158.25,0.00
5bcc23f6-49a9-5baf-924f-0a9b9fd5b835,e8c8f7d6-ef36-5fc2-9dcc-3b872b254654,613ff8f3-9a2b-5f66-8d3e-3e05d5391002,11,474.67,783.21
fb89ad0e-1d9b-50db-b0ce-04aa9e9876b5,e8c8f7d6-ef36-5fc2-9dcc-3b872b254654,31a97c6b-10cf-54c1-b463-f81683a437cc,9,1252.58,563.66
f2a1031f-85dc-5894-a2da-f598905b91aa,e8c8f7d6-ef36-5fc2-9dcc-3b872b254654,6469a098-75a3-5b3b-839a-ad075a8e67ad,6,728.47,0.00
6cd34f3a-e734-56ba-a793-d5f484830f72,26d88220-e258-5d3a-b4c5-d37f08956b9f,f65edfe2-43ae-59f6-b37a-f98344e1a998,10,1061.75,0.00
93c0c31f-2bdd-5a07-a41e-85bcbad32e08,26d88220-e258-5d3a-b4c5-d37f08956b9f,0eb49bc4-406e-5d63-a28c-3e5b6ef668e4,11,1139.13,1253.04
d43dd0f2-dc2f-531d-88b5-a37234d23e13,26d88220-e258-5d3a-b4c5-d37f08956b9f,31a97c6b-10cf-54c1-b463-f81683a437cc,9,1252.58,1690.98
67eb50a0-8422-524b-93c1-1fc9138aba10,4187c386-aa2d-5081-8f7f-7599d68a4989,ac03c1f7-3948-530e-8de5-80756984ab20,8,564.84,0.00
f9bd8e2c-abe8-520d-9a87-08aee408bbd5,208d05a9-734d-5564-9da8-784fb255ec02,4dbc0e6b-ab10-5b67-a928-f87e1ed2bb9a,8,233.65,93.46
797d992a-37b1-5be3-baca-8ed895c6193d,208d05a9-734d-5564-9da8-784fb255ec02,01351cb5-bcf4-52ee-88a1-c6442df67004,8,1268.11,0.00
dfbbf029-d651-5609-a0e6-81af0e2fa751,208d05a9-734d-5564-9da8-784fb255ec02,e3b2c918-6a66-5db3-87f9-e5c71515f2ab,5,1297.73,973.30
eef5d8e4-010a-554e-8bf3-ad65b6dec5be,208d05a9-734d-5564-9da8-784fb255ec02,cd410e43-ec3c-524b-84c6-84482a7b1204,6,549.24,0.00
b97ee621-b1e0-5fd0-bd75-06f75e5963ef,208d05a9-734d-5564-9da8-784fb255ec02,af3fc15f-c662-5a5e-9e9c-3b2d4e1b6029,7,1539.94,0.00
9b6458e8-89c4-53e4-ba54-905493329427,4f61ba31-d52c-531b-ab8a-98bb45608601,43d6da55-777b-55ef-8cf5-d4cc7bfa63ad,4,1159.60,695.76
8b9a5706-77eb-5a3e-bb97-b76d727c555b,4f61ba31-d52c-531b-ab8a-98bb45608601,1fa2b768-1b9d-5b9c-befa-fac1ccb97563,9,771.34,347.10
d42f7950-c53a-5351-918b-f6e63f165af8,4f61ba31-d52c-531b-ab8a-98bb45608601,b4b5a0e3-641b-562e-8386-bff3564cf295,2,158.25,0.00
36e54175-e534-5fe5-987e-0a3fffc0086b,700f443c-101b-54db-97b2-6252aff6b390,75679cf6-5497-5e69-b773-db773bc6a245,6,1441.14,0.00
78ec9d5e-aece-58b6-819b-2026e25ea06f,700f443c-101b-54db-97b2-6252aff6b390,d68351a2-cf36-5984-a091-28a9f5b6bb7e,10,1017.79,0.00
518d248b-ae4b-5161-89d4-c643eeff75c8,700f443c-101b-54db-97b2-6252aff6b390,9f7bfd37-85ae-5a17-9b9f-5dafe3ec68ee,7,1138.16,0.00
8cb55a21-86fb-579f-8374-60092e3ffda7,700f443c-101b-54db-97b2-6252aff6b390,fd5d29e1-571f-589d-be31-aa00127c02aa,2,943.56,94.36
b060408b-8579-5ec9-8126-c5b429d34bb4,b86b8cd6-5021-5fe0-81e7-5d8bd3ccb235,45669348-c1a3-5956-bbf2-d29bd438fbdc,8,536.14,643.37
e16d15a8-a34e-533d-a494-e66d47d39bfb,b86b8cd6-5021-5fe0-81e7-5d8bd3ccb235,e53c7da2-eb34-5499-8fd8-380dd673ea82,12,1587.45,2857.41
bc8f66a7-c5f4-5e8c-b62e-3c5e61e83677,b86b8cd6-5021-5fe0-81e7-5d8bd3ccb235,1dd457fd-1d71-5eb5-b684-6f07d43e876c,9,897.97,808.17
74c29fd4-741a-513e-88d8-6126458a3111,b86b8cd6-5021-5fe0-81e7-5d8bd3ccb235,75679cf6-5497-5e69-b773-db773bc6a245,8,1441.14,0.00
0bccc092-d989-5de4-b9d4-30d0ce4c1642,b86b8cd6-5021-5fe0-81e7-5d8bd3ccb235,6469a098-75a3-5b3b-839a-ad075a8e67ad,6,728.47,218.54
728bfa83-46a2-5d65-ab71-4d9c2342c8c8,9e6db734-d0fc-5484-a5cd-164113b1b667,a042ed60-9218-5159-876b-6c4dd0e5f934,9,381.33,0.00
264d588a-139c-5b71-806c-a9101153d637,a12d60c5-2bb3-527b-90ef-ed55261d05d3,cb09f248-037d-5a0d-9970-99cb102c05d8,6,1006.42,603.85
bd39f287-139b-553a-b1da-2737eac78505,c12b2ef4-551d-53bc-b29e-d01ffeb349a1,c2be7cd9-f7ee-544a-9ceb-7052826da8ce,11,183.13,0.00
d1418cb6-934d-5fd7-b290-49e70a66402e,c12b2ef4-551d-53bc-b29e-d01ffeb349a1,9a2e8c5f-4d3e-5cb8-ba78-f2bd562ee61b,5,688.27,172.07
a080b2df-b05f-5282-b316-b48013216d1e,c12b2ef4-551d-53bc-b29e-d01ffeb349a1,b4b5a0e3-641b-562e-8386-bff3564cf295,8,158.25,0.00
7867a2fa-7f0a-532b-a29d-376f8e27af80,c12b2ef4-551d-53bc-b29e-d01ffeb349a1,1fa2b768-1b9d-5b9c-befa-fac1ccb97563,11,771.34,0.00
f6a1493a-b498-5ec4-b385-b73cc1ec31b4,5f462e43-2312-5a3c-acde-0fa2bbda5c39,31a97c6b-10cf-54c1-b463-f81683a437cc,8,1252.58,0.00
242e7919-ba09-5734-af2e-77db7f963e0f,5f462e43-2312-5a3c-acde-0fa2bbda5c39,0caef625-914f-5fea-8e59-19b212bfbd46,9,1252.51,563.63
2f02ac8b-b88b-5bf9-8ede-0d83fcc72294,5f462e43-2312-5a3c-acde-0fa2bbda5c39,f65edfe2-43ae-59f6-b37a-f98344e1a998,10,1061.75,1592.62
3b377924-051b-5eff-a376-c8a6ede132a9,8a7a18da-23b4-547b-ab14-62eafac4db2c,613ff8f3-9a2b-5f66-8d3e-3e05d5391002,3,474.67,142.40
b3180eec-70ec-5c38-a4c7-6111b1e4a254,d3536aab-b64e-5a69-8389-60efa95aac0f,b4065918-1c4b-50b6-b69a-d859f24bfe23,6,1132.17,679.30
5069812b-a9a6-5156-b7ae-319d724006ab,d3536aab-b64e-5a69-8389-60efa95aac0f,0caef625-914f-5fea-8e59-19b212bfbd46,11,1252.51,688.88
52ef9565-6548-50c0-b849-3e08630607bc,9d9f61a8-dad3-5470-9639-c17d76b840c1,6469a098-75a3-5b3b-839a-ad075a8e67ad,11,728.47,400.66
9c7ceff6-604e-5339-b0ec-995f15207cc6,9d9f61a8-dad3-5470-9639-c17d76b840c1,8dfa6632-930f-5fdc-b7cd-8d5908a33d66,11,271.74,298.91
28c81f76-b1a1-5d3e-baa6-29e89f5662c6,9d9f61a8-dad3-5470-9639-c17d76b840c1,599db343-a607-5259-8af1-adde7b1a86ce,7,1047.10,0.00
46d9b6aa-de5c-58b9-a0a2-71c9fb318d50,9d9f61a8-dad3-5470-9639-c17d76b840c1,3205bb8a-e766-5617-a3d4-78aaa9883bc8,6,1355.84,406.75
668361a4-6170-5f87-a4a9-e234e0bb9e62,9d9f61a8-dad3-5470-9639-c17d76b840c1,43d6da55-777b-55ef-8cf5-d4cc7bfa63ad,5,1159.60,869.70
737da058-ce58-56ce-bc0a-856116169aa9,a393cac7-7aa7-5afb-bc04-227b92933454,39cb20a1-5dca-5b11-90c4-3e96e441ed0c,11,447.96,246.38
