id,ticket_number,customer_id,product_id,assigned_employee_id,subject,priority,status,opened_at,resolved_at
c6a04697-24e3-563b-aadd-85b65f006126,TKT-000001,c83368bd-2297-5133-898c-f2e1d3e97285,c2be7cd9-f7ee-544a-9ceb-7052826da8ce,b52ce1d4-6469-5a26-9909-ab8fb46083e5,Access policy clarification,low,resolved,2026-07-03T23:23:04+00:00,2026-07-05T22:23:04+00:00
4bf02238-2c7a-5da4-afe6-1407dcd00cb2,TKT-000002,ddd5d6f4-4a6d-5157-a994-b4656ff3daf6,e3b2c918-6a66-5db3-87f9-e5c71515f2ab,38b70633-8c56-58a2-b08e-83e8c5c45b63,Integration connection issue,low,closed,2026-02-09T13:15:19+00:00,2026-02-11T05:15:19+00:00
dafe773c-bf79-55a7-b4a7-ebcd91849211,TKT-000003,93bf04d9-8e55-5311-acba-bb55bb0a74b1,591abda9-fd16-5958-b0e9-586f0dfa6e54,38b70633-8c56-58a2-b08e-83e8c5c45b63,Data synchronization delay,high,pending,2025-10-21T18:12:02+00:00,
c11ba2d4-492f-5120-ad74-52b7c4d0b19e,TKT-000004,da64b36b-b5b6-555b-9093-3c014d6534ff,3205bb8a-e766-5617-a3d4-78aaa9883bc8,38b70633-8c56-58a2-b08e-83e8c5c45b63,Configuration assistance for Nexus Fabric 25,high,resolved,2026-07-08T11:30:40+00:00,2026-07-09T15:30:40+00:00
7925915e-fb9f-5b14-97b8-4759ddd3c0b1,TKT-000005,e45ef230-a000-5b1f-a26b-abd2492609e6,e691a6a3-7dd7-5d95-b97e-997e3af77227,b136f79e-100e-5a3c-b2f3-f0db6d3a6997,Configuration assistance for Quantum Console 07,low,closed,2026-04-11T11:28:29+00:00,2026-04-16T09:28:29+00:00
ce49f970-90b3-558b-99c6-5b02c3b1f67c,TKT-000006,28bb09d8-2545-57e8-a7ca-0789bb764966,508dfc85-5bf2-5709-b1e3-06ff86d5acb8,e0f2505c-fc5b-5345-8ebb-7cf3fa778973,Configuration assistance for Secure Workbench 98,medium,open,2026-05-23T02:30:14+00:00,
de53dda2-ecbb-5dbd-b966-ba6347bf45ea,TKT-000007,28b3fd98-5708-52b6-9827-2438ba2f7d9d,2f2113cc-589a-55b5-846a-78fddce3a3c9,e0f2505c-fc5b-5345-8ebb-7cf3fa778973,Dashboard metric discrepancy,low,resolved,2025-11-14T21:59:22+00:00,2025-11-17T01:59:22+00:00
adbfaec4-ad35-5441-8fa0-416269abb5c2,TKT-000008,79e273c0-69c6-51de-8517-f3521ed8a328,34baeb4c-81dc-5b29-bc76-0b8fd47cdbed,576d59ca-e029-534d-a2fc-2c388b2c3837,Configuration assistance for Secure Platform 68,high,resolved,2026-01-17T15:21:07+00:00,2026-01-20T17:21:07+00:00
ce378643-38d8-5b2d-a56a-f5219f9cdfde,TKT-000009,74cf633d-26d0-5c3c-9200-656f0fe1bab7,13e04507-297b-56af-85d7-75b609d982a1,e0f2505c-fc5b-5345-8ebb-7cf3fa778973,Access policy clarification,high,resolved,2026-07-21T15:21:16+00:00,2026-07-25T03:21:16+00:00
8758a769-6ba7-5a1a-89f9-2ca26745b7d5,TKT-000010,721afae2-f05c-5b9d-a637-08a16c97f3d1,9a2e8c5f-4d3e-5cb8-ba78-f2bd562ee61b,752d1174-aa5f-523e-a43f-23449274de00,Data synchronization delay,medium,resolved,2026-03-01T21:10:47+00:00,2026-03-02T23:10:47+00:00
13cdf2dc-100d-5833-bda2-76934c41f3e4,TKT-000011,2dc3a094-7673-5a36-8eda-09ce2921d716,1657c1e2-1668-5957-a5e5-822140c08707,e0f2505c-fc5b-5345-8ebb-7cf3fa778973,Data synchronization delay,medium,resolved,2025-12-04T07:39:48+00:00,2025-12-08T03:39:48+00:00
08cbd380-d265-5f97-b432-eb5be349df4c,TKT-000012,ddd5d6f4-4a6d-5157-a994-b4656ff3daf6,8dfa6632-930f-5fdc-b7cd-8d5908a33d66,576d59ca-e029-534d-a2fc-2c388b2c3837,Configuration assistance for Cloud Platform 62,high,resolved,2026-07-19T19:58:44+00:00,2026-07-22T09:58:44+00:00
00fe67a1-8d80-58ea-baa0-759eb9bfb0bb,TKT-000013,ea6e9bfa-4eb3-55fb-aff4-4401646d50ef,a042ed60-9218-5159-876b-6c4dd0e5f934,e0f2505c-fc5b-5345-8ebb-7cf3fa778973,Integration connection issue,low,resolved,2026-02-21T00:57:50+00:00,2026-02-24T06:57:50+00:00
38069a9d-ee2a-534d-8f34-2597c17eb0a6,TKT-000014,0f325fb4-920f-51aa-92ca-6894b2ef8c37,d96da70b-0cb5-58c8-928a-aafb2d90b154,b52ce1d4-6469-5a26-9909-ab8fb46083e5,Configuration assistance for Adaptive Platform 61,medium,resolved,2026-01-04T08:22:36+00:00,2026-01-06T19:22:36+00:00
23cc8bd2-deb9-5258-b115-f75079776785,TKT-000015,79c0aefc-5401-5768-acf7-3d92461e78f8,508dfc85-5bf2-5709-b1e3-06ff86d5acb8,b0461422-02e1-52db-97c3-fe1789b240cf,Configuration assistance for Secure Workbench 98,medium,open,2025-08-11T01:47:33+00:00,
fa727419-4448-59f8-a563-d6cf6a99028b,TKT-000016,a7b7d28d-8038-5a31-9253-199e0498df20,deaf9542-d65c-5f41-b22e-b1d033baea7a,752d1174-aa5f-523e-a43f-23449274de00,Integration connection issue,low,open,2026-06-29T13:49:09+00:00,
2a2313ea-62bd-5e71-b669-d2373e7f875a,TKT-000017,23d58a1d-7f26-55e7-a59d-b1b41e692582,88f79184-2cf9-5f72-8e4a-cedfa68d9d06,752d1174-aa5f-523e-a43f-23449274de00,Configuration assistance for Secure Engine 18,medium,closed,2025-09-24T10:20:33+00:00,2025-09-27T09:20:33+00:00
34029ff9-b79e-5487-8a7a-1b6d5dcb8aaf,TKT-000018,b636ccbb-5496-5fc0-a0e8-01a14ef0aea5,b6464168-fc86-5543-9805-0861ea9c66cc,38b70633-8c56-58a2-b08e-83e8c5c45b63,Configuration assistance for Enterprise Engine 13,low,resolved,2025-10-23T17:42:38+00:00,2025-10-26T08:42:38+00:00
05d55d81-312e-59ae-97d1-2f4332d33b09,TKT-000019,2a8cbd56-0a98-594a-a572-aa5c527c3a0c,e691a6a3-7dd7-5d95-b97e-997e3af77227,93a79ce4-9aa3-5428-8c89-2ce777b9617b,Data synchronization delay,low,closed,2025-11-26T11:26:14+00:00,2025-11-26T21:26:14+00:00
5f421b52-ff39-5d85-a891-dac224576770,TKT-000020,8ba710c9-4197-5127-bdce-f6ff242cda4d,1760c2e4-563f-5bac-abcd-baf5317434c8,93a79ce4-9aa3-5428-8c89-2ce777b9617b,Configuration assistance for Precision Console 06,critical,pending,2026-06-16T08:31:00+00:00,
ffe2d3f5-d665-5363-859f-32b11442a23a,TKT-000021,9a47fbec-2eb1-5aa9-978a-b7ecfe7e3013,cb09f248-037d-5a0d-9970-99cb102c05d8,864956dc-d3a3-5b04-8bc5-799893f07e26,Integration connection issue,low,closed,2026-04-24T21:52:29+00:00,2026-04-27T07:52:29+00:00
7de21a72-9a15-5de6-80e7-05c8952c7394,TKT-000022,638b00ed-91cb-531d-b799-3b67878ac7b3,829935ce-9ec7-5afb-a542-873877c9ce31,7242516c-cc48-56f1-9436-4afbcf0086dc,Configuration assistance for Cloud Console 02,low,open,2026-06-14T10:33:31+00:00,
35a1686e-fa10-568c-94b1-fc49f2ac9002,TKT-000023,900e7d64-6e77-517b-85bd-a7a01e69fa56,db43f9b2-c956-5785-8950-8287c47db3ae,864956dc-d3a3-5b04-8bc5-799893f07e26,Dashboard metric discrepancy,high,resolved,2026-05-06T17:10:59+00:00,2026-05-11T13:10:59+00:00
f76d0268-f533-5ea0-9c8e-ffd4891cf396,TKT-000024,b33caefb-e0d0-53cf-bfee-efb8c0f6f5a8,12003734-bab7-5410-8c89-f9a8c4967dea,fe0faaa6-ce52-59d0-935b-6d979c1a4e7d,Dashboard metric discrepancy,medium,resolved,2025-08-07T22:15:44+00:00,2025-08-12T10:15:44+00:00
3799c107-a010-52cf-b1b4-9171340d87df,TKT-000025,6a2b116f-c0c8-5545-af9e-5b992c477ef4,d6b2e2d8-f41b-5418-ba12-fcffc0aa6508,7242516c-cc48-56f1-9436-4afbcf0086dc,Integration connection issue,medium,open,2026-03-13T15:50:12+00:00,
eaba147a-eb25-52b7-8f91-5771d6186fd1,TKT-000026,efc6d6e2-3820-5513-8123-558be8fd8390,1cc795b2-21b3-5c5e-84f0-8f1fa20a6dd4,752d1174-aa5f-523e-a43f-23449274de00,Configuration assistance for Adaptive Fabric 21,medium,resolved,2025-09-18T06:47:28+00:00,2025-09-18T07:47:28+00:00
b92d1909-2ce2-560d-ac9b-28b397f7a5ee,TKT-000027,0ed325ad-dc2c-56e0-bd0f-314849308cd2,b5386670-1687-5260-ad33-97e5d697c425,752d1174-aa5f-523e-a43f-23449274de00,Data synchronization delay,medium,resolved,2026-05-14T21:58:16+00:00,2026-05-17T13:58:16+00:00
84077e7e-e23a-5e98-b262-34a4cc912d82,TKT-000028,ea454c85-b607-5c71-a84f-ec84919fb709,1fa2b768-1b9d-5b9c-befa-fac1ccb97563,864956dc-d3a3-5b04-8bc5-799893f07e26,Integration connection issue,critical,closed,2026-08-03T14:22:03+00:00,2026-08-07T05:22:03+00:00
f794b130-13af-5987-8123-c2753079fa07,TKT-000029,a0f41799-d018-5980-95cb-9d8f5c11ead0,aa67b9d9-b4e2-53f3-9447-ca933b53344f,864956dc-d3a3-5b04-8bc5-799893f07e26,Data synchronization delay,medium,resolved,2026-03-23T05:22:06+00:00,2026-03-28T00:22:06+00:00
51b0a7cb-b37b-50fd-b032-f9c3ee429f80,TKT-000030,acd40d76-d845-5d77-9fb8-32b0713d5e75,8ac2c18a-5896-572a-9f44-f5d60109258d,752d1174-aa5f-523e-a43f-23449274de00,Access policy clarification,medium,resolved,2026-04-02T03:34:22+00:00,2026-04-02T11:34:22+00:00
6e38aa4f-90c8-5b0a-a4d1-f35aa43abb76,TKT-000031,0c6b4432-a2aa-5a08-aa98-037878e0a135,af3fc15f-c662-5a5e-9e9c-3b2d4e1b6029,7242516c-cc48-56f1-9436-4afbcf0086dc,Dashboard metric discrepancy,medium,resolved,2026-05-31T23:04:45+00:00,2026-06-02T14:04:45+00:00
bf39ebc5-e2b7-5f44-8022-93ce684d34c5,TKT-000032,26ed9af7-a2ed-54ae-960b-d5f7ceb3f29f,eff08d1d-eb3b-559a-8ca9-60c7b365af52,93a79ce4-9aa3-5428-8c89-2ce777b9617b,Dashboard metric discrepancy,critical,pending,2026-04-02T16:25:10+00:00,
5ebfa402-8f10-52d4-90cb-7c73bbc7e8f1,TKT-000033,5cad41fc-a2d2-509b-93eb-b3342281c57c,9a2e8c5f-4d3e-5cb8-ba78-f2bd562ee61b,38b70633-8c56-58a2-b08e-83e8c5c45b63,Dashboard metric discrepancy,medium,pending,2025-08-16T06:24:10+00:00,
58c228d6-5b9a-5153-80ba-325fa8467539,TKT-000034,320fdc16-d569-5a9b-9ab3-f605ebdf7411,0137b3c3-db39-5e56-abf7-8ae43bc349ad,7242516c-cc48-56f1-9436-4afbcf0086dc,Access policy clarification,medium,resolved,2026-06-13T14:03:44+00:00,2026-06-16T01:03:44+00:00
4c1ef9d9-6b50-57e4-a78b-1749eb0925d4,TKT-000035,053e133a-49c6-544b-a07e-cc8c363869bc,d6b2e2d8-f41b-5418-ba12-fcffc0aa6508,7242516c-cc48-56f1-9436-4afbcf0086dc,Dashboard metric discrepancy,medium,resolved,2025-08-26T10:24:56+00:00,2025-08-30T18:24:56+00:00
2d615653-2042-58b2-af15-246d23fcf530,TKT-000036,7a7a6781-a43d-5a44-b8c3-ed9a9393e01d,851c23cd-3716-5170-b9ac-0c25ddc7c95c,b52ce1d4-6469-5a26-9909-ab8fb46083e5,Configuration assistance for Cloud Suite 72,low,resolved,2026-01-21T16:53:11+00:00,2026-01-23T12:53:11+00:00
66fc6501-fe0c-5062-bda6-56e65f1369d9,TKT-000037,38dedefe-ab38-5ff1-b6cc-24a5f4e95f8c,9f7bfd37-85ae-5a17-9b9f-5dafe3ec68ee,93a79ce4-9aa3-5428-8c89-2ce777b9617b,Configuration assistance for Precision Gateway 36,medium,resolved,2026-07-27T11:26:29+00:00,2026-08-01T03:26:29+00:00
a709daa1-e728-518e-9d2f-8d1a9decbe3a,TKT-000038,387db0fb-71df-5889-b6b4-cc6802693cba,eff08d1d-eb3b-559a-8ca9-60c7b365af52,b0461422-02e1-52db-97c3-fe1789b240cf,Access policy clarification,critical,resolved,2026-07-02T04:21:59+00:00,2026-07-02T16:21:59+00:00
db1af0c9-4b12-5d21-be6c-b17dd047f9c5,TKT-000039,38dedefe-ab38-5ff1-b6cc-24a5f4e95f8c,1c3b9a21-09fa-5c21-bdad-35f2eb8a273f,752d1174-aa5f-523e-a43f-23449274de00,Integration connection issue,low,resolved,2026-02-16T09:22:30+00:00,2026-02-19T07:22:30+00:00
84a50b3c-9942-56e1-bc8c-4c5bc9fd1b6b,TKT-000040,d30c325b-2b58-5f3b-a941-2b9af3f064ce,d6b2e2d8-f41b-5418-ba12-fcffc0aa6508,b0461422-02e1-52db-97c3-fe1789b240cf,Configuration assistance for Precision Monitor 56,medium,resolved,2026-06-19T10:27:23+00:00,2026-06-20T19:27:23+00:00
6c869312-e26f-54b9-aacb-5390367ee768,TKT-000041,0d34bfa4-fcc6-59f8-9652-5e0affb1d4f4,f350d57a-8885-50f1-b76a-29f7a8057a35,752d1174-aa5f-523e-a43f-23449274de00,Data synchronization delay,medium,resolved,2025-10-05T20:33:56+00:00,2025-10-10T11:33:56+00:00
357426b7-5081-51e8-84df-d534b0986ecc,TKT-000042,05a5c6bc-3c27-569a-8cfa-c848e070f23e,f218ba8f-81cf-5efd-ad55-5f4ef76110c2,864956dc-d3a3-5b04-8bc5-799893f07e26,Integration connection issue,medium,resolved,2026-01-10T18:03:36+00:00,2026-01-15T11:03:36+00:00
f2a7cb51-5849-5773-9c05-646bdfd2e3b0,TKT-000043,d8b549d8-419b-52a0-ba9a-d7edfb7e0747,7169fcc7-7527-510c-b88d-bdcd257ce105,752d1174-aa5f-523e-a43f-23449274de00,Integration connection issue,medium,resolved,2025-09-26T10:14:15+00:00,2025-09-29T08:14:15+00:00
38a2984c-e0dc-587b-905f-c1af16fe8de1,TKT-000044,1a1d90d7-5a47-5c68-b402-61d616464e17,5d462a8e-32e0-59ad-ae5c-9d66eda72663,b136f79e-100e-5a3c-b2f3-f0db6d3a6997,Access policy clarification,high,open,2026-04-11T04:20:06+00:00,
f981782d-19c5-54ac-9d1f-4b9320394a9d,TKT-000045,00ec496a-96dc-5e8f-a2f4-e34e1e87ab2c,f78fc905-81d2-5f52-8c77-1cff3a4b42b7,e0f2505c-fc5b-5345-8ebb-7cf3fa778973,Integration connection issue,low,closed,2026-04-03T22:04:50+00:00,2026-04-04T17:04:50+00:00
b54cb085-d1f7-5ed6-87de-444a26a777ff,TKT-000046,81243744-dd13-5a29-aa58-34fe371a7b6a,13e04507-297b-56af-85d7-75b609d982a1,38b70633-8c56-58a2-b08e-83e8c5c45b63,Integration connection issue,low,resolved,2026-06-09T04:39:59+00:00,2026-06-11T15:39:59+00:00
4c4f7d00-117a-51cf-99fc-558943d8858d,TKT-000047,2630094e-3017-5eb7-a597-40f99100a14c,91bd15e4-105e-5926-abe6-7ceaf8c07375,864956dc-d3a3-5b04-8bc5-799893f07e26,Integration connection issue,low,open,2025-08-16T20:12:24+00:00,
6f26656c-bae1-52ca-9022-744dad6cebe4,TKT-000048,e8a1b9ba-35c1-529a-943b-1259db57e727,952e981c-e5c2-53da-984a-78dc5e3b1ad4,e0f2505c-fc5b-5345-8ebb-7cf3fa778973,Dashboard metric discrepancy,low,resolved,2025-08-15T07:29:45+00:00,2025-08-18T23:29:45+00:00
79f25400-4231-5bfd-a451-7ae47f805b27,TKT-000049,7130589f-8f9f-5b9b-bdd0-ddfc15e09956,d6b2e2d8-f41b-5418-ba12-fcffc0aa6508,b136f79e-100e-5a3c-b2f3-f0db6d3a6997,Data synchronization delay,low,closed,2026-05-29T01:10:53+00:00,2026-06-02T23:10:53+00:00
6f6feb17-56f4-5ea2-93cc-fbb57a4e003c,TKT-000050,dc28ddad-a1b2-5fb6-8f6b-159e35a70ab1,fd5d29e1-571f-589d-be31-aa00127c02aa,864956dc-d3a3-5b04-8bc5-799893f07e26,Data synchronization delay,medium,resolved,2026-05-15T08:44:44+00:00,2026-05-20T08:44:44+00:00
c2fbe252-6961-5a38-80e0-27157a8c2ca6,TKT-000051,f86387ed-fd14-52ca-a24d-736799edf380,f78fc905-81d2-5f52-8c77-1cff3a4b42b7,864956dc-d3a3-5b04-8bc5-799893f07e26,Access policy clarification,low,resolved,2025-09-18T01:32:10+00:00,2025-09-21T00:32:10+00:00
bb33b03c-2994-51f7-9d86-f55492f8fdfb,TKT-000052,e8a1b9ba-35c1-529a-943b-1259db57e727,0f2c8ffe-5a45-5cfc-afbf-417553294a54,fe0faaa6-ce52-59d0-935b-6d979c1a4e7d,Configuration assistance for Cloud Gateway 32,low,closed,2026-04-21T19:10:13+00:00,2026-04-22T16:10:13+00:00
45e76e2c-7690-5072-8c4e-34d90cc6b7dd,TKT-000053,d17126ee-524e-53b1-a028-ff5ab774ccea,12003734-bab7-5410-8c89-f9a8c4967dea,38b70633-8c56-58a2-b08e-83e8c5c45b63,Data synchronization delay,high,pending,2026-02-21T12:03:09+00:00,
01d025cd-3d12-55c4-9352-ddae14e4a897,TKT-000054,79c0aefc-5401-5768-acf7-3d92461e78f8,13e04507-297b-56af-85d7-75b609d982a1,b0461422-02e1-52db-97c3-fe1789b240cf,Integration connection issue,high,closed,2026-08-03T15:06:23+00:00,2026-08-08T11:06:23+00:00
582103d8-eae7-5d3c-a336-4c15d98a064a,TKT-000055,639085c3-c8cf-5ada-a8ad-a24b7dd0c941,2f2113cc-589a-55b5-846a-78fddce3a3c9,b0461422-02e1-52db-97c3-fe1789b240cf,Integration connection issue,high,resolved,2025-12-26T14:17:50+00:00,2025-12-30T03:17:50+00:00
aff627a1-9ad7-52f3-9a63-a0400bd5607b,TKT-000056,0f77fa23-6a98-5f4c-a249-8a889a41687d,d3739878-986b-5b5f-a096-4452493d6cbb,576d59ca-e029-534d-a2fc-2c388b2c3837,Access policy clarification,medium,resolved,2026-03-04T17:35:58+00:00,2026-03-08T08:35:58+00:00
e9da716c-04b6-5499-b9d8-1f2540929802,TKT-000057,a0f41799-d018-5980-95cb-9d8f5c11ead0,673811d5-2f11-5108-8b80-c9dd0dc2adda,576d59ca-e029-534d-a2fc-2c388b2c3837,Dashboard metric discrepancy,low,closed,2026-07-06T00:47:35+00:00,2026-07-10T18:47:35+00:00
dbd15c7d-5b5b-5f29-ac61-1c7974d2a596,TKT-000058,211e9348-4f39-5391-99e3-c207abb6aa3d,13e04507-297b-56af-85d7-75b609d982a1,38b70633-8c56-58a2-b08e-83e8c5c45b63,Configuration assistance for Quantum Hub 47,medium,closed,2025-11-05T09:29:50+00:00,2025-11-06T17:29:50+00:00
33d7a4bd-26ee-5aa9-b7b7-04b9a2a43322,TKT-000059,98040fa4-e3e2-5e47-ba22-98dddec004f3,d520aef1-b021-5cf0-a1d3-9e7e6d31aab7,864956dc-d3a3-5b04-8bc5-799893f07e26,Configuration assistance for Cloud Fabric 22,high,pending,2026-05-23T20:17:43+00:00,
caa461fb-093e-52c2-9411-6107cfb0b2f3,TKT-000060,2df9d00a-36d1-5377-aec2-5548b2971241,d4214473-2bf7-5b77-bb1f-734e590c4014,576d59ca-e029-534d-a2fc-2c388b2c3837,Data synchronization delay,high,open,2026-02-10T21:09:43+00:00,
c2b4e16c-3340-57bd-9557-27d28414d0b2,TKT-000061,8a7e172c-2406-570d-bb2c-f395c8b100cb,db43f9b2-c956-5785-8950-8287c47db3ae,b0461422-02e1-52db-97c3-fe1789b240cf,Access policy clarification,medium,open,2026-04-11T11:07:05+00:00,
13c275d8-9932-590f-84ae-9d0c75244981,TKT-000062,a7b7d28d-8038-5a31-9253-199e0498df20,2e263bcd-bacc-5f51-b35b-70d1674f4dc5,e0f2505c-fc5b-5345-8ebb-7cf3fa778973,Integration connection issue,high,closed,2025-10-16T15:52:43+00:00,2025-10-17T08:52:43+00:00
164459ed-343c-5c62-be90-8ce8b24c5be6,TKT-000063,28b3fd98-5708-52b6-9827-2438ba2f7d9d,cdea42fb-ee49-5a22-a213-56a8f9fcb148,fe0faaa6-ce52-59d0-935b-6d979c1a4e7d,Data synchronization delay,high,closed,2025-12-11T00:27:44+00:00,2025-12-11T20:27:44+00:00
c1474878-79dc-5933-b3cc-5a2fb041038c,TKT-000064,7a334245-32b6-5b38-8681-ab7e7d2017f6,617fd070-2fb8-5ff6-8eaa-308844dc97ac,38b70633-8c56-58a2-b08e-83e8c5c45b63,Integration connection issue,medium,resolved,2026-05-17T12:35:06+00:00,2026-05-19T04:35:06+00:00
477173f6-445b-5a2f-882a-ce69ef988abb,TKT-000065,3cacb34c-375e-5074-bf40-b4908ec72ccc,8ac2c18a-5896-572a-9f44-f5d60109258d,752d1174-aa5f-523e-a43f-23449274de00,Access policy clarification,low,resolved,2026-01-16T08:15:29+00:00,2026-01-20T03:15:29+00:00
3413baaf-38b1-548a-ae5c-4ec23634548d,TKT-000066,e50f9cce-0ecf-5ff6-a0b0-15205794aa06,a042ed60-9218-5159-876b-6c4dd0e5f934,752d1174-aa5f-523e-a43f-23449274de00,Configuration assistance for Precision Suite 76,critical,resolved,2026-07-24T15:40:30+00:00,2026-07-25T14:40:30+00:00
36421453-fbd3-5815-a59b-d731b820067d,TKT-000067,330fc81d-4b93-5eee-a4c6-c7a662017c96,db43f9b2-c956-5785-8950-8287c47db3ae,864956dc-d3a3-5b04-8bc5-799893f07e26,Integration connection issue,low,resolved,2026-02-07T22:58:24+00:00,2026-02-08T09:58:24+00:00
d264969a-ff91-5d14-8dc0-89574c9181fd,TKT-000068,5799dc89-848a-5029-a596-a8c578777134,cdea42fb-ee49-5a22-a213-56a8f9fcb148,e0f2505c-fc5b-5345-8ebb-7cf3fa778973,Integration connection issue,high,resolved,2025-11-29T08:09:36+00:00,2025-12-02T18:09:36+00:00
de5a2e9a-df8f-5f9b-9156-b2fefa1f4e40,TKT-000069,e45ef230-a000-5b1f-a26b-abd2492609e6,12003734-bab7-5410-8c89-f9a8c4967dea,864956dc-d3a3-5b04-8bc5-799893f07e26,Dashboard metric discrepancy,high,resolved,2025-10-30T20:03:51+00:00,2025-11-04T04:03:51+00:00
7a1808c8-87b4-5ee4-8488-eb496cb127d1,TKT-000070,2ca6c1cf-f742-57f7-b43e-589510bd781f,fb4140fc-b3c1-5a6a-8613-9b068fdd2b39,576d59ca-e029-534d-a2fc-2c388b2c3837,Dashboard metric discrepancy,high,resolved,2025-11-23T09:34:58+00:00,2025-11-26T23:34:58+00:00
482918ae-4984-5023-a35a-5358f7fc3fe5,TKT-000071,a8ec4add-4a24-56bf-b1c9-ca1a2b5df28f,3d307d78-b10f-5539-a951-7bcc9fd17161,576d59ca-e029-534d-a2fc-2c388b2c3837,Access policy clarification,low,resolved,2026-06-26T05:27:25+00:00,2026-06-29T11:27:25+00:00
811d72aa-cb52-5545-acf8-5c639fe516da,TKT-000072,29caa4a7-72db-50d1-95f2-39c2135c883a,201fb8e4-2c24-5483-b44d-4063694486b2,752d1174-aa5f-523e-a43f-23449274de00,Dashboard metric discrepancy,critical,resolved,2026-01-10T00:03:34+00:00,2026-01-12T10:03:34+00:00
2203dcda-8e02-5bb2-a022-c29cfef5459a,TKT-000073,3326515d-41a7-58a9-907c-e06089fa01c5,deaf9542-d65c-5f41-b22e-b1d033baea7a,b52ce1d4-6469-5a26-9909-ab8fb46083e5,Integration connection issue,low,resolved,2026-01-20T10:43:50+00:00,2026-01-23T16:43:50+00:00
45f8c85c-2545-5921-ae05-95bf13c68a17,TKT-000074,00ec496a-96dc-5e8f-a2f4-e34e1e87ab2c,9b6b9203-f582-59b6-b64c-309881607c86,b136f79e-100e-5a3c-b2f3-f0db6d3a6997,Configuration assistance for Insight Console 04,medium,resolved,2025-10-25T17:32:12+00:00,2025-10-26T02:32:12+00:00
beb3441f-79ab-5219-aea1-b473c94d93a0,TKT-000075,57f7533b-b4e4-5587-922e-aaede6234691,d3739878-986b-5b5f-a096-4452493d6cbb,b136f79e-100e-5a3c-b2f3-f0db6d3a6997,Access policy clarification,high,open,2025-09-21T20:07:28+00:00,
acec065a-ed41-55e9-92d6-980b365e6422,TKT-000076,58c7b809-804a-5bc8-b115-97e73d805552,e3b2c918-6a66-5db3-87f9-e5c71515f2ab,7242516c-cc48-56f1-9436-4afbcf0086dc,Dashboard metric discrepancy,medium,resolved,2026-05-22T03:48:41+00:00,2026-05-22T16:48:41+00:00
13e80120-d209-5750-b0b7-e9652d064269,TKT-000077,700fe391-76f6-58a4-a880-f59a4a5ad740,e691a6a3-7dd7-5d95-b97e-997e3af77227,fe0faaa6-ce52-59d0-935b-6d979c1a4e7d,Dashboard metric discrepancy,critical,closed,2026-04-21T01:31:37+00:00,2026-04-21T21:31:37+00:00
23b39b78-8c37-5fbd-b58b-e871c536f85b,TKT-000078,ef09a97a-4bba-5f6b-96ff-4ebf88d8d5d2,cdea42fb-ee49-5a22-a213-56a8f9fcb148,752d1174-aa5f-523e-a43f-23449274de00,Configuration assistance for Quantum Platform 67,low,resolved,2026-01-08T23:49:03+00:00,2026-01-11T09:49:03+00:00
c536fdfe-8c97-5a34-935e-54970b002c12,TKT-000079,d5688502-59d2-59ea-9155-1859535acf44,de536700-41fe-55c3-beb9-bfb9849c872b,fe0faaa6-ce52-59d0-935b-6d979c1a4e7d,Data synchronization delay,medium,resolved,2025-11-03T09:45:37+00:00,2025-11-04T13:45:37+00:00
90ead137-91c1-58fd-bf5a-543613868583,TKT-000080,6a2b116f-c0c8-5545-af9e-5b992c477ef4,db43f9b2-c956-5785-8950-8287c47db3ae,7242516c-cc48-56f1-9436-4afbcf0086dc,Access policy clarification,medium,closed,2025-10-15T03:12:18+00:00,2025-10-17T07:12:18+00:00
85fab010-0dc9-5244-b7d9-424e58578c1e,TKT-000081,a8c99066-2209-5a24-8615-1a40a59c8b1b,591abda9-fd16-5958-b0e9-586f0dfa6e54,b136f79e-100e-5a3c-b2f3-f0db6d3a6997,Dashboard metric discrepancy,medium,pending,2025-11-28T05:49:44+00:00,
40c658be-e8d8-55e9-b6be-2679131ca377,TKT-000082,35393ba6-62ef-5245-a602-5a808930ddae,673811d5-2f11-5108-8b80-c9dd0dc2adda,93a79ce4-9aa3-5428-8c89-2ce777b9617b,Integration connection issue,medium,resolved,2025-09-22T11:16:23+00:00,2025-09-25T14:16:23+00:00
b5430b1a-232a-5174-8e56-9ae19bc8f624,TKT-000083,0eec7b4c-002b-5dab-878e-f2a8a04e4b25,e139b0f5-6ca3-5ccb-8610-5a52b4b0eb6c,7242516c-cc48-56f1-9436-4afbcf0086dc,Access policy clarification,low,pending,2026-04-13T12:05:58+00:00,
24b5d113-8730-5531-88cf-4816574303a6,TKT-000084,3477d02c-6fdf-5d7c-8357-b54812dd8855,d6b2e2d8-f41b-5418-ba12-fcffc0aa6508,576d59ca-e029-534d-a2fc-2c388b2c3837,Data synchronization delay,medium,closed,2026-05-07T12:36:31+00:00,2026-05-08T22:36:31+00:00
11b21573-d2ac-5849-b18c-020438b22589,TKT-000085,dc28ddad-a1b2-5fb6-8f6b-159e35a70ab1,201fb8e4-2c24-5483-b44d-4063694486b2,93a79ce4-9aa3-5428-8c89-2ce777b9617b,Data synchronization delay,medium,open,2025-12-31T15:29:42+00:00,
88b50657-f76b-50c8-b919-e259968326ef,TKT-000086,5f66cc88-02bc-5518-a0dd-c2d1c09b1585,d6b2e2d8-f41b-5418-ba12-fcffc0aa6508,e0f2505c-fc5b-5345-8ebb-7cf3fa778973,Configuration assistance for Precision Monitor 56,medium,open,2026-06-20T04:07:09+00:00,
ed571799-b893-5a03-9461-8527736af330,TKT-000087,d32c591e-40f3-580a-ba9e-b940e2ef427c,241d3cd0-ef2c-56b8-bb75-b039a61b370a,b0461422-02e1-52db-97c3-fe1789b240cf,Access policy clarification,medium,resolved,2025-12-26T19:02:56+00:00,2025-12-27T13:02:56+00:00
05961615-f697-5e57-bffd-35d962ab45ab,TKT-000088,492571cd-6c54-530b-8ecd-49c381ce4c96,bab29423-27f9-5732-bd8b-a403c95b1a96,e0f2505c-fc5b-5345-8ebb-7cf3fa778973,Dashboard metric discrepancy,medium,resolved,2026-02-20T12:44:01+00:00,2026-02-21T02:44:01+00:00
18ffcd4b-e649-5f4c-9c26-01829c4957d0,TKT-000089,1d2b55eb-9007-525b-a8cb-e3e473de35dd,559ab41c-d860-5ab1-aaa1-483577af7b67,38b70633-8c56-58a2-b08e-83e8c5c45b63,Configuration assistance for Enterprise Workbench 93,low,closed,2025-11-22T03:39:05+00:00,2025-11-22T14:39:05+00:00
bf4c2e76-4d4f-5d8d-90b9-686bf4f0b970,TKT-000090,f71423cb-38e5-59b6-ba2e-a49c11cf652a,f350d57a-8885-50f1-b76a-29f7a8057a35,b52ce1d4-6469-5a26-9909-ab8fb46083e5,Configuration assistance for Secure Hub 48,low,resolved,2025-08-11T10:25:48+00:00,2025-08-15T22:25:48+00:00
1c5716e8-2a20-5b93-91d0-9a51ca7c2d21,TKT-000091,f941616b-f138-5e2a-84a6-62e46fcbc804,fb4140fc-b3c1-5a6a-8613-9b068fdd2b39,b136f79e-100e-5a3c-b2f3-f0db6d3a6997,Configuration assistance for Quantum Fabric 27,medium,closed,2025-09-19T00:39:25+00:00,2025-09-21T23:39:25+00:00
49600f71-b318-5d71-9cd7-3eeb0bae3152,TKT-000092,39a5c003-4cc5-5083-a9c8-392d8505d3f9,91bd15e4-105e-5926-abe6-7ceaf8c07375,b136f79e-100e-5a3c-b2f3-f0db6d3a6997,Access policy clarification,medium,pending,2025-11-02T13:36:30+00:00,
841767b8-563f-5ab6-aab6-0883b372c8aa,TKT-000093,dd7b440f-a0fd-5667-ab77-bdedf999de61,cd410e43-ec3c-524b-84c6-84482a7b1204,93a79ce4-9aa3-5428-8c89-2ce777b9617b,Data synchronization delay,medium,open,2025-08-08T10:17:39+00:00,
4a637041-8dc1-50ab-868f-6a57d748ba78,TKT-000094,8ba710c9-4197-5127-bdce-f6ff242cda4d,de536700-41fe-55c3-beb9-bfb9849c872b,b136f79e-100e-5a3c-b2f3-f0db6d3a6997,Dashboard metric discrepancy,medium,resolved,2025-09-08T05:27:04+00:00,2025-09-12T16:27:04+00:00
ed599ea4-79c3-52ea-8eb4-6e981fcb926a,TKT-000095,638b00ed-91cb-531d-b799-3b67878ac7b3,7169fcc7-7527-510c-b88d-bdcd257ce105,b136f79e-100e-5a3c-b2f3-f0db6d3a6997,Data synchronization delay,low,closed,2026-04-01T21:33:18+00:00,2026-04-04T13:33:18+00:00
09aae2a8-7fc3-59ae-8b42-523e4e43be8b,TKT-000096,e34220b6-615a-5201-8434-eddf14b32a02,31a97c6b-10cf-54c1-b463-f81683a437cc,7242516c-cc48-56f1-9436-4afbcf0086dc,Dashboard metric discrepancy,medium,resolved,2026-01-29T00:46:06+00:00,2026-02-01T20:46:06+00:00
32e19720-6293-582f-bad1-7df033bdbeaa,TKT-000097,b636ccbb-5496-5fc0-a0e8-01a14ef0aea5,1657c1e2-1668-5957-a5e5-822140c08707,7242516c-cc48-56f1-9436-4afbcf0086dc,Data synchronization delay,low,open,2025-12-20T09:25:50+00:00,
4bd920b0-b392-5b59-8595-d54442081d6a,TKT-000098,51813e7b-b521-5ada-8c7e-13ea9b551a15,8ac2c18a-5896-572a-9f44-f5d60109258d,b0461422-02e1-52db-97c3-fe1789b240cf,Dashboard metric discrepancy,medium,resolved,2025-10-25T18:30:50+00:00,2025-10-27T20:30:50+00:00
af4a8881-0de9-5902-9e28-f80abea515ac,TKT-000099,0d8c7000-8d7b-5c36-86a5-0d82acadddc2,2f2113cc-589a-55b5-846a-78fddce3a3c9,fe0faaa6-ce52-59d0-935b-6d979c1a4e7d,Data synchronization delay,medium,closed,2025-09-17T18:38:15+00:00,2025-09-21T11:38:15+00:00
54bb98f3-5e95-5085-a1ae-7a47e7a5514f,TKT-000100,78e4723d-ded1-5a57-88c3-ec9efe2efc1e,a042ed60-9218-5159-876b-6c4dd0e5f934,752d1174-aa5f-523e-a43f-23449274de00,Access policy clarification,high,resolved,2026-07-24T19:24:35+00:00,2026-07-26T09:24:35+00:00
1bafe713-7cb8-5534-955b-4ec9778d1263,TKT-000101,005ffe4b-0e2f-53cd-acdb-4bfb76bb1b72,851c23cd-3716-5170-b9ac-0c25ddc7c95c,b0461422-02e1-52db-97c3-fe1789b240cf,Integration connection issue,medium,closed,2026-02-18T21:28:06+00:00,2026-02-23T02:28:06+00:00
1abcbbd9-84f3-5efe-9365-a2b38ab7c959,TKT-000102,09a8c0ba-422d-54f5-93d2-2db3265bd30f,91bd15e4-105e-5926-abe6-7ceaf8c07375,93a79ce4-9aa3-5428-8c89-2ce777b9617b,Configuration assistance for Enterprise Monitor 53,low,resolved,2026-02-26T18:21:27+00:00,2026-03-02T19:21:27+00:00
bafd6490-478f-5304-aaaf-1bb5fb31931a,TKT-000103,70be961d-aa79-5f28-a4c6-e908fe43d946,559ab41c-d860-5ab1-aaa1-483577af7b67,752d1174-aa5f-523e-a43f-23449274de00,Integration connection issue,medium,resolved,2026-02-03T19:07:43+00:00,2026-02-07T12:07:43+00:00
6c5bbfc9-49e8-57e5-abb3-e806e842a50a,TKT-000104,8abef9ed-a119-5b75-93c5-7185d84922d1,75679cf6-5497-5e69-b773-db773bc6a245,b136f79e-100e-5a3c-b2f3-f0db6d3a6997,Data synchronization delay,low,closed,2026-02-08T05:09:32+00:00,2026-02-13T02:09:32+00:00
535a4c8a-de32-56fd-8cd3-b9f8fbbae711,TKT-000105,8fed6c9d-c734-5d42-9849-c4483092e717,b5386670-1687-5260-ad33-97e5d697c425,752d1174-aa5f-523e-a43f-23449274de00,Integration connection issue,medium,pending,2025-08-30T13:31:14+00:00,
ea0156c5-b17c-53ab-8c73-071c391d4008,TKT-000106,02fd1e04-d5ac-5004-a5c4-72fccf654ea6,13e04507-297b-56af-85d7-75b609d982a1,b0461422-02e1-52db-97c3-fe1789b240cf,Data synchronization delay,medium,open,2026-04-20T00:20:53+00:00,
8f20a81d-6bd8-5078-bac7-d789133a2b39,TKT-000107,62bdc722-1c50-5dca-97ba-fb435dd7015a,5d462a8e-32e0-59ad-ae5c-9d66eda72663,864956dc-d3a3-5b04-8bc5-799893f07e26,Access policy clarification,medium,resolved,2026-03-06T04:08:30+00:00,2026-03-09T16:08:30+00:00
e77ca3ce-d363-57aa-a06c-ceb0f13a2457,TKT-000108,7e4272d4-f864-5687-b0cf-72e011a55fc2,3d307d78-b10f-5539-a951-7bcc9fd17161,93a79ce4-9aa3-5428-8c89-2ce777b9617b,Data synchronization delay,low,resolved,2025-11-19T08:22:58+00:00,2025-11-19T13:22:58+00:00
8e8e30cb-4ae1-57a5-8911-aae0326779f2,TKT-000109,da57bf8f-6000-5f3b-92db-f6c8f58424db,1760c2e4-563f-5bac-abcd-baf5317434c8,b52ce1d4-6469-5a26-9909-ab8fb46083e5,Configuration assistance for Precision Console 06,high,closed,2025-12-16T19:43:22+00:00,2025-12-20T04:43:22+00:00
1e6d71d3-e560-548e-b621-5da8634811d9,TKT-000110,503b9322-80b5-5bfc-9b7b-7bace874d064,eff08d1d-eb3b-559a-8ca9-60c7b365af52,576d59ca-e029-534d-a2fc-2c388b2c3837,Integration connection issue,medium,resolved,2025-08-30T19:58:31+00:00,2025-09-04T16:58:31+00:00
c801dedc-c0d9-5db8-891e-c7b8f72a2f25,TKT-000111,db25c8a0-7fa8-5822-9b41-1e4641d82453,cdea42fb-ee49-5a22-a213-56a8f9fcb148,38b70633-8c56-58a2-b08e-83e8c5c45b63,Integration connection issue,medium,resolved,2025-11-20T01:50:47+00:00,2025-11-20T20:50:47+00:00
2a2b0efe-774b-5b0f-b179-667f5517f28a,TKT-000112,62a26102-6613-5975-b5a6-f361a51ef984,8a195dd5-491c-532c-9a61-886a24d451c0,7242516c-cc48-56f1-9436-4afbcf0086dc,Integration connection issue,medium,pending,2026-06-22T16:22:58+00:00,
4651719f-5c2f-5a7a-90a8-0463b1799956,TKT-000113,b82dd2d7-8bb8-539a-9e55-e96f4385a6d1,80450a39-8a90-55da-adf7-0b6a1b84aeeb,864956dc-d3a3-5b04-8bc5-799893f07e26,Configuration assistance for Unified Workbench 99,low,closed,2026-04-27T03:52:43+00:00,2026-05-01T10:52:43+00:00
109a309b-e211-5a23-99ae-71c0a1aefafa,TKT-000114,de2eaee2-a489-5d91-a5f3-d7b041fed771,617fd070-2fb8-5ff6-8eaa-308844dc97ac,b136f79e-100e-5a3c-b2f3-f0db6d3a6997,Integration connection issue,critical,resolved,2026-04-10T21:17:46+00:00,2026-04-11T14:17:46+00:00
976f5b79-458a-52dd-bc3d-c7769660898f,TKT-000115,ea89d463-10a8-5c69-9e48-a00cfc942028,613ff8f3-9a2b-5f66-8d3e-3e05d5391002,752d1174-aa5f-523e-a43f-23449274de00,Dashboard metric discrepancy,medium,resolved,2026-05-12T23:14:50+00:00,2026-05-15T02:14:50+00:00
ab25effd-fd94-5215-b4a9-4e3d2e94f3f9,TKT-000116,ce0413ce-813a-5b58-badb-103775b6d962,ac03c1f7-3948-530e-8de5-80756984ab20,864956dc-d3a3-5b04-8bc5-799893f07e26,Integration connection issue,medium,resolved,2026-06-22T11:36:49+00:00,2026-06-23T17:36:49+00:00
4c1eff3c-ce8d-5f55-b1e6-e14f6a428988,TKT-000117,acd40d76-d845-5d77-9fb8-32b0713d5e75,f9fe7a6c-9a44-59e2-a4cc-fef69cc2e48e,38b70633-8c56-58a2-b08e-83e8c5c45b63,Integration connection issue,low,resolved,2025-11-01T14:47:16+00:00,2025-11-02T23:47:16+00:00
7258afa8-8d09-5b81-bccf-4e37e6b1cc61,TKT-000118,4edd4353-ea41-5f28-a532-c57780412c41,db630ac7-839d-5331-93df-dc621d8357b6,b52ce1d4-6469-5a26-9909-ab8fb46083e5,Integration connection issue,low,resolved,2026-06-26T10:46:23+00:00,2026-06-30T15:46:23+00:00
8284a76b-b3ef-5889-9b4f-d794dc0011c6,TKT-000119,95bfaafb-a1fc-5609-ad7a-0f6ec343b951,613ff8f3-9a2b-5f66-8d3e-3e05d5391002,38b70633-8c56-58a2-b08e-83e8c5c45b63,Dashboard metric discrepancy,medium,closed,2026-04-21T14:58:39+00:00,2026-04-24T00:58:39+00:00
21094e98-c894-5c4c-9d50-af652c97c1f2,TKT-000120,727345d1-4693-517b-a329-04edd848b658,d520aef1-b021-5cf0-a1d3-9e7e6d31aab7,38b70633-8c56-58a2-b08e-83e8c5c45b63,Dashboard metric discrepancy,low,resolved,2026-03-02T06:34:42+00:00,2026-03-04T07:34:42+00:00
cecd428e-8eac-54ae-a00b-a47b89a2bd3d,TKT-000121,7ec6965c-e831-5848-861c-c35608f0693c,91bd15e4-105e-5926-abe6-7ceaf8c07375,b0461422-02e1-52db-97c3-fe1789b240cf,Access policy clarification,medium,closed,2026-08-05T22:12:28+00:00,2026-08-08T23:12:28+00:00
5f310e87-da8c-583b-b9b7-09ff06f297d5,TKT-000122,4d282e22-c517-59c5-9ca0-622477c0905c,12003734-bab7-5410-8c89-f9a8c4967dea,e0f2505c-fc5b-5345-8ebb-7cf3fa778973,Integration connection issue,high,resolved,2026-07-21T21:53:34+00:00,2026-07-23T17:53:34+00:00
1b0e2d59-310a-5118-9347-9e427f68ff21,TKT-000123,e366214c-6aa6-5aee-8dc2-20932cc4fea2,851c23cd-3716-5170-b9ac-0c25ddc7c95c,b52ce1d4-6469-5a26-9909-ab8fb46083e5,Data synchronization delay,medium,resolved,2026-06-12T14:17:44+00:00,2026-06-13T14:17:44+00:00
f322d3dd-ce69-53ff-af8d-bdb22fa99654,TKT-000124,8edd1228-3a2b-545d-a363-a0240edd721e,86eda21c-1dbc-500a-9201-b7d6b0786cc8,b52ce1d4-6469-5a26-9909-ab8fb46083e5,Configuration assistance for Velocity Console 10,medium,resolved,2026-03-05T16:51:07+00:00,2026-03-06T19:51:07+00:00
80ec8152-4b9e-5dfe-a283-9d4dd3d46d9a,TKT-000125,6aea5a07-6ece-51ab-b807-9b678bb5b1d1,559ab41c-d860-5ab1-aaa1-483577af7b67,b52ce1d4-6469-5a26-9909-ab8fb46083e5,Configuration assistance for Enterprise Workbench 93,medium,open,2025-10-02T20:02:24+00:00,
f7afc9ca-248b-5fed-b4cd-a5b342e08008,TKT-000126,82d3547e-402b-58f3-8568-daab678823eb,fb4140fc-b3c1-5a6a-8613-9b068fdd2b39,fe0faaa6-ce52-59d0-935b-6d979c1a4e7d,Access policy clarification,medium,pending,2025-12-24T18:34:57+00:00,
204c0762-5597-5118-bcd2-90a2ef2c71da,TKT-000127,033ffeb0-b055-5c7e-88aa-85ce598880bd,d37c44df-541b-5bf4-b395-65b41bac88a8,752d1174-aa5f-523e-a43f-23449274de00,Configuration assistance for Quantum Engine 17,high,resolved,2025-12-13T03:32:52+00:00,2025-12-17T19:32:52+00:00
76772672-5d25-5e82-9f1e-d55886351357,TKT-000128,d35b7450-b912-5394-a06e-ce5de144ba54,e691a6a3-7dd7-5d95-b97e-997e3af77227,7242516c-cc48-56f1-9436-4afbcf0086dc,Configuration assistance for Quantum Console 07,medium,open,2026-01-18T01:14:26+00:00,
80d8874d-2ee4-555d-ba3c-89a5a00dc297,TKT-000129,f0b39e46-c4d5-54bb-a075-5a9a7c87f516,d3739878-986b-5b5f-a096-4452493d6cbb,b0461422-02e1-52db-97c3-fe1789b240cf,Data synchronization delay,medium,closed,2026-07-31T15:07:22+00:00,2026-08-05T12:07:22+00:00
1a273c3a-9116-5fb8-981d-450079ccebb9,TKT-000130,ebbe7ebd-6675-5967-8807-1e99ebe9f4d5,8a195dd5-491c-532c-9a61-886a24d451c0,864956dc-d3a3-5b04-8bc5-799893f07e26,Integration connection issue,high,closed,2025-10-25T01:22:17+00:00,2025-10-29T19:22:17+00:00
3cdd5c56-8bf0-5e81-8379-0fbb52141f4e,TKT-000131,3070a1af-5ed0-5cad-98f4-647e810fdaad,3205bb8a-e766-5617-a3d4-78aaa9883bc8,864956dc-d3a3-5b04-8bc5-799893f07e26,Dashboard metric discrepancy,high,closed,2026-08-05T10:55:24+00:00,2026-08-05T15:55:24+00:00
86680da7-b86b-5ede-8254-63b8d3aece5e,TKT-000132,2fcd5fdd-2d0c-5819-a291-64fefad299fd,aa67b9d9-b4e2-53f3-9447-ca933b53344f,e0f2505c-fc5b-5345-8ebb-7cf3fa778973,Data synchronization delay,medium,closed,2025-08-30T02:00:47+00:00,2025-09-01T23:00:47+00:00
5142c3fc-d0d0-5004-8109-611384e2d150,TKT-000133,e2796e24-73bc-50d9-8592-d2444a8ec1ff,5d462a8e-32e0-59ad-ae5c-9d66eda72663,e0f2505c-fc5b-5345-8ebb-7cf3fa778973,Access policy clarification,low,resolved,2026-04-24T08:20:20+00:00,2026-04-25T11:20:20+00:00
20f2c48a-baed-5a23-a2d1-cd60266ee0a1,TKT-000134,96ad2989-0a2f-5ef5-9d00-0accbe5bf499,cdea42fb-ee49-5a22-a213-56a8f9fcb148,752d1174-aa5f-523e-a43f-23449274de00,Integration connection issue,low,pending,2026-05-10T23:28:48+00:00,
3938efee-a042-5140-b382-fc2bc2e5e163,TKT-000135,dbca9ad4-77ae-5d51-b3ca-657cf0356913,39cb20a1-5dca-5b11-90c4-3e96e441ed0c,93a79ce4-9aa3-5428-8c89-2ce777b9617b,Dashboard metric discrepancy,high,resolved,2025-08-22T05:25:36+00:00,2025-08-23T05:25:36+00:00
ebf8fc4f-d7d8-5068-ad03-6aec19524497,TKT-000136,7130589f-8f9f-5b9b-bdd0-ddfc15e09956,e53c7da2-eb34-5499-8fd8-380dd673ea82,b0461422-02e1-52db-97c3-fe1789b240cf,Configuration assistance for Secure Monitor 58,low,open,2026-04-25T08:34:38+00:00,
84f814b3-5cdf-5ec1-821d-54ce6f8e2607,TKT-000137,067c5d3a-d876-5d21-8d03-2f032f2b6f4c,d6b2e2d8-f41b-5418-ba12-fcffc0aa6508,b136f79e-100e-5a3c-b2f3-f0db6d3a6997,Data synchronization delay,medium,pending,2025-12-31T02:36:22+00:00,
d58a5f1d-9657-556d-832d-2da583f040b4,TKT-000138,57b88fcc-0e15-5085-b1ad-f496f7d8a541,8ac2c18a-5896-572a-9f44-f5d60109258d,b0461422-02e1-52db-97c3-fe1789b240cf,Integration connection issue,medium,resolved,2026-05-31T05:05:47+00:00,2026-06-03T13:05:47+00:00
524e7603-2e9a-5fa8-b77a-4a3bb35d0648,TKT-000139,58fc2c64-d99b-59ae-a357-f14e3c9a8658,cdea42fb-ee49-5a22-a213-56a8f9fcb148,fe0faaa6-ce52-59d0-935b-6d979c1a4e7d,Configuration assistance for Quantum Platform 67,low,resolved,2026-05-16T07:16:01+00:00,2026-05-17T12:16:01+00:00
6282eafe-db63-5b21-91f2-84b49104eaea,TKT-000140,dbea81be-bd5e-5213-a72f-430435501132,e139b0f5-6ca3-5ccb-8610-5a52b4b0eb6c,864956dc-d3a3-5b04-8bc5-799893f07e26,Data synchronization delay,high,open,2026-06-22T11:57:09+00:00,
16d55b7c-d0b8-59a1-a145-671162800b67,TKT-000141,5b77eb0f-fbc0-5382-865a-db5941867a32,7169fcc7-7527-510c-b88d-bdcd257ce105,93a79ce4-9aa3-5428-8c89-2ce777b9617b,Integration connection issue,medium,open,2025-08-30T14:28:55+00:00,
f1f5751a-a47a-5045-ac2c-7b147882cc01,TKT-000142,225ac19b-ce5f-585c-b5e4-1f431f510a79,8b12c834-e054-5502-85aa-99d1eb81eee0,b136f79e-100e-5a3c-b2f3-f0db6d3a6997,Integration connection issue,high,closed,2025-08-25T22:14:51+00:00,2025-08-26T06:14:51+00:00
ea5963ee-7e1e-5295-ab4e-a5441ba706c6,TKT-000143,93284c51-89ec-5b3a-9213-6c86ea224de2,8a195dd5-491c-532c-9a61-886a24d451c0,b136f79e-100e-5a3c-b2f3-f0db6d3a6997,Data synchronization delay,medium,open,2025-11-11T04:48:40+00:00,
7084063f-d24f-5e83-bb0d-c4cead383fa0,TKT-000144,1472294e-a186-5245-9afc-ccaad7893a3e,5d462a8e-32e0-59ad-ae5c-9d66eda72663,93a79ce4-9aa3-5428-8c89-2ce777b9617b,Data synchronization delay,high,resolved,2026-01-28T03:50:04+00:00,2026-01-30T20:50:04+00:00
b43f2eb4-c264-5d52-bf77-50f84185e6ce,TKT-000145,405f7bae-779e-5a02-bcd6-7f8bcb6c819a,599db343-a607-5259-8af1-adde7b1a86ce,e0f2505c-fc5b-5345-8ebb-7cf3fa778973,Configuration assistance for Insight Fabric 24,low,resolved,2025-12-17T03:12:20+00:00,2025-12-20T09:12:20+00:00
48c54198-3a95-5887-b357-f0a0f5bc0894,TKT-000146,00d1bcd5-ebf3-50a2-a791-067e9cd2a147,0137b3c3-db39-5e56-abf7-8ae43bc349ad,864956dc-d3a3-5b04-8bc5-799893f07e26,Integration connection issue,high,resolved,2026-07-24T13:04:11+00:00,2026-07-26T14:04:11+00:00
8c18fef7-e0fb-5910-818b-dd0239d5316f,TKT-000147,3dbf251a-a5bf-5807-a6f3-caa0dc206be5,13e04507-297b-56af-85d7-75b609d982a1,b52ce1d4-6469-5a26-9909-ab8fb46083e5,Data synchronization delay,medium,pending,2025-10-11T04:51:15+00:00,
1eddff05-0a65-56b7-974f-2f78c9ede2bb,TKT-000148,88e5084f-966c-54ad-ac34-25c62330bc2f,aa67b9d9-b4e2-53f3-9447-ca933b53344f,576d59ca-e029-534d-a2fc-2c388b2c3837,Integration connection issue,low,pending,2026-06-20T01:39:12+00:00,
6338f53a-fb5a-510a-b434-beb66d73a95f,TKT-000149,5534c501-8b7e-5366-b01c-0f6fb114cf12,1c3b9a21-09fa-5c21-bdad-35f2eb8a273f,fe0faaa6-ce52-59d0-935b-6d979c1a4e7d,Dashboard metric discrepancy,medium,open,2026-08-03T23:59:15+00:00,
432b37b6-51c7-5904-8d5b-f10598eccb86,TKT-000150,4ecf8661-bfeb-53ad-bb64-08a5b5154e5e,d4214473-2bf7-5b77-bb1f-734e590c4014,7242516c-cc48-56f1-9436-4afbcf0086dc,Data synchronization delay,medium,closed,2026-03-08T02:50:55+00:00,2026-03-11T17:50:55+00:00
bffe5c69-0a37-5114-bb69-a128ac3e81ea,TKT-000151,c45e7545-e687-59bc-bfcb-8aa1781a915a,cdea42fb-ee49-5a22-a213-56a8f9fcb148,e0f2505c-fc5b-5345-8ebb-7cf3fa778973,Access policy clarification,high,resolved,2025-12-18T06:43:18+00:00,2025-12-19T16:43:18+00:00
c0b89852-e407-5bd2-9806-9aacdc043048,TKT-000152,2f6b6099-8007-5523-9235-cf21c3bcac4c,12003734-bab7-5410-8c89-f9a8c4967dea,752d1174-aa5f-523e-a43f-23449274de00,Integration connection issue,low,resolved,2025-10-08T15:13:21+00:00,2025-10-12T19:13:21+00:00
e894b0ba-8647-5d99-b6c7-f4806975ebf9,TKT-000153,c6d441aa-8d4f-5010-a0f1-0859c85abd66,1fa2b768-1b9d-5b9c-befa-fac1ccb97563,e0f2505c-fc5b-5345-8ebb-7cf3fa778973,Dashboard metric discrepancy,high,open,2025-08-24T13:19:58+00:00,
20e6de57-2bd2-569a-9f10-0fa38dae74e8,TKT-000154,abdc1779-4100-596b-8d77-e8c9b1c5ba82,f78fc905-81d2-5f52-8c77-1cff3a4b42b7,93a79ce4-9aa3-5428-8c89-2ce777b9617b,Configuration assistance for Secure Console 08,low,closed,2025-12-24T14:29:45+00:00,2025-12-25T23:29:45+00:00
4aa01aab-f53c-5d99-a2a6-c63f1a1e7bfa,TKT-000155,c871b9d2-5aba-572d-af22-8b861bacda77,5d79cff2-0e77-58a2-b1bf-c506ed3c98bd,b52ce1d4-6469-5a26-9909-ab8fb46083e5,Access policy clarification,low,resolved,2026-02-05T01:53:57+00:00,2026-02-09T01:53:57+00:00
4f8db080-f0db-5d83-9ef9-7beb93ae6349,TKT-000156,4b4ddf72-a9a0-5739-b72a-501b484a6f70,db630ac7-839d-5331-93df-dc621d8357b6,e0f2505c-fc5b-5345-8ebb-7cf3fa778973,Data synchronization delay,medium,open,2026-05-26T21:38:29+00:00,
f8436c10-0436-535e-bbc6-7802d65bb8de,TKT-000157,5f078f90-2d6f-5cd4-baf1-e221a1ccd6b0,eff08d1d-eb3b-559a-8ca9-60c7b365af52,fe0faaa6-ce52-59d0-935b-6d979c1a4e7d,Dashboard metric discrepancy,medium,closed,2026-07-01T20:44:02+00:00,2026-07-03T17:44:02+00:00
11af33d6-e66f-5aad-aff1-c2a69ab6fd31,TKT-000158,6289e26f-3f62-5717-b208-759544c72c9b,bab29423-27f9-5732-bd8b-a403c95b1a96,576d59ca-e029-534d-a2fc-2c388b2c3837,Configuration assistance for Adaptive Workbench 91,low,resolved,2026-07-07T23:43:45+00:00,2026-07-12T06:43:45+00:00
a0c465e2-b6e3-556e-8fd6-05971847489c,TKT-000159,492571cd-6c54-530b-8ecd-49c381ce4c96,6469a098-75a3-5b3b-839a-ad075a8e67ad,752d1174-aa5f-523e-a43f-23449274de00,Data synchronization delay,high,closed,2026-04-06T04:51:26+00:00,2026-04-07T21:51:26+00:00
c6211ff1-35d6-5b84-ba90-d44a26f25821,TKT-000160,3604e062-46b5-5078-94d0-24cd3c642d94,617fd070-2fb8-5ff6-8eaa-308844dc97ac,38b70633-8c56-58a2-b08e-83e8c5c45b63,Data synchronization delay,medium,resolved,2025-09-20T12:03:09+00:00,2025-09-25T04:03:09+00:00
eb4c2c4c-aa81-5f3b-b7dd-234451ea3108,TKT-000161,57b88fcc-0e15-5085-b1ad-f496f7d8a541,c0bff87f-f764-5151-8aec-dda48ea91847,93a79ce4-9aa3-5428-8c89-2ce777b9617b,Configuration assistance for Unified Platform 69,critical,resolved,2025-10-19T23:47:42+00:00,2025-10-23T14:47:42+00:00
933ddb45-b8f8-5c2f-8d4c-b2796dd8497e,TKT-000162,6c7e2291-c37b-5221-adf7-b99f74c62056,b6464168-fc86-5543-9805-0861ea9c66cc,fe0faaa6-ce52-59d0-935b-6d979c1a4e7d,Access policy clarification,high,closed,2026-04-09T18:05:20+00:00,2026-04-10T08:05:20+00:00
f69cc3c9-7c78-581e-85ef-06d9955808af,TKT-000163,2c1841c7-6bab-59e0-aef7-bcda2f80dd86,fb4140fc-b3c1-5a6a-8613-9b068fdd2b39,b0461422-02e1-52db-97c3-fe1789b240cf,Integration connection issue,high,resolved,2025-08-31T17:22:15+00:00,2025-09-04T23:22:15+00:00
0f58923c-d384-5177-9fcb-2e8a1d95a82a,TKT-000164,56f4c86f-4e04-5b9c-8202-c386fedc6c3d,f9fe7a6c-9a44-59e2-a4cc-fef69cc2e48e,b136f79e-100e-5a3c-b2f3-f0db6d3a6997,Configuration assistance for Enterprise Suite 73,medium,open,2025-11-15T18:51:39+00:00,
39591e48-185b-5b0d-ac09-8df9eac83ceb,TKT-000165,022518fc-c9ab-5ab7-89f9-7077b5801b6f,31a97c6b-10cf-54c1-b463-f81683a437cc,e0f2505c-fc5b-5345-8ebb-7cf3fa778973,Dashboard metric discrepancy,medium,resolved,2026-07-12T11:51:44+00:00,2026-07-15T13:51:44+00:00
0a1cdc19-1e4f-5120-9524-3157c7d38d33,TKT-000166,cc917d1b-2ad4-5f02-a1bb-f34d02c724d8,9f7bfd37-85ae-5a17-9b9f-5dafe3ec68ee,fe0faaa6-ce52-59d0-935b-6d979c1a4e7d,Configuration assistance for Precision Gateway 36,low,resolved,2026-03-20T10:47:05+00:00,2026-03-23T17:47:05+00:00
11e954de-d758-5803-b44a-0440039aef2c,TKT-000167,b703766e-29da-5a0c-ab16-d0b8918643f5,f9fe7a6c-9a44-59e2-a4cc-fef69cc2e48e,7242516c-cc48-56f1-9436-4afbcf0086dc,Dashboard metric discrepancy,medium,closed,2026-05-03T19:49:18+00:00,2026-05-05T04:49:18+00:00
77674376-3a7d-5e70-bc94-a4103a7473da,TKT-000168,a89d640d-e9fc-5076-a3d2-383e3593fefc,bab29423-27f9-5732-bd8b-a403c95b1a96,38b70633-8c56-58a2-b08e-83e8c5c45b63,Integration connection issue,low,resolved,2025-09-26T02:18:45+00:00,2025-09-27T17:18:45+00:00
e99422ad-515e-5c90-a733-b34db42c34aa,TKT-000169,50d5ba2e-b0c3-524c-b66d-2e436641c796,fd5d29e1-571f-589d-be31-aa00127c02aa,e0f2505c-fc5b-5345-8ebb-7cf3fa778973,Access policy clarification,low,resolved,2026-05-21T09:11:40+00:00,2026-05-22T19:11:40+00:00
9645fff0-22c4-5723-9ea2-7b61a8a12181,TKT-000170,ea454c85-b607-5c71-a84f-ec84919fb709,e3b2c918-6a66-5db3-87f9-e5c71515f2ab,b136f79e-100e-5a3c-b2f3-f0db6d3a6997,Access policy clarification,critical,pending,2026-06-02T00:29:26+00:00,
e77a71ee-03e6-5645-9ad6-ceca1063cf0e,TKT-000171,01b3310c-e7f2-5f55-b265-7fe8ab84b435,91bd15e4-105e-5926-abe6-7ceaf8c07375,93a79ce4-9aa3-5428-8c89-2ce777b9617b,Integration connection issue,medium,resolved,2025-12-06T07:33:30+00:00,2025-12-06T09:33:30+00:00
d21f08e3-9eeb-57b8-8d08-c0ed3c68e67b,TKT-000172,d0912a42-5e15-50d0-bbe2-7065c5632e55,a042ed60-9218-5159-876b-6c4dd0e5f934,7242516c-cc48-56f1-9436-4afbcf0086dc,Data synchronization delay,medium,resolved,2025-08-20T14:01:39+00:00,2025-08-22T23:01:39+00:00
09a84e17-1072-5028-a654-6f7edc29e84d,TKT-000173,cc917d1b-2ad4-5f02-a1bb-f34d02c724d8,1c3b9a21-09fa-5c21-bdad-35f2eb8a273f,fe0faaa6-ce52-59d0-935b-6d979c1a4e7d,Access policy clarification,high,resolved,2025-10-16T11:45:16+00:00,2025-10-17T14:45:16+00:00
9dfcdbe8-8c82-5b23-b394-2eb7471a212f,TKT-000174,57b88fcc-0e15-5085-b1ad-f496f7d8a541,1760c2e4-563f-5bac-abcd-baf5317434c8,93a79ce4-9aa3-5428-8c89-2ce777b9617b,Data synchronization delay,medium,resolved,2025-11-22T23:22:11+00:00,2025-11-26T03:22:11+00:00
cd0aec0b-aed5-5a4b-80ee-ecd323eab98f,TKT-000175,82d3547e-402b-58f3-8568-daab678823eb,1dd10a82-5cdc-539f-af3f-d3f255171973,93a79ce4-9aa3-5428-8c89-2ce777b9617b,Data synchronization delay,low,closed,2025-08-15T03:56:07+00:00,2025-08-17T13:56:07+00:00
c3c54a31-3224-52b6-ba73-5b555525bfe3,TKT-000176,cc2ce181-81fc-5f80-8405-c8d7324a0a86,d3739878-986b-5b5f-a096-4452493d6cbb,e0f2505c-fc5b-5345-8ebb-7cf3fa778973,Access policy clarification,medium,resolved,2026-01-12T12:46:30+00:00,2026-01-15T00:46:30+00:00
24bb8f68-07e1-552d-9371-ba11ef2e4fed,TKT-000177,391e55b5-f6e6-52a8-9196-1063349c9396,e139b0f5-6ca3-5ccb-8610-5a52b4b0eb6c,e0f2505c-fc5b-5345-8ebb-7cf3fa778973,Configuration assistance for Unified Suite 79,medium,closed,2026-06-18T21:27:15+00:00,2026-06-22T04:27:15+00:00
b37b456a-fb5c-52dd-a418-26582c9d4e1a,TKT-000178,6c7e2291-c37b-5221-adf7-b99f74c62056,43d6da55-777b-55ef-8cf5-d4cc7bfa63ad,b136f79e-100e-5a3c-b2f3-f0db6d3a6997,Integration connection issue,high,pending,2026-04-25T10:43:59+00:00,
dc3e5440-8dde-5e5c-958d-ac03b0b6b752,TKT-000179,fcf1f8c9-ccaf-5878-a594-7eabc3d39110,13e04507-297b-56af-85d7-75b609d982a1,38b70633-8c56-58a2-b08e-83e8c5c45b63,Configuration assistance for Quantum Hub 47,medium,open,2025-09-06T11:10:22+00:00,
9b3f237c-2961-56bd-936a-82ae6ed650f4,TKT-000180,c45e7545-e687-59bc-bfcb-8aa1781a915a,cb09f248-037d-5a0d-9970-99cb102c05d8,b0461422-02e1-52db-97c3-fe1789b240cf,Integration connection issue,medium,pending,2025-09-21T23:22:24+00:00,
da39ee03-07d7-5901-823a-911217ca275a,TKT-000181,8ba710c9-4197-5127-bdce-f6ff242cda4d,9f7bfd37-85ae-5a17-9b9f-5dafe3ec68ee,fe0faaa6-ce52-59d0-935b-6d979c1a4e7d,Dashboard metric discrepancy,critical,resolved,2026-06-13T23:04:25+00:00,2026-06-17T23:04:25+00:00
844071a4-35c4-525a-9de0-e26c1c5e0569,TKT-000182,30a44f7a-d5a3-5e4b-9a31-9eaf120064ca,45669348-c1a3-5956-bbf2-d29bd438fbdc,864956dc-d3a3-5b04-8bc5-799893f07e26,Data synchronization delay,medium,resolved,2025-09-22T20:31:23+00:00,2025-09-25T11:31:23+00:00
a7a9e594-add8-5655-865c-51c85682b5a1,TKT-000183,537c53b7-a6d7-5e3b-bf4c-d9d10b7d265d,8dfa6632-930f-5fdc-b7cd-8d5908a33d66,752d1174-aa5f-523e-a43f-23449274de00,Integration connection issue,medium,closed,2025-11-12T05:12:13+00:00,2025-11-12T15:12:13+00:00
ce822e8f-06bd-5f7d-8e7c-330c65d09b18,TKT-000184,030d6a9b-4f25-5c78-aaee-abe5875bec1f,bab29423-27f9-5732-bd8b-a403c95b1a96,e0f2505c-fc5b-5345-8ebb-7cf3fa778973,Dashboard metric discrepancy,low,open,2025-11-28T22:47:10+00:00,
2e7e8b38-94b7-5caa-8868-da80acca0db4,TKT-000185,5799dc89-848a-5029-a596-a8c578777134,c2be7cd9-f7ee-544a-9ceb-7052826da8ce,b0461422-02e1-52db-97c3-fe1789b240cf,Configuration assistance for Insight Engine 14,medium,resolved,2026-01-23T02:50:40+00:00,2026-01-27T06:50:40+00:00
eb97af00-868d-56cf-a47a-6f52896bc590,TKT-000186,7b4e4282-74df-5df9-b2bd-7c0c893b80db,617fd070-2fb8-5ff6-8eaa-308844dc97ac,864956dc-d3a3-5b04-8bc5-799893f07e26,Data synchronization delay,high,resolved,2026-03-07T05:01:13+00:00,2026-03-11T02:01:13+00:00
958dd0ea-4549-5cf2-8465-e7d60abb0685,TKT-000187,f941616b-f138-5e2a-84a6-62e46fcbc804,88f79184-2cf9-5f72-8e4a-cedfa68d9d06,7242516c-cc48-56f1-9436-4afbcf0086dc,Dashboard metric discrepancy,low,resolved,2026-07-04T17:57:59+00:00,2026-07-08T12:57:59+00:00
1bad23c7-1a8d-5a0b-9ad8-b08a278af6cc,TKT-000188,a0a33f10-1906-5e9c-b602-72a155faa409,b4065918-1c4b-50b6-b69a-d859f24bfe23,7242516c-cc48-56f1-9436-4afbcf0086dc,Integration connection issue,low,resolved,2025-10-08T08:22:55+00:00,2025-10-12T18:22:55+00:00
61b569cc-cf53-5090-a5eb-09a1c399c4fd,TKT-000189,36c082a8-15a4-56eb-8b03-66465706414f,5d79cff2-0e77-58a2-b1bf-c506ed3c98bd,b0461422-02e1-52db-97c3-fe1789b240cf,Dashboard metric discrepancy,low,closed,2026-06-18T12:31:46+00:00,2026-06-22T11:31:46+00:00
87758292-8452-5ce1-a6c6-14000eb5c1e1,TKT-000190,acd40d76-d845-5d77-9fb8-32b0713d5e75,e69a7c0b-6875-5a37-a379-abbc430fb47b,93a79ce4-9aa3-5428-8c89-2ce777b9617b,Data synchronization delay,low,resolved,2026-05-30T06:24:46+00:00,2026-05-31T10:24:46+00:00
dfc1084c-ff86-520d-8ab0-9cfef4e9829e,TKT-000191,f1dea065-29d1-559a-8ab4-891657df2249,91bd15e4-105e-5926-abe6-7ceaf8c07375,b52ce1d4-6469-5a26-9909-ab8fb46083e5,Access policy clarification,medium,resolved,2026-04-30T12:33:48+00:00,2026-05-05T09:33:48+00:00
c1d8ed5e-fdb2-5122-97c4-2b793b86ef54,TKT-000192,88e5084f-966c-54ad-ac34-25c62330bc2f,31a97c6b-10cf-54c1-b463-f81683a437cc,576d59ca-e029-534d-a2fc-2c388b2c3837,Dashboard metric discrepancy,medium,resolved,2025-08-21T02:10:38+00:00,2025-08-25T20:10:38+00:00
dca4bdc7-7bb7-57a8-9cfb-b64ebd1d32d8,TKT-000193,2a3d099e-3aaf-57b1-97c7-34bd4ff7ef6a,e3b2c918-6a66-5db3-87f9-e5c71515f2ab,38b70633-8c56-58a2-b08e-83e8c5c45b63,Access policy clarification,high,resolved,2025-08-30T19:06:24+00:00,2025-09-04T12:06:24+00:00
57e5a2d9-c2fc-551e-9b7d-145bac5d5b7f,TKT-000194,eb561ad0-9380-5a85-8731-9b83a34616f8,1dd10a82-5cdc-539f-af3f-d3f255171973,864956dc-d3a3-5b04-8bc5-799893f07e26,Integration connection issue,low,open,2026-01-28T19:44:23+00:00,
8d12eba3-d2d1-5677-9586-b58f11c63153,TKT-000195,7a7a6781-a43d-5a44-b8c3-ed9a9393e01d,45669348-c1a3-5956-bbf2-d29bd438fbdc,576d59ca-e029-534d-a2fc-2c388b2c3837,Configuration assistance for Adaptive Workspace 81,high,resolved,2025-09-10T22:07:58+00:00,2025-09-12T12:07:58+00:00
6a360f87-ec67-5a4c-9cc5-2e47987d7761,TKT-000196,225ac19b-ce5f-585c-b5e4-1f431f510a79,34baeb4c-81dc-5b29-bc76-0b8fd47cdbed,93a79ce4-9aa3-5428-8c89-2ce777b9617b,Integration connection issue,low,resolved,2025-11-05T17:37:58+00:00,2025-11-09T06:37:58+00:00
6e261a3c-d078-59d0-aa79-9b11e219b26f,TKT-000197,8f1ae530-27a9-5f1b-a497-89b9e2010b99,1657c1e2-1668-5957-a5e5-822140c08707,fe0faaa6-ce52-59d0-935b-6d979c1a4e7d,Dashboard metric discrepancy,high,resolved,2026-05-14T00:05:35+00:00,2026-05-17T23:05:35+00:00
2f3f446b-dd69-55c9-bce6-6a21e45d579c,TKT-000198,acd40d76-d845-5d77-9fb8-32b0713d5e75,75679cf6-5497-5e69-b773-db773bc6a245,b136f79e-100e-5a3c-b2f3-f0db6d3a6997,Dashboard metric discrepancy,high,closed,2026-07-13T19:56:19+00:00,2026-07-17T17:56:19+00:00
416d3ef0-47cd-5362-a1c9-8a90dc109fa6,TKT-000199,79c0aefc-5401-5768-acf7-3d92461e78f8,75679cf6-5497-5e69-b773-db773bc6a245,38b70633-8c56-58a2-b08e-83e8c5c45b63,Configuration assistance for Nexus Platform 65,high,resolved,2026-05-29T12:12:41+00:00,2026-05-30T02:12:41+00:00
0f67711d-ea2e-5622-8526-6d837cc75145,TKT-000200,911d2ac5-b705-55b1-b535-20defd046120,cb09f248-037d-5a0d-9970-99cb102c05d8,576d59ca-e029-534d-a2fc-2c388b2c3837,Configuration assistance for Secure Gateway 38,high,pending,2026-03-26T17:33:38+00:00,
70db588c-b75c-590a-8878-b47f6232e25a,TKT-000201,069ee107-ef39-5b56-8a25-9bd98963b8c1,d96da70b-0cb5-58c8-928a-aafb2d90b154,576d59ca-e029-534d-a2fc-2c388b2c3837,Access policy clarification,high,resolved,2025-09-17T04:09:01+00:00,2025-09-19T04:09:01+00:00
d582c8a3-562a-5b16-b9e8-abbd30c8c653,TKT-000202,d2f6b061-ebf1-58ea-80d0-8bba279f21c4,db43f9b2-c956-5785-8950-8287c47db3ae,752d1174-aa5f-523e-a43f-23449274de00,Integration connection issue,medium,resolved,2025-08-08T02:12:54+00:00,2025-08-08T10:12:54+00:00
107b9175-be2b-5c77-bf04-87dc8d609128,TKT-000203,3e5f5099-ba24-593a-8a19-ef985a01e7bc,b4065918-1c4b-50b6-b69a-d859f24bfe23,7242516c-cc48-56f1-9436-4afbcf0086dc,Dashboard metric discrepancy,critical,resolved,2026-01-11T08:40:59+00:00,2026-01-12T01:40:59+00:00
b37fa84e-824d-5607-8d7b-e1bcf798df91,TKT-000204,05a5c6bc-3c27-569a-8cfa-c848e070f23e,d6b2e2d8-f41b-5418-ba12-fcffc0aa6508,b0461422-02e1-52db-97c3-fe1789b240cf,Integration connection issue,medium,resolved,2025-08-13T02:43:41+00:00,2025-08-14T22:43:41+00:00
2a5ec4dc-1691-515f-ac87-277f205cd08d,TKT-000205,c21c4019-dc0f-5fe1-a6d7-af0225e48191,01351cb5-bcf4-52ee-88a1-c6442df67004,576d59ca-e029-534d-a2fc-2c388b2c3837,Integration connection issue,low,resolved,2026-02-08T11:36:56+00:00,2026-02-09T11:36:56+00:00
3b06cdac-0700-5a03-a585-c8477de4f6b7,TKT-000206,dd8ace5e-df6a-5b8f-9041-eaea07c89500,5d462a8e-32e0-59ad-ae5c-9d66eda72663,93a79ce4-9aa3-5428-8c89-2ce777b9617b,Access policy clarification,low,resolved,2026-02-16T07:53:46+00:00,2026-02-20T10:53:46+00:00
14919273-294f-5ef7-ba7e-63c54a400738,TKT-000207,d35b7450-b912-5394-a06e-ce5de144ba54,ac03c1f7-3948-530e-8de5-80756984ab20,38b70633-8c56-58a2-b08e-83e8c5c45b63,Data synchronization delay,low,open,2026-04-19T19:26:15+00:00,
8f9ea823-08a1-5a1b-b759-2d9f527a5d87,TKT-000208,c977064b-11eb-59d5-973f-5594f41a3651,88f79184-2cf9-5f72-8e4a-cedfa68d9d06,38b70633-8c56-58a2-b08e-83e8c5c45b63,Dashboard metric discrepancy,medium,resolved,2025-08-18T07:46:27+00:00,2025-08-19T06:46:27+00:00
41954dda-5a4d-5452-b669-ceb91413c541,TKT-000209,ea6e9bfa-4eb3-55fb-aff4-4401646d50ef,8ac2c18a-5896-572a-9f44-f5d60109258d,576d59ca-e029-534d-a2fc-2c388b2c3837,Dashboard metric discrepancy,low,resolved,2025-12-08T07:03:34+00:00,2025-12-09T08:03:34+00:00
a3580353-e454-59e6-ba8a-e1fdb162562f,TKT-000210,dbca9ad4-77ae-5d51-b3ca-657cf0356913,8dfa6632-930f-5fdc-b7cd-8d5908a33d66,93a79ce4-9aa3-5428-8c89-2ce777b9617b,Dashboard metric discrepancy,high,closed,2025-11-15T02:14:14+00:00,2025-11-15T03:14:14+00:00
6c4bf5df-bbc3-535d-9e19-39104a60fc58,TKT-000211,389102bb-679b-54d2-a322-bd281ba8e916,201fb8e4-2c24-5483-b44d-4063694486b2,b136f79e-100e-5a3c-b2f3-f0db6d3a6997,Dashboard metric discrepancy,high,resolved,2025-08-22T15:29:01+00:00,2025-08-24T23:29:01+00:00
cdedfaa3-e169-5417-be19-63b54efdf920,TKT-000212,330fc81d-4b93-5eee-a4c6-c7a662017c96,241d3cd0-ef2c-56b8-bb75-b039a61b370a,576d59ca-e029-534d-a2fc-2c388b2c3837,Data synchronization delay,medium,closed,2026-01-11T13:33:42+00:00,2026-01-14T00:33:42+00:00
7d9d0f12-ba22-52fa-8234-c8d632a94d68,TKT-000213,1888901a-2aa8-5cf0-afb6-d48a0822f2c1,613ff8f3-9a2b-5f66-8d3e-3e05d5391002,864956dc-d3a3-5b04-8bc5-799893f07e26,Configuration assistance for Insight Suite 74,high,resolved,2025-12-24T09:34:03+00:00,2025-12-29T08:34:03+00:00
091e512c-5199-5588-8a9b-429138c8c887,TKT-000214,0b55ee75-bb2b-5c75-b3d5-150d382451d8,db630ac7-839d-5331-93df-dc621d8357b6,b52ce1d4-6469-5a26-9909-ab8fb46083e5,Data synchronization delay,medium,resolved,2025-09-16T11:23:08+00:00,2025-09-18T03:23:08+00:00
151e02d4-ad27-5eea-91bf-e7b72a9eb604,TKT-000215,165390f8-63ad-5d58-a264-328d0da126cd,39cb20a1-5dca-5b11-90c4-3e96e441ed0c,93a79ce4-9aa3-5428-8c89-2ce777b9617b,Integration connection issue,medium,resolved,2025-12-25T10:18:18+00:00,2025-12-28T05:18:18+00:00
b01e6ac9-7cc5-538e-ac43-df8901ac5a0d,TKT-000216,3dbf251a-a5bf-5807-a6f3-caa0dc206be5,34baeb4c-81dc-5b29-bc76-0b8fd47cdbed,b52ce1d4-6469-5a26-9909-ab8fb46083e5,Integration connection issue,high,pending,2026-08-05T17:33:45+00:00,
5b9a36ce-60cc-56ec-84c1-49a59b0ca822,TKT-000217,9c5ba231-ce4c-5e72-9ae8-025ae5a06908,31a97c6b-10cf-54c1-b463-f81683a437cc,752d1174-aa5f-523e-a43f-23449274de00,Configuration assistance for Secure Fabric 28,medium,closed,2026-06-04T04:07:04+00:00,2026-06-04T13:07:04+00:00
295eb97a-fa16-5520-9baa-4b38799793ab,TKT-000218,5b77eb0f-fbc0-5382-865a-db5941867a32,db630ac7-839d-5331-93df-dc621d8357b6,7242516c-cc48-56f1-9436-4afbcf0086dc,Access policy clarification,medium,pending,2026-07-20T02:36:04+00:00,
f67d6fb7-343d-55e3-b6d6-60d47de6553a,TKT-000219,ea6e9bfa-4eb3-55fb-aff4-4401646d50ef,9a2e8c5f-4d3e-5cb8-ba78-f2bd562ee61b,752d1174-aa5f-523e-a43f-23449274de00,Dashboard metric discrepancy,medium,closed,2026-05-16T07:21:23+00:00,2026-05-16T18:21:23+00:00
039ad376-6530-562f-9b8e-0bc4c3757844,TKT-000220,f055a98f-c476-5dcf-a370-33fc7510ae5f,88f79184-2cf9-5f72-8e4a-cedfa68d9d06,b52ce1d4-6469-5a26-9909-ab8fb46083e5,Data synchronization delay,medium,open,2026-05-29T19:12:42+00:00,
e58bf818-abd5-55f2-b6ed-12a44a038a11,TKT-000221,f3b32c23-d3e5-5147-83fc-209309790194,1c3b9a21-09fa-5c21-bdad-35f2eb8a273f,38b70633-8c56-58a2-b08e-83e8c5c45b63,Configuration assistance for Insight Platform 64,low,closed,2026-04-10T16:44:54+00:00,2026-04-12T03:44:54+00:00
b57f3e35-f6c6-544a-941c-d106e2511e9b,TKT-000222,067c5d3a-d876-5d21-8d03-2f032f2b6f4c,dee51c26-0113-56c0-a9c6-edbcfc488df1,e0f2505c-fc5b-5345-8ebb-7cf3fa778973,Configuration assistance for Velocity Workbench 100,medium,resolved,2026-04-03T22:06:36+00:00,2026-04-07T15:06:36+00:00
8b7c256d-8408-54fb-be89-0b9491afdd57,TKT-000223,8ebcae03-2625-57f2-82ee-a29c3784ddea,9f7bfd37-85ae-5a17-9b9f-5dafe3ec68ee,752d1174-aa5f-523e-a43f-23449274de00,Dashboard metric discrepancy,medium,resolved,2026-04-06T22:31:05+00:00,2026-04-07T17:31:05+00:00
f3cf8b7d-9d63-595d-bb9a-822d0a1b785d,TKT-000224,8abef9ed-a119-5b75-93c5-7185d84922d1,b6464168-fc86-5543-9805-0861ea9c66cc,7242516c-cc48-56f1-9436-4afbcf0086dc,Integration connection issue,low,resolved,2026-05-27T07:30:47+00:00,2026-05-31T14:30:47+00:00
573fe24f-5bac-503c-a92e-7ba9392ac01e,TKT-000225,a19efc6f-37e7-5457-9301-3409697b7ceb,d520aef1-b021-5cf0-a1d3-9e7e6d31aab7,e0f2505c-fc5b-5345-8ebb-7cf3fa778973,Access policy clarification,medium,resolved,2025-09-07T16:14:15+00:00,2025-09-09T01:14:15+00:00
2909cd9a-bd49-54ea-8c32-72822c5d2027,TKT-000226,d9654a4c-376a-5bc2-92ca-51f4276b990a,80450a39-8a90-55da-adf7-0b6a1b84aeeb,7242516c-cc48-56f1-9436-4afbcf0086dc,Access policy clarification,high,resolved,2025-12-19T11:26:52+00:00,2025-12-19T21:26:52+00:00
29a9c82a-fc37-5c3f-8ab2-2b714641baf5,TKT-000227,75acbee6-d99a-5ec5-a2ac-5e5eae838250,2e263bcd-bacc-5f51-b35b-70d1674f4dc5,e0f2505c-fc5b-5345-8ebb-7cf3fa778973,Dashboard metric discrepancy,low,closed,2025-10-20T00:59:19+00:00,2025-10-20T23:59:19+00:00
5fc85e41-d61d-57ab-a391-a637bb5d0ea3,TKT-000228,e8a1b9ba-35c1-529a-943b-1259db57e727,508dfc85-5bf2-5709-b1e3-06ff86d5acb8,fe0faaa6-ce52-59d0-935b-6d979c1a4e7d,Data synchronization delay,high,closed,2025-12-27T17:45:44+00:00,2025-12-28T11:45:44+00:00
2c3f81eb-3849-5728-9795-d2ffd0103a6d,TKT-000229,0d34bfa4-fcc6-59f8-9652-5e0affb1d4f4,8d6058a9-d9fb-546e-b841-e6b4a0978311,93a79ce4-9aa3-5428-8c89-2ce777b9617b,Dashboard metric discrepancy,low,closed,2025-12-24T12:57:14+00:00,2025-12-28T23:57:14+00:00
dc39bda1-71d6-5151-bc46-8997175b669e,TKT-000230,0fae5ac6-afb9-5b81-99c4-d80d51446c73,e691a6a3-7dd7-5d95-b97e-997e3af77227,b0461422-02e1-52db-97c3-fe1789b240cf,Data synchronization delay,low,resolved,2026-03-13T07:08:20+00:00,2026-03-15T14:08:20+00:00
1589dce0-7fae-5af2-abf3-2a1e417b7d07,TKT-000231,57f9a8b3-e5ff-5ea5-b2f2-b5735ffb7811,3205bb8a-e766-5617-a3d4-78aaa9883bc8,b52ce1d4-6469-5a26-9909-ab8fb46083e5,Dashboard metric discrepancy,medium,pending,2026-05-04T20:49:08+00:00,
da6593ab-5fdf-5026-9aa0-6787f7a01465,TKT-000232,4bd863dc-24bc-586d-aca7-7ca6c200c922,4dbc0e6b-ab10-5b67-a928-f87e1ed2bb9a,7242516c-cc48-56f1-9436-4afbcf0086dc,Integration connection issue,high,resolved,2026-07-12T10:40:47+00:00,2026-07-17T06:40:47+00:00
ac5cfbff-d2a8-59a0-8864-24749b683312,TKT-000233,cc2ce181-81fc-5f80-8405-c8d7324a0a86,43d6da55-777b-55ef-8cf5-d4cc7bfa63ad,e0f2505c-fc5b-5345-8ebb-7cf3fa778973,Dashboard metric discrepancy,medium,closed,2025-12-05T16:17:28+00:00,2025-12-05T17:17:28+00:00
c49201e5-ae58-5d60-93a1-135d4a6b24bf,TKT-000234,6c7e2291-c37b-5221-adf7-b99f74c62056,6469a098-75a3-5b3b-839a-ad075a8e67ad,752d1174-aa5f-523e-a43f-23449274de00,Data synchronization delay,medium,resolved,2025-12-13T10:14:48+00:00,2025-12-14T14:14:48+00:00
013ec33a-59e8-56c0-afc6-3b2985746c68,TKT-000235,57b88fcc-0e15-5085-b1ad-f496f7d8a541,f78fc905-81d2-5f52-8c77-1cff3a4b42b7,752d1174-aa5f-523e-a43f-23449274de00,Dashboard metric discrepancy,low,resolved,2025-10-29T08:39:12+00:00,2025-10-31T12:39:12+00:00
0bf19692-1922-508c-a66a-5ba153c2e88b,TKT-000236,2630094e-3017-5eb7-a597-40f99100a14c,34baeb4c-81dc-5b29-bc76-0b8fd47cdbed,7242516c-cc48-56f1-9436-4afbcf0086dc,Integration connection issue,low,resolved,2026-05-23T00:20:15+00:00,2026-05-23T19:20:15+00:00
2b73d5d6-04ea-571e-a4da-c3db37d61bcd,TKT-000237,7a334245-32b6-5b38-8681-ab7e7d2017f6,9f7bfd37-85ae-5a17-9b9f-5dafe3ec68ee,38b70633-8c56-58a2-b08e-83e8c5c45b63,Data synchronization delay,high,resolved,2026-05-15T02:15:24+00:00,2026-05-17T00:15:24+00:00
f0ce67f8-7a10-5c38-b9c2-c103bd2e66ba,TKT-000238,721afae2-f05c-5b9d-a637-08a16c97f3d1,9b6b9203-f582-59b6-b64c-309881607c86,752d1174-aa5f-523e-a43f-23449274de00,Configuration assistance for Insight Console 04,low,resolved,2025-08-23T01:50:58+00:00,2025-08-27T21:50:58+00:00
2e93d79a-d735-5489-847a-b36302d5b4fc,TKT-000239,1055b7e8-8538-5966-86ca-9f9cce8f490b,2f2113cc-589a-55b5-846a-78fddce3a3c9,b0461422-02e1-52db-97c3-fe1789b240cf,Data synchronization delay,medium,resolved,2025-12-04T22:24:01+00:00,2025-12-06T17:24:01+00:00
cbd7865a-273f-5a2d-8203-a35202907599,TKT-000240,604d18ac-e6bb-5ab1-ab92-569dfc0b5646,8b12c834-e054-5502-85aa-99d1eb81eee0,e0f2505c-fc5b-5345-8ebb-7cf3fa778973,Dashboard metric discrepancy,medium,resolved,2026-06-05T08:43:12+00:00,2026-06-06T11:43:12+00:00
3559659f-2ade-5faa-8151-9955f3479248,TKT-000241,4edd4353-ea41-5f28-a532-c57780412c41,eff08d1d-eb3b-559a-8ca9-60c7b365af52,e0f2505c-fc5b-5345-8ebb-7cf3fa778973,Data synchronization delay,high,closed,2025-12-14T22:49:30+00:00,2025-12-16T18:49:30+00:00
e2b9da2a-0c57-532a-874b-0e8d37ffc45f,TKT-000242,74cf633d-26d0-5c3c-9200-656f0fe1bab7,86eda21c-1dbc-500a-9201-b7d6b0786cc8,864956dc-d3a3-5b04-8bc5-799893f07e26,Dashboard metric discrepancy,high,resolved,2026-02-25T18:50:15+00:00,2026-03-02T10:50:15+00:00
10d3e583-d23d-55c7-b5c5-98971b7904db,TKT-000243,6ad6d4cf-225a-5827-8d44-2584bc83022a,6469a098-75a3-5b3b-839a-ad075a8e67ad,b52ce1d4-6469-5a26-9909-ab8fb46083e5,Data synchronization delay,medium,resolved,2026-03-20T13:22:20+00:00,2026-03-22T17:22:20+00:00
5e25c067-4917-5ef8-89bc-d049de8c4971,TKT-000244,219adb0d-08f2-5951-a5c0-5fda355c7032,91bd15e4-105e-5926-abe6-7ceaf8c07375,fe0faaa6-ce52-59d0-935b-6d979c1a4e7d,Dashboard metric discrepancy,medium,resolved,2026-05-24T21:26:54+00:00,2026-05-24T23:26:54+00:00
7067591f-3af1-553e-87f1-3d40af7d8967,TKT-000245,cf2226a8-1b7f-5eb6-8a4c-6bd84e7f34df,88f79184-2cf9-5f72-8e4a-cedfa68d9d06,b136f79e-100e-5a3c-b2f3-f0db6d3a6997,Configuration assistance for Secure Engine 18,medium,resolved,2025-11-24T08:43:56+00:00,2025-11-28T04:43:56+00:00
7b9c04d2-525f-572c-a243-15e6be8e585d,TKT-000246,98720647-5e5b-52f7-b8a1-84433d1df38e,228ccd2f-642c-5fdf-abf0-129af98a3568,b52ce1d4-6469-5a26-9909-ab8fb46083e5,Integration connection issue,medium,pending,2026-04-27T01:41:55+00:00,
b00f24a2-6c0e-57b5-ac94-b7252de1c15d,TKT-000247,14a7eb68-5af3-5176-b3ce-4fd95f98966a,43d6da55-777b-55ef-8cf5-d4cc7bfa63ad,864956dc-d3a3-5b04-8bc5-799893f07e26,Integration connection issue,medium,resolved,2026-03-14T23:45:28+00:00,2026-03-18T14:45:28+00:00
ae9220cc-b8d0-5475-8bb5-3853c0faad46,TKT-000248,da64b36b-b5b6-555b-9093-3c014d6534ff,0f2c8ffe-5a45-5cfc-afbf-417553294a54,b52ce1d4-6469-5a26-9909-ab8fb46083e5,Data synchronization delay,medium,resolved,2025-09-30T05:24:43+00:00,2025-10-01T19:24:43+00:00
acf702da-18b3-5635-88e5-e7ab7e6cfe86,TKT-000249,b3398a43-50be-54d0-b982-9c62184be451,d37c44df-541b-5bf4-b395-65b41bac88a8,e0f2505c-fc5b-5345-8ebb-7cf3fa778973,Dashboard metric discrepancy,medium,closed,2026-01-15T20:35:33+00:00,2026-01-16T09:35:33+00:00
9c041d8a-1f80-595a-b024-c2f242d75cdb,TKT-000250,5aee8f2d-fad8-5f72-897b-558e19b91816,8dfa6632-930f-5fdc-b7cd-8d5908a33d66,b52ce1d4-6469-5a26-9909-ab8fb46083e5,Integration connection issue,medium,open,2026-04-13T01:07:09+00:00,
9ca32e35-75ab-5ad5-b971-b5e8b5fb8235,TKT-000251,332f3a64-ba26-5dc9-88bf-4b722a6dee9d,9f7bfd37-85ae-5a17-9b9f-5dafe3ec68ee,38b70633-8c56-58a2-b08e-83e8c5c45b63,Configuration assistance for Precision Gateway 36,medium,resolved,2026-05-10T22:57:21+00:00,2026-05-12T17:57:21+00:00
612bb085-27c0-5759-adca-1fa9d19af791,TKT-000252,71759505-eb52-563b-968f-e39ae3da4478,91bd15e4-105e-5926-abe6-7ceaf8c07375,b52ce1d4-6469-5a26-9909-ab8fb46083e5,Integration connection issue,low,resolved,2026-05-21T00:51:32+00:00,2026-05-25T02:51:32+00:00
e5ad0ced-ade9-50ce-ad96-1330c16f1180,TKT-000253,65020f95-50fa-5b24-a17f-70eb235d9ae1,fd5d29e1-571f-589d-be31-aa00127c02aa,576d59ca-e029-534d-a2fc-2c388b2c3837,Configuration assistance for Velocity Hub 50,medium,closed,2026-07-24T09:35:16+00:00,2026-07-28T02:35:16+00:00
860c223b-ba03-503d-adf2-5720b254be6d,TKT-000254,2d768cb8-e8f9-5822-8a73-8e550ffaef36,e139b0f5-6ca3-5ccb-8610-5a52b4b0eb6c,e0f2505c-fc5b-5345-8ebb-7cf3fa778973,Integration connection issue,high,pending,2025-08-10T12:33:58+00:00,
652976bb-092d-587a-a004-70821dc21b3b,TKT-000255,727345d1-4693-517b-a329-04edd848b658,f78fc905-81d2-5f52-8c77-1cff3a4b42b7,752d1174-aa5f-523e-a43f-23449274de00,Configuration assistance for Secure Console 08,medium,resolved,2026-02-02T09:21:40+00:00,2026-02-03T01:21:40+00:00
a1113a5f-4efb-5f47-99f4-2c73afe5040a,TKT-000256,a0f41799-d018-5980-95cb-9d8f5c11ead0,31a97c6b-10cf-54c1-b463-f81683a437cc,b0461422-02e1-52db-97c3-fe1789b240cf,Access policy clarification,high,resolved,2026-08-05T06:10:49+00:00,2026-08-06T03:10:49+00:00
18687714-b68e-5d77-bbff-0e197281c0c2,TKT-000257,14197d23-e062-50bc-baa6-3a2c3694a28c,86eda21c-1dbc-500a-9201-b7d6b0786cc8,b136f79e-100e-5a3c-b2f3-f0db6d3a6997,Configuration assistance for Velocity Console 10,medium,pending,2026-03-23T02:14:49+00:00,
a990300c-721d-5b6a-b5d0-eafb6c4ac21a,TKT-000258,471faf4a-015d-5282-99b0-d8e38ae6afbe,b4b5a0e3-641b-562e-8386-bff3564cf295,b52ce1d4-6469-5a26-9909-ab8fb46083e5,Configuration assistance for Enterprise Hub 43,critical,resolved,2026-07-14T15:46:47+00:00,2026-07-16T11:46:47+00:00
855b51dc-3b48-5dcd-9892-80afa58cb98e,TKT-000259,a88055ea-7157-5cae-8a22-4a16e9df8b14,1c3b9a21-09fa-5c21-bdad-35f2eb8a273f,fe0faaa6-ce52-59d0-935b-6d979c1a4e7d,Access policy clarification,medium,closed,2025-08-26T01:06:19+00:00,2025-08-27T22:06:19+00:00
8666ee93-e6fb-5998-a520-481191f757b2,TKT-000260,82bdf2c6-fb02-526a-b9f4-ce7bbbbfc3d1,b6edaedb-a02c-5fbc-b05c-2b5d8deb20c4,e0f2505c-fc5b-5345-8ebb-7cf3fa778973,Integration connection issue,high,open,2026-04-20T16:12:17+00:00,
c579e0d1-3700-5d5f-a88a-3b5b0ee29be5,TKT-000261,9c0b4fb1-df94-5e63-9bdf-23db45824d08,0eb49bc4-406e-5d63-a28c-3e5b6ef668e4,576d59ca-e029-534d-a2fc-2c388b2c3837,Access policy clarification,medium,resolved,2026-04-08T01:52:55+00:00,2026-04-09T11:52:55+00:00
ff080e62-2485-5199-bacc-f23fc09cfb2d,TKT-000262,7a334245-32b6-5b38-8681-ab7e7d2017f6,1fa2b768-1b9d-5b9c-befa-fac1ccb97563,576d59ca-e029-534d-a2fc-2c388b2c3837,Configuration assistance for Adaptive Console 01,low,resolved,2026-05-18T17:23:46+00:00,2026-05-22T21:23:46+00:00
e0caf107-d21b-51eb-afdb-39ef8fb769d8,TKT-000263,391e55b5-f6e6-52a8-9196-1063349c9396,b6464168-fc86-5543-9805-0861ea9c66cc,7242516c-cc48-56f1-9436-4afbcf0086dc,Configuration assistance for Enterprise Engine 13,critical,open,2025-11-08T05:12:28+00:00,
2073f569-3824-58a7-9be0-df3339f6a72d,TKT-000264,66f2f002-1fe4-5b41-bc51-cb7ea54fa270,db630ac7-839d-5331-93df-dc621d8357b6,93a79ce4-9aa3-5428-8c89-2ce777b9617b,Integration connection issue,high,closed,2026-01-14T03:25:31+00:00,2026-01-18T18:25:31+00:00
eae63757-eab0-5830-ae4f-08398cde2924,TKT-000265,6b62e287-4f45-5a76-9fda-ac07b8a4a484,508dfc85-5bf2-5709-b1e3-06ff86d5acb8,752d1174-aa5f-523e-a43f-23449274de00,Data synchronization delay,medium,resolved,2025-11-17T18:11:31+00:00,2025-11-19T09:11:31+00:00
9d6284f5-8ad5-5be4-8958-791b3bdc7c3c,TKT-000266,89eeb7f7-e2dd-593f-89e1-c716b7c38fd0,508dfc85-5bf2-5709-b1e3-06ff86d5acb8,38b70633-8c56-58a2-b08e-83e8c5c45b63,Configuration assistance for Secure Workbench 98,high,closed,2026-04-19T11:11:30+00:00,2026-04-22T09:11:30+00:00
cd460531-c29f-5f61-86c8-139839a994ac,TKT-000267,39a5c003-4cc5-5083-a9c8-392d8505d3f9,c0bff87f-f764-5151-8aec-dda48ea91847,7242516c-cc48-56f1-9436-4afbcf0086dc,Configuration assistance for Unified Platform 69,low,resolved,2026-07-12T21:58:14+00:00,2026-07-16T12:58:14+00:00
a0625c69-dc81-5e42-87e2-a7390a34fdb2,TKT-000268,aa9cc48e-5859-5893-a5cd-6087a97d33a6,6469a098-75a3-5b3b-839a-ad075a8e67ad,b136f79e-100e-5a3c-b2f3-f0db6d3a6997,Data synchronization delay,high,closed,2025-08-18T03:38:40+00:00,2025-08-18T19:38:40+00:00
1a73af0e-5082-54ab-9579-d063b0bcfc03,TKT-000269,0f325fb4-920f-51aa-92ca-6894b2ef8c37,13e04507-297b-56af-85d7-75b609d982a1,e0f2505c-fc5b-5345-8ebb-7cf3fa778973,Integration connection issue,high,resolved,2026-03-27T18:22:33+00:00,2026-03-30T16:22:33+00:00
d77a8818-2283-59e6-a9bd-19b78a014650,TKT-000270,9151b88d-025c-5d8c-b6f6-f1e7d1472395,d520aef1-b021-5cf0-a1d3-9e7e6d31aab7,7242516c-cc48-56f1-9436-4afbcf0086dc,Access policy clarification,high,resolved,2026-04-13T21:22:41+00:00,2026-04-17T05:22:41+00:00
4f5bc345-0148-559c-a532-3c89fa4f9dfd,TKT-000271,7004f89a-407f-5257-885a-50bfaca6f7a1,de536700-41fe-55c3-beb9-bfb9849c872b,b136f79e-100e-5a3c-b2f3-f0db6d3a6997,Access policy clarification,medium,open,2025-12-14T17:18:13+00:00,
842a110f-7db2-523f-9419-c8be62af7ee6,TKT-000272,a8ec4add-4a24-56bf-b1c9-ca1a2b5df28f,1ac8de35-b264-5704-978e-ce8dc08dd02d,fe0faaa6-ce52-59d0-935b-6d979c1a4e7d,Configuration assistance for Nexus Monitor 55,high,open,2026-06-25T20:02:41+00:00,
28517f30-038a-59c1-8d1a-06d23683fef2,TKT-000273,98040fa4-e3e2-5e47-ba22-98dddec004f3,d68351a2-cf36-5984-a091-28a9f5b6bb7e,b52ce1d4-6469-5a26-9909-ab8fb46083e5,Configuration assistance for Secure Suite 78,low,pending,2025-10-20T14:03:40+00:00,
e49fc131-85eb-5475-99b8-9a832b899529,TKT-000274,abcf2b63-66d8-582c-a587-08010c4be1d4,45669348-c1a3-5956-bbf2-d29bd438fbdc,b52ce1d4-6469-5a26-9909-ab8fb46083e5,Data synchronization delay,low,resolved,2025-10-26T00:00:57+00:00,2025-10-27T07:00:57+00:00
b758e42c-f4ed-57c9-9753-356d6ab80310,TKT-000275,e8a1b9ba-35c1-529a-943b-1259db57e727,13e04507-297b-56af-85d7-75b609d982a1,576d59ca-e029-534d-a2fc-2c388b2c3837,Integration connection issue,high,pending,2025-08-10T04:17:36+00:00,
bf87d948-1c59-562e-bd35-09454aaff39f,TKT-000276,ddd5d6f4-4a6d-5157-a994-b4656ff3daf6,617fd070-2fb8-5ff6-8eaa-308844dc97ac,576d59ca-e029-534d-a2fc-2c388b2c3837,Integration connection issue,medium,resolved,2025-09-23T04:34:14+00:00,2025-09-26T16:34:14+00:00
51542a2c-c73c-530f-a7ac-03ba1e57b60c,TKT-000277,ad50ff8a-1dec-5f15-9b85-48bef28b785c,1dd10a82-5cdc-539f-af3f-d3f255171973,864956dc-d3a3-5b04-8bc5-799893f07e26,Access policy clarification,high,resolved,2025-08-24T23:56:10+00:00,2025-08-28T05:56:10+00:00
bf22a1d6-fa6f-5c54-b17d-0493692b88ae,TKT-000278,75acbee6-d99a-5ec5-a2ac-5e5eae838250,1fa2b768-1b9d-5b9c-befa-fac1ccb97563,7242516c-cc48-56f1-9436-4afbcf0086dc,Access policy clarification,medium,open,2026-03-12T02:17:17+00:00,
b7ca8cb9-5077-5210-923f-56e81a2d623c,TKT-000279,e92ebbd6-5163-5470-8264-b84780f6f521,0caef625-914f-5fea-8e59-19b212bfbd46,7242516c-cc48-56f1-9436-4afbcf0086dc,Integration connection issue,low,resolved,2026-02-09T17:32:01+00:00,2026-02-14T11:32:01+00:00
706cd9e8-79b4-5e8e-af34-d29277179e51,TKT-000280,0501d962-3f43-51c1-b425-2ddc365d5054,31a97c6b-10cf-54c1-b463-f81683a437cc,752d1174-aa5f-523e-a43f-23449274de00,Access policy clarification,medium,closed,2026-07-02T19:54:12+00:00,2026-07-03T07:54:12+00:00
7fc7d685-0a81-5d75-b4c5-e31cf954cdd3,TKT-000281,4ecf8661-bfeb-53ad-bb64-08a5b5154e5e,599db343-a607-5259-8af1-adde7b1a86ce,fe0faaa6-ce52-59d0-935b-6d979c1a4e7d,Integration connection issue,medium,closed,2026-03-30T23:04:56+00:00,2026-04-04T23:04:56+00:00
d60a7f8c-9e8e-506a-9fb2-4792b2cedc52,TKT-000282,2a15a126-84d8-555c-9e3c-17fe42636955,3205bb8a-e766-5617-a3d4-78aaa9883bc8,752d1174-aa5f-523e-a43f-23449274de00,Data synchronization delay,low,resolved,2026-05-10T20:23:08+00:00,2026-05-12T09:23:08+00:00
f9a2ae25-37ea-55dd-97b0-f269f2cc19b7,TKT-000283,d2ab141c-3bc1-5b67-a147-cfc0288402d9,617fd070-2fb8-5ff6-8eaa-308844dc97ac,752d1174-aa5f-523e-a43f-23449274de00,Configuration assistance for Quantum Workbench 97,low,resolved,2025-08-08T09:10:15+00:00,2025-08-09T16:10:15+00:00
c00c76bc-ad4c-536b-b72c-9db5d88573e0,TKT-000284,913375e2-0480-5ccc-a43a-c352e976d07b,1fa2b768-1b9d-5b9c-befa-fac1ccb97563,b136f79e-100e-5a3c-b2f3-f0db6d3a6997,Access policy clarification,medium,resolved,2025-09-27T13:07:48+00:00,2025-10-01T14:07:48+00:00
bb2e859d-a407-5f06-b2cd-67494fd85a35,TKT-000285,f941616b-f138-5e2a-84a6-62e46fcbc804,d3739878-986b-5b5f-a096-4452493d6cbb,7242516c-cc48-56f1-9436-4afbcf0086dc,Dashboard metric discrepancy,low,resolved,2025-10-12T10:54:40+00:00,2025-10-15T02:54:40+00:00
b5b15aeb-68f9-56b2-bf8c-d08b0b412929,TKT-000286,389102bb-679b-54d2-a322-bd281ba8e916,1657c1e2-1668-5957-a5e5-822140c08707,e0f2505c-fc5b-5345-8ebb-7cf3fa778973,Data synchronization delay,low,resolved,2025-10-19T01:24:51+00:00,2025-10-22T23:24:51+00:00
cd2c6136-f790-50bf-af7f-0adf5c3485fd,TKT-000287,0723f889-4315-5df1-b33d-408167c715c2,b4b5a0e3-641b-562e-8386-bff3564cf295,e0f2505c-fc5b-5345-8ebb-7cf3fa778973,Access policy clarification,high,open,2025-10-26T14:00:52+00:00,
428b71b0-b694-5502-a535-655805ee7719,TKT-000288,5edca693-c9ea-5312-9c2a-a4730fbe5c81,b6464168-fc86-5543-9805-0861ea9c66cc,fe0faaa6-ce52-59d0-935b-6d979c1a4e7d,Configuration assistance for Enterprise Engine 13,critical,pending,2026-03-15T07:31:19+00:00,
76b5cd07-6dea-5515-bd25-787324a6e3e7,TKT-000289,a98419ea-5e76-56d6-b39c-febe5a5fe8ff,13e04507-297b-56af-85d7-75b609d982a1,e0f2505c-fc5b-5345-8ebb-7cf3fa778973,Integration connection issue,high,open,2026-03-30T11:46:34+00:00,
bbcc47a9-6878-5fbd-98cb-34b5bc4e1fd1,TKT-000290,8f063b1c-877c-506b-88d7-67009830268c,34baeb4c-81dc-5b29-bc76-0b8fd47cdbed,864956dc-d3a3-5b04-8bc5-799893f07e26,Integration connection issue,medium,resolved,2026-01-10T08:08:44+00:00,2026-01-10T13:08:44+00:00
8d46dbcf-c9cb-5b06-9828-444fd04c23b5,TKT-000291,eb561ad0-9380-5a85-8731-9b83a34616f8,8ac2c18a-5896-572a-9f44-f5d60109258d,38b70633-8c56-58a2-b08e-83e8c5c45b63,Integration connection issue,high,resolved,2026-05-28T15:02:03+00:00,2026-06-02T02:02:03+00:00
87b19347-35d0-5f2a-9aac-f49ad3f1b3d7,TKT-000292,aa3eabe4-24b7-5773-b850-3f1255577ef8,13e04507-297b-56af-85d7-75b609d982a1,b0461422-02e1-52db-97c3-fe1789b240cf,Data synchronization delay,medium,closed,2026-02-12T08:29:21+00:00,2026-02-15T00:29:21+00:00
a7348a17-9e82-578e-a9a1-37d76f1cf040,TKT-000293,5ad01617-30cc-5924-9145-9331df0736c8,9b6b9203-f582-59b6-b64c-309881607c86,fe0faaa6-ce52-59d0-935b-6d979c1a4e7d,Configuration assistance for Insight Console 04,medium,resolved,2026-01-01T16:09:19+00:00,2026-01-03T05:09:19+00:00
b40ff7f4-710e-5fff-ac58-f3a7a2903a20,TKT-000294,57b88fcc-0e15-5085-b1ad-f496f7d8a541,d4214473-2bf7-5b77-bb1f-734e590c4014,864956dc-d3a3-5b04-8bc5-799893f07e26,Access policy clarification,high,resolved,2026-07-20T02:14:15+00:00,2026-07-23T08:14:15+00:00
da5c7040-e150-5acf-b83d-d5657f8bfb69,TKT-000295,983d05f9-03e8-5e36-b2ac-6f84e0fad364,1760c2e4-563f-5bac-abcd-baf5317434c8,b136f79e-100e-5a3c-b2f3-f0db6d3a6997,Access policy clarification,medium,resolved,2026-02-11T19:09:52+00:00,2026-02-13T17:09:52+00:00
bd4d1d05-7559-5df8-a42d-1809e756360b,TKT-000296,713b454d-8698-5f1c-89f5-b1b4401010ea,af3fc15f-c662-5a5e-9e9c-3b2d4e1b6029,b52ce1d4-6469-5a26-9909-ab8fb46083e5,Access policy clarification,medium,open,2026-03-06T23:31:48+00:00,
c07df77d-d93d-51e1-847a-32b0ec9362fe,TKT-000297,1afc74f0-729e-53a4-89fa-30228c710657,8b12c834-e054-5502-85aa-99d1eb81eee0,752d1174-aa5f-523e-a43f-23449274de00,Configuration assistance for Velocity Gateway 40,medium,resolved,2025-12-11T13:22:28+00:00,2025-12-11T19:22:28+00:00
1f6da413-36e4-5bef-8efa-c71c8a1ab450,TKT-000298,0f56079a-c587-5919-a93b-3c4cf99003e0,31a97c6b-10cf-54c1-b463-f81683a437cc,93a79ce4-9aa3-5428-8c89-2ce777b9617b,Integration connection issue,medium,resolved,2026-04-23T18:37:26+00:00,2026-04-24T10:37:26+00:00
d53bad26-17c8-5863-8e49-914313b85cbd,TKT-000299,270a3d7f-e92d-57ce-ad4d-911a873f0506,0caef625-914f-5fea-8e59-19b212bfbd46,93a79ce4-9aa3-5428-8c89-2ce777b9617b,Data synchronization delay,medium,resolved,2026-05-12T22:11:34+00:00,2026-05-17T21:11:34+00:00
db0d2b44-ff6d-5640-b5b1-9a142e66fdaa,TKT-000300,b636ccbb-5496-5fc0-a0e8-01a14ef0aea5,f218ba8f-81cf-5efd-ad55-5f4ef76110c2,38b70633-8c56-58a2-b08e-83e8c5c45b63,Configuration assistance for Nexus Suite 75,low,resolved,2026-03-12T23:21:01+00:00,2026-03-15T11:21:01+00:00
bf7969e0-70d3-5989-823b-5e9e4909472b,TKT-000301,4d282e22-c517-59c5-9ca0-622477c0905c,cd410e43-ec3c-524b-84c6-84482a7b1204,e0f2505c-fc5b-5345-8ebb-7cf3fa778973,Data synchronization delay,medium,resolved,2025-09-20T04:19:02+00:00,2025-09-22T17:19:02+00:00
97524337-6227-590a-9977-f4969d3a9eae,TKT-000302,d5688502-59d2-59ea-9155-1859535acf44,8dfa6632-930f-5fdc-b7cd-8d5908a33d66,e0f2505c-fc5b-5345-8ebb-7cf3fa778973,Access policy clarification,low,resolved,2025-10-12T11:26:46+00:00,2025-10-17T08:26:46+00:00
5d15023d-a7d1-5dcf-bc34-bcee8fc51be0,TKT-000303,c3ea99b8-8b78-52eb-9fbc-defb149ad98e,b6edaedb-a02c-5fbc-b05c-2b5d8deb20c4,b0461422-02e1-52db-97c3-fe1789b240cf,Integration connection issue,medium,resolved,2026-01-25T13:43:40+00:00,2026-01-30T08:43:40+00:00
142b83c8-ed97-5992-980b-8e839b8f1f7b,TKT-000304,d7d581f1-c2da-5bd4-84fa-32ad01cc255b,613ff8f3-9a2b-5f66-8d3e-3e05d5391002,864956dc-d3a3-5b04-8bc5-799893f07e26,Dashboard metric discrepancy,high,resolved,2026-06-11T20:26:31+00:00,2026-06-13T12:26:31+00:00
9859c2e9-5146-5299-9400-2a465ac3fbbc,TKT-000305,db25c8a0-7fa8-5822-9b41-1e4641d82453,6469a098-75a3-5b3b-839a-ad075a8e67ad,752d1174-aa5f-523e-a43f-23449274de00,Data synchronization delay,medium,resolved,2026-05-03T17:52:06+00:00,2026-05-05T08:52:06+00:00
7b76bd73-12fe-5b20-a157-06a476514189,TKT-000306,941f4689-b896-529f-8bfa-f2d7ce6001ee,db630ac7-839d-5331-93df-dc621d8357b6,864956dc-d3a3-5b04-8bc5-799893f07e26,Data synchronization delay,medium,resolved,2026-03-02T09:46:09+00:00,2026-03-02T15:46:09+00:00
3b092b92-bc1a-59e6-8534-2b5c741a67c4,TKT-000307,f941616b-f138-5e2a-84a6-62e46fcbc804,896e7662-34d0-5631-bb0f-b5ce6b0ad1ba,864956dc-d3a3-5b04-8bc5-799893f07e26,Data synchronization delay,low,open,2025-09-20T12:57:21+00:00,
d3e5e95a-9253-58f8-a276-eb8a7f7fb377,TKT-000308,72e2b61c-b634-5e79-8565-069a598af025,b6edaedb-a02c-5fbc-b05c-2b5d8deb20c4,752d1174-aa5f-523e-a43f-23449274de00,Data synchronization delay,medium,closed,2025-08-07T16:31:28+00:00,2025-08-09T08:31:28+00:00
d093de61-0aa2-50e9-9b9f-3a1bf6e19fc7,TKT-000309,619e7c22-b0d6-5bc9-a6a0-ceb9e0a340e3,559ab41c-d860-5ab1-aaa1-483577af7b67,fe0faaa6-ce52-59d0-935b-6d979c1a4e7d,Data synchronization delay,medium,closed,2025-12-10T20:30:53+00:00,2025-12-12T16:30:53+00:00
a0fe1683-a87d-5f17-9d86-ac2c9d657793,TKT-000310,d9db03df-2d6b-54b9-a7f4-723fe446ffa4,2e263bcd-bacc-5f51-b35b-70d1674f4dc5,b52ce1d4-6469-5a26-9909-ab8fb46083e5,Data synchronization delay,medium,resolved,2025-12-20T22:58:28+00:00,2025-12-25T18:58:28+00:00
86af03be-1002-54c3-9554-efccabef869f,TKT-000311,68eb2f5b-2bea-5024-94a5-93b5f4e1218d,de536700-41fe-55c3-beb9-bfb9849c872b,576d59ca-e029-534d-a2fc-2c388b2c3837,Integration connection issue,critical,open,2026-06-20T13:05:44+00:00,
60c50652-d10f-55db-a253-ff71a22b3997,TKT-000312,46b1ec4a-7b12-5360-b5d7-4cd067e6e191,201fb8e4-2c24-5483-b44d-4063694486b2,7242516c-cc48-56f1-9436-4afbcf0086dc,Access policy clarification,medium,pending,2025-09-10T00:08:17+00:00,
a871468a-94cf-5ca8-83a1-beec756f2be9,TKT-000313,2ca6c1cf-f742-57f7-b43e-589510bd781f,cd410e43-ec3c-524b-84c6-84482a7b1204,fe0faaa6-ce52-59d0-935b-6d979c1a4e7d,Dashboard metric discrepancy,medium,resolved,2025-10-01T09:20:32+00:00,2025-10-02T14:20:32+00:00
ca872fa9-d925-554c-8b71-83595f3f3e7a,TKT-000314,1319795d-ef0b-5067-93ce-2bd5fa4fc6cf,8ac2c18a-5896-572a-9f44-f5d60109258d,576d59ca-e029-534d-a2fc-2c388b2c3837,Data synchronization delay,low,pending,2025-09-19T17:07:28+00:00,
5b280b35-ee27-5d17-afa4-b2bada66f40c,TKT-000315,b5c5e541-d869-59b6-bb0f-690aae22a20d,8a195dd5-491c-532c-9a61-886a24d451c0,fe0faaa6-ce52-59d0-935b-6d979c1a4e7d,Dashboard metric discrepancy,medium,closed,2025-12-27T03:33:10+00:00,2025-12-31T18:33:10+00:00
d5c0041c-4597-5ad4-8d75-0112685c9e1a,TKT-000316,ea1db81d-517d-59e1-9029-bf062d02a015,88f79184-2cf9-5f72-8e4a-cedfa68d9d06,864956dc-d3a3-5b04-8bc5-799893f07e26,Access policy clarification,low,open,2026-01-27T12:57:03+00:00,
a6d3987d-fe8f-5619-bcd1-c9f3ade32e5c,TKT-000317,ddef0d18-ace0-5bc5-96a0-ad9463f27ac2,1fa2b768-1b9d-5b9c-befa-fac1ccb97563,576d59ca-e029-534d-a2fc-2c388b2c3837,Data synchronization delay,medium,open,2026-06-11T22:55:46+00:00,
5de6005c-cd24-53ac-95c0-b990d3244504,TKT-000318,d9db03df-2d6b-54b9-a7f4-723fe446ffa4,c0bff87f-f764-5151-8aec-dda48ea91847,752d1174-aa5f-523e-a43f-23449274de00,Integration connection issue,high,closed,2026-02-02T11:49:54+00:00,2026-02-07T04:49:54+00:00
5efb9d2f-1164-5353-b99b-6f404b12e41e,TKT-000319,225ac19b-ce5f-585c-b5e4-1f431f510a79,af3fc15f-c662-5a5e-9e9c-3b2d4e1b6029,b0461422-02e1-52db-97c3-fe1789b240cf,Access policy clarification,high,closed,2026-07-11T17:20:52+00:00,2026-07-12T16:20:52+00:00
56d3afad-8df0-504a-86b0-c852cdb8d4cd,TKT-000320,36c082a8-15a4-56eb-8b03-66465706414f,5d462a8e-32e0-59ad-ae5c-9d66eda72663,b52ce1d4-6469-5a26-9909-ab8fb46083e5,Configuration assistance for Adaptive Suite 71,medium,resolved,2025-11-25T02:47:43+00:00,2025-11-26T23:47:43+00:00
bff604e3-95cf-5103-87ad-06967dc0424d,TKT-000321,14f6fed9-a5d8-5823-b536-a8a8bba662bf,559ab41c-d860-5ab1-aaa1-483577af7b67,864956dc-d3a3-5b04-8bc5-799893f07e26,Dashboard metric discrepancy,medium,resolved,2025-10-15T04:03:21+00:00,2025-10-17T18:03:21+00:00
6bcb56d4-fe14-5b96-8d54-bedaa40ee3cd,TKT-000322,14a7eb68-5af3-5176-b3ce-4fd95f98966a,3205bb8a-e766-5617-a3d4-78aaa9883bc8,93a79ce4-9aa3-5428-8c89-2ce777b9617b,Integration connection issue,low,resolved,2026-08-03T00:10:28+00:00,2026-08-07T21:10:28+00:00
43e7a3a7-2297-56ea-bfa6-f40d1cf16277,TKT-000323,a88055ea-7157-5cae-8a22-4a16e9df8b14,de536700-41fe-55c3-beb9-bfb9849c872b,b52ce1d4-6469-5a26-9909-ab8fb46083e5,Data synchronization delay,high,pending,2026-07-11T03:32:44+00:00,
486b8c24-ecd3-5fc6-be00-510b8905a477,TKT-000324,3dbd17c9-c1a7-5150-9f9c-032157d5e21c,2e263bcd-bacc-5f51-b35b-70d1674f4dc5,fe0faaa6-ce52-59d0-935b-6d979c1a4e7d,Access policy clarification,high,closed,2026-03-08T01:51:09+00:00,2026-03-09T05:51:09+00:00
9163977a-2d66-5e03-8624-680ff0d88a53,TKT-000325,e2796e24-73bc-50d9-8592-d2444a8ec1ff,9e165d6f-802f-5694-a25a-20885ba2aa7f,38b70633-8c56-58a2-b08e-83e8c5c45b63,Access policy clarification,low,resolved,2026-03-21T10:38:42+00:00,2026-03-25T23:38:42+00:00
d55e35e9-e964-5f29-a0ec-2a094b41440b,TKT-000326,55d9e34f-0219-5915-bc14-28a0ba915bd3,d37c44df-541b-5bf4-b395-65b41bac88a8,93a79ce4-9aa3-5428-8c89-2ce777b9617b,Dashboard metric discrepancy,low,resolved,2026-02-11T19:54:14+00:00,2026-02-16T01:54:14+00:00
4ef524a3-6bf9-5991-89cd-682018944d92,TKT-000327,415a7e2b-2d6c-58af-929c-f2d3d93d593d,829935ce-9ec7-5afb-a542-873877c9ce31,7242516c-cc48-56f1-9436-4afbcf0086dc,Access policy clarification,low,closed,2026-01-24T16:03:47+00:00,2026-01-25T18:03:47+00:00
320db80d-3470-5cf4-8bb3-a07fcb00ad5f,TKT-000328,36b5bc99-770b-564c-9cc1-4822b00d0ba5,cdea42fb-ee49-5a22-a213-56a8f9fcb148,b136f79e-100e-5a3c-b2f3-f0db6d3a6997,Data synchronization delay,medium,resolved,2026-07-30T13:20:55+00:00,2026-08-01T03:20:55+00:00
bd43cf19-89a8-5fbd-b9f5-5e428ec0ca81,TKT-000329,e1601e4b-9021-56e3-bb1d-fef14dbe7f8d,31a97c6b-10cf-54c1-b463-f81683a437cc,752d1174-aa5f-523e-a43f-23449274de00,Integration connection issue,low,resolved,2026-02-18T18:17:37+00:00,2026-02-22T06:17:37+00:00
99d35bb1-cbce-540d-9d23-cb9d3ddf5a8c,TKT-000330,820f14e9-3ca8-5809-ad98-f704954f8e55,599db343-a607-5259-8af1-adde7b1a86ce,e0f2505c-fc5b-5345-8ebb-7cf3fa778973,Access policy clarification,medium,closed,2025-11-18T14:09:15+00:00,2025-11-19T23:09:15+00:00
d293aa0f-ccab-575d-9604-3f5848bf95d8,TKT-000331,0c6b4432-a2aa-5a08-aa98-037878e0a135,91bd15e4-105e-5926-abe6-7ceaf8c07375,b52ce1d4-6469-5a26-9909-ab8fb46083e5,Integration connection issue,low,resolved,2026-04-01T04:04:51+00:00,2026-04-02T07:04:51+00:00
47281546-7467-5d50-af62-a14ac6e63b49,TKT-000332,2ccf9d32-bdd1-5c33-9ad2-71a0a0d3251b,5d79cff2-0e77-58a2-b1bf-c506ed3c98bd,b52ce1d4-6469-5a26-9909-ab8fb46083e5,Configuration assistance for Velocity Engine 20,medium,resolved,2026-02-11T21:51:44+00:00,2026-02-15T18:51:44+00:00
679c128c-01cb-561a-aba9-9dbaa98695d5,TKT-000333,8f1ae530-27a9-5f1b-a497-89b9e2010b99,34baeb4c-81dc-5b29-bc76-0b8fd47cdbed,864956dc-d3a3-5b04-8bc5-799893f07e26,Integration connection issue,medium,resolved,2025-11-13T09:35:13+00:00,2025-11-16T11:35:13+00:00
044b923b-809c-59f9-a884-ed3e40a31724,TKT-000334,b2abf452-14bc-53db-999b-1f4ea0829d09,9f7bfd37-85ae-5a17-9b9f-5dafe3ec68ee,fe0faaa6-ce52-59d0-935b-6d979c1a4e7d,Dashboard metric discrepancy,low,resolved,2026-06-03T22:09:06+00:00,2026-06-06T22:09:06+00:00
0e1b8099-6845-5356-b6cb-97e2e67ff6dd,TKT-000335,f7bf81a8-1406-5ca5-96ab-e964d881e491,db43f9b2-c956-5785-8950-8287c47db3ae,b0461422-02e1-52db-97c3-fe1789b240cf,Dashboard metric discrepancy,medium,resolved,2026-03-04T18:01:43+00:00,2026-03-05T20:01:43+00:00
01fc369e-52bf-5b89-a48d-7f28ea108158,TKT-000336,a48fbd90-693e-5449-bbfb-d34c370d27bb,851c23cd-3716-5170-b9ac-0c25ddc7c95c,7242516c-cc48-56f1-9436-4afbcf0086dc,Data synchronization delay,critical,closed,2026-07-27T16:27:20+00:00,2026-07-29T12:27:20+00:00
7301c4a3-86bb-53b4-b68c-766acc6655f2,TKT-000337,0229bf32-83e3-5e7c-8306-8db796b70f33,b5386670-1687-5260-ad33-97e5d697c425,fe0faaa6-ce52-59d0-935b-6d979c1a4e7d,Integration connection issue,low,resolved,2026-01-01T07:17:44+00:00,2026-01-01T20:17:44+00:00
db538c99-8d3f-577e-9f5d-aaa8c4a484d8,TKT-000338,86682e2f-ff0a-52dc-81ef-2af7bd616176,b4b5a0e3-641b-562e-8386-bff3564cf295,b136f79e-100e-5a3c-b2f3-f0db6d3a6997,Data synchronization delay,medium,closed,2026-05-30T08:30:21+00:00,2026-06-01T20:30:21+00:00
4c17d2ed-3e66-5cd7-817b-fe76439db57d,TKT-000339,ebc4e9d9-750c-5601-83a5-2e8ac97ba602,c0bff87f-f764-5151-8aec-dda48ea91847,93a79ce4-9aa3-5428-8c89-2ce777b9617b,Dashboard metric discrepancy,low,closed,2026-04-06T18:24:17+00:00,2026-04-09T14:24:17+00:00
9bb864de-0567-5cd8-9b05-acd7667ed516,TKT-000340,a7c30ac5-1aef-5d3b-9f64-e3c97ba4e5b0,b6edaedb-a02c-5fbc-b05c-2b5d8deb20c4,fe0faaa6-ce52-59d0-935b-6d979c1a4e7d,Configuration assistance for Unified Hub 49,high,open,2025-09-20T20:35:00+00:00,
de4d6ae0-1490-5211-b2e7-e0303c5b7be8,TKT-000341,2a3d099e-3aaf-57b1-97c7-34bd4ff7ef6a,1dd10a82-5cdc-539f-af3f-d3f255171973,e0f2505c-fc5b-5345-8ebb-7cf3fa778973,Data synchronization delay,medium,closed,2025-12-24T13:08:07+00:00,2025-12-28T08:08:07+00:00
2590794a-44e3-586d-b206-bad6cf029afa,TKT-000342,3923c549-808a-5dc6-8250-8df33e5e339d,0eb49bc4-406e-5d63-a28c-3e5b6ef668e4,864956dc-d3a3-5b04-8bc5-799893f07e26,Configuration assistance for Enterprise Platform 63,medium,resolved,2026-06-15T11:41:40+00:00,2026-06-15T18:41:40+00:00
6c6530c2-7fcc-55bf-be4f-9819c7d07cbe,TKT-000343,f71423cb-38e5-59b6-ba2e-a49c11cf652a,b4b5a0e3-641b-562e-8386-bff3564cf295,b52ce1d4-6469-5a26-9909-ab8fb46083e5,Dashboard metric discrepancy,medium,resolved,2025-11-30T22:40:43+00:00,2025-12-02T14:40:43+00:00
1e9fbf8d-f568-5ab8-9414-55204f4b896c,TKT-000344,b82dd2d7-8bb8-539a-9e55-e96f4385a6d1,fb4140fc-b3c1-5a6a-8613-9b068fdd2b39,fe0faaa6-ce52-59d0-935b-6d979c1a4e7d,Integration connection issue,medium,resolved,2025-09-30T16:48:50+00:00,2025-10-03T23:48:50+00:00
ee8195be-af3a-5e09-becd-07108c39a637,TKT-000345,7b4e4282-74df-5df9-b2bd-7c0c893b80db,7169fcc7-7527-510c-b88d-bdcd257ce105,93a79ce4-9aa3-5428-8c89-2ce777b9617b,Dashboard metric discrepancy,high,resolved,2026-05-10T22:53:20+00:00,2026-05-14T07:53:20+00:00
2cdfdf18-e553-50ac-85a7-93063cf0622e,TKT-000346,a6fc7f43-4df6-5ffa-bea1-42a83c3fa8e4,1760c2e4-563f-5bac-abcd-baf5317434c8,576d59ca-e029-534d-a2fc-2c388b2c3837,Integration connection issue,low,open,2025-11-15T23:47:28+00:00,
e026358d-8641-5702-b937-4328c5522ea9,TKT-000347,2cbc0a20-b6e1-5bfa-aacc-ddf987a5613a,d520aef1-b021-5cf0-a1d3-9e7e6d31aab7,576d59ca-e029-534d-a2fc-2c388b2c3837,Data synchronization delay,medium,open,2025-10-06T00:59:43+00:00,
a456d1cd-154d-57eb-a40e-ab76a5946ee1,TKT-000348,781869ae-9d51-528d-8d7b-21897d2236d8,b5386670-1687-5260-ad33-97e5d697c425,b52ce1d4-6469-5a26-9909-ab8fb46083e5,Dashboard metric discrepancy,low,closed,2026-06-03T01:46:31+00:00,2026-06-05T16:46:31+00:00
543a902b-660b-51ea-9149-67ee2a4c35de,TKT-000349,3070a1af-5ed0-5cad-98f4-647e810fdaad,43d6da55-777b-55ef-8cf5-d4cc7bfa63ad,b52ce1d4-6469-5a26-9909-ab8fb46083e5,Integration connection issue,high,resolved,2026-05-24T18:25:55+00:00,2026-05-27T18:25:55+00:00
ef4e6ebe-0e85-5c1b-98ca-9a075cea6560,TKT-000350,0f325fb4-920f-51aa-92ca-6894b2ef8c37,e3b2c918-6a66-5db3-87f9-e5c71515f2ab,b52ce1d4-6469-5a26-9909-ab8fb46083e5,Dashboard metric discrepancy,high,resolved,2025-08-25T12:03:30+00:00,2025-08-28T17:03:30+00:00
272c0fd4-e5a1-5dee-827d-fec757be88f3,TKT-000351,98040fa4-e3e2-5e47-ba22-98dddec004f3,cdea42fb-ee49-5a22-a213-56a8f9fcb148,38b70633-8c56-58a2-b08e-83e8c5c45b63,Access policy clarification,high,resolved,2026-07-27T11:39:15+00:00,2026-07-29T13:39:15+00:00
30e45911-e70c-5c97-b4d2-587c26400455,TKT-000352,7a7a6781-a43d-5a44-b8c3-ed9a9393e01d,fd5d29e1-571f-589d-be31-aa00127c02aa,864956dc-d3a3-5b04-8bc5-799893f07e26,Dashboard metric discrepancy,medium,closed,2026-07-28T00:57:41+00:00,2026-07-29T00:57:41+00:00
56246621-cbdd-5af7-b3dd-5757487ec457,TKT-000353,fcf1f8c9-ccaf-5878-a594-7eabc3d39110,1657c1e2-1668-5957-a5e5-822140c08707,b136f79e-100e-5a3c-b2f3-f0db6d3a6997,Integration connection issue,medium,resolved,2025-11-27T14:40:03+00:00,2025-11-29T22:40:03+00:00
c4793377-3d92-5620-8a23-9726bcff5f6d,TKT-000354,a7c30ac5-1aef-5d3b-9f64-e3c97ba4e5b0,4dbc0e6b-ab10-5b67-a928-f87e1ed2bb9a,b52ce1d4-6469-5a26-9909-ab8fb46083e5,Access policy clarification,medium,resolved,2026-01-08T19:49:38+00:00,2026-01-08T21:49:38+00:00
43870f38-89da-5cdb-a16d-8b982bb2bc27,TKT-000355,66f2f002-1fe4-5b41-bc51-cb7ea54fa270,d520aef1-b021-5cf0-a1d3-9e7e6d31aab7,b52ce1d4-6469-5a26-9909-ab8fb46083e5,Integration connection issue,medium,closed,2025-11-05T07:47:50+00:00,2025-11-06T03:47:50+00:00
8437a58e-2571-562d-b0ca-b167ddc0a1aa,TKT-000356,c21c4019-dc0f-5fe1-a6d7-af0225e48191,896e7662-34d0-5631-bb0f-b5ce6b0ad1ba,fe0faaa6-ce52-59d0-935b-6d979c1a4e7d,Access policy clarification,medium,pending,2026-03-12T22:17:09+00:00,
0d7494c0-af80-5fd3-a1ee-866e00754a3f,TKT-000357,a89d640d-e9fc-5076-a3d2-383e3593fefc,80450a39-8a90-55da-adf7-0b6a1b84aeeb,b52ce1d4-6469-5a26-9909-ab8fb46083e5,Data synchronization delay,low,resolved,2026-05-29T04:25:11+00:00,2026-05-30T19:25:11+00:00
806ca8bc-7a8b-5b3a-9bbb-f14389242eb8,TKT-000358,4b7ba232-e074-5665-806c-2804861df655,39cb20a1-5dca-5b11-90c4-3e96e441ed0c,b0461422-02e1-52db-97c3-fe1789b240cf,Configuration assistance for Adaptive Engine 11,critical,pending,2026-04-21T23:14:45+00:00,
7a31179c-d022-52ca-bc69-493e3ca1f293,TKT-000359,0fae5ac6-afb9-5b81-99c4-d80d51446c73,0eb49bc4-406e-5d63-a28c-3e5b6ef668e4,b0461422-02e1-52db-97c3-fe1789b240cf,Data synchronization delay,critical,resolved,2025-08-30T09:41:50+00:00,2025-09-02T17:41:50+00:00
4421d9a9-09e1-55e4-bfd6-4af91edcb0dc,TKT-000360,0501d962-3f43-51c1-b425-2ddc365d5054,cdea42fb-ee49-5a22-a213-56a8f9fcb148,576d59ca-e029-534d-a2fc-2c388b2c3837,Dashboard metric discrepancy,high,resolved,2025-11-02T04:12:47+00:00,2025-11-03T01:12:47+00:00
31957dfb-e965-536d-ac7c-c98f10c5ef58,TKT-000361,2add0fbc-eec3-558e-a863-4f5381899638,201fb8e4-2c24-5483-b44d-4063694486b2,38b70633-8c56-58a2-b08e-83e8c5c45b63,Dashboard metric discrepancy,high,open,2025-12-28T02:08:08+00:00,
88d06688-c103-55a4-9cf7-f3d8f5aa99a8,TKT-000362,2748db13-6911-5fba-bff3-ee3fc2feb585,d4214473-2bf7-5b77-bb1f-734e590c4014,752d1174-aa5f-523e-a43f-23449274de00,Integration connection issue,low,resolved,2026-03-22T05:25:42+00:00,2026-03-26T16:25:42+00:00
da801182-73de-5c8d-8bd7-69fb362fb49a,TKT-000363,41ac330f-ba74-5e82-a265-9bd30e071559,0f2c8ffe-5a45-5cfc-afbf-417553294a54,fe0faaa6-ce52-59d0-935b-6d979c1a4e7d,Access policy clarification,medium,resolved,2026-08-02T12:40:59+00:00,2026-08-07T09:40:59+00:00
d62de3d6-4668-56c5-ae70-8d07b10d73c5,TKT-000364,6b62e287-4f45-5a76-9fda-ac07b8a4a484,f350d57a-8885-50f1-b76a-29f7a8057a35,93a79ce4-9aa3-5428-8c89-2ce777b9617b,Data synchronization delay,medium,closed,2026-05-01T19:46:50+00:00,2026-05-04T12:46:50+00:00
e1fbdbbc-6593-5ff1-87d5-fb562f310195,TKT-000365,d5688502-59d2-59ea-9155-1859535acf44,c3e9c7fb-d6ab-5171-a827-7aad6b6d2342,576d59ca-e029-534d-a2fc-2c388b2c3837,Integration connection issue,low,resolved,2026-02-09T17:05:47+00:00,2026-02-12T21:05:47+00:00
ddefc970-05c6-5799-8674-03b59e820280,TKT-000366,332f3a64-ba26-5dc9-88bf-4b722a6dee9d,0eb49bc4-406e-5d63-a28c-3e5b6ef668e4,b52ce1d4-6469-5a26-9909-ab8fb46083e5,Integration connection issue,medium,resolved,2025-11-13T06:40:40+00:00,2025-11-14T16:40:40+00:00
7350b60f-98bf-5d67-9f36-29b5e13d9c63,TKT-000367,af5889bd-793d-5c81-8fd4-248376e371a9,c3e9c7fb-d6ab-5171-a827-7aad6b6d2342,fe0faaa6-ce52-59d0-935b-6d979c1a4e7d,Dashboard metric discrepancy,high,resolved,2026-04-21T00:45:41+00:00,2026-04-24T21:45:41+00:00
f40ced48-0c9b-5705-89ca-4b589274342b,TKT-000368,d7d581f1-c2da-5bd4-84fa-32ad01cc255b,c2be7cd9-f7ee-544a-9ceb-7052826da8ce,b136f79e-100e-5a3c-b2f3-f0db6d3a6997,Configuration assistance for Insight Engine 14,medium,closed,2025-10-27T14:57:17+00:00,2025-10-29T04:57:17+00:00
c8ee7e27-d070-5839-9f3f-b792734b7e51,TKT-000369,e483cfea-9d2d-52b7-92b3-54c40b036175,228ccd2f-642c-5fdf-abf0-129af98a3568,b0461422-02e1-52db-97c3-fe1789b240cf,Access policy clarification,medium,pending,2025-11-01T17:47:27+00:00,
b3a28650-1e46-5b48-b15f-daaeef6d56b7,TKT-000370,638b00ed-91cb-531d-b799-3b67878ac7b3,13ea52a1-6b55-57c7-b84e-acf7fb92f106,93a79ce4-9aa3-5428-8c89-2ce777b9617b,Data synchronization delay,medium,open,2026-06-05T00:54:01+00:00,
8e074276-c17d-5c35-aa39-6af799924855,TKT-000371,eace5daf-67c4-5404-840f-64be4f98d51e,1ac8de35-b264-5704-978e-ce8dc08dd02d,b52ce1d4-6469-5a26-9909-ab8fb46083e5,Data synchronization delay,low,resolved,2026-05-12T01:39:20+00:00,2026-05-14T11:39:20+00:00
5fa16d95-f778-5258-9079-d895b0b050af,TKT-000372,54d84529-df9a-5737-ad18-6954910821d6,1657c1e2-1668-5957-a5e5-822140c08707,576d59ca-e029-534d-a2fc-2c388b2c3837,Configuration assistance for Nexus Console 05,high,open,2025-12-31T14:16:39+00:00,
016607bd-ef4a-59ea-94cd-a4a56bc8d0d2,TKT-000373,320fdc16-d569-5a9b-9ab3-f605ebdf7411,3d307d78-b10f-5539-a951-7bcc9fd17161,7242516c-cc48-56f1-9436-4afbcf0086dc,Data synchronization delay,low,resolved,2026-03-10T12:00:27+00:00,2026-03-14T04:00:27+00:00
54cad53b-50c0-5a30-9c30-088835def122,TKT-000374,f1dea065-29d1-559a-8ab4-891657df2249,86eda21c-1dbc-500a-9201-b7d6b0786cc8,b136f79e-100e-5a3c-b2f3-f0db6d3a6997,Dashboard metric discrepancy,critical,resolved,2026-01-24T14:36:06+00:00,2026-01-29T03:36:06+00:00
2efe7e3a-674a-5bee-97bb-add7402810c5,TKT-000375,1472294e-a186-5245-9afc-ccaad7893a3e,8b12c834-e054-5502-85aa-99d1eb81eee0,7242516c-cc48-56f1-9436-4afbcf0086dc,Dashboard metric discrepancy,low,resolved,2026-04-16T17:54:30+00:00,2026-04-20T05:54:30+00:00
c1a91f83-f631-5efc-b066-99cfac5f7c42,TKT-000376,4a6aa6c3-8918-55e9-8cf5-39e8142be9c1,bab29423-27f9-5732-bd8b-a403c95b1a96,b0461422-02e1-52db-97c3-fe1789b240cf,Data synchronization delay,medium,closed,2026-06-09T17:42:34+00:00,2026-06-12T14:42:34+00:00
7da54f9a-094f-536b-b689-1f169c3c2d99,TKT-000377,721afae2-f05c-5b9d-a637-08a16c97f3d1,6469a098-75a3-5b3b-839a-ad075a8e67ad,fe0faaa6-ce52-59d0-935b-6d979c1a4e7d,Dashboard metric discrepancy,medium,resolved,2025-09-29T09:51:22+00:00,2025-10-02T22:51:22+00:00
82189e4c-d0bd-5a46-9226-b06ac02d6fac,TKT-000378,497cb1c0-768f-58c2-901a-4e193a0b67da,ac03c1f7-3948-530e-8de5-80756984ab20,576d59ca-e029-534d-a2fc-2c388b2c3837,Configuration assistance for Insight Workbench 94,medium,resolved,2026-03-09T17:18:09+00:00,2026-03-11T02:18:09+00:00
72ea959b-7710-5012-b9bd-faff521ddaba,TKT-000379,638b00ed-91cb-531d-b799-3b67878ac7b3,9f7bfd37-85ae-5a17-9b9f-5dafe3ec68ee,7242516c-cc48-56f1-9436-4afbcf0086dc,Data synchronization delay,medium,open,2025-12-01T17:10:28+00:00,
f834674c-5476-5702-8434-de8d1738d754,TKT-000380,d8e5fdba-aacc-51c8-aa52-eecb16013cc4,86eda21c-1dbc-500a-9201-b7d6b0786cc8,b136f79e-100e-5a3c-b2f3-f0db6d3a6997,Access policy clarification,medium,resolved,2025-12-19T15:35:02+00:00,2025-12-22T17:35:02+00:00
febb51a2-dee2-5cb7-bafd-7ac45dc98208,TKT-000381,cfc45208-54c6-5988-95af-486062fd7654,9e165d6f-802f-5694-a25a-20885ba2aa7f,fe0faaa6-ce52-59d0-935b-6d979c1a4e7d,Configuration assistance for Velocity Workspace 90,medium,resolved,2026-03-02T08:23:19+00:00,2026-03-04T07:23:19+00:00
1ecbdf93-b942-56f5-a9b6-16f670cbe535,TKT-000382,b46bc77e-022a-5d37-ac07-9ac9b31cc704,613ff8f3-9a2b-5f66-8d3e-3e05d5391002,752d1174-aa5f-523e-a43f-23449274de00,Configuration assistance for Insight Suite 74,high,open,2026-08-02T12:48:37+00:00,
a70f95e2-6615-5f6c-aafa-5ab0dcb70a8e,TKT-000383,ed94c90f-0279-5414-bdbf-8f0c432575cd,01351cb5-bcf4-52ee-88a1-c6442df67004,93a79ce4-9aa3-5428-8c89-2ce777b9617b,Data synchronization delay,high,open,2025-10-03T05:00:27+00:00,
528d815c-1965-504a-aefb-a491654c8020,TKT-000384,f3ca3a6f-cfe7-5169-b9ad-383c2c7a2cc8,851c23cd-3716-5170-b9ac-0c25ddc7c95c,fe0faaa6-ce52-59d0-935b-6d979c1a4e7d,Integration connection issue,medium,closed,2025-10-03T13:59:20+00:00,2025-10-06T08:59:20+00:00
eeab2be0-ab8a-512c-956a-27f971979ccb,TKT-000385,44f662d2-5cf7-5f6a-ba8a-b043ec347536,0eb49bc4-406e-5d63-a28c-3e5b6ef668e4,b136f79e-100e-5a3c-b2f3-f0db6d3a6997,Data synchronization delay,low,closed,2026-02-08T22:09:39+00:00,2026-02-09T14:09:39+00:00
dbcb096d-404a-55a0-b468-d3c359ad0d0c,TKT-000386,604d18ac-e6bb-5ab1-ab92-569dfc0b5646,0eb49bc4-406e-5d63-a28c-3e5b6ef668e4,864956dc-d3a3-5b04-8bc5-799893f07e26,Data synchronization delay,low,closed,2026-04-12T00:31:56+00:00,2026-04-12T06:31:56+00:00
f3cc8d37-df32-57ab-804e-a12b8fa985cc,TKT-000387,54a27e6d-c7bf-5812-880e-1ed91c4da5a7,673811d5-2f11-5108-8b80-c9dd0dc2adda,38b70633-8c56-58a2-b08e-83e8c5c45b63,Configuration assistance for Cloud Workspace 82,medium,closed,2025-12-20T21:08:39+00:00,2025-12-23T04:08:39+00:00
0ad6d574-38cf-56f5-b677-80f79275d9e4,TKT-000388,aa8c63c8-d686-52ed-9d78-13d55844bf50,f218ba8f-81cf-5efd-ad55-5f4ef76110c2,576d59ca-e029-534d-a2fc-2c388b2c3837,Dashboard metric discrepancy,low,pending,2026-06-21T15:02:02+00:00,
5cffe15b-992a-5110-9300-2812bb35ded3,TKT-000389,48253ef0-5cf2-5f70-9b66-93779cab6b3f,d4214473-2bf7-5b77-bb1f-734e590c4014,93a79ce4-9aa3-5428-8c89-2ce777b9617b,Integration connection issue,low,closed,2025-10-28T04:31:32+00:00,2025-11-01T18:31:32+00:00
2f420d4a-3bb1-59f9-a3dd-de03d3d62110,TKT-000390,05e55145-f922-5b7f-9a87-b4e535288ab0,39cb20a1-5dca-5b11-90c4-3e96e441ed0c,e0f2505c-fc5b-5345-8ebb-7cf3fa778973,Configuration assistance for Adaptive Engine 11,low,resolved,2026-03-23T03:13:43+00:00,2026-03-26T11:13:43+00:00
1d8f993a-030d-54e6-a36e-1966ba3fb070,TKT-000391,270a3d7f-e92d-57ce-ad4d-911a873f0506,6469a098-75a3-5b3b-839a-ad075a8e67ad,864956dc-d3a3-5b04-8bc5-799893f07e26,Configuration assistance for Unified Console 09,medium,resolved,2025-09-17T13:28:53+00:00,2025-09-18T16:28:53+00:00
2b144ea1-382d-59c5-83dd-a1f988d918d4,TKT-000392,2ca6c1cf-f742-57f7-b43e-589510bd781f,ac03c1f7-3948-530e-8de5-80756984ab20,38b70633-8c56-58a2-b08e-83e8c5c45b63,Access policy clarification,medium,resolved,2025-08-30T11:04:43+00:00,2025-09-02T15:04:43+00:00
f9ac1443-06d5-539c-8eae-4ef58eeed723,TKT-000393,5f078f90-2d6f-5cd4-baf1-e221a1ccd6b0,9a2e8c5f-4d3e-5cb8-ba78-f2bd562ee61b,752d1174-aa5f-523e-a43f-23449274de00,Dashboard metric discrepancy,high,resolved,2026-02-17T12:54:56+00:00,2026-02-21T08:54:56+00:00
db168e13-2801-5ae4-b614-f3e6c2ea9fc3,TKT-000394,5ad01617-30cc-5924-9145-9331df0736c8,228ccd2f-642c-5fdf-abf0-129af98a3568,b0461422-02e1-52db-97c3-fe1789b240cf,Dashboard metric discrepancy,low,closed,2025-08-09T13:27:30+00:00,2025-08-13T03:27:30+00:00
b8c5793a-4c7e-5ccd-ab18-c4b90e95d6d4,TKT-000395,9bcd00fc-0f4b-54d1-992f-efd5492c5d04,fd5d29e1-571f-589d-be31-aa00127c02aa,576d59ca-e029-534d-a2fc-2c388b2c3837,Integration connection issue,low,resolved,2026-01-13T23:58:45+00:00,2026-01-15T13:58:45+00:00
bbeb657b-8221-5d67-9e1d-0974a4792a44,TKT-000396,7d426d71-c6e4-5914-8ad8-a142129a8265,80450a39-8a90-55da-adf7-0b6a1b84aeeb,b52ce1d4-6469-5a26-9909-ab8fb46083e5,Data synchronization delay,critical,open,2026-07-18T19:32:45+00:00,
8591094e-7034-5ece-8869-2eddf5989f07,TKT-000397,66f2f002-1fe4-5b41-bc51-cb7ea54fa270,db630ac7-839d-5331-93df-dc621d8357b6,93a79ce4-9aa3-5428-8c89-2ce777b9617b,Integration connection issue,high,closed,2025-12-13T18:42:27+00:00,2025-12-17T10:42:27+00:00
33370830-52fc-5dfa-9022-27e3bffc8559,TKT-000398,5edca693-c9ea-5312-9c2a-a4730fbe5c81,8dfa6632-930f-5fdc-b7cd-8d5908a33d66,b52ce1d4-6469-5a26-9909-ab8fb46083e5,Integration connection issue,low,closed,2026-04-07T08:29:34+00:00,2026-04-09T03:29:34+00:00
32329c9b-2b44-5657-a8b5-c403e7f0dabb,TKT-000399,f01eb0d3-1237-5eb2-9493-3a08abd1d822,4dbc0e6b-ab10-5b67-a928-f87e1ed2bb9a,b52ce1d4-6469-5a26-9909-ab8fb46083e5,Configuration assistance for Nexus Engine 15,medium,closed,2025-10-18T07:34:34+00:00,2025-10-21T20:34:34+00:00
d6c59537-b5bf-53ce-89b3-97c26dac40c1,TKT-000400,01e5eb13-be9c-50d0-90dd-28a9cce2c901,86eda21c-1dbc-500a-9201-b7d6b0786cc8,752d1174-aa5f-523e-a43f-23449274de00,Data synchronization delay,medium,closed,2025-08-30T01:54:15+00:00,2025-09-01T14:54:15+00:00
e6320aae-b20b-5787-8980-925df6953026,TKT-000401,721afae2-f05c-5b9d-a637-08a16c97f3d1,0caef625-914f-5fea-8e59-19b212bfbd46,fe0faaa6-ce52-59d0-935b-6d979c1a4e7d,Integration connection issue,medium,closed,2026-03-24T00:46:12+00:00,2026-03-27T10:46:12+00:00
41c8092f-20eb-5270-869a-490163a75139,TKT-000402,8abef9ed-a119-5b75-93c5-7185d84922d1,0137b3c3-db39-5e56-abf7-8ae43bc349ad,752d1174-aa5f-523e-a43f-23449274de00,Data synchronization delay,medium,open,2026-04-25T10:34:46+00:00,
f6f1c1eb-de3e-583e-b21b-59c70a0a04f2,TKT-000403,58fc2c64-d99b-59ae-a357-f14e3c9a8658,db630ac7-839d-5331-93df-dc621d8357b6,93a79ce4-9aa3-5428-8c89-2ce777b9617b,Access policy clarification,medium,resolved,2025-08-19T16:15:25+00:00,2025-08-20T05:15:25+00:00
3fb5083f-b060-5dea-935c-9b1dac017c0f,TKT-000404,f71423cb-38e5-59b6-ba2e-a49c11cf652a,1fa2b768-1b9d-5b9c-befa-fac1ccb97563,b0461422-02e1-52db-97c3-fe1789b240cf,Integration connection issue,low,resolved,2026-04-24T04:35:14+00:00,2026-04-27T13:35:14+00:00
3f386cdb-592e-5878-a246-75de2892168e,TKT-000405,d9654a4c-376a-5bc2-92ca-51f4276b990a,d3739878-986b-5b5f-a096-4452493d6cbb,fe0faaa6-ce52-59d0-935b-6d979c1a4e7d,Dashboard metric discrepancy,medium,resolved,2026-03-24T09:23:21+00:00,2026-03-27T09:23:21+00:00
351a3e4d-caf0-5d97-8547-1a95e7e2d4cd,TKT-000406,23d58a1d-7f26-55e7-a59d-b1b41e692582,8b12c834-e054-5502-85aa-99d1eb81eee0,fe0faaa6-ce52-59d0-935b-6d979c1a4e7d,Configuration assistance for Velocity Gateway 40,medium,closed,2025-10-02T03:33:40+00:00,2025-10-07T03:33:40+00:00
77d16f2d-bbf4-584e-9f64-bc020f5de85b,TKT-000407,eace5daf-67c4-5404-840f-64be4f98d51e,8dfa6632-930f-5fdc-b7cd-8d5908a33d66,b52ce1d4-6469-5a26-9909-ab8fb46083e5,Integration connection issue,high,resolved,2026-07-21T10:35:42+00:00,2026-07-25T18:35:42+00:00
a6d9713c-58f3-5f02-a6e3-a5434394a1f8,TKT-000408,f01eb0d3-1237-5eb2-9493-3a08abd1d822,9b6b9203-f582-59b6-b64c-309881607c86,38b70633-8c56-58a2-b08e-83e8c5c45b63,Configuration assistance for Insight Console 04,medium,resolved,2025-10-06T21:56:08+00:00,2025-10-09T03:56:08+00:00
839e6f04-159c-567c-9998-626b58846c44,TKT-000409,f602a6a2-3a5a-50db-8935-3d2a6f4c76e3,1dd10a82-5cdc-539f-af3f-d3f255171973,e0f2505c-fc5b-5345-8ebb-7cf3fa778973,Dashboard metric discrepancy,high,closed,2025-12-06T09:24:35+00:00,2025-12-10T06:24:35+00:00
1ac3405c-f924-5ee0-8388-1cb61558e914,TKT-000410,42bdf6db-1274-5c67-9c95-0386c787dcbe,9f7bfd37-85ae-5a17-9b9f-5dafe3ec68ee,7242516c-cc48-56f1-9436-4afbcf0086dc,Dashboard metric discrepancy,medium,resolved,2026-07-11T23:19:52+00:00,2026-07-14T06:19:52+00:00
30583332-8b94-5e57-8843-6dce4def3afe,TKT-000411,7762f614-5a4c-5614-bcff-b3df8edb028f,952e981c-e5c2-53da-984a-78dc5e3b1ad4,38b70633-8c56-58a2-b08e-83e8c5c45b63,Data synchronization delay,high,pending,2025-11-05T12:34:42+00:00,
ed4a5655-ae00-5a06-843a-667748946e49,TKT-000412,332f3a64-ba26-5dc9-88bf-4b722a6dee9d,dee51c26-0113-56c0-a9c6-edbcfc488df1,576d59ca-e029-534d-a2fc-2c388b2c3837,Dashboard metric discrepancy,high,closed,2026-06-01T12:03:44+00:00,2026-06-03T13:03:44+00:00
38c40be7-9ad9-590d-9784-d1bc9d455a8d,TKT-000413,7e50da50-b5fb-52e0-832e-32137912d98f,241d3cd0-ef2c-56b8-bb75-b039a61b370a,b0461422-02e1-52db-97c3-fe1789b240cf,Access policy clarification,high,resolved,2026-02-03T15:18:36+00:00,2026-02-08T14:18:36+00:00
82ce392c-a0be-5675-9ca2-dbdca7811c49,TKT-000414,5cad41fc-a2d2-509b-93eb-b3342281c57c,eff08d1d-eb3b-559a-8ca9-60c7b365af52,b0461422-02e1-52db-97c3-fe1789b240cf,Configuration assistance for Velocity Fabric 30,high,open,2026-02-11T02:07:45+00:00,
de6b5edc-0743-5ba6-8c5c-6b9b5de14b18,TKT-000415,6d5dbc60-2c04-539f-b340-5d35e2b8268f,2e263bcd-bacc-5f51-b35b-70d1674f4dc5,93a79ce4-9aa3-5428-8c89-2ce777b9617b,Access policy clarification,high,resolved,2025-12-08T22:36:41+00:00,2025-12-10T20:36:41+00:00
d80671a6-6c17-5434-bc87-a5fc7a9d888f,TKT-000416,e92ebbd6-5163-5470-8264-b84780f6f521,8b12c834-e054-5502-85aa-99d1eb81eee0,fe0faaa6-ce52-59d0-935b-6d979c1a4e7d,Integration connection issue,medium,closed,2025-09-25T01:49:30+00:00,2025-09-28T03:49:30+00:00
4bbf21b7-c280-515e-ab96-90aaf33b6d1f,TKT-000417,d9db03df-2d6b-54b9-a7f4-723fe446ffa4,a042ed60-9218-5159-876b-6c4dd0e5f934,38b70633-8c56-58a2-b08e-83e8c5c45b63,Dashboard metric discrepancy,medium,closed,2026-04-10T14:25:56+00:00,2026-04-14T07:25:56+00:00
65276ab0-e28b-5bf3-a790-ac35a6b7427d,TKT-000418,238c4b69-138e-5f45-ac27-13ef8d5a4207,39cb20a1-5dca-5b11-90c4-3e96e441ed0c,752d1174-aa5f-523e-a43f-23449274de00,Dashboard metric discrepancy,low,resolved,2025-10-17T18:04:25+00:00,2025-10-22T17:04:25+00:00
aea61e88-b192-550d-b42b-a3d28522b94d,TKT-000419,f3b32c23-d3e5-5147-83fc-209309790194,7169fcc7-7527-510c-b88d-bdcd257ce105,93a79ce4-9aa3-5428-8c89-2ce777b9617b,Data synchronization delay,medium,closed,2025-09-08T00:20:27+00:00,2025-09-10T16:20:27+00:00
563af424-2d09-51fc-905f-805d2ee7a358,TKT-000420,0723f889-4315-5df1-b33d-408167c715c2,a042ed60-9218-5159-876b-6c4dd0e5f934,752d1174-aa5f-523e-a43f-23449274de00,Dashboard metric discrepancy,medium,resolved,2026-08-05T19:57:11+00:00,2026-08-06T10:57:11+00:00
ea28e0e5-5576-5080-b54b-e9cb67cb88db,TKT-000421,a301724f-db9c-53d1-8e7a-a1f8196a2859,d4214473-2bf7-5b77-bb1f-734e590c4014,b52ce1d4-6469-5a26-9909-ab8fb46083e5,Integration connection issue,medium,resolved,2026-03-05T08:14:27+00:00,2026-03-06T22:14:27+00:00
a6dd4425-182e-5b8a-8677-e279e92c1288,TKT-000422,211e9348-4f39-5391-99e3-c207abb6aa3d,de536700-41fe-55c3-beb9-bfb9849c872b,38b70633-8c56-58a2-b08e-83e8c5c45b63,Dashboard metric discrepancy,medium,resolved,2025-08-19T16:44:09+00:00,2025-08-22T02:44:09+00:00
2f2a3c4d-c107-5be4-838b-bcf03720ae0f,TKT-000423,0229bf32-83e3-5e7c-8306-8db796b70f33,8a195dd5-491c-532c-9a61-886a24d451c0,b0461422-02e1-52db-97c3-fe1789b240cf,Integration connection issue,high,resolved,2025-10-20T21:13:32+00:00,2025-10-21T04:13:32+00:00
da670c8a-84d8-5702-9fb9-91a08effabf0,TKT-000424,6c7e2291-c37b-5221-adf7-b99f74c62056,b6edaedb-a02c-5fbc-b05c-2b5d8deb20c4,93a79ce4-9aa3-5428-8c89-2ce777b9617b,Data synchronization delay,critical,resolved,2025-08-13T10:00:58+00:00,2025-08-13T14:00:58+00:00
b877396a-2202-58c3-a2d2-24c218a8719c,TKT-000425,fa45f60a-2206-5593-a37e-29358f9539e6,db43f9b2-c956-5785-8950-8287c47db3ae,576d59ca-e029-534d-a2fc-2c388b2c3837,Configuration assistance for Enterprise Fabric 23,low,resolved,2025-08-11T11:01:22+00:00,2025-08-11T23:01:22+00:00
96ab4d10-d53a-5f3d-bf31-300d5a025794,TKT-000426,87c644ab-4a08-59ae-8d46-46413cec7d15,91bd15e4-105e-5926-abe6-7ceaf8c07375,e0f2505c-fc5b-5345-8ebb-7cf3fa778973,Configuration assistance for Enterprise Monitor 53,high,resolved,2026-07-17T11:28:38+00:00,2026-07-18T21:28:38+00:00
10956c07-3328-534c-bfdd-83b2cdc04ea8,TKT-000427,941f4689-b896-529f-8bfa-f2d7ce6001ee,8d6058a9-d9fb-546e-b841-e6b4a0978311,b0461422-02e1-52db-97c3-fe1789b240cf,Dashboard metric discrepancy,high,pending,2026-06-15T20:33:03+00:00,
68306038-f4fb-5fa5-967e-c90f43a3cf5d,TKT-000428,cfc45208-54c6-5988-95af-486062fd7654,896e7662-34d0-5631-bb0f-b5ce6b0ad1ba,7242516c-cc48-56f1-9436-4afbcf0086dc,Configuration assistance for Unified Engine 19,medium,pending,2026-06-23T19:22:28+00:00,
b9fcbe43-5af9-5e58-b1a0-e219be9ab279,TKT-000429,7b4e4282-74df-5df9-b2bd-7c0c893b80db,851c23cd-3716-5170-b9ac-0c25ddc7c95c,864956dc-d3a3-5b04-8bc5-799893f07e26,Data synchronization delay,medium,pending,2026-05-02T11:54:38+00:00,
e70e7a7d-47d0-5690-ae31-eb1bfd5818e1,TKT-000430,3cacb34c-375e-5074-bf40-b4908ec72ccc,613ff8f3-9a2b-5f66-8d3e-3e05d5391002,752d1174-aa5f-523e-a43f-23449274de00,Dashboard metric discrepancy,medium,closed,2025-10-22T21:29:32+00:00,2025-10-25T01:29:32+00:00
ffed61ac-deaf-5a37-941e-05235e4f2223,TKT-000431,dc5fd084-70dd-5c0b-a9ac-b8e96bfb8e3a,75679cf6-5497-5e69-b773-db773bc6a245,fe0faaa6-ce52-59d0-935b-6d979c1a4e7d,Access policy clarification,medium,closed,2025-11-05T12:35:24+00:00,2025-11-06T09:35:24+00:00
5aa7ace9-2e05-5929-84a7-a28fc46f9822,TKT-000432,4b7ba232-e074-5665-806c-2804861df655,8dfa6632-930f-5fdc-b7cd-8d5908a33d66,864956dc-d3a3-5b04-8bc5-799893f07e26,Integration connection issue,medium,closed,2025-09-07T10:33:44+00:00,2025-09-10T13:33:44+00:00
5dd55ccd-2c17-531a-9796-2120885d3443,TKT-000433,fa45f60a-2206-5593-a37e-29358f9539e6,8d6058a9-d9fb-546e-b841-e6b4a0978311,752d1174-aa5f-523e-a43f-23449274de00,Access policy clarification,medium,resolved,2025-10-20T18:43:00+00:00,2025-10-23T02:43:00+00:00
222ebee2-cd56-54a6-965c-3cfd996e6464,TKT-000434,bf320b53-233b-52d0-9acb-443e2fd61e84,559ab41c-d860-5ab1-aaa1-483577af7b67,b136f79e-100e-5a3c-b2f3-f0db6d3a6997,Configuration assistance for Enterprise Workbench 93,medium,open,2026-04-21T21:54:27+00:00,
d6a2fc09-d59a-5533-b0a9-8d563f834b85,TKT-000435,633d183a-2766-5cdc-8457-7eaf84de177f,2e263bcd-bacc-5f51-b35b-70d1674f4dc5,b0461422-02e1-52db-97c3-fe1789b240cf,Access policy clarification,medium,resolved,2026-03-26T08:50:53+00:00,2026-03-26T12:50:53+00:00
6b337db3-4174-556e-9b81-85f057e109e7,TKT-000436,f15b9a43-7cbc-58dc-82db-d266c5f7afb5,9a2e8c5f-4d3e-5cb8-ba78-f2bd562ee61b,93a79ce4-9aa3-5428-8c89-2ce777b9617b,Data synchronization delay,medium,closed,2026-07-17T22:09:47+00:00,2026-07-18T15:09:47+00:00
3db70345-9022-5a3c-a295-987e4a0254c0,TKT-000437,3cacb34c-375e-5074-bf40-b4908ec72ccc,952e981c-e5c2-53da-984a-78dc5e3b1ad4,b0461422-02e1-52db-97c3-fe1789b240cf,Data synchronization delay,low,open,2026-06-06T02:27:34+00:00,
1364fc4d-c64d-5e87-b64d-fbad52fdd766,TKT-000438,ea89d463-10a8-5c69-9e48-a00cfc942028,228ccd2f-642c-5fdf-abf0-129af98a3568,fe0faaa6-ce52-59d0-935b-6d979c1a4e7d,Integration connection issue,medium,open,2026-04-16T21:28:21+00:00,
b6e49c9f-f089-5424-9fa7-e91587fc34c7,TKT-000439,d30c325b-2b58-5f3b-a941-2b9af3f064ce,5d462a8e-32e0-59ad-ae5c-9d66eda72663,752d1174-aa5f-523e-a43f-23449274de00,Integration connection issue,high,resolved,2026-05-13T22:09:46+00:00,2026-05-18T00:09:46+00:00
3c0a5c37-04db-58d4-afd3-6a412d5153c2,TKT-000440,619e7c22-b0d6-5bc9-a6a0-ceb9e0a340e3,13e04507-297b-56af-85d7-75b609d982a1,38b70633-8c56-58a2-b08e-83e8c5c45b63,Configuration assistance for Quantum Hub 47,critical,open,2025-12-16T11:28:35+00:00,
40f26923-7a92-51ee-837e-d773963315f1,TKT-000441,36b5bc99-770b-564c-9cc1-4822b00d0ba5,896e7662-34d0-5631-bb0f-b5ce6b0ad1ba,576d59ca-e029-534d-a2fc-2c388b2c3837,Dashboard metric discrepancy,medium,closed,2026-03-12T22:29:42+00:00,2026-03-13T21:29:42+00:00
3d9f6d9c-a8db-5b09-9dd4-cf02d2b9df26,TKT-000442,4bd863dc-24bc-586d-aca7-7ca6c200c922,b6edaedb-a02c-5fbc-b05c-2b5d8deb20c4,864956dc-d3a3-5b04-8bc5-799893f07e26,Integration connection issue,medium,resolved,2026-03-13T19:52:31+00:00,2026-03-13T21:52:31+00:00
435ca9ce-517d-55b3-9c05-f316e315771a,TKT-000443,6289e26f-3f62-5717-b208-759544c72c9b,0caef625-914f-5fea-8e59-19b212bfbd46,864956dc-d3a3-5b04-8bc5-799893f07e26,Access policy clarification,medium,resolved,2025-11-11T11:50:52+00:00,2025-11-13T04:50:52+00:00
6f3658fd-3f94-50e3-8e10-bccaceb9db38,TKT-000444,98040fa4-e3e2-5e47-ba22-98dddec004f3,e69a7c0b-6875-5a37-a379-abbc430fb47b,752d1174-aa5f-523e-a43f-23449274de00,Data synchronization delay,medium,resolved,2025-11-20T19:27:40+00:00,2025-11-22T05:27:40+00:00
649f3255-99c6-5c7a-8ba3-9eca9d9113ad,TKT-000445,226ca4b8-3720-5062-a88c-86445c07ea66,34baeb4c-81dc-5b29-bc76-0b8fd47cdbed,e0f2505c-fc5b-5345-8ebb-7cf3fa778973,Dashboard metric discrepancy,low,closed,2025-11-13T08:02:31+00:00,2025-11-14T07:02:31+00:00
3f398404-fef5-563a-99a5-8f57866a2549,TKT-000446,51172e6f-d077-58a4-8184-b9b56e540b8c,c2be7cd9-f7ee-544a-9ceb-7052826da8ce,93a79ce4-9aa3-5428-8c89-2ce777b9617b,Configuration assistance for Insight Engine 14,high,closed,2026-05-30T06:40:24+00:00,2026-06-02T05:40:24+00:00
b8b857ad-ec5d-5c41-ac99-64cb3c815ed7,TKT-000447,7e4272d4-f864-5687-b0cf-72e011a55fc2,591abda9-fd16-5958-b0e9-586f0dfa6e54,93a79ce4-9aa3-5428-8c89-2ce777b9617b,Access policy clarification,medium,resolved,2025-12-31T07:03:23+00:00,2025-12-31T21:03:23+00:00
6c1c2461-015b-5518-93bb-841d29fd7439,TKT-000448,262319a1-2adf-53b9-a484-605c017a9104,4dbc0e6b-ab10-5b67-a928-f87e1ed2bb9a,38b70633-8c56-58a2-b08e-83e8c5c45b63,Configuration assistance for Nexus Engine 15,medium,resolved,2025-12-01T19:30:08+00:00,2025-12-03T23:30:08+00:00
8a915ff1-11d4-5c78-965a-7e7e3768b81d,TKT-000449,386b1daf-8e64-5b8e-8c48-36b4f45e4676,201fb8e4-2c24-5483-b44d-4063694486b2,fe0faaa6-ce52-59d0-935b-6d979c1a4e7d,Integration connection issue,critical,resolved,2025-10-08T13:46:51+00:00,2025-10-10T06:46:51+00:00
c30a352a-5a15-5cf2-aa89-774a3376c59a,TKT-000450,2c1841c7-6bab-59e0-aef7-bcda2f80dd86,3205bb8a-e766-5617-a3d4-78aaa9883bc8,93a79ce4-9aa3-5428-8c89-2ce777b9617b,Dashboard metric discrepancy,high,resolved,2026-05-12T05:21:28+00:00,2026-05-13T20:21:28+00:00
0354d53c-7d36-5de5-a156-cc99ee261803,TKT-000451,6d6f03ad-df29-5190-bcc1-4e253af30b8f,eff08d1d-eb3b-559a-8ca9-60c7b365af52,7242516c-cc48-56f1-9436-4afbcf0086dc,Integration connection issue,low,closed,2026-01-11T04:20:31+00:00,2026-01-15T23:20:31+00:00
5cfe1c2b-c70d-547c-a7d0-31ed8db9119c,TKT-000452,5534c501-8b7e-5366-b01c-0f6fb114cf12,f9fe7a6c-9a44-59e2-a4cc-fef69cc2e48e,864956dc-d3a3-5b04-8bc5-799893f07e26,Dashboard metric discrepancy,low,open,2026-06-29T21:26:40+00:00,
fccb41cc-97fa-5a40-8e8a-340b7b861d8d,TKT-000453,93284c51-89ec-5b3a-9213-6c86ea224de2,241d3cd0-ef2c-56b8-bb75-b039a61b370a,b52ce1d4-6469-5a26-9909-ab8fb46083e5,Dashboard metric discrepancy,low,resolved,2025-11-19T15:57:30+00:00,2025-11-22T23:57:30+00:00
e1b0a996-4de0-54f8-81e0-61adc80b9817,TKT-000454,81af2ab0-055e-50df-83a2-49b78ffd7097,8d892cdc-d358-5f2b-a85b-cbecc7e0a664,fe0faaa6-ce52-59d0-935b-6d979c1a4e7d,Data synchronization delay,medium,resolved,2025-08-29T02:24:38+00:00,2025-08-30T11:24:38+00:00
5ff9ffc8-3577-5447-a28c-f657042620ed,TKT-000455,4b6bb816-82b5-57b3-bd02-982228d1149a,f350d57a-8885-50f1-b76a-29f7a8057a35,7242516c-cc48-56f1-9436-4afbcf0086dc,Dashboard metric discrepancy,medium,resolved,2025-10-05T16:11:48+00:00,2025-10-08T19:11:48+00:00
e0074be8-99ac-5522-a118-88f011db9fa2,TKT-000456,fefa5234-83d9-575b-a0d1-d013bef7d309,db43f9b2-c956-5785-8950-8287c47db3ae,38b70633-8c56-58a2-b08e-83e8c5c45b63,Configuration assistance for Enterprise Fabric 23,medium,resolved,2026-05-12T20:36:47+00:00,2026-05-14T11:36:47+00:00
74bf0adf-79ea-531e-b92d-0e5dcf66c88e,TKT-000457,26ed9af7-a2ed-54ae-960b-d5f7ceb3f29f,80450a39-8a90-55da-adf7-0b6a1b84aeeb,38b70633-8c56-58a2-b08e-83e8c5c45b63,Integration connection issue,medium,resolved,2026-03-26T10:46:34+00:00,2026-03-28T14:46:34+00:00
b5d102d8-e570-5df6-b206-a36dab1e3b03,TKT-000458,f941616b-f138-5e2a-84a6-62e46fcbc804,db43f9b2-c956-5785-8950-8287c47db3ae,e0f2505c-fc5b-5345-8ebb-7cf3fa778973,Data synchronization delay,low,resolved,2026-04-19T05:32:46+00:00,2026-04-22T02:32:46+00:00
8018ff3d-a934-5b66-bf4f-40fce5c1ab8c,TKT-000459,2a4ad27a-6ab9-51d1-be27-99feb2c2b3b4,88f79184-2cf9-5f72-8e4a-cedfa68d9d06,38b70633-8c56-58a2-b08e-83e8c5c45b63,Access policy clarification,medium,resolved,2026-06-28T14:14:55+00:00,2026-07-02T23:14:55+00:00
3ef28499-a8c9-5eca-92e3-37b27d534898,TKT-000460,06f3ea78-51ad-533f-99ed-7b66e5105fb0,13ea52a1-6b55-57c7-b84e-acf7fb92f106,7242516c-cc48-56f1-9436-4afbcf0086dc,Data synchronization delay,low,resolved,2026-07-03T11:41:04+00:00,2026-07-05T23:41:04+00:00
5ba22a33-ea87-56bd-9014-f526d8264d14,TKT-000461,7130589f-8f9f-5b9b-bdd0-ddfc15e09956,e139b0f5-6ca3-5ccb-8610-5a52b4b0eb6c,38b70633-8c56-58a2-b08e-83e8c5c45b63,Integration connection issue,medium,resolved,2026-03-06T21:08:56+00:00,2026-03-08T04:08:56+00:00
c0642e61-c349-5fa1-9447-698f1646c7c0,TKT-000462,9de31ba8-d50d-5ca8-be6f-99ca504274bd,cb09f248-037d-5a0d-9970-99cb102c05d8,b136f79e-100e-5a3c-b2f3-f0db6d3a6997,Data synchronization delay,high,resolved,2025-11-05T20:32:58+00:00,2025-11-08T20:32:58+00:00
2f9598d2-b9fd-56be-9fd0-5d6f9594b661,TKT-000463,01ff9cad-dfbc-5aa4-b0cb-9146d48f095b,ac03c1f7-3948-530e-8de5-80756984ab20,38b70633-8c56-58a2-b08e-83e8c5c45b63,Integration connection issue,medium,closed,2025-10-07T05:27:28+00:00,2025-10-10T05:27:28+00:00
0a45c68c-57f6-5838-9823-38365ccf16b3,TKT-000464,727345d1-4693-517b-a329-04edd848b658,88f79184-2cf9-5f72-8e4a-cedfa68d9d06,864956dc-d3a3-5b04-8bc5-799893f07e26,Configuration assistance for Secure Engine 18,medium,closed,2026-04-26T11:29:12+00:00,2026-04-30T12:29:12+00:00
3afcf715-3104-5719-996f-adacbbba35a8,TKT-000465,5dadb797-e2ca-59d9-b8ee-77ec85628d0b,0137b3c3-db39-5e56-abf7-8ae43bc349ad,7242516c-cc48-56f1-9436-4afbcf0086dc,Configuration assistance for Enterprise Console 03,low,closed,2026-06-20T01:21:18+00:00,2026-06-21T21:21:18+00:00
794e5988-33c1-5dbd-adb7-bdd07eb740da,TKT-000466,8cf031cc-9566-509a-9d4e-0589cdb07af0,9a2e8c5f-4d3e-5cb8-ba78-f2bd562ee61b,752d1174-aa5f-523e-a43f-23449274de00,Configuration assistance for Unified Monitor 59,medium,resolved,2026-07-09T10:32:56+00:00,2026-07-11T05:32:56+00:00
7889e2c1-d191-5eda-8216-3a1cb0423166,TKT-000467,b0d9dc71-db6b-54ca-83de-6f0bb41b90d3,1c3b9a21-09fa-5c21-bdad-35f2eb8a273f,fe0faaa6-ce52-59d0-935b-6d979c1a4e7d,Data synchronization delay,high,resolved,2025-11-15T07:19:56+00:00,2025-11-18T12:19:56+00:00
0949755b-44c4-5c8e-bbb1-5dbe6e3ff2c0,TKT-000468,9f76bfad-d135-58ad-92f6-6a87e5dc378f,d520aef1-b021-5cf0-a1d3-9e7e6d31aab7,93a79ce4-9aa3-5428-8c89-2ce777b9617b,Data synchronization delay,critical,resolved,2025-11-09T18:32:17+00:00,2025-11-10T20:32:17+00:00
c796ec01-f808-590a-9eb6-23b34031719a,TKT-000469,abdc1779-4100-596b-8d77-e8c9b1c5ba82,1cc795b2-21b3-5c5e-84f0-8f1fa20a6dd4,e0f2505c-fc5b-5345-8ebb-7cf3fa778973,Integration connection issue,medium,resolved,2026-03-16T08:05:32+00:00,2026-03-20T11:05:32+00:00
a11c5563-6f60-5240-9c48-58b7bdacefa0,TKT-000470,983d05f9-03e8-5e36-b2ac-6f84e0fad364,9b6b9203-f582-59b6-b64c-309881607c86,38b70633-8c56-58a2-b08e-83e8c5c45b63,Access policy clarification,medium,open,2025-11-01T23:17:31+00:00,
6cd97ff1-8e61-5234-8406-6a856d20c8c0,TKT-000471,d7d581f1-c2da-5bd4-84fa-32ad01cc255b,c2be7cd9-f7ee-544a-9ceb-7052826da8ce,752d1174-aa5f-523e-a43f-23449274de00,Integration connection issue,medium,resolved,2025-10-09T22:49:59+00:00,2025-10-11T10:49:59+00:00
ae6a20d2-681a-56c6-b216-f4b549718741,TKT-000472,00b4dc72-e96a-58bf-aa4a-9f770c79ebde,599db343-a607-5259-8af1-adde7b1a86ce,b0461422-02e1-52db-97c3-fe1789b240cf,Dashboard metric discrepancy,medium,closed,2026-07-23T13:08:25+00:00,2026-07-28T11:08:25+00:00
4322e959-7f40-586d-8d6d-9e85303791ba,TKT-000473,78e4723d-ded1-5a57-88c3-ec9efe2efc1e,d96da70b-0cb5-58c8-928a-aafb2d90b154,864956dc-d3a3-5b04-8bc5-799893f07e26,Access policy clarification,medium,resolved,2026-02-19T14:38:29+00:00,2026-02-23T06:38:29+00:00
10507a9b-6720-58f0-a6bc-5360d65546e8,TKT-000474,5edca693-c9ea-5312-9c2a-a4730fbe5c81,13ea52a1-6b55-57c7-b84e-acf7fb92f106,752d1174-aa5f-523e-a43f-23449274de00,Access policy clarification,high,resolved,2025-11-25T15:28:17+00:00,2025-11-28T02:28:17+00:00
278fd1da-21e6-5532-9a80-c3dbfd482485,TKT-000475,619e7c22-b0d6-5bc9-a6a0-ceb9e0a340e3,2f2113cc-589a-55b5-846a-78fddce3a3c9,576d59ca-e029-534d-a2fc-2c388b2c3837,Integration connection issue,low,resolved,2026-05-26T22:03:23+00:00,2026-05-27T05:03:23+00:00
4d71f64b-9372-5859-87ba-3bf482f9f332,TKT-000476,d2f6b061-ebf1-58ea-80d0-8bba279f21c4,0eb49bc4-406e-5d63-a28c-3e5b6ef668e4,93a79ce4-9aa3-5428-8c89-2ce777b9617b,Access policy clarification,high,open,2026-02-25T19:26:28+00:00,
df61eaae-083e-5638-90da-86a57956cb21,TKT-000477,63534638-a926-5a7e-845f-8612ee936aae,1c3b9a21-09fa-5c21-bdad-35f2eb8a273f,fe0faaa6-ce52-59d0-935b-6d979c1a4e7d,Access policy clarification,medium,closed,2026-03-06T21:22:24+00:00,2026-03-09T18:22:24+00:00
f1ca1736-d43e-55f5-bf91-a8e4c3b33f62,TKT-000478,5b8abb09-4a9c-53c0-af7e-2b86d19dd652,851c23cd-3716-5170-b9ac-0c25ddc7c95c,fe0faaa6-ce52-59d0-935b-6d979c1a4e7d,Access policy clarification,medium,open,2025-08-27T19:34:48+00:00,
fc9f1281-6902-55ed-add4-96b2513cf31a,TKT-000479,bfe531f3-7881-5f16-b241-20f069111509,91bd15e4-105e-5926-abe6-7ceaf8c07375,38b70633-8c56-58a2-b08e-83e8c5c45b63,Integration connection issue,medium,resolved,2026-05-13T18:10:29+00:00,2026-05-15T06:10:29+00:00
2cb4f5dc-9d83-582d-af65-1498421db61b,TKT-000480,1594960b-82de-5ed2-b182-c91999a8afac,f350d57a-8885-50f1-b76a-29f7a8057a35,752d1174-aa5f-523e-a43f-23449274de00,Access policy clarification,medium,resolved,2026-06-01T15:14:47+00:00,2026-06-03T01:14:47+00:00
d490c706-0b8d-5f5a-a05a-3e9072e4cebf,TKT-000481,781869ae-9d51-528d-8d7b-21897d2236d8,673811d5-2f11-5108-8b80-c9dd0dc2adda,38b70633-8c56-58a2-b08e-83e8c5c45b63,Access policy clarification,medium,resolved,2026-01-22T11:34:46+00:00,2026-01-23T11:34:46+00:00
ec26e456-877b-5982-9312-1ab2e2491a77,TKT-000482,63534638-a926-5a7e-845f-8612ee936aae,851c23cd-3716-5170-b9ac-0c25ddc7c95c,b52ce1d4-6469-5a26-9909-ab8fb46083e5,Configuration assistance for Cloud Suite 72,low,resolved,2026-02-21T17:29:04+00:00,2026-02-23T20:29:04+00:00
11e3a8ee-eafc-5c08-8d8f-4f1aec21571c,TKT-000483,a8ec4add-4a24-56bf-b1c9-ca1a2b5df28f,f9fe7a6c-9a44-59e2-a4cc-fef69cc2e48e,fe0faaa6-ce52-59d0-935b-6d979c1a4e7d,Data synchronization delay,high,resolved,2026-07-05T22:53:46+00:00,2026-07-08T04:53:46+00:00
ee03936f-430c-5073-b227-c6ad3b2a7b19,TKT-000484,a76466ab-21e2-5a4b-adb9-b0697c29e49b,88f79184-2cf9-5f72-8e4a-cedfa68d9d06,93a79ce4-9aa3-5428-8c89-2ce777b9617b,Configuration assistance for Secure Engine 18,medium,resolved,2026-05-10T10:33:30+00:00,2026-05-13T02:33:30+00:00
dca57a77-3063-58f8-9afd-cc892aee8898,TKT-000485,2fcb06ab-8744-5be2-97af-1d16fe182b02,88f79184-2cf9-5f72-8e4a-cedfa68d9d06,93a79ce4-9aa3-5428-8c89-2ce777b9617b,Access policy clarification,medium,resolved,2025-09-21T19:08:08+00:00,2025-09-24T02:08:08+00:00
1e0035be-9a04-5850-8883-6d290fabcccc,TKT-000486,6aea5a07-6ece-51ab-b807-9b678bb5b1d1,3d307d78-b10f-5539-a951-7bcc9fd17161,38b70633-8c56-58a2-b08e-83e8c5c45b63,Access policy clarification,medium,closed,2025-10-01T06:38:54+00:00,2025-10-03T06:38:54+00:00
884868e1-8046-5e4c-9215-ee473b21e4a4,TKT-000487,4edd4353-ea41-5f28-a532-c57780412c41,e69a7c0b-6875-5a37-a379-abbc430fb47b,38b70633-8c56-58a2-b08e-83e8c5c45b63,Configuration assistance for Nexus Workspace 85,critical,closed,2026-03-11T01:56:10+00:00,2026-03-12T06:56:10+00:00
545c4aee-f9ab-574d-834f-194ed7ddedc0,TKT-000488,c3d964c3-64c5-5f24-bdaf-3aceb8ad6485,d4214473-2bf7-5b77-bb1f-734e590c4014,7242516c-cc48-56f1-9436-4afbcf0086dc,Integration connection issue,medium,pending,2026-01-13T12:42:41+00:00,
bac6eef5-c7df-50b3-b841-20fe50eb7bcc,TKT-000489,b7ca9756-55ff-5e43-9cb1-9cbab905e9db,deaf9542-d65c-5f41-b22e-b1d033baea7a,752d1174-aa5f-523e-a43f-23449274de00,Data synchronization delay,low,resolved,2026-05-11T14:16:25+00:00,2026-05-14T12:16:25+00:00
76699983-6e36-5e6c-99a5-7b04e489dd4f,TKT-000490,0b55ee75-bb2b-5c75-b3d5-150d382451d8,201fb8e4-2c24-5483-b44d-4063694486b2,93a79ce4-9aa3-5428-8c89-2ce777b9617b,Configuration assistance for Precision Hub 46,medium,closed,2026-03-24T08:15:30+00:00,2026-03-29T00:15:30+00:00
bff21708-5a18-5d3f-b376-5b401794ef5f,TKT-000491,f0b39e46-c4d5-54bb-a075-5a9a7c87f516,cb09f248-037d-5a0d-9970-99cb102c05d8,e0f2505c-fc5b-5345-8ebb-7cf3fa778973,Integration connection issue,low,closed,2026-05-05T20:14:57+00:00,2026-05-08T08:14:57+00:00
32460b25-29e0-52e6-b5cb-de4b89290f66,TKT-000492,c3ea99b8-8b78-52eb-9fbc-defb149ad98e,b4b5a0e3-641b-562e-8386-bff3564cf295,93a79ce4-9aa3-5428-8c89-2ce777b9617b,Integration connection issue,low,resolved,2025-12-27T14:04:17+00:00,2025-12-29T17:04:17+00:00
142a0ce4-b67b-53d1-a852-c189ec04ccef,TKT-000493,32a20227-b521-57c2-8043-1a0717dc15a9,34baeb4c-81dc-5b29-bc76-0b8fd47cdbed,b52ce1d4-6469-5a26-9909-ab8fb46083e5,Dashboard metric discrepancy,medium,resolved,2025-11-25T11:34:17+00:00,2025-11-26T08:34:17+00:00
e1f09787-5ce0-5b23-a667-e254af6e0fac,TKT-000494,58c7b809-804a-5bc8-b115-97e73d805552,13ea52a1-6b55-57c7-b84e-acf7fb92f106,752d1174-aa5f-523e-a43f-23449274de00,Data synchronization delay,medium,open,2026-05-15T10:31:21+00:00,
907c6b9b-6685-56fe-b2cd-7566af879d5c,TKT-000495,cc9131a9-5014-5684-a229-810deffab2f7,39cb20a1-5dca-5b11-90c4-3e96e441ed0c,fe0faaa6-ce52-59d0-935b-6d979c1a4e7d,Access policy clarification,medium,closed,2026-01-30T18:26:30+00:00,2026-02-04T11:26:30+00:00
1cee3f01-37cb-5da5-9c45-740dd53f8314,TKT-000496,e34220b6-615a-5201-8434-eddf14b32a02,1760c2e4-563f-5bac-abcd-baf5317434c8,7242516c-cc48-56f1-9436-4afbcf0086dc,Dashboard metric discrepancy,low,resolved,2025-09-28T07:41:23+00:00,2025-10-01T05:41:23+00:00
4a7734ea-92cc-5db2-b6b5-1139d8026552,TKT-000497,492571cd-6c54-530b-8ecd-49c381ce4c96,8dfa6632-930f-5fdc-b7cd-8d5908a33d66,e0f2505c-fc5b-5345-8ebb-7cf3fa778973,Data synchronization delay,low,resolved,2026-06-14T16:25:03+00:00,2026-06-15T09:25:03+00:00
f310df85-3738-5388-99f9-640456f71389,TKT-000498,fc886c33-609e-58ba-9c2b-27308ba7b1a5,fd5d29e1-571f-589d-be31-aa00127c02aa,864956dc-d3a3-5b04-8bc5-799893f07e26,Access policy clarification,high,closed,2025-09-09T04:11:56+00:00,2025-09-10T02:11:56+00:00
6249deea-1adb-59c7-88a4-436a6b224892,TKT-000499,8fed6c9d-c734-5d42-9849-c4483092e717,31a97c6b-10cf-54c1-b463-f81683a437cc,38b70633-8c56-58a2-b08e-83e8c5c45b63,Data synchronization delay,low,resolved,2025-11-22T03:21:47+00:00,2025-11-22T20:21:47+00:00
b82b109b-5876-572c-a8ee-8e002054ab94,TKT-000500,82bdf2c6-fb02-526a-b9f4-ce7bbbbfc3d1,591abda9-fd16-5958-b0e9-586f0dfa6e54,b0461422-02e1-52db-97c3-fe1789b240cf,Dashboard metric discrepancy,medium,pending,2025-09-18T16:19:16+00:00,
55ba4f34-950c-5302-a796-a89daccda8e1,TKT-000501,022518fc-c9ab-5ab7-89f9-7077b5801b6f,2f2113cc-589a-55b5-846a-78fddce3a3c9,b0461422-02e1-52db-97c3-fe1789b240cf,Access policy clarification,medium,resolved,2025-10-19T12:27:38+00:00,2025-10-21T14:27:38+00:00
9cd7f5b2-76f5-5642-914e-2c867944c57e,TKT-000502,3d33b250-ec74-5d47-92d7-57a58e7093aa,1dd10a82-5cdc-539f-af3f-d3f255171973,e0f2505c-fc5b-5345-8ebb-7cf3fa778973,Configuration assistance for Unified Workspace 89,medium,resolved,2025-12-10T17:18:02+00:00,2025-12-15T07:18:02+00:00
89d51263-1565-5c35-910a-d71c011b3b31,TKT-000503,f8c7eff7-a4df-5068-a000-f19c3841a85b,86eda21c-1dbc-500a-9201-b7d6b0786cc8,93a79ce4-9aa3-5428-8c89-2ce777b9617b,Integration connection issue,medium,resolved,2025-10-09T02:19:50+00:00,2025-10-13T11:19:50+00:00
eb049431-3772-54b9-9a79-5d66478ead04,TKT-000504,81af2ab0-055e-50df-83a2-49b78ffd7097,a042ed60-9218-5159-876b-6c4dd0e5f934,b136f79e-100e-5a3c-b2f3-f0db6d3a6997,Data synchronization delay,medium,open,2026-03-26T23:29:52+00:00,
cbbd2286-2635-55b9-a7cb-d7bc81989aa0,TKT-000505,e45ef230-a000-5b1f-a26b-abd2492609e6,b4b5a0e3-641b-562e-8386-bff3564cf295,38b70633-8c56-58a2-b08e-83e8c5c45b63,Integration connection issue,medium,open,2026-05-18T08:58:58+00:00,
1d8273f2-89de-59a6-8f7a-262ddd9cca3a,TKT-000506,6723025d-688e-5195-bedd-bcb932d3d17b,13ea52a1-6b55-57c7-b84e-acf7fb92f106,752d1174-aa5f-523e-a43f-23449274de00,Integration connection issue,high,closed,2025-08-31T11:36:30+00:00,2025-09-03T21:36:30+00:00
97d358ae-dd54-559f-b30f-4fd1274b53b3,TKT-000507,74443b9c-c37e-521d-9d96-fbf0604f7124,91bd15e4-105e-5926-abe6-7ceaf8c07375,b136f79e-100e-5a3c-b2f3-f0db6d3a6997,Configuration assistance for Enterprise Monitor 53,medium,resolved,2026-03-16T22:04:29+00:00,2026-03-17T17:04:29+00:00
2b81936e-b6db-5ee7-a137-05c8e3358d2d,TKT-000508,411e90c0-155c-596b-aaa6-0c0619bc80e1,2e263bcd-bacc-5f51-b35b-70d1674f4dc5,864956dc-d3a3-5b04-8bc5-799893f07e26,Configuration assistance for Cloud Hub 42,medium,open,2025-12-23T01:37:43+00:00,
eece722b-d9db-5d94-94ce-d7edd8ccb495,TKT-000509,0501d962-3f43-51c1-b425-2ddc365d5054,0caef625-914f-5fea-8e59-19b212bfbd46,752d1174-aa5f-523e-a43f-23449274de00,Integration connection issue,low,resolved,2026-02-22T08:37:16+00:00,2026-02-23T08:37:16+00:00
64b4fef0-5874-5612-8c45-9f637f0703ca,TKT-000510,5f078f90-2d6f-5cd4-baf1-e221a1ccd6b0,896e7662-34d0-5631-bb0f-b5ce6b0ad1ba,93a79ce4-9aa3-5428-8c89-2ce777b9617b,Data synchronization delay,medium,resolved,2026-04-02T08:29:44+00:00,2026-04-06T03:29:44+00:00
439d2c23-a3d3-51b5-a22e-033160f9f7e1,TKT-000511,2a8cbd56-0a98-594a-a572-aa5c527c3a0c,9b6b9203-f582-59b6-b64c-309881607c86,93a79ce4-9aa3-5428-8c89-2ce777b9617b,Access policy clarification,low,closed,2026-05-31T21:14:39+00:00,2026-06-04T01:14:39+00:00
920c5b19-c9a2-557f-91bf-669762edf552,TKT-000512,e1601e4b-9021-56e3-bb1d-fef14dbe7f8d,851c23cd-3716-5170-b9ac-0c25ddc7c95c,fe0faaa6-ce52-59d0-935b-6d979c1a4e7d,Dashboard metric discrepancy,medium,pending,2026-07-18T00:02:47+00:00,
b5fc55c7-438e-5f3c-a1bf-180fe660bbdb,TKT-000513,2a4ad27a-6ab9-51d1-be27-99feb2c2b3b4,c2be7cd9-f7ee-544a-9ceb-7052826da8ce,e0f2505c-fc5b-5345-8ebb-7cf3fa778973,Integration connection issue,medium,closed,2026-05-26T07:33:09+00:00,2026-05-31T00:33:09+00:00
8c25746a-9e6a-5d02-bc48-d18e6a4909d3,TKT-000514,e50f9cce-0ecf-5ff6-a0b0-15205794aa06,673811d5-2f11-5108-8b80-c9dd0dc2adda,752d1174-aa5f-523e-a43f-23449274de00,Dashboard metric discrepancy,high,resolved,2025-10-08T00:24:21+00:00,2025-10-11T13:24:21+00:00
e99e6ce4-2f64-51ab-b917-6d32a2af23fd,TKT-000515,da64b36b-b5b6-555b-9093-3c014d6534ff,ac03c1f7-3948-530e-8de5-80756984ab20,7242516c-cc48-56f1-9436-4afbcf0086dc,Integration connection issue,high,resolved,2026-03-25T12:58:00+00:00,2026-03-26T00:58:00+00:00
d239aacd-952c-570b-9361-3f0b37ea6451,TKT-000516,e6d92daf-dcd2-58ca-90d7-636261dd7bbc,34baeb4c-81dc-5b29-bc76-0b8fd47cdbed,576d59ca-e029-534d-a2fc-2c388b2c3837,Dashboard metric discrepancy,high,closed,2026-07-04T21:50:41+00:00,2026-07-05T00:50:41+00:00
88d49df3-43d4-5f9c-9509-6ac5d931957b,TKT-000517,48fd5b5a-6215-5e05-88fd-ff210cb17a6c,ac03c1f7-3948-530e-8de5-80756984ab20,576d59ca-e029-534d-a2fc-2c388b2c3837,Data synchronization delay,medium,resolved,2026-02-19T12:54:32+00:00,2026-02-21T15:54:32+00:00
f8ab8bbb-cb93-56d8-a6b2-a4831495bba6,TKT-000518,c977064b-11eb-59d5-973f-5594f41a3651,80450a39-8a90-55da-adf7-0b6a1b84aeeb,b52ce1d4-6469-5a26-9909-ab8fb46083e5,Dashboard metric discrepancy,low,closed,2026-02-02T04:50:54+00:00,2026-02-04T22:50:54+00:00
31000f59-d561-5485-a3ad-b80ce19ee9b6,TKT-000519,00b4dc72-e96a-58bf-aa4a-9f770c79ebde,8dfa6632-930f-5fdc-b7cd-8d5908a33d66,93a79ce4-9aa3-5428-8c89-2ce777b9617b,Data synchronization delay,high,resolved,2026-06-16T14:21:18+00:00,2026-06-18T13:21:18+00:00
e0d2ab85-24bf-5f46-8bcc-651fbdbe2574,TKT-000520,01e5eb13-be9c-50d0-90dd-28a9cce2c901,b4b5a0e3-641b-562e-8386-bff3564cf295,b136f79e-100e-5a3c-b2f3-f0db6d3a6997,Data synchronization delay,high,resolved,2026-01-23T11:28:43+00:00,2026-01-25T18:28:43+00:00
3f1ed6cf-82bf-5129-9384-2fddb9c598aa,TKT-000521,9b5e283a-de19-5c2b-86ae-74edf53feb32,9b6b9203-f582-59b6-b64c-309881607c86,7242516c-cc48-56f1-9436-4afbcf0086dc,Configuration assistance for Insight Console 04,low,closed,2025-10-10T16:54:51+00:00,2025-10-11T17:54:51+00:00
e653b2c0-3041-5599-8160-94a9b0a97165,TKT-000522,38dedefe-ab38-5ff1-b6cc-24a5f4e95f8c,508dfc85-5bf2-5709-b1e3-06ff86d5acb8,7242516c-cc48-56f1-9436-4afbcf0086dc,Data synchronization delay,medium,resolved,2026-06-12T22:33:04+00:00,2026-06-16T08:33:04+00:00
91b10d8b-f8f9-557f-9889-8026d70be6f5,TKT-000523,811abe48-1457-5c11-8bad-e4667903f9c3,13ea52a1-6b55-57c7-b84e-acf7fb92f106,b52ce1d4-6469-5a26-9909-ab8fb46083e5,Dashboard metric discrepancy,medium,closed,2025-08-17T10:11:10+00:00,2025-08-22T10:11:10+00:00
3918ec75-5c90-5522-bae5-5dd87388dede,TKT-000524,71759505-eb52-563b-968f-e39ae3da4478,88f79184-2cf9-5f72-8e4a-cedfa68d9d06,38b70633-8c56-58a2-b08e-83e8c5c45b63,Data synchronization delay,high,closed,2026-01-18T21:26:36+00:00,2026-01-22T11:26:36+00:00
0795c6d1-2624-53cb-bf32-886d64cd506d,TKT-000525,89eeb7f7-e2dd-593f-89e1-c716b7c38fd0,f9fe7a6c-9a44-59e2-a4cc-fef69cc2e48e,576d59ca-e029-534d-a2fc-2c388b2c3837,Dashboard metric discrepancy,low,resolved,2025-08-20T11:50:56+00:00,2025-08-24T03:50:56+00:00
3d3cfda4-e1dd-568f-97cd-89e0ecd1c408,TKT-000526,604d18ac-e6bb-5ab1-ab92-569dfc0b5646,deaf9542-d65c-5f41-b22e-b1d033baea7a,b52ce1d4-6469-5a26-9909-ab8fb46083e5,Integration connection issue,high,closed,2026-05-17T23:12:17+00:00,2026-05-18T09:12:17+00:00
fd9746cc-1ea4-597c-9933-fdf07c1ee5d3,TKT-000527,4bd863dc-24bc-586d-aca7-7ca6c200c922,1657c1e2-1668-5957-a5e5-822140c08707,93a79ce4-9aa3-5428-8c89-2ce777b9617b,Data synchronization delay,low,resolved,2026-01-16T18:12:22+00:00,2026-01-16T21:12:22+00:00
4639bf36-1a79-5d6c-a198-ad9c9e48c449,TKT-000528,d2ab141c-3bc1-5b67-a147-cfc0288402d9,f218ba8f-81cf-5efd-ad55-5f4ef76110c2,b136f79e-100e-5a3c-b2f3-f0db6d3a6997,Integration connection issue,medium,pending,2026-02-11T07:50:58+00:00,
d2e739a7-7184-5184-93d1-f0ebb593f902,TKT-000529,93bf04d9-8e55-5311-acba-bb55bb0a74b1,d4214473-2bf7-5b77-bb1f-734e590c4014,752d1174-aa5f-523e-a43f-23449274de00,Dashboard metric discrepancy,high,resolved,2026-01-02T12:44:19+00:00,2026-01-07T10:44:19+00:00
ba2678cc-aa85-5a0a-98b4-8adb29245072,TKT-000530,d17126ee-524e-53b1-a028-ff5ab774ccea,b5386670-1687-5260-ad33-97e5d697c425,576d59ca-e029-534d-a2fc-2c388b2c3837,Integration connection issue,high,resolved,2025-12-12T01:43:40+00:00,2025-12-12T16:43:40+00:00
f0b45362-8960-58fe-a23b-00d53665eb8b,TKT-000531,8ebcae03-2625-57f2-82ee-a29c3784ddea,2e263bcd-bacc-5f51-b35b-70d1674f4dc5,b52ce1d4-6469-5a26-9909-ab8fb46083e5,Configuration assistance for Cloud Hub 42,medium,resolved,2026-07-28T13:31:16+00:00,2026-08-01T16:31:16+00:00
39523576-2db5-53b9-aff5-3548fc410dc7,TKT-000532,c3ea99b8-8b78-52eb-9fbc-defb149ad98e,0137b3c3-db39-5e56-abf7-8ae43bc349ad,93a79ce4-9aa3-5428-8c89-2ce777b9617b,Data synchronization delay,medium,resolved,2026-01-04T18:16:37+00:00,2026-01-06T05:16:37+00:00
9efbfdc8-d535-5f0a-b912-6467f94ab8ce,TKT-000533,41ac330f-ba74-5e82-a265-9bd30e071559,f65edfe2-43ae-59f6-b37a-f98344e1a998,b52ce1d4-6469-5a26-9909-ab8fb46083e5,Access policy clarification,medium,closed,2025-12-03T19:36:35+00:00,2025-12-04T23:36:35+00:00
82591597-26d1-5769-a5a9-3edc2a83400b,TKT-000534,fe2f969a-cf60-55d6-bd36-5fcf029e68ab,e691a6a3-7dd7-5d95-b97e-997e3af77227,576d59ca-e029-534d-a2fc-2c388b2c3837,Data synchronization delay,medium,resolved,2025-11-13T12:50:51+00:00,2025-11-15T13:50:51+00:00
3faacd17-29e9-577b-ac56-fe20667e9215,TKT-000535,1976b3dd-ea06-5684-a4c4-396fd7a0acae,d3739878-986b-5b5f-a096-4452493d6cbb,576d59ca-e029-534d-a2fc-2c388b2c3837,Dashboard metric discrepancy,low,resolved,2025-11-28T08:03:32+00:00,2025-12-01T08:03:32+00:00
4c9e5030-352d-5598-8c42-b3b44d020c32,TKT-000536,bf320b53-233b-52d0-9acb-443e2fd61e84,d37c44df-541b-5bf4-b395-65b41bac88a8,b52ce1d4-6469-5a26-9909-ab8fb46083e5,Dashboard metric discrepancy,medium,pending,2025-09-29T14:16:52+00:00,
794c5a93-3236-52a1-8cf0-9eeaab19dba9,TKT-000537,4e710c59-f3b8-5937-827e-4e7682f006f8,201fb8e4-2c24-5483-b44d-4063694486b2,fe0faaa6-ce52-59d0-935b-6d979c1a4e7d,Configuration assistance for Precision Hub 46,high,closed,2025-08-28T05:44:46+00:00,2025-08-28T10:44:46+00:00
09e25c98-03ff-594a-808d-aa3aecb7aea8,TKT-000538,abdc1779-4100-596b-8d77-e8c9b1c5ba82,9a2e8c5f-4d3e-5cb8-ba78-f2bd562ee61b,576d59ca-e029-534d-a2fc-2c388b2c3837,Configuration assistance for Unified Monitor 59,high,resolved,2026-01-28T20:15:47+00:00,2026-01-31T07:15:47+00:00
65267ce6-9275-594e-bf01-dd10c0cb1d23,TKT-000539,f0087d63-1c35-5e6f-994e-0844a8e342f4,deaf9542-d65c-5f41-b22e-b1d033baea7a,b0461422-02e1-52db-97c3-fe1789b240cf,Dashboard metric discrepancy,high,pending,2026-05-18T22:04:46+00:00,
57623089-53b8-56e3-8dc3-ff9c370a3ab0,TKT-000540,3070a1af-5ed0-5cad-98f4-647e810fdaad,0eb49bc4-406e-5d63-a28c-3e5b6ef668e4,576d59ca-e029-534d-a2fc-2c388b2c3837,Data synchronization delay,critical,closed,2025-11-03T21:20:00+00:00,2025-11-05T16:20:00+00:00
e89565fb-9f85-5c19-94ca-a90d0cfb5516,TKT-000541,54a27e6d-c7bf-5812-880e-1ed91c4da5a7,34baeb4c-81dc-5b29-bc76-0b8fd47cdbed,93a79ce4-9aa3-5428-8c89-2ce777b9617b,Data synchronization delay,high,resolved,2025-11-30T18:32:44+00:00,2025-12-01T08:32:44+00:00
a82874c8-4c8b-5d52-b73a-8bfadd1cba59,TKT-000542,62bdc722-1c50-5dca-97ba-fb435dd7015a,aa67b9d9-b4e2-53f3-9447-ca933b53344f,93a79ce4-9aa3-5428-8c89-2ce777b9617b,Dashboard metric discrepancy,high,resolved,2025-08-20T03:59:07+00:00,2025-08-20T22:59:07+00:00
3e3b280d-72a2-55ad-acd7-ebb248a09f29,TKT-000543,d9533595-0144-5a73-940a-e2b49fda4bcb,f350d57a-8885-50f1-b76a-29f7a8057a35,b52ce1d4-6469-5a26-9909-ab8fb46083e5,Data synchronization delay,medium,pending,2026-01-19T13:11:28+00:00,
5c3d59af-7cd9-5969-9e39-e86079ebd2e5,TKT-000544,15d106c1-93f3-5d77-97d8-5bcc9e3ca025,34baeb4c-81dc-5b29-bc76-0b8fd47cdbed,752d1174-aa5f-523e-a43f-23449274de00,Configuration assistance for Secure Platform 68,high,resolved,2025-09-25T14:24:33+00:00,2025-09-29T04:24:33+00:00
89a50f78-9f0f-5d0f-a9e6-c207ffe22907,TKT-000545,3fda2c6c-c926-56d4-a25f-f2e7e2f4bc34,b6464168-fc86-5543-9805-0861ea9c66cc,b136f79e-100e-5a3c-b2f3-f0db6d3a6997,Integration connection issue,medium,closed,2026-02-23T14:23:31+00:00,2026-02-27T08:23:31+00:00
1d1e4e93-e592-51a8-b3ee-5ed0801f74b9,TKT-000546,d8b549d8-419b-52a0-ba9a-d7edfb7e0747,b6edaedb-a02c-5fbc-b05c-2b5d8deb20c4,93a79ce4-9aa3-5428-8c89-2ce777b9617b,Integration connection issue,high,closed,2025-09-07T17:21:47+00:00,2025-09-11T05:21:47+00:00
c078ed05-5303-5125-8ae5-7e8211f8d502,TKT-000547,6c0bfc10-bb3c-593c-9a18-e405560e8709,d3739878-986b-5b5f-a096-4452493d6cbb,7242516c-cc48-56f1-9436-4afbcf0086dc,Access policy clarification,medium,closed,2026-07-19T10:33:52+00:00,2026-07-21T07:33:52+00:00
0fa7ed77-672c-51be-abc2-8bc9577fead6,TKT-000548,f3b32c23-d3e5-5147-83fc-209309790194,bab29423-27f9-5732-bd8b-a403c95b1a96,93a79ce4-9aa3-5428-8c89-2ce777b9617b,Dashboard metric discrepancy,medium,closed,2026-05-17T13:07:33+00:00,2026-05-18T08:07:33+00:00
5b6fddb6-f1e5-51f4-8349-f92eb221f2e8,TKT-000549,d8b549d8-419b-52a0-ba9a-d7edfb7e0747,ac03c1f7-3948-530e-8de5-80756984ab20,b52ce1d4-6469-5a26-9909-ab8fb46083e5,Integration connection issue,medium,open,2026-04-06T14:58:16+00:00,
76aed449-1c03-5cbd-90a3-d7703bb8ef20,TKT-000550,8ba710c9-4197-5127-bdce-f6ff242cda4d,cb09f248-037d-5a0d-9970-99cb102c05d8,b52ce1d4-6469-5a26-9909-ab8fb46083e5,Integration connection issue,low,resolved,2026-06-01T14:02:34+00:00,2026-06-01T17:02:34+00:00
aaef7944-e3e9-5c37-a69f-fef6a0aa0ab8,TKT-000551,4e710c59-f3b8-5937-827e-4e7682f006f8,0eb49bc4-406e-5d63-a28c-3e5b6ef668e4,752d1174-aa5f-523e-a43f-23449274de00,Configuration assistance for Enterprise Platform 63,medium,resolved,2026-01-24T16:26:29+00:00,2026-01-25T08:26:29+00:00
331af07c-30d6-5cf2-b96f-3e9b4bb4fe76,TKT-000552,306f57ff-40e0-510d-a6d4-f7d03b736925,8dfa6632-930f-5fdc-b7cd-8d5908a33d66,fe0faaa6-ce52-59d0-935b-6d979c1a4e7d,Configuration assistance for Cloud Platform 62,medium,closed,2025-09-03T21:46:48+00:00,2025-09-05T23:46:48+00:00
4cc501e9-f206-5c18-becb-50f648cce253,TKT-000553,184031f6-2b7f-5fc8-a2dc-3a0529ec90bd,f218ba8f-81cf-5efd-ad55-5f4ef76110c2,b136f79e-100e-5a3c-b2f3-f0db6d3a6997,Dashboard metric discrepancy,low,open,2026-01-17T15:23:06+00:00,
73e9be4c-8b8b-5c85-b86a-4f90725eae6c,TKT-000554,5b9a240a-08cf-5146-92b8-dc12785af04d,0137b3c3-db39-5e56-abf7-8ae43bc349ad,38b70633-8c56-58a2-b08e-83e8c5c45b63,Integration connection issue,high,open,2025-12-23T00:42:24+00:00,
96a45212-98ce-5eb1-b3bc-ae5ef6a071dc,TKT-000555,1472294e-a186-5245-9afc-ccaad7893a3e,241d3cd0-ef2c-56b8-bb75-b039a61b370a,b136f79e-100e-5a3c-b2f3-f0db6d3a6997,Access policy clarification,low,resolved,2025-09-29T00:07:32+00:00,2025-10-03T03:07:32+00:00
f2bbb0c4-503a-5eca-beef-8abbb7856d17,TKT-000556,5a50cdc9-fb0b-58f7-9924-c34148c6997d,31a97c6b-10cf-54c1-b463-f81683a437cc,b136f79e-100e-5a3c-b2f3-f0db6d3a6997,Configuration assistance for Secure Fabric 28,medium,resolved,2026-01-28T06:26:40+00:00,2026-01-31T12:26:40+00:00
fac998b2-2b86-5a51-80af-baf8a450eac0,TKT-000557,1b7886f4-413e-503f-b140-c48d42f2310e,fb4140fc-b3c1-5a6a-8613-9b068fdd2b39,864956dc-d3a3-5b04-8bc5-799893f07e26,Configuration assistance for Quantum Fabric 27,medium,closed,2026-07-29T20:13:59+00:00,2026-08-02T20:13:59+00:00
3e11bc60-90a3-56e1-ae40-f8c4a9d8d403,TKT-000558,911d2ac5-b705-55b1-b535-20defd046120,201fb8e4-2c24-5483-b44d-4063694486b2,864956dc-d3a3-5b04-8bc5-799893f07e26,Integration connection issue,low,resolved,2026-08-04T18:27:27+00:00,2026-08-09T03:27:27+00:00
68ef0b0b-f30f-5ce6-a790-7f816b0db4bd,TKT-000559,36c082a8-15a4-56eb-8b03-66465706414f,a042ed60-9218-5159-876b-6c4dd0e5f934,b52ce1d4-6469-5a26-9909-ab8fb46083e5,Dashboard metric discrepancy,medium,resolved,2025-12-09T11:38:14+00:00,2025-12-11T15:38:14+00:00
b099b8c3-d489-5bbf-8d0e-eb04b30eb67a,TKT-000560,a834bea2-ce91-50c8-9038-7c4a38933628,b4065918-1c4b-50b6-b69a-d859f24bfe23,38b70633-8c56-58a2-b08e-83e8c5c45b63,Configuration assistance for Enterprise Gateway 33,medium,resolved,2026-07-25T19:04:49+00:00,2026-07-28T14:04:49+00:00
20aec238-46b3-5898-b702-a7cbceecde37,TKT-000561,4cb9f885-7dff-525b-bf16-eaf306617430,fb4140fc-b3c1-5a6a-8613-9b068fdd2b39,b136f79e-100e-5a3c-b2f3-f0db6d3a6997,Access policy clarification,high,closed,2025-09-24T21:18:49+00:00,2025-09-25T01:18:49+00:00
4a972302-1d12-58e5-aa82-68f758fe5210,TKT-000562,cc2ce181-81fc-5f80-8405-c8d7324a0a86,241d3cd0-ef2c-56b8-bb75-b039a61b370a,7242516c-cc48-56f1-9436-4afbcf0086dc,Access policy clarification,medium,open,2025-10-26T05:45:22+00:00,
8dff2ad4-cbc6-552d-94a5-0cbd1952bba3,TKT-000563,efc6d6e2-3820-5513-8123-558be8fd8390,d96da70b-0cb5-58c8-928a-aafb2d90b154,fe0faaa6-ce52-59d0-935b-6d979c1a4e7d,Data synchronization delay,medium,closed,2026-05-31T15:55:53+00:00,2026-06-01T00:55:53+00:00
a4b811cf-0b6a-5d81-9628-93c5a93325f3,TKT-000564,e8a1b9ba-35c1-529a-943b-1259db57e727,673811d5-2f11-5108-8b80-c9dd0dc2adda,576d59ca-e029-534d-a2fc-2c388b2c3837,Access policy clarification,medium,closed,2025-08-22T22:19:35+00:00,2025-08-24T15:19:35+00:00
42199682-7abb-52c2-b71f-0d8be18e72f7,TKT-000565,ed735c55-6b10-5d15-b69f-7d806cf3575a,45669348-c1a3-5956-bbf2-d29bd438fbdc,b0461422-02e1-52db-97c3-fe1789b240cf,Dashboard metric discrepancy,low,resolved,2026-07-28T02:47:35+00:00,2026-07-29T09:47:35+00:00
a3e3634b-2709-5de8-8b93-30cc384236fd,TKT-000566,033ffeb0-b055-5c7e-88aa-85ce598880bd,80450a39-8a90-55da-adf7-0b6a1b84aeeb,b52ce1d4-6469-5a26-9909-ab8fb46083e5,Dashboard metric discrepancy,high,resolved,2025-08-12T03:25:10+00:00,2025-08-12T21:25:10+00:00
579ffd76-b876-5599-96c1-14c9b56dcecb,TKT-000567,332f3a64-ba26-5dc9-88bf-4b722a6dee9d,2e263bcd-bacc-5f51-b35b-70d1674f4dc5,b136f79e-100e-5a3c-b2f3-f0db6d3a6997,Data synchronization delay,medium,resolved,2025-08-28T05:06:33+00:00,2025-08-28T07:06:33+00:00
3dbf8982-2e9a-5ea5-be1a-1e14f6b62763,TKT-000568,00b4dc72-e96a-58bf-aa4a-9f770c79ebde,0f2c8ffe-5a45-5cfc-afbf-417553294a54,38b70633-8c56-58a2-b08e-83e8c5c45b63,Configuration assistance for Cloud Gateway 32,medium,resolved,2025-09-13T08:06:32+00:00,2025-09-16T02:06:32+00:00
cfe757a7-5b12-563b-a63d-e700ef823623,TKT-000569,8f063b1c-877c-506b-88d7-67009830268c,559ab41c-d860-5ab1-aaa1-483577af7b67,b52ce1d4-6469-5a26-9909-ab8fb46083e5,Data synchronization delay,medium,closed,2025-10-19T20:00:57+00:00,2025-10-22T05:00:57+00:00
0885feae-fc13-5a06-b754-00f81bac9716,TKT-000570,2fcb06ab-8744-5be2-97af-1d16fe182b02,ac03c1f7-3948-530e-8de5-80756984ab20,864956dc-d3a3-5b04-8bc5-799893f07e26,Data synchronization delay,medium,resolved,2025-10-26T01:52:25+00:00,2025-10-27T16:52:25+00:00
3b4d3169-193c-5018-84e7-21744c749bcd,TKT-000571,f2b634ca-cd08-51b5-bc53-6b0d79e912e1,2f2113cc-589a-55b5-846a-78fddce3a3c9,752d1174-aa5f-523e-a43f-23449274de00,Access policy clarification,medium,resolved,2025-08-30T07:28:39+00:00,2025-08-31T20:28:39+00:00
a1fb3cf9-6ef7-5491-be57-347b81de5478,TKT-000572,a98419ea-5e76-56d6-b39c-febe5a5fe8ff,34baeb4c-81dc-5b29-bc76-0b8fd47cdbed,b136f79e-100e-5a3c-b2f3-f0db6d3a6997,Access policy clarification,high,resolved,2026-05-11T16:24:28+00:00,2026-05-15T23:24:28+00:00
fafba8c2-1978-587b-b1ec-328f46d4bebb,TKT-000573,f941616b-f138-5e2a-84a6-62e46fcbc804,9f7bfd37-85ae-5a17-9b9f-5dafe3ec68ee,b0461422-02e1-52db-97c3-fe1789b240cf,Dashboard metric discrepancy,medium,resolved,2026-07-25T04:02:48+00:00,2026-07-25T07:02:48+00:00
fe7ed55e-e0a7-59d7-91ee-6a12c07b55bc,TKT-000574,2630094e-3017-5eb7-a597-40f99100a14c,9f7bfd37-85ae-5a17-9b9f-5dafe3ec68ee,576d59ca-e029-534d-a2fc-2c388b2c3837,Dashboard metric discrepancy,medium,resolved,2025-10-19T16:34:16+00:00,2025-10-19T21:34:16+00:00
b5a90a36-cf6a-5636-b6bb-5c94fdea4750,TKT-000575,6e449027-35da-5d29-a514-1e0b8eb43aa9,cd410e43-ec3c-524b-84c6-84482a7b1204,b136f79e-100e-5a3c-b2f3-f0db6d3a6997,Configuration assistance for Insight Hub 44,low,resolved,2026-03-12T20:24:28+00:00,2026-03-13T17:24:28+00:00
a0d01a64-930a-5347-9185-e7baf80fb436,TKT-000576,7004f89a-407f-5257-885a-50bfaca6f7a1,8ac2c18a-5896-572a-9f44-f5d60109258d,7242516c-cc48-56f1-9436-4afbcf0086dc,Integration connection issue,medium,resolved,2026-03-23T17:36:16+00:00,2026-03-28T02:36:16+00:00
30e6aae4-7a52-55a3-b095-0007902270a0,TKT-000577,be07142d-7058-522d-b8dd-7fc784639659,228ccd2f-642c-5fdf-abf0-129af98a3568,b136f79e-100e-5a3c-b2f3-f0db6d3a6997,Configuration assistance for Velocity Platform 70,medium,pending,2026-06-10T11:58:20+00:00,
1b7271ce-4b35-5369-97ed-65d0236c5d97,TKT-000578,b3398a43-50be-54d0-b982-9c62184be451,9b6b9203-f582-59b6-b64c-309881607c86,e0f2505c-fc5b-5345-8ebb-7cf3fa778973,Dashboard metric discrepancy,medium,resolved,2026-01-19T02:23:17+00:00,2026-01-19T18:23:17+00:00
89d83d1f-4ce0-5965-9a8d-20cee47e17fa,TKT-000579,71759505-eb52-563b-968f-e39ae3da4478,d520aef1-b021-5cf0-a1d3-9e7e6d31aab7,576d59ca-e029-534d-a2fc-2c388b2c3837,Access policy clarification,low,closed,2025-10-07T08:48:24+00:00,2025-10-11T21:48:24+00:00
3bed09f4-9d60-576b-aac6-0827aae75402,TKT-000580,d35b7450-b912-5394-a06e-ce5de144ba54,9e165d6f-802f-5694-a25a-20885ba2aa7f,38b70633-8c56-58a2-b08e-83e8c5c45b63,Integration connection issue,medium,resolved,2026-07-22T07:18:28+00:00,2026-07-23T23:18:28+00:00
d98428ce-7e81-5438-8b94-ff60bb4d34a9,TKT-000581,ea454c85-b607-5c71-a84f-ec84919fb709,d37c44df-541b-5bf4-b395-65b41bac88a8,b52ce1d4-6469-5a26-9909-ab8fb46083e5,Access policy clarification,low,resolved,2025-12-06T11:16:35+00:00,2025-12-09T00:16:35+00:00
3c9bc32b-7abb-5405-9e94-b5f716c3aa70,TKT-000582,b24f3844-d851-58bf-96a0-1484395ce08c,6469a098-75a3-5b3b-839a-ad075a8e67ad,752d1174-aa5f-523e-a43f-23449274de00,Access policy clarification,medium,closed,2025-08-14T12:15:43+00:00,2025-08-17T13:15:43+00:00
614e94ec-59d8-52fe-a1b6-dad4890fce8c,TKT-000583,bffe2a6e-3224-59cf-a78a-767da38789d8,c2be7cd9-f7ee-544a-9ceb-7052826da8ce,fe0faaa6-ce52-59d0-935b-6d979c1a4e7d,Dashboard metric discrepancy,medium,closed,2025-11-05T10:37:37+00:00,2025-11-09T23:37:37+00:00
e5e54005-1f8e-5270-aca5-cb00763cf00d,TKT-000584,053e133a-49c6-544b-a07e-cc8c363869bc,8b12c834-e054-5502-85aa-99d1eb81eee0,93a79ce4-9aa3-5428-8c89-2ce777b9617b,Configuration assistance for Velocity Gateway 40,medium,open,2025-11-29T03:47:10+00:00,
c571759e-ce29-54ec-98b0-0b39ad56e86d,TKT-000585,efc6d6e2-3820-5513-8123-558be8fd8390,1ac8de35-b264-5704-978e-ce8dc08dd02d,b136f79e-100e-5a3c-b2f3-f0db6d3a6997,Data synchronization delay,medium,resolved,2025-11-03T06:28:38+00:00,2025-11-07T03:28:38+00:00
21f4c316-afde-5be3-9c77-85411996d79e,TKT-000586,56f4c86f-4e04-5b9c-8202-c386fedc6c3d,591abda9-fd16-5958-b0e9-586f0dfa6e54,b52ce1d4-6469-5a26-9909-ab8fb46083e5,Configuration assistance for Nexus Gateway 35,low,closed,2025-08-18T10:51:36+00:00,2025-08-22T10:51:36+00:00
926cf0bf-3815-5a8a-852d-d3d821f7a39e,TKT-000587,39110d84-8485-5cb3-84d7-c181db1c1ca5,1760c2e4-563f-5bac-abcd-baf5317434c8,576d59ca-e029-534d-a2fc-2c388b2c3837,Integration connection issue,medium,resolved,2026-06-25T14:36:06+00:00,2026-06-28T03:36:06+00:00
49faa0c5-d235-56b7-8155-936b1c90187a,TKT-000588,aea5f911-2a06-5494-9dfe-cb34f0a60dc6,617fd070-2fb8-5ff6-8eaa-308844dc97ac,864956dc-d3a3-5b04-8bc5-799893f07e26,Integration connection issue,low,open,2026-05-03T23:54:54+00:00,
c9bebca0-e0f8-5cec-af9b-054236b2d595,TKT-000589,2fcd5fdd-2d0c-5819-a291-64fefad299fd,9b6b9203-f582-59b6-b64c-309881607c86,864956dc-d3a3-5b04-8bc5-799893f07e26,Integration connection issue,medium,open,2026-07-16T09:34:35+00:00,
8cf57736-03b0-5d08-a640-1d36d1947940,TKT-000590,98c4b38d-c8fd-5043-ac5f-38ada8b0589c,86eda21c-1dbc-500a-9201-b7d6b0786cc8,93a79ce4-9aa3-5428-8c89-2ce777b9617b,Dashboard metric discrepancy,low,closed,2026-02-15T01:25:48+00:00,2026-02-19T21:25:48+00:00
a0413f53-960a-5b71-b5ce-dfc0cf6c9931,TKT-000591,cfc45208-54c6-5988-95af-486062fd7654,d3739878-986b-5b5f-a096-4452493d6cbb,7242516c-cc48-56f1-9436-4afbcf0086dc,Access policy clarification,low,open,2026-06-27T05:24:09+00:00,
645856e8-f06d-5dde-b823-da50bd388838,TKT-000592,700e5794-56b9-584e-aa85-d8674fda964c,45669348-c1a3-5956-bbf2-d29bd438fbdc,752d1174-aa5f-523e-a43f-23449274de00,Data synchronization delay,medium,open,2026-01-19T17:57:17+00:00,
c95c946d-2c73-5b5b-80f8-4496b2ba80e4,TKT-000593,8ebcae03-2625-57f2-82ee-a29c3784ddea,f218ba8f-81cf-5efd-ad55-5f4ef76110c2,b0461422-02e1-52db-97c3-fe1789b240cf,Access policy clarification,high,resolved,2025-09-12T16:28:33+00:00,2025-09-13T07:28:33+00:00
e141b773-b546-5254-adde-f2b0cd3eafd2,TKT-000594,e886f002-0850-544e-bbc7-6a62c8afd4c2,d520aef1-b021-5cf0-a1d3-9e7e6d31aab7,fe0faaa6-ce52-59d0-935b-6d979c1a4e7d,Data synchronization delay,medium,closed,2026-05-06T03:38:13+00:00,2026-05-10T03:38:13+00:00
07151372-80ff-56d4-9d30-006c21ec0a7f,TKT-000595,2fcb06ab-8744-5be2-97af-1d16fe182b02,4dbc0e6b-ab10-5b67-a928-f87e1ed2bb9a,fe0faaa6-ce52-59d0-935b-6d979c1a4e7d,Configuration assistance for Nexus Engine 15,medium,pending,2025-09-09T16:53:30+00:00,
37269800-b68e-5e3f-a5ef-62e88ba6af93,TKT-000596,b33caefb-e0d0-53cf-bfee-efb8c0f6f5a8,7169fcc7-7527-510c-b88d-bdcd257ce105,b52ce1d4-6469-5a26-9909-ab8fb46083e5,Dashboard metric discrepancy,medium,resolved,2025-08-12T12:45:08+00:00,2025-08-16T10:45:08+00:00
741750d8-1e8c-5e3f-a207-c62277f7a8f0,TKT-000597,d5688502-59d2-59ea-9155-1859535acf44,12003734-bab7-5410-8c89-f9a8c4967dea,38b70633-8c56-58a2-b08e-83e8c5c45b63,Dashboard metric discrepancy,high,closed,2025-12-16T05:32:04+00:00,2025-12-20T05:32:04+00:00
715fde03-2534-5307-8e9f-6ad0870916b2,TKT-000598,65020f95-50fa-5b24-a17f-70eb235d9ae1,f65edfe2-43ae-59f6-b37a-f98344e1a998,576d59ca-e029-534d-a2fc-2c388b2c3837,Data synchronization delay,medium,resolved,2025-12-13T10:25:38+00:00,2025-12-16T08:25:38+00:00
c97292bd-d930-5659-b66e-d6a1f414634c,TKT-000599,633d183a-2766-5cdc-8457-7eaf84de177f,a042ed60-9218-5159-876b-6c4dd0e5f934,752d1174-aa5f-523e-a43f-23449274de00,Access policy clarification,medium,open,2026-06-26T15:19:04+00:00,
ccec6d66-c432-5193-ad53-53dc48f02e61,TKT-000600,aa9cc48e-5859-5893-a5cd-6087a97d33a6,de536700-41fe-55c3-beb9-bfb9849c872b,38b70633-8c56-58a2-b08e-83e8c5c45b63,Access policy clarification,medium,closed,2025-10-14T18:50:46+00:00,2025-10-16T04:50:46+00:00
527f588c-0ed8-5713-a4c2-fd7b22978327,TKT-000601,ad50ff8a-1dec-5f15-9b85-48bef28b785c,1dd457fd-1d71-5eb5-b684-6f07d43e876c,38b70633-8c56-58a2-b08e-83e8c5c45b63,Access policy clarification,low,resolved,2025-11-12T02:53:09+00:00,2025-11-16T15:53:09+00:00
e3d8e177-c283-5a15-a61e-053313bd73e1,TKT-000602,eb3f4c86-c3ca-5995-a9ae-dc2ad1743144,eff08d1d-eb3b-559a-8ca9-60c7b365af52,e0f2505c-fc5b-5345-8ebb-7cf3fa778973,Configuration assistance for Velocity Fabric 30,high,pending,2026-05-18T16:26:02+00:00,
d0db1f6d-3102-5952-875d-a34d1096c2ff,TKT-000603,15d106c1-93f3-5d77-97d8-5bcc9e3ca025,db630ac7-839d-5331-93df-dc621d8357b6,576d59ca-e029-534d-a2fc-2c388b2c3837,Data synchronization delay,high,closed,2026-01-08T21:14:59+00:00,2026-01-09T08:14:59+00:00
127a207e-9145-53db-beb2-3ed472d241a7,TKT-000604,8a7e172c-2406-570d-bb2c-f395c8b100cb,613ff8f3-9a2b-5f66-8d3e-3e05d5391002,576d59ca-e029-534d-a2fc-2c388b2c3837,Integration connection issue,high,closed,2026-04-03T08:20:12+00:00,2026-04-04T08:20:12+00:00
88ae2f95-60be-5e31-8bc7-bc03cd0a0daa,TKT-000605,af85b719-4b89-502c-9b4c-e7b6e45692b0,f78fc905-81d2-5f52-8c77-1cff3a4b42b7,b52ce1d4-6469-5a26-9909-ab8fb46083e5,Data synchronization delay,high,resolved,2026-07-14T23:50:19+00:00,2026-07-16T18:50:19+00:00
55d54850-5b0b-5ed2-84d3-554d46ed1457,TKT-000606,7b4e4282-74df-5df9-b2bd-7c0c893b80db,e139b0f5-6ca3-5ccb-8610-5a52b4b0eb6c,fe0faaa6-ce52-59d0-935b-6d979c1a4e7d,Dashboard metric discrepancy,high,open,2026-04-12T05:38:03+00:00,
d4b5b106-3ddd-57f2-92fa-a5b359076137,TKT-000607,f941616b-f138-5e2a-84a6-62e46fcbc804,0eb49bc4-406e-5d63-a28c-3e5b6ef668e4,752d1174-aa5f-523e-a43f-23449274de00,Configuration assistance for Enterprise Platform 63,high,closed,2026-01-31T06:55:45+00:00,2026-02-01T14:55:45+00:00
6917e17e-7d59-5ff4-b6b5-a8174bb7e97d,TKT-000608,57f9a8b3-e5ff-5ea5-b2f2-b5735ffb7811,deaf9542-d65c-5f41-b22e-b1d033baea7a,576d59ca-e029-534d-a2fc-2c388b2c3837,Access policy clarification,medium,resolved,2026-04-15T06:43:11+00:00,2026-04-17T19:43:11+00:00
ed875660-ab15-52b1-84e6-c2612ef154b0,TKT-000609,9f769551-bb60-5df1-a479-16f53ffee812,eff08d1d-eb3b-559a-8ca9-60c7b365af52,b0461422-02e1-52db-97c3-fe1789b240cf,Integration connection issue,medium,pending,2025-10-26T17:39:52+00:00,
2bf9cc7d-2cc5-5a53-a899-0d44160572d9,TKT-000610,b659317c-a6a4-5430-b551-b8318b240920,952e981c-e5c2-53da-984a-78dc5e3b1ad4,fe0faaa6-ce52-59d0-935b-6d979c1a4e7d,Data synchronization delay,high,resolved,2026-07-16T13:20:29+00:00,2026-07-17T16:20:29+00:00
dd62bb06-079e-56b4-85e7-a0cb95351d0f,TKT-000611,553c1b99-7077-5bc3-b1fe-ff6ea738e56c,45669348-c1a3-5956-bbf2-d29bd438fbdc,576d59ca-e029-534d-a2fc-2c388b2c3837,Dashboard metric discrepancy,low,closed,2025-11-15T08:22:56+00:00,2025-11-17T03:22:56+00:00
be44a377-5720-531c-9e7a-aea1144b2ec8,TKT-000612,900e7d64-6e77-517b-85bd-a7a01e69fa56,3d307d78-b10f-5539-a951-7bcc9fd17161,576d59ca-e029-534d-a2fc-2c388b2c3837,Data synchronization delay,high,resolved,2026-02-13T00:13:05+00:00,2026-02-13T08:13:05+00:00
27ca71b1-0737-5981-b038-69a2cf653870,TKT-000613,0d8c7000-8d7b-5c36-86a5-0d82acadddc2,12003734-bab7-5410-8c89-f9a8c4967dea,752d1174-aa5f-523e-a43f-23449274de00,Configuration assistance for Adaptive Hub 41,medium,resolved,2026-08-01T23:14:41+00:00,2026-08-04T23:14:41+00:00
5fa35afc-2302-5b35-87e6-9e6a40ff1488,TKT-000614,1a1d90d7-5a47-5c68-b402-61d616464e17,d520aef1-b021-5cf0-a1d3-9e7e6d31aab7,7242516c-cc48-56f1-9436-4afbcf0086dc,Configuration assistance for Cloud Fabric 22,medium,resolved,2026-02-16T00:04:42+00:00,2026-02-16T07:04:42+00:00
e65a5946-d2cf-5b1a-a40e-4e3e4d7235fe,TKT-000615,55d9e34f-0219-5915-bc14-28a0ba915bd3,d6b2e2d8-f41b-5418-ba12-fcffc0aa6508,38b70633-8c56-58a2-b08e-83e8c5c45b63,Integration connection issue,critical,open,2025-10-05T12:55:50+00:00,
c9f0a9f7-913b-5384-b0ac-efda055998ee,TKT-000616,28b3fd98-5708-52b6-9827-2438ba2f7d9d,cb09f248-037d-5a0d-9970-99cb102c05d8,b52ce1d4-6469-5a26-9909-ab8fb46083e5,Access policy clarification,medium,resolved,2026-06-21T04:00:06+00:00,2026-06-21T14:00:06+00:00
468fe644-4e02-5f08-bdc3-57e9f8031aa7,TKT-000617,fdd1bf33-4026-5da5-8c98-a828d9ec7319,80450a39-8a90-55da-adf7-0b6a1b84aeeb,38b70633-8c56-58a2-b08e-83e8c5c45b63,Access policy clarification,medium,open,2025-09-16T16:25:29+00:00,
8e7f1e8e-de43-5682-a1ae-ada76bce2305,TKT-000618,c6d441aa-8d4f-5010-a0f1-0859c85abd66,1fa2b768-1b9d-5b9c-befa-fac1ccb97563,b136f79e-100e-5a3c-b2f3-f0db6d3a6997,Access policy clarification,high,open,2025-11-02T03:27:31+00:00,
b283551a-2f00-57d7-af9d-96bb9f63aff1,TKT-000619,b3398a43-50be-54d0-b982-9c62184be451,c2be7cd9-f7ee-544a-9ceb-7052826da8ce,fe0faaa6-ce52-59d0-935b-6d979c1a4e7d,Dashboard metric discrepancy,low,resolved,2025-11-10T03:10:58+00:00,2025-11-12T12:10:58+00:00
f1e01dc7-7420-5e86-80ab-46725d251e94,TKT-000620,4b6bb816-82b5-57b3-bd02-982228d1149a,cdea42fb-ee49-5a22-a213-56a8f9fcb148,b136f79e-100e-5a3c-b2f3-f0db6d3a6997,Integration connection issue,high,pending,2026-03-18T18:10:00+00:00,
77a6a513-e55b-53b7-b2f8-35d42172d590,TKT-000621,1f48efe8-c8e7-59af-8890-40a5c5019e42,2f2113cc-589a-55b5-846a-78fddce3a3c9,fe0faaa6-ce52-59d0-935b-6d979c1a4e7d,Integration connection issue,critical,resolved,2026-01-06T21:53:10+00:00,2026-01-11T04:53:10+00:00
7216b649-ef88-5774-96c3-8d8e9aa3189f,TKT-000622,35393ba6-62ef-5245-a602-5a808930ddae,b6464168-fc86-5543-9805-0861ea9c66cc,b0461422-02e1-52db-97c3-fe1789b240cf,Data synchronization delay,medium,pending,2026-03-11T06:09:20+00:00,
17fe52aa-ae19-51b7-ae77-d5e6d346e5f9,TKT-000623,238c4b69-138e-5f45-ac27-13ef8d5a4207,b4b5a0e3-641b-562e-8386-bff3564cf295,38b70633-8c56-58a2-b08e-83e8c5c45b63,Data synchronization delay,medium,pending,2025-08-17T15:25:01+00:00,
c8976908-c2b4-5e39-8fb3-59cf2d292f1f,TKT-000624,d7d581f1-c2da-5bd4-84fa-32ad01cc255b,2e263bcd-bacc-5f51-b35b-70d1674f4dc5,38b70633-8c56-58a2-b08e-83e8c5c45b63,Access policy clarification,low,resolved,2026-02-08T10:25:14+00:00,2026-02-12T14:25:14+00:00
3241014b-3463-5162-97ee-2927a7d7fc3c,TKT-000625,eace5daf-67c4-5404-840f-64be4f98d51e,cdea42fb-ee49-5a22-a213-56a8f9fcb148,752d1174-aa5f-523e-a43f-23449274de00,Dashboard metric discrepancy,high,pending,2026-03-21T15:11:28+00:00,
e5c4a1a4-bc0d-553b-affe-f4f3d94db0dd,TKT-000626,2df9d00a-36d1-5377-aec2-5548b2971241,9a2e8c5f-4d3e-5cb8-ba78-f2bd562ee61b,93a79ce4-9aa3-5428-8c89-2ce777b9617b,Integration connection issue,medium,resolved,2026-03-25T13:41:41+00:00,2026-03-26T10:41:41+00:00
637c69b4-d949-5bc1-94bf-9f53a85cf5c4,TKT-000627,e366214c-6aa6-5aee-8dc2-20932cc4fea2,8dfa6632-930f-5fdc-b7cd-8d5908a33d66,b136f79e-100e-5a3c-b2f3-f0db6d3a6997,Access policy clarification,low,resolved,2026-02-01T09:43:19+00:00,2026-02-04T00:43:19+00:00
665eda27-47fc-51f0-bcbe-32a7712d5521,TKT-000628,66174413-8e10-5c51-b577-3068e8d05432,8a195dd5-491c-532c-9a61-886a24d451c0,fe0faaa6-ce52-59d0-935b-6d979c1a4e7d,Dashboard metric discrepancy,low,pending,2025-09-04T05:17:23+00:00,
ab2f56a3-117d-5dc7-a9ad-ca4ce8b731f1,TKT-000629,4ecf8661-bfeb-53ad-bb64-08a5b5154e5e,91bd15e4-105e-5926-abe6-7ceaf8c07375,e0f2505c-fc5b-5345-8ebb-7cf3fa778973,Dashboard metric discrepancy,low,resolved,2026-01-19T15:06:11+00:00,2026-01-22T18:06:11+00:00
b44ccf29-fd67-57fb-be7f-cac89f37d169,TKT-000630,f35c94b5-66ed-5ba9-9a85-f01472c4c269,3d307d78-b10f-5539-a951-7bcc9fd17161,576d59ca-e029-534d-a2fc-2c388b2c3837,Access policy clarification,high,resolved,2026-04-17T16:42:49+00:00,2026-04-20T02:42:49+00:00
0f0f441e-7637-5fc0-a600-012cb5350dab,TKT-000631,3477d02c-6fdf-5d7c-8357-b54812dd8855,bab29423-27f9-5732-bd8b-a403c95b1a96,fe0faaa6-ce52-59d0-935b-6d979c1a4e7d,Configuration assistance for Adaptive Workbench 91,high,closed,2025-10-03T16:36:10+00:00,2025-10-04T14:36:10+00:00
47e60c11-0d0e-5b69-b83b-fa017c0ff4e3,TKT-000632,721afae2-f05c-5b9d-a637-08a16c97f3d1,896e7662-34d0-5631-bb0f-b5ce6b0ad1ba,e0f2505c-fc5b-5345-8ebb-7cf3fa778973,Integration connection issue,high,open,2026-02-02T08:31:23+00:00,
5e9fb7c8-ce7c-5663-a895-3b6ca9c70e2f,TKT-000633,f0648a7a-1f33-5d5c-a484-653be39260f5,75679cf6-5497-5e69-b773-db773bc6a245,38b70633-8c56-58a2-b08e-83e8c5c45b63,Configuration assistance for Nexus Platform 65,critical,resolved,2025-10-01T04:03:29+00:00,2025-10-04T15:03:29+00:00
a1df4937-de83-5299-a7ee-2e5b9321aed1,TKT-000634,a4fe1d50-055c-55b0-865e-a4d94101c9a6,f78fc905-81d2-5f52-8c77-1cff3a4b42b7,576d59ca-e029-534d-a2fc-2c388b2c3837,Dashboard metric discrepancy,low,resolved,2026-03-16T02:27:47+00:00,2026-03-16T17:27:47+00:00
1c56881e-354e-571f-b66f-b58f138926cf,TKT-000635,1528185b-cf40-5ae0-bf34-08cf9ed4d3d3,b4065918-1c4b-50b6-b69a-d859f24bfe23,93a79ce4-9aa3-5428-8c89-2ce777b9617b,Access policy clarification,low,resolved,2026-01-24T00:26:11+00:00,2026-01-25T17:26:11+00:00
dfd421eb-9ea0-5895-939e-7966c87c071f,TKT-000636,dc63379c-e5c5-5b57-983a-6f7fa7d15bdf,f350d57a-8885-50f1-b76a-29f7a8057a35,576d59ca-e029-534d-a2fc-2c388b2c3837,Configuration assistance for Secure Hub 48,medium,resolved,2026-02-16T05:10:37+00:00,2026-02-19T03:10:37+00:00
ac9a9a0b-23c7-59c8-9645-fe80de1865fb,TKT-000637,f86387ed-fd14-52ca-a24d-736799edf380,d3739878-986b-5b5f-a096-4452493d6cbb,b52ce1d4-6469-5a26-9909-ab8fb46083e5,Configuration assistance for Cloud Monitor 52,low,resolved,2026-01-23T00:14:18+00:00,2026-01-26T22:14:18+00:00
6aaa067d-3cff-5c2a-9bfd-1754f92d8d47,TKT-000638,900e7d64-6e77-517b-85bd-a7a01e69fa56,8d6058a9-d9fb-546e-b841-e6b4a0978311,752d1174-aa5f-523e-a43f-23449274de00,Integration connection issue,high,resolved,2025-12-22T15:46:53+00:00,2025-12-23T10:46:53+00:00
9c3b7fff-c153-5219-9b84-f8d7c3273d13,TKT-000639,a19efc6f-37e7-5457-9301-3409697b7ceb,f218ba8f-81cf-5efd-ad55-5f4ef76110c2,b52ce1d4-6469-5a26-9909-ab8fb46083e5,Integration connection issue,low,closed,2026-07-30T16:51:35+00:00,2026-07-31T20:51:35+00:00
7fb4e06c-734f-5541-b554-22b35fd2bb4f,TKT-000640,c977064b-11eb-59d5-973f-5594f41a3651,6469a098-75a3-5b3b-839a-ad075a8e67ad,752d1174-aa5f-523e-a43f-23449274de00,Dashboard metric discrepancy,high,resolved,2026-02-25T22:30:19+00:00,2026-03-02T15:30:19+00:00
7ff1008d-f63a-5c1b-8f7f-740eccfb96e0,TKT-000641,e6d92daf-dcd2-58ca-90d7-636261dd7bbc,d520aef1-b021-5cf0-a1d3-9e7e6d31aab7,b136f79e-100e-5a3c-b2f3-f0db6d3a6997,Access policy clarification,low,open,2026-01-23T10:14:41+00:00,
3ade4d16-54ef-5a96-aea1-123f92da3675,TKT-000642,72e2b61c-b634-5e79-8565-069a598af025,c2be7cd9-f7ee-544a-9ceb-7052826da8ce,576d59ca-e029-534d-a2fc-2c388b2c3837,Configuration assistance for Insight Engine 14,medium,resolved,2026-02-08T05:19:57+00:00,2026-02-10T03:19:57+00:00
7726398b-8ca0-5c4c-96c8-65cbdf2593d0,TKT-000643,2551c2d5-434d-5e87-bcbf-32afc3d4e198,673811d5-2f11-5108-8b80-c9dd0dc2adda,752d1174-aa5f-523e-a43f-23449274de00,Data synchronization delay,medium,open,2026-07-25T18:03:42+00:00,
05e0a6e8-fa2e-5c71-b178-69ee9998104f,TKT-000644,0d34bfa4-fcc6-59f8-9652-5e0affb1d4f4,b4b5a0e3-641b-562e-8386-bff3564cf295,93a79ce4-9aa3-5428-8c89-2ce777b9617b,Data synchronization delay,low,resolved,2026-06-13T13:57:30+00:00,2026-06-18T07:57:30+00:00
d686260e-e1c9-584c-a929-b233d58bdebc,TKT-000645,f602a6a2-3a5a-50db-8935-3d2a6f4c76e3,5d462a8e-32e0-59ad-ae5c-9d66eda72663,576d59ca-e029-534d-a2fc-2c388b2c3837,Configuration assistance for Adaptive Suite 71,medium,closed,2026-06-02T17:48:44+00:00,2026-06-03T23:48:44+00:00
b54aa5bc-7d30-58d8-81a8-e0341c4b151c,TKT-000646,5ad01617-30cc-5924-9145-9331df0736c8,75679cf6-5497-5e69-b773-db773bc6a245,b0461422-02e1-52db-97c3-fe1789b240cf,Integration connection issue,medium,open,2025-11-23T06:37:23+00:00,
cea5e162-3114-5ec8-81a6-c5e9591cf50a,TKT-000647,2cbc0a20-b6e1-5bfa-aacc-ddf987a5613a,228ccd2f-642c-5fdf-abf0-129af98a3568,576d59ca-e029-534d-a2fc-2c388b2c3837,Configuration assistance for Velocity Platform 70,medium,open,2026-02-07T06:07:32+00:00,
f7fa9373-5cf9-5362-8af4-bdf8a1cd4d51,TKT-000648,46b1ec4a-7b12-5360-b5d7-4cd067e6e191,f65edfe2-43ae-59f6-b37a-f98344e1a998,b0461422-02e1-52db-97c3-fe1789b240cf,Data synchronization delay,low,closed,2026-06-25T20:43:26+00:00,2026-06-29T14:43:26+00:00
f9a11d05-e7cb-527a-a88c-c70ff1403f96,TKT-000649,f86387ed-fd14-52ca-a24d-736799edf380,13ea52a1-6b55-57c7-b84e-acf7fb92f106,752d1174-aa5f-523e-a43f-23449274de00,Integration connection issue,medium,open,2026-01-29T02:36:04+00:00,
228deebe-4ea5-5d08-ab8d-27b6b583543d,TKT-000650,37abbf5e-03da-5827-a286-803358b02c78,f218ba8f-81cf-5efd-ad55-5f4ef76110c2,7242516c-cc48-56f1-9436-4afbcf0086dc,Access policy clarification,medium,closed,2026-02-25T10:13:48+00:00,2026-03-02T07:13:48+00:00
89ef15fd-6f28-5ff3-b3b7-74c212021311,TKT-000651,37abbf5e-03da-5827-a286-803358b02c78,2f2113cc-589a-55b5-846a-78fddce3a3c9,b136f79e-100e-5a3c-b2f3-f0db6d3a6997,Access policy clarification,medium,resolved,2025-10-02T13:51:13+00:00,2025-10-05T11:51:13+00:00
441638d5-6e72-5aa0-b10d-ecbfb23fb515,TKT-000652,170e259d-c209-5ec6-8c12-ce5433ab4e22,e53c7da2-eb34-5499-8fd8-380dd673ea82,b136f79e-100e-5a3c-b2f3-f0db6d3a6997,Data synchronization delay,medium,closed,2026-04-21T19:26:16+00:00,2026-04-26T12:26:16+00:00
92672433-1313-5561-8327-c93e77645937,TKT-000653,a6fc7f43-4df6-5ffa-bea1-42a83c3fa8e4,c0bff87f-f764-5151-8aec-dda48ea91847,b0461422-02e1-52db-97c3-fe1789b240cf,Access policy clarification,medium,closed,2025-09-10T03:51:56+00:00,2025-09-13T15:51:56+00:00
5e3112e2-cd5c-517c-bae3-6b9e4b9c0588,TKT-000654,6858fae9-7ed7-5f04-8ab6-e5ee88ba4b38,1fa2b768-1b9d-5b9c-befa-fac1ccb97563,7242516c-cc48-56f1-9436-4afbcf0086dc,Data synchronization delay,medium,closed,2025-09-13T06:30:37+00:00,2025-09-13T23:30:37+00:00
0db13462-4eb2-5639-80d5-0f21bbf8e22d,TKT-000655,639085c3-c8cf-5ada-a8ad-a24b7dd0c941,cb09f248-037d-5a0d-9970-99cb102c05d8,b52ce1d4-6469-5a26-9909-ab8fb46083e5,Configuration assistance for Secure Gateway 38,medium,resolved,2026-06-17T16:26:04+00:00,2026-06-20T08:26:04+00:00
a524d9b8-e750-5aa0-8351-a6b1ec15c648,TKT-000656,a301724f-db9c-53d1-8e7a-a1f8196a2859,613ff8f3-9a2b-5f66-8d3e-3e05d5391002,93a79ce4-9aa3-5428-8c89-2ce777b9617b,Data synchronization delay,critical,resolved,2026-04-18T04:47:15+00:00,2026-04-19T03:47:15+00:00
522efc19-3010-54fb-a8e5-7f1fd305230c,TKT-000657,3d33b250-ec74-5d47-92d7-57a58e7093aa,851c23cd-3716-5170-b9ac-0c25ddc7c95c,576d59ca-e029-534d-a2fc-2c388b2c3837,Data synchronization delay,low,resolved,2025-09-30T22:53:26+00:00,2025-10-02T21:53:26+00:00
d5c492e4-933f-54ab-aa69-2c85d29ae55c,TKT-000658,1191f25c-c545-5e25-8e7a-b2817afc5cf0,617fd070-2fb8-5ff6-8eaa-308844dc97ac,b0461422-02e1-52db-97c3-fe1789b240cf,Integration connection issue,medium,resolved,2026-05-14T22:52:44+00:00,2026-05-16T12:52:44+00:00
75645397-c7c3-5701-993e-bf710b155442,TKT-000659,7004f89a-407f-5257-885a-50bfaca6f7a1,228ccd2f-642c-5fdf-abf0-129af98a3568,fe0faaa6-ce52-59d0-935b-6d979c1a4e7d,Integration connection issue,low,resolved,2026-02-05T10:01:33+00:00,2026-02-07T04:01:33+00:00
96d577f0-2301-5c87-b03c-540735943807,TKT-000660,26ed9af7-a2ed-54ae-960b-d5f7ceb3f29f,952e981c-e5c2-53da-984a-78dc5e3b1ad4,b136f79e-100e-5a3c-b2f3-f0db6d3a6997,Configuration assistance for Quantum Suite 77,high,closed,2025-11-21T15:21:55+00:00,2025-11-23T09:21:55+00:00
2dac58da-8829-5eef-a398-bbbe7b970ee7,TKT-000661,39a5c003-4cc5-5083-a9c8-392d8505d3f9,d6b2e2d8-f41b-5418-ba12-fcffc0aa6508,7242516c-cc48-56f1-9436-4afbcf0086dc,Configuration assistance for Precision Monitor 56,medium,resolved,2026-01-27T08:25:56+00:00,2026-01-31T10:25:56+00:00
66805dc1-4599-546b-b45f-0bccdf2b5a76,TKT-000662,0723f889-4315-5df1-b33d-408167c715c2,43d6da55-777b-55ef-8cf5-d4cc7bfa63ad,576d59ca-e029-534d-a2fc-2c388b2c3837,Dashboard metric discrepancy,medium,pending,2026-06-21T07:26:26+00:00,
f8bd904e-54f3-523e-85a8-d30ee627fa81,TKT-000663,15d106c1-93f3-5d77-97d8-5bcc9e3ca025,9a2e8c5f-4d3e-5cb8-ba78-f2bd562ee61b,7242516c-cc48-56f1-9436-4afbcf0086dc,Configuration assistance for Unified Monitor 59,low,closed,2026-05-18T17:24:04+00:00,2026-05-19T10:24:04+00:00
3a1cf49e-d0d3-5df4-a2a9-a662f8eb547d,TKT-000664,fa45f60a-2206-5593-a37e-29358f9539e6,5d79cff2-0e77-58a2-b1bf-c506ed3c98bd,b0461422-02e1-52db-97c3-fe1789b240cf,Dashboard metric discrepancy,low,pending,2025-12-18T04:20:11+00:00,
fb8977dc-07c9-5ae9-aaf7-0b4467c04807,TKT-000665,471faf4a-015d-5282-99b0-d8e38ae6afbe,f78fc905-81d2-5f52-8c77-1cff3a4b42b7,576d59ca-e029-534d-a2fc-2c388b2c3837,Configuration assistance for Secure Console 08,high,open,2026-05-30T00:33:17+00:00,
69a97133-9a0d-5fc8-8de0-db8968623314,TKT-000666,05a5c6bc-3c27-569a-8cfa-c848e070f23e,7169fcc7-7527-510c-b88d-bdcd257ce105,864956dc-d3a3-5b04-8bc5-799893f07e26,Integration connection issue,medium,closed,2026-01-25T22:04:27+00:00,2026-01-29T19:04:27+00:00
80803753-f9cb-515d-838f-7fcae14cb68c,TKT-000667,721afae2-f05c-5b9d-a637-08a16c97f3d1,0caef625-914f-5fea-8e59-19b212bfbd46,864956dc-d3a3-5b04-8bc5-799893f07e26,Access policy clarification,medium,resolved,2026-06-30T19:28:46+00:00,2026-07-04T17:28:46+00:00
1a7cfb48-d3f6-5473-aa95-350390d46ebd,TKT-000668,87c644ab-4a08-59ae-8d46-46413cec7d15,45669348-c1a3-5956-bbf2-d29bd438fbdc,b52ce1d4-6469-5a26-9909-ab8fb46083e5,Integration connection issue,high,resolved,2026-03-19T13:22:42+00:00,2026-03-24T11:22:42+00:00
0c636534-84a7-5902-bad2-f34e4bfdded4,TKT-000669,f35c94b5-66ed-5ba9-9a85-f01472c4c269,9a2e8c5f-4d3e-5cb8-ba78-f2bd562ee61b,b0461422-02e1-52db-97c3-fe1789b240cf,Configuration assistance for Unified Monitor 59,medium,resolved,2025-10-21T03:24:20+00:00,2025-10-24T12:24:20+00:00
ddef8f7b-0b00-573a-9254-c46eac68bce5,TKT-000670,1319795d-ef0b-5067-93ce-2bd5fa4fc6cf,e139b0f5-6ca3-5ccb-8610-5a52b4b0eb6c,7242516c-cc48-56f1-9436-4afbcf0086dc,Data synchronization delay,medium,resolved,2025-11-28T00:14:41+00:00,2025-11-29T11:14:41+00:00
066d9d59-8a92-56b7-9293-eae43acf1768,TKT-000671,48253ef0-5cf2-5f70-9b66-93779cab6b3f,228ccd2f-642c-5fdf-abf0-129af98a3568,e0f2505c-fc5b-5345-8ebb-7cf3fa778973,Configuration assistance for Velocity Platform 70,low,resolved,2025-11-04T22:53:32+00:00,2025-11-08T03:53:32+00:00
7f9d5e36-18d4-5601-89d5-1ba38ba1b935,TKT-000672,c21c4019-dc0f-5fe1-a6d7-af0225e48191,d4214473-2bf7-5b77-bb1f-734e590c4014,93a79ce4-9aa3-5428-8c89-2ce777b9617b,Data synchronization delay,medium,resolved,2026-01-05T02:07:44+00:00,2026-01-05T22:07:44+00:00
2b7812e6-ba33-5378-aeb6-dd591e1dbedf,TKT-000673,d2ab141c-3bc1-5b67-a147-cfc0288402d9,eff08d1d-eb3b-559a-8ca9-60c7b365af52,93a79ce4-9aa3-5428-8c89-2ce777b9617b,Integration connection issue,low,resolved,2025-10-12T07:50:31+00:00,2025-10-14T14:50:31+00:00
a68b3423-c591-5a4b-b690-5a25f27c37b4,TKT-000674,f0b39e46-c4d5-54bb-a075-5a9a7c87f516,9f7bfd37-85ae-5a17-9b9f-5dafe3ec68ee,e0f2505c-fc5b-5345-8ebb-7cf3fa778973,Access policy clarification,medium,open,2026-06-11T11:47:54+00:00,
4dd5e97d-7222-5951-87bf-59578afac9e0,TKT-000675,0fae5ac6-afb9-5b81-99c4-d80d51446c73,c0bff87f-f764-5151-8aec-dda48ea91847,b0461422-02e1-52db-97c3-fe1789b240cf,Configuration assistance for Unified Platform 69,low,resolved,2026-04-14T14:05:30+00:00,2026-04-17T15:05:30+00:00
3ab57a01-10fd-52b4-938b-4900ce8486f6,TKT-000676,d6aa22ab-3615-5c51-bbf3-9de40c1c9fab,591abda9-fd16-5958-b0e9-586f0dfa6e54,b0461422-02e1-52db-97c3-fe1789b240cf,Configuration assistance for Nexus Gateway 35,low,open,2025-09-13T23:26:10+00:00,
5b2c4d9f-ce3f-5ebd-a32a-b4a93c7a3883,TKT-000677,59404051-6e1f-5c07-92ce-c1b7d5876fc1,f9fe7a6c-9a44-59e2-a4cc-fef69cc2e48e,b52ce1d4-6469-5a26-9909-ab8fb46083e5,Integration connection issue,medium,open,2026-07-30T09:59:20+00:00,
4b3216ee-cb99-5c6c-b3cc-74160d08453b,TKT-000678,a88055ea-7157-5cae-8a22-4a16e9df8b14,8d6058a9-d9fb-546e-b841-e6b4a0978311,7242516c-cc48-56f1-9436-4afbcf0086dc,Access policy clarification,low,open,2026-01-22T14:52:39+00:00,
ccacdcf5-4bd5-5a12-be87-9cfad636204b,TKT-000679,a0f41799-d018-5980-95cb-9d8f5c11ead0,b6edaedb-a02c-5fbc-b05c-2b5d8deb20c4,864956dc-d3a3-5b04-8bc5-799893f07e26,Dashboard metric discrepancy,low,resolved,2026-03-17T04:59:50+00:00,2026-03-22T01:59:50+00:00
7cd17f14-e2aa-5f1c-9ccd-9ff59b42b932,TKT-000680,5b77eb0f-fbc0-5382-865a-db5941867a32,f350d57a-8885-50f1-b76a-29f7a8057a35,576d59ca-e029-534d-a2fc-2c388b2c3837,Configuration assistance for Secure Hub 48,high,resolved,2026-06-10T19:14:07+00:00,2026-06-12T23:14:07+00:00
fc50661a-4cae-5a21-bb77-f0369184adc4,TKT-000681,01e5eb13-be9c-50d0-90dd-28a9cce2c901,db630ac7-839d-5331-93df-dc621d8357b6,864956dc-d3a3-5b04-8bc5-799893f07e26,Dashboard metric discrepancy,medium,pending,2026-02-22T15:25:44+00:00,
b9cc4f91-d3c9-5620-9f8a-ccbf01cf98de,TKT-000682,79efd663-c0a0-59c6-a6e0-a220eeec4c58,cd410e43-ec3c-524b-84c6-84482a7b1204,864956dc-d3a3-5b04-8bc5-799893f07e26,Data synchronization delay,low,open,2026-01-01T23:54:12+00:00,
03887353-16c7-5714-96f9-0c6728dc602f,TKT-000683,5ad01617-30cc-5924-9145-9331df0736c8,5d79cff2-0e77-58a2-b1bf-c506ed3c98bd,864956dc-d3a3-5b04-8bc5-799893f07e26,Data synchronization delay,medium,closed,2026-05-01T14:28:54+00:00,2026-05-06T14:28:54+00:00
329e97ab-706b-5131-9f41-6824040cd3c8,TKT-000684,f3ca3a6f-cfe7-5169-b9ad-383c2c7a2cc8,1dd10a82-5cdc-539f-af3f-d3f255171973,fe0faaa6-ce52-59d0-935b-6d979c1a4e7d,Integration connection issue,critical,open,2026-06-22T12:39:05+00:00,
4c72bbea-b496-5eac-9496-8905c38b5239,TKT-000685,ce0413ce-813a-5b58-badb-103775b6d962,7169fcc7-7527-510c-b88d-bdcd257ce105,fe0faaa6-ce52-59d0-935b-6d979c1a4e7d,Dashboard metric discrepancy,high,resolved,2025-11-22T02:32:29+00:00,2025-11-26T05:32:29+00:00
d2aa9116-0db0-524f-8028-27098ad09fc5,TKT-000686,6ad6d4cf-225a-5827-8d44-2584bc83022a,de536700-41fe-55c3-beb9-bfb9849c872b,576d59ca-e029-534d-a2fc-2c388b2c3837,Integration connection issue,low,pending,2025-08-25T23:45:28+00:00,
9f5d408c-8c4c-5311-a038-b4faec2054ce,TKT-000687,66174413-8e10-5c51-b577-3068e8d05432,cd410e43-ec3c-524b-84c6-84482a7b1204,e0f2505c-fc5b-5345-8ebb-7cf3fa778973,Data synchronization delay,low,resolved,2025-11-14T02:35:59+00:00,2025-11-16T17:35:59+00:00
d618c42d-6cc3-53dc-9810-cc6e75218c60,TKT-000688,1055b7e8-8538-5966-86ca-9f9cce8f490b,673811d5-2f11-5108-8b80-c9dd0dc2adda,fe0faaa6-ce52-59d0-935b-6d979c1a4e7d,Configuration assistance for Cloud Workspace 82,medium,resolved,2026-03-03T22:38:35+00:00,2026-03-04T14:38:35+00:00
42eb0a3c-57cf-5d05-bc44-39b07a8cfa83,TKT-000689,14ed1888-e5c8-56b2-987f-eaadbbd628a8,13ea52a1-6b55-57c7-b84e-acf7fb92f106,b0461422-02e1-52db-97c3-fe1789b240cf,Configuration assistance for Cloud Workbench 92,medium,resolved,2025-09-11T22:56:00+00:00,2025-09-15T15:56:00+00:00
09f9efff-7796-51a2-bdc0-6a27fa606dd6,TKT-000690,2a3d099e-3aaf-57b1-97c7-34bd4ff7ef6a,cdea42fb-ee49-5a22-a213-56a8f9fcb148,b136f79e-100e-5a3c-b2f3-f0db6d3a6997,Data synchronization delay,low,resolved,2026-07-13T13:35:35+00:00,2026-07-18T02:35:35+00:00
a975c043-a55c-5738-83e8-dc5951433255,TKT-000691,2fcd5fdd-2d0c-5819-a291-64fefad299fd,d520aef1-b021-5cf0-a1d3-9e7e6d31aab7,e0f2505c-fc5b-5345-8ebb-7cf3fa778973,Access policy clarification,high,pending,2025-10-11T00:20:34+00:00,
0650747e-81cd-512e-b132-0d290c84cd45,TKT-000692,c6d441aa-8d4f-5010-a0f1-0859c85abd66,8dfa6632-930f-5fdc-b7cd-8d5908a33d66,b0461422-02e1-52db-97c3-fe1789b240cf,Access policy clarification,high,closed,2026-07-13T03:56:45+00:00,2026-07-13T22:56:45+00:00
4ee0c621-26c7-5dfe-af67-14e78b71bb3e,TKT-000693,5dadb797-e2ca-59d9-b8ee-77ec85628d0b,deaf9542-d65c-5f41-b22e-b1d033baea7a,38b70633-8c56-58a2-b08e-83e8c5c45b63,Data synchronization delay,critical,resolved,2025-11-04T11:02:05+00:00,2025-11-08T20:02:05+00:00
610578b6-b347-51fe-9861-ed17db658c2d,TKT-000694,7a7a6781-a43d-5a44-b8c3-ed9a9393e01d,db630ac7-839d-5331-93df-dc621d8357b6,e0f2505c-fc5b-5345-8ebb-7cf3fa778973,Access policy clarification,high,closed,2026-04-03T06:00:08+00:00,2026-04-03T07:00:08+00:00
fda2e3db-1524-5efc-8d4b-a96994bb3568,TKT-000695,0495ddd2-4276-5189-9c75-2cb81e46b7e1,13ea52a1-6b55-57c7-b84e-acf7fb92f106,fe0faaa6-ce52-59d0-935b-6d979c1a4e7d,Data synchronization delay,high,closed,2025-12-30T00:52:24+00:00,2026-01-02T03:52:24+00:00
dfaeb3a3-5347-5f7b-ad7c-18545742cdd4,TKT-000696,e34220b6-615a-5201-8434-eddf14b32a02,f350d57a-8885-50f1-b76a-29f7a8057a35,b136f79e-100e-5a3c-b2f3-f0db6d3a6997,Integration connection issue,low,resolved,2025-08-26T17:31:45+00:00,2025-08-31T12:31:45+00:00
8a555f4f-6cce-5f69-b685-7433eeeed98e,TKT-000697,8f1ae530-27a9-5f1b-a497-89b9e2010b99,599db343-a607-5259-8af1-adde7b1a86ce,b52ce1d4-6469-5a26-9909-ab8fb46083e5,Integration connection issue,medium,resolved,2026-03-27T17:09:18+00:00,2026-03-30T03:09:18+00:00
7a6b8ecb-19c5-565b-85cc-97d7be7fda9d,TKT-000698,2fcb06ab-8744-5be2-97af-1d16fe182b02,1cc795b2-21b3-5c5e-84f0-8f1fa20a6dd4,7242516c-cc48-56f1-9436-4afbcf0086dc,Dashboard metric discrepancy,low,resolved,2026-05-05T04:13:14+00:00,2026-05-06T03:13:14+00:00
23dfc264-1488-5528-bced-d01b82eaecba,TKT-000699,ea1db81d-517d-59e1-9029-bf062d02a015,f9fe7a6c-9a44-59e2-a4cc-fef69cc2e48e,7242516c-cc48-56f1-9436-4afbcf0086dc,Data synchronization delay,low,resolved,2025-10-24T06:20:48+00:00,2025-10-25T18:20:48+00:00
1c759688-e9ed-543f-88c5-1294a1d47807,TKT-000700,ed735c55-6b10-5d15-b69f-7d806cf3575a,9b6b9203-f582-59b6-b64c-309881607c86,93a79ce4-9aa3-5428-8c89-2ce777b9617b,Configuration assistance for Insight Console 04,high,resolved,2026-04-04T20:47:15+00:00,2026-04-07T09:47:15+00:00
ccc6d805-a3a6-56a9-ac03-184007bf9c7c,TKT-000701,820f14e9-3ca8-5809-ad98-f704954f8e55,deaf9542-d65c-5f41-b22e-b1d033baea7a,b52ce1d4-6469-5a26-9909-ab8fb46083e5,Configuration assistance for Nexus Hub 45,low,resolved,2026-03-19T15:21:07+00:00,2026-03-24T15:21:07+00:00
8534ed15-73bd-5f1d-b3fe-342b8d7979b2,TKT-000702,798042e6-6e8d-5878-a20a-04d8a7d0277c,b4b5a0e3-641b-562e-8386-bff3564cf295,38b70633-8c56-58a2-b08e-83e8c5c45b63,Access policy clarification,low,resolved,2026-07-07T14:34:45+00:00,2026-07-08T14:34:45+00:00
2ca63666-aadc-5d75-84b6-4f0fbf3504db,TKT-000703,57b88fcc-0e15-5085-b1ad-f496f7d8a541,3205bb8a-e766-5617-a3d4-78aaa9883bc8,e0f2505c-fc5b-5345-8ebb-7cf3fa778973,Dashboard metric discrepancy,low,pending,2025-12-05T08:00:55+00:00,
439d2256-e3bf-58cf-9286-f6c2b4f6eb18,TKT-000704,ad50ff8a-1dec-5f15-9b85-48bef28b785c,91bd15e4-105e-5926-abe6-7ceaf8c07375,fe0faaa6-ce52-59d0-935b-6d979c1a4e7d,Integration connection issue,medium,open,2026-07-14T01:26:03+00:00,
2cc12d3d-e352-5792-a0ac-9c7efb0244e6,TKT-000705,f7bf81a8-1406-5ca5-96ab-e964d881e491,7169fcc7-7527-510c-b88d-bdcd257ce105,93a79ce4-9aa3-5428-8c89-2ce777b9617b,Configuration assistance for Precision Workspace 86,low,closed,2026-01-05T17:21:34+00:00,2026-01-07T14:21:34+00:00
422d1219-bf56-55ef-b255-f3b31610fc35,TKT-000706,6c0bfc10-bb3c-593c-9a18-e405560e8709,e139b0f5-6ca3-5ccb-8610-5a52b4b0eb6c,93a79ce4-9aa3-5428-8c89-2ce777b9617b,Data synchronization delay,high,open,2026-01-25T22:56:53+00:00,
6a73b142-7128-554a-ae7e-82efac9a0a49,TKT-000707,d2ab141c-3bc1-5b67-a147-cfc0288402d9,4dbc0e6b-ab10-5b67-a928-f87e1ed2bb9a,b0461422-02e1-52db-97c3-fe1789b240cf,Integration connection issue,low,resolved,2025-12-21T03:23:05+00:00,2025-12-25T12:23:05+00:00
2bed5cfa-c160-5230-84fc-a6a8de852cad,TKT-000708,23d58a1d-7f26-55e7-a59d-b1b41e692582,829935ce-9ec7-5afb-a542-873877c9ce31,e0f2505c-fc5b-5345-8ebb-7cf3fa778973,Integration connection issue,medium,resolved,2026-04-06T04:32:21+00:00,2026-04-06T22:32:21+00:00
e509c169-835d-5c06-bec6-02fe716137c9,TKT-000709,3070a1af-5ed0-5cad-98f4-647e810fdaad,bab29423-27f9-5732-bd8b-a403c95b1a96,576d59ca-e029-534d-a2fc-2c388b2c3837,Configuration assistance for Adaptive Workbench 91,critical,resolved,2025-09-22T03:28:12+00:00,2025-09-26T06:28:12+00:00
16fada89-cff3-5304-b17c-cb5023b80de6,TKT-000710,47384714-e1b7-5e0f-92ca-9cc7b429d98f,228ccd2f-642c-5fdf-abf0-129af98a3568,b0461422-02e1-52db-97c3-fe1789b240cf,Configuration assistance for Velocity Platform 70,medium,resolved,2025-12-13T01:56:29+00:00,2025-12-14T10:56:29+00:00
6056d8e3-e90c-5eec-9c8c-317d1eb1cc5d,TKT-000711,4ecf8661-bfeb-53ad-bb64-08a5b5154e5e,3205bb8a-e766-5617-a3d4-78aaa9883bc8,38b70633-8c56-58a2-b08e-83e8c5c45b63,Data synchronization delay,low,resolved,2026-06-07T14:31:32+00:00,2026-06-11T23:31:32+00:00
e36ede2d-50e3-5c2c-bfbd-34f013f37513,TKT-000712,f0087d63-1c35-5e6f-994e-0844a8e342f4,1fa2b768-1b9d-5b9c-befa-fac1ccb97563,e0f2505c-fc5b-5345-8ebb-7cf3fa778973,Data synchronization delay,low,open,2026-02-23T01:23:45+00:00,
3a98ca4b-16f8-50dc-ba8a-d4dd01cb27d2,TKT-000713,62a26102-6613-5975-b5a6-f361a51ef984,c0bff87f-f764-5151-8aec-dda48ea91847,576d59ca-e029-534d-a2fc-2c388b2c3837,Integration connection issue,medium,closed,2026-03-01T04:26:38+00:00,2026-03-03T05:26:38+00:00
b134a405-faa0-5c27-883d-284880a3fb2b,TKT-000714,14f6fed9-a5d8-5823-b536-a8a8bba662bf,db630ac7-839d-5331-93df-dc621d8357b6,fe0faaa6-ce52-59d0-935b-6d979c1a4e7d,Configuration assistance for Unified Gateway 39,high,open,2026-01-12T21:42:26+00:00,
94caecd0-48aa-5eb9-a373-6de84361afe0,TKT-000715,eb3f4c86-c3ca-5995-a9ae-dc2ad1743144,d37c44df-541b-5bf4-b395-65b41bac88a8,b136f79e-100e-5a3c-b2f3-f0db6d3a6997,Dashboard metric discrepancy,low,resolved,2026-05-21T22:33:38+00:00,2026-05-25T16:33:38+00:00
082a6234-598c-5cba-ad80-47435e3b5a76,TKT-000716,63534638-a926-5a7e-845f-8612ee936aae,241d3cd0-ef2c-56b8-bb75-b039a61b370a,b136f79e-100e-5a3c-b2f3-f0db6d3a6997,Configuration assistance for Insight Workspace 84,medium,open,2025-09-17T08:19:40+00:00,
edc57d93-b86e-5cfc-b551-e0d1cab042cf,TKT-000717,4045a68b-1241-5c21-8e3a-549371864bb8,7169fcc7-7527-510c-b88d-bdcd257ce105,b0461422-02e1-52db-97c3-fe1789b240cf,Access policy clarification,critical,closed,2026-05-20T18:35:13+00:00,2026-05-21T06:35:13+00:00
36af1599-15e3-5ad7-aeaa-e3cef6a5df6e,TKT-000718,b46bc77e-022a-5d37-ac07-9ac9b31cc704,dee51c26-0113-56c0-a9c6-edbcfc488df1,752d1174-aa5f-523e-a43f-23449274de00,Configuration assistance for Velocity Workbench 100,medium,pending,2025-09-12T21:49:03+00:00,
bd9c9853-5f57-5061-8257-f48791f096e5,TKT-000719,411954a7-3aa4-5061-a453-0ceb1c8258f7,aa67b9d9-b4e2-53f3-9447-ca933b53344f,38b70633-8c56-58a2-b08e-83e8c5c45b63,Integration connection issue,medium,pending,2025-12-03T07:12:34+00:00,
c366ae18-12ba-549e-9417-43a74a95ef0a,TKT-000720,2748db13-6911-5fba-bff3-ee3fc2feb585,5d462a8e-32e0-59ad-ae5c-9d66eda72663,fe0faaa6-ce52-59d0-935b-6d979c1a4e7d,Integration connection issue,critical,resolved,2025-12-29T15:34:29+00:00,2025-12-30T04:34:29+00:00
20b4dd08-5a7a-5e40-a1ab-81bf38c2fca6,TKT-000721,ea89d463-10a8-5c69-9e48-a00cfc942028,5d79cff2-0e77-58a2-b1bf-c506ed3c98bd,fe0faaa6-ce52-59d0-935b-6d979c1a4e7d,Access policy clarification,medium,resolved,2026-07-09T16:53:07+00:00,2026-07-11T16:53:07+00:00
b40012f3-f716-5a23-9c98-aa9720bd2b9c,TKT-000722,c6d441aa-8d4f-5010-a0f1-0859c85abd66,43d6da55-777b-55ef-8cf5-d4cc7bfa63ad,fe0faaa6-ce52-59d0-935b-6d979c1a4e7d,Configuration assistance for Quantum Gateway 37,critical,open,2026-02-18T03:46:27+00:00,
436e67db-1537-5ea5-a0b4-9878bd452582,TKT-000723,034d01dd-efd3-5bd1-9094-16ec39189ebd,8dfa6632-930f-5fdc-b7cd-8d5908a33d66,38b70633-8c56-58a2-b08e-83e8c5c45b63,Dashboard metric discrepancy,medium,open,2026-03-07T14:14:27+00:00,
7276648a-38df-5f1b-85fb-f3dbe4138270,TKT-000724,98c4b38d-c8fd-5043-ac5f-38ada8b0589c,cdea42fb-ee49-5a22-a213-56a8f9fcb148,b136f79e-100e-5a3c-b2f3-f0db6d3a6997,Configuration assistance for Quantum Platform 67,medium,resolved,2026-08-06T03:58:24+00:00,2026-08-10T06:58:24+00:00
b26d4e2c-1320-5c63-90e6-21dd58034439,TKT-000725,69343164-0d9f-5c31-a832-2a81958753bf,c0bff87f-f764-5151-8aec-dda48ea91847,38b70633-8c56-58a2-b08e-83e8c5c45b63,Configuration assistance for Unified Platform 69,medium,closed,2026-06-27T22:14:46+00:00,2026-06-30T16:14:46+00:00
95c0d10b-7f1b-577b-8b8f-8a07e2c1ead2,TKT-000726,700fe391-76f6-58a4-a880-f59a4a5ad740,b5386670-1687-5260-ad33-97e5d697c425,b52ce1d4-6469-5a26-9909-ab8fb46083e5,Dashboard metric discrepancy,high,pending,2026-01-14T16:57:00+00:00,
38f9a5d1-d2e5-5caa-8056-61c2cbd4c1e6,TKT-000727,139d23d0-0ca8-556c-a57f-46e9850e725d,1760c2e4-563f-5bac-abcd-baf5317434c8,864956dc-d3a3-5b04-8bc5-799893f07e26,Configuration assistance for Precision Console 06,medium,closed,2026-02-02T21:10:51+00:00,2026-02-04T21:10:51+00:00
29e273c2-1efa-51dc-b0da-c330285c2ea6,TKT-000728,a76466ab-21e2-5a4b-adb9-b0697c29e49b,dee51c26-0113-56c0-a9c6-edbcfc488df1,b0461422-02e1-52db-97c3-fe1789b240cf,Access policy clarification,medium,open,2025-11-21T23:55:18+00:00,
863036f8-97bc-52e6-8651-1281e05ec69d,TKT-000729,1888901a-2aa8-5cf0-afb6-d48a0822f2c1,39cb20a1-5dca-5b11-90c4-3e96e441ed0c,864956dc-d3a3-5b04-8bc5-799893f07e26,Configuration assistance for Adaptive Engine 11,medium,resolved,2026-01-10T00:59:22+00:00,2026-01-11T12:59:22+00:00
3d94c3f8-c7d1-5f42-8035-a330c34a1fad,TKT-000730,f941616b-f138-5e2a-84a6-62e46fcbc804,aa67b9d9-b4e2-53f3-9447-ca933b53344f,576d59ca-e029-534d-a2fc-2c388b2c3837,Access policy clarification,medium,closed,2025-08-27T04:29:18+00:00,2025-08-30T07:29:18+00:00
95b216c1-a6ad-5aae-a1e4-22490bbe6ea3,TKT-000731,639085c3-c8cf-5ada-a8ad-a24b7dd0c941,9e165d6f-802f-5694-a25a-20885ba2aa7f,b0461422-02e1-52db-97c3-fe1789b240cf,Integration connection issue,medium,closed,2025-11-30T06:07:34+00:00,2025-12-01T04:07:34+00:00
6068f9b4-6541-5342-9138-6c96f11fd390,TKT-000732,b7ca9756-55ff-5e43-9cb1-9cbab905e9db,613ff8f3-9a2b-5f66-8d3e-3e05d5391002,864956dc-d3a3-5b04-8bc5-799893f07e26,Dashboard metric discrepancy,medium,closed,2026-04-30T12:01:00+00:00,2026-05-01T06:01:00+00:00
1eb7f718-61d9-57f1-a827-2ff803392b42,TKT-000733,35b16062-11a6-5c7b-bb2c-1728ff821eb0,d68351a2-cf36-5984-a091-28a9f5b6bb7e,93a79ce4-9aa3-5428-8c89-2ce777b9617b,Configuration assistance for Secure Suite 78,high,pending,2025-11-19T00:29:34+00:00,
0a242fdf-7b2e-5671-a19c-0c39e02d4626,TKT-000734,eb3f4c86-c3ca-5995-a9ae-dc2ad1743144,8ac2c18a-5896-572a-9f44-f5d60109258d,864956dc-d3a3-5b04-8bc5-799893f07e26,Dashboard metric discrepancy,low,resolved,2026-05-21T08:59:39+00:00,2026-05-23T12:59:39+00:00
efc6afd5-d780-5adf-b491-43c9e04533e5,TKT-000735,b636ccbb-5496-5fc0-a0e8-01a14ef0aea5,c2be7cd9-f7ee-544a-9ceb-7052826da8ce,e0f2505c-fc5b-5345-8ebb-7cf3fa778973,Access policy clarification,low,closed,2026-01-10T17:33:51+00:00,2026-01-12T10:33:51+00:00
5c206d10-0a88-5853-9bc0-9fb36c10dddd,TKT-000736,262319a1-2adf-53b9-a484-605c017a9104,4dbc0e6b-ab10-5b67-a928-f87e1ed2bb9a,e0f2505c-fc5b-5345-8ebb-7cf3fa778973,Access policy clarification,low,open,2026-01-11T11:47:19+00:00,
20972229-786c-5969-a38d-a0a00704a412,TKT-000737,5ad01617-30cc-5924-9145-9331df0736c8,f9fe7a6c-9a44-59e2-a4cc-fef69cc2e48e,864956dc-d3a3-5b04-8bc5-799893f07e26,Access policy clarification,medium,resolved,2025-11-22T23:08:17+00:00,2025-11-25T15:08:17+00:00
540d2dc4-9569-5386-b430-0fe50649112b,TKT-000738,d6aa22ab-3615-5c51-bbf3-9de40c1c9fab,3205bb8a-e766-5617-a3d4-78aaa9883bc8,752d1174-aa5f-523e-a43f-23449274de00,Dashboard metric discrepancy,high,resolved,2026-06-12T00:22:30+00:00,2026-06-12T04:22:30+00:00
eca38297-6995-5ac9-b6f2-64fa43be3846,TKT-000739,51813e7b-b521-5ada-8c7e-13ea9b551a15,0f2c8ffe-5a45-5cfc-afbf-417553294a54,93a79ce4-9aa3-5428-8c89-2ce777b9617b,Dashboard metric discrepancy,low,resolved,2026-04-21T18:15:01+00:00,2026-04-26T12:15:01+00:00
b2bcae4a-5a46-54fd-99d5-962fc2ca0243,TKT-000740,a00a4326-61fb-505c-97b3-10a900ce3809,86eda21c-1dbc-500a-9201-b7d6b0786cc8,864956dc-d3a3-5b04-8bc5-799893f07e26,Integration connection issue,low,resolved,2026-05-14T14:51:46+00:00,2026-05-16T13:51:46+00:00
d8ba4625-6627-507f-ab54-a144e8db66c1,TKT-000741,2add0fbc-eec3-558e-a863-4f5381899638,f350d57a-8885-50f1-b76a-29f7a8057a35,7242516c-cc48-56f1-9436-4afbcf0086dc,Dashboard metric discrepancy,critical,resolved,2025-12-03T00:56:47+00:00,2025-12-05T21:56:47+00:00
419e7e3b-0538-5544-b310-b8892a8eb17f,TKT-000742,c83368bd-2297-5133-898c-f2e1d3e97285,ac03c1f7-3948-530e-8de5-80756984ab20,b136f79e-100e-5a3c-b2f3-f0db6d3a6997,Data synchronization delay,low,open,2025-09-02T10:43:05+00:00,
5fd68519-32e4-5f88-bfe7-ded89b5e2a0e,TKT-000743,b73c7bc3-14d4-53cf-a7a9-a9002d7bf9ab,201fb8e4-2c24-5483-b44d-4063694486b2,864956dc-d3a3-5b04-8bc5-799893f07e26,Data synchronization delay,low,resolved,2025-11-16T12:11:03+00:00,2025-11-21T02:11:03+00:00
1bc58314-8061-571e-8e9e-b42c67506d99,TKT-000744,c3ea99b8-8b78-52eb-9fbc-defb149ad98e,d68351a2-cf36-5984-a091-28a9f5b6bb7e,b136f79e-100e-5a3c-b2f3-f0db6d3a6997,Configuration assistance for Secure Suite 78,medium,pending,2025-09-14T00:46:51+00:00,
848ea67b-9a8b-521e-ad5a-ba195cbc640d,TKT-000745,8f1ae530-27a9-5f1b-a497-89b9e2010b99,fb4140fc-b3c1-5a6a-8613-9b068fdd2b39,38b70633-8c56-58a2-b08e-83e8c5c45b63,Integration connection issue,low,resolved,2025-10-01T10:29:14+00:00,2025-10-04T17:29:14+00:00
c5085391-c584-5a2b-a34a-f35a26da5133,TKT-000746,1055b7e8-8538-5966-86ca-9f9cce8f490b,cb09f248-037d-5a0d-9970-99cb102c05d8,b52ce1d4-6469-5a26-9909-ab8fb46083e5,Access policy clarification,medium,closed,2025-11-04T01:35:10+00:00,2025-11-06T00:35:10+00:00
b7390e61-8c6a-561c-a7f5-466509ca7d30,TKT-000747,6c7e2291-c37b-5221-adf7-b99f74c62056,d3739878-986b-5b5f-a096-4452493d6cbb,b0461422-02e1-52db-97c3-fe1789b240cf,Data synchronization delay,high,resolved,2025-11-04T01:29:27+00:00,2025-11-08T05:29:27+00:00
cab4ca04-6007-5ebc-8729-2d5072007029,TKT-000748,56f4c86f-4e04-5b9c-8202-c386fedc6c3d,b4065918-1c4b-50b6-b69a-d859f24bfe23,93a79ce4-9aa3-5428-8c89-2ce777b9617b,Dashboard metric discrepancy,medium,resolved,2025-12-10T17:08:10+00:00,2025-12-14T11:08:10+00:00
78b9a9f9-7f05-5222-9480-6f6ba0f710f4,TKT-000749,54a27e6d-c7bf-5812-880e-1ed91c4da5a7,af3fc15f-c662-5a5e-9e9c-3b2d4e1b6029,38b70633-8c56-58a2-b08e-83e8c5c45b63,Access policy clarification,low,resolved,2026-01-15T15:50:55+00:00,2026-01-17T05:50:55+00:00
c1145053-251d-5679-8e5f-1b4ea89cae48,TKT-000750,ba75f812-6df0-51cd-974c-2c3e45c78227,eff08d1d-eb3b-559a-8ca9-60c7b365af52,e0f2505c-fc5b-5345-8ebb-7cf3fa778973,Data synchronization delay,medium,open,2025-08-16T01:31:09+00:00,
df825e0e-2cbf-5fd1-a3e5-917fb86eb94c,TKT-000751,14197d23-e062-50bc-baa6-3a2c3694a28c,1fa2b768-1b9d-5b9c-befa-fac1ccb97563,fe0faaa6-ce52-59d0-935b-6d979c1a4e7d,Data synchronization delay,high,resolved,2025-11-03T16:03:04+00:00,2025-11-05T06:03:04+00:00
33a7d4c7-0b7a-5f5d-919d-eea021af97b2,TKT-000752,93284c51-89ec-5b3a-9213-6c86ea224de2,8a195dd5-491c-532c-9a61-886a24d451c0,b136f79e-100e-5a3c-b2f3-f0db6d3a6997,Integration connection issue,medium,closed,2025-12-07T02:21:17+00:00,2025-12-10T09:21:17+00:00
737bbcfb-35ff-58c8-abf6-35fb2cd01a1c,TKT-000753,d6aa22ab-3615-5c51-bbf3-9de40c1c9fab,3d307d78-b10f-5539-a951-7bcc9fd17161,576d59ca-e029-534d-a2fc-2c388b2c3837,Data synchronization delay,high,open,2026-07-12T11:24:30+00:00,
8c830c08-bedc-5e6c-bf20-92f00f5f6bf9,TKT-000754,332f3a64-ba26-5dc9-88bf-4b722a6dee9d,8a195dd5-491c-532c-9a61-886a24d451c0,b136f79e-100e-5a3c-b2f3-f0db6d3a6997,Integration connection issue,medium,resolved,2026-03-22T12:13:07+00:00,2026-03-25T05:13:07+00:00
1cedd4ff-1ba4-556b-80de-3d7fae87d377,TKT-000755,25a987bf-d43f-5c6b-950a-3fd2f1513969,896e7662-34d0-5631-bb0f-b5ce6b0ad1ba,fe0faaa6-ce52-59d0-935b-6d979c1a4e7d,Dashboard metric discrepancy,low,resolved,2026-05-03T06:39:55+00:00,2026-05-03T19:39:55+00:00
a04fa834-49ae-5973-8faa-c7822dd19f31,TKT-000756,41ac330f-ba74-5e82-a265-9bd30e071559,241d3cd0-ef2c-56b8-bb75-b039a61b370a,576d59ca-e029-534d-a2fc-2c388b2c3837,Access policy clarification,high,closed,2026-04-09T22:42:45+00:00,2026-04-11T10:42:45+00:00
4af4163d-c226-53da-8bb4-d47956c3b745,TKT-000757,2add0fbc-eec3-558e-a863-4f5381899638,e53c7da2-eb34-5499-8fd8-380dd673ea82,93a79ce4-9aa3-5428-8c89-2ce777b9617b,Data synchronization delay,high,resolved,2025-08-13T15:22:22+00:00,2025-08-16T11:22:22+00:00
58d50e72-e8f8-5776-8575-983d131e1f45,TKT-000758,57d7232b-2833-5bf1-820e-f45ca061f08e,88f79184-2cf9-5f72-8e4a-cedfa68d9d06,864956dc-d3a3-5b04-8bc5-799893f07e26,Data synchronization delay,critical,closed,2025-11-22T11:46:34+00:00,2025-11-27T10:46:34+00:00
a7449dfa-cb04-56c2-87ac-31d97e948138,TKT-000759,ea1db81d-517d-59e1-9029-bf062d02a015,af3fc15f-c662-5a5e-9e9c-3b2d4e1b6029,38b70633-8c56-58a2-b08e-83e8c5c45b63,Access policy clarification,medium,closed,2025-12-21T19:28:02+00:00,2025-12-25T00:28:02+00:00
271aeb0f-f86d-5f70-be35-1575ad79eeb7,TKT-000760,05e55145-f922-5b7f-9a87-b4e535288ab0,d37c44df-541b-5bf4-b395-65b41bac88a8,b52ce1d4-6469-5a26-9909-ab8fb46083e5,Dashboard metric discrepancy,medium,resolved,2026-07-16T09:26:59+00:00,2026-07-18T22:26:59+00:00
6e80e2e1-9196-52ac-8aec-fc0b622d5172,TKT-000761,f3ca3a6f-cfe7-5169-b9ad-383c2c7a2cc8,591abda9-fd16-5958-b0e9-586f0dfa6e54,b136f79e-100e-5a3c-b2f3-f0db6d3a6997,Access policy clarification,high,closed,2025-10-24T18:02:52+00:00,2025-10-28T15:02:52+00:00
03c9e5b6-6d01-5915-ab4e-903e951872c6,TKT-000762,3d33b250-ec74-5d47-92d7-57a58e7093aa,617fd070-2fb8-5ff6-8eaa-308844dc97ac,fe0faaa6-ce52-59d0-935b-6d979c1a4e7d,Data synchronization delay,low,resolved,2025-12-04T20:54:25+00:00,2025-12-06T11:54:25+00:00
0d085fe0-022b-5ff2-8e5e-18d688da5010,TKT-000763,a0a33f10-1906-5e9c-b602-72a155faa409,9b6b9203-f582-59b6-b64c-309881607c86,b136f79e-100e-5a3c-b2f3-f0db6d3a6997,Data synchronization delay,low,open,2025-12-16T15:43:26+00:00,
0633c3f1-db38-5f07-b71c-21dee4517320,TKT-000764,211e9348-4f39-5391-99e3-c207abb6aa3d,559ab41c-d860-5ab1-aaa1-483577af7b67,7242516c-cc48-56f1-9436-4afbcf0086dc,Integration connection issue,low,closed,2025-08-20T04:06:53+00:00,2025-08-21T04:06:53+00:00
591910f0-ee71-551d-83a4-75802db0382e,TKT-000765,0f56079a-c587-5919-a93b-3c4cf99003e0,91bd15e4-105e-5926-abe6-7ceaf8c07375,fe0faaa6-ce52-59d0-935b-6d979c1a4e7d,Access policy clarification,medium,closed,2026-04-08T12:45:33+00:00,2026-04-09T11:45:33+00:00
8668d94e-199f-572a-b2c1-c9c75e1564d0,TKT-000766,e2796e24-73bc-50d9-8592-d2444a8ec1ff,cdea42fb-ee49-5a22-a213-56a8f9fcb148,752d1174-aa5f-523e-a43f-23449274de00,Integration connection issue,high,resolved,2026-06-16T22:09:51+00:00,2026-06-20T00:09:51+00:00
14ea540f-9a91-56d1-aed8-d575c8b831d0,TKT-000767,aa9cc48e-5859-5893-a5cd-6087a97d33a6,75679cf6-5497-5e69-b773-db773bc6a245,864956dc-d3a3-5b04-8bc5-799893f07e26,Configuration assistance for Nexus Platform 65,low,resolved,2025-09-29T07:54:37+00:00,2025-10-03T23:54:37+00:00
421aa2b9-9840-539d-aca8-86f9baa89812,TKT-000768,7004f89a-407f-5257-885a-50bfaca6f7a1,8d6058a9-d9fb-546e-b841-e6b4a0978311,fe0faaa6-ce52-59d0-935b-6d979c1a4e7d,Dashboard metric discrepancy,high,resolved,2026-07-27T12:45:28+00:00,2026-07-27T15:45:28+00:00
6b0ffa0b-ef6b-5119-8539-5393dbebbdc6,TKT-000769,1996d607-1c11-51f5-85a6-da3cfe7c20fa,cdea42fb-ee49-5a22-a213-56a8f9fcb148,b0461422-02e1-52db-97c3-fe1789b240cf,Dashboard metric discrepancy,high,closed,2026-07-07T12:20:45+00:00,2026-07-12T10:20:45+00:00
519acc97-e79b-5cde-b4f9-a28236922e37,TKT-000770,f602a6a2-3a5a-50db-8935-3d2a6f4c76e3,1cc795b2-21b3-5c5e-84f0-8f1fa20a6dd4,864956dc-d3a3-5b04-8bc5-799893f07e26,Access policy clarification,high,resolved,2026-07-13T21:28:56+00:00,2026-07-14T14:28:56+00:00
d012c463-f108-56fa-a64c-002e6a0641b9,TKT-000771,55d9e34f-0219-5915-bc14-28a0ba915bd3,e69a7c0b-6875-5a37-a379-abbc430fb47b,864956dc-d3a3-5b04-8bc5-799893f07e26,Integration connection issue,medium,resolved,2025-10-17T15:22:35+00:00,2025-10-19T14:22:35+00:00
219c3f3b-8486-5d56-898b-9df82a0f3a1a,TKT-000772,0f77fa23-6a98-5f4c-a249-8a889a41687d,b6464168-fc86-5543-9805-0861ea9c66cc,7242516c-cc48-56f1-9436-4afbcf0086dc,Dashboard metric discrepancy,low,resolved,2025-10-15T23:34:15+00:00,2025-10-19T07:34:15+00:00
981bf843-2f3a-584b-8c42-0a0bfd2ca8fe,TKT-000773,5aee8f2d-fad8-5f72-897b-558e19b91816,896e7662-34d0-5631-bb0f-b5ce6b0ad1ba,b52ce1d4-6469-5a26-9909-ab8fb46083e5,Data synchronization delay,medium,resolved,2026-01-17T19:17:31+00:00,2026-01-18T20:17:31+00:00
0bed03b0-0b1a-5b50-a973-f5005f9f679a,TKT-000774,21ff8f4b-f607-5666-b239-f86c0ef4a0a9,31a97c6b-10cf-54c1-b463-f81683a437cc,b52ce1d4-6469-5a26-9909-ab8fb46083e5,Data synchronization delay,high,closed,2025-11-26T13:02:57+00:00,2025-11-28T00:02:57+00:00
d134af86-54b0-5aab-b0a8-80d7042d1f6c,TKT-000775,5534c501-8b7e-5366-b01c-0f6fb114cf12,613ff8f3-9a2b-5f66-8d3e-3e05d5391002,38b70633-8c56-58a2-b08e-83e8c5c45b63,Dashboard metric discrepancy,high,closed,2026-01-09T05:33:37+00:00,2026-01-11T15:33:37+00:00
2a849da0-2d4c-58fb-8358-fbbe4247c800,TKT-000776,a76466ab-21e2-5a4b-adb9-b0697c29e49b,8dfa6632-930f-5fdc-b7cd-8d5908a33d66,b0461422-02e1-52db-97c3-fe1789b240cf,Configuration assistance for Cloud Platform 62,medium,resolved,2025-09-14T17:05:55+00:00,2025-09-15T03:05:55+00:00
599ffc3c-2847-5da4-abc4-051b7aec9324,TKT-000777,3fda2c6c-c926-56d4-a25f-f2e7e2f4bc34,201fb8e4-2c24-5483-b44d-4063694486b2,b0461422-02e1-52db-97c3-fe1789b240cf,Access policy clarification,medium,closed,2026-03-21T00:38:16+00:00,2026-03-24T11:38:16+00:00
88ecce41-156b-5adf-bea1-33e0408deebc,TKT-000778,386b1daf-8e64-5b8e-8c48-36b4f45e4676,e691a6a3-7dd7-5d95-b97e-997e3af77227,b136f79e-100e-5a3c-b2f3-f0db6d3a6997,Configuration assistance for Quantum Console 07,medium,open,2026-03-27T19:36:07+00:00,
008a3848-f1f5-5fb4-a0c3-2d06baa8f678,TKT-000779,93462d1f-c965-536d-a89a-5bbb9014fd6f,617fd070-2fb8-5ff6-8eaa-308844dc97ac,752d1174-aa5f-523e-a43f-23449274de00,Access policy clarification,medium,resolved,2025-10-17T16:02:15+00:00,2025-10-22T01:02:15+00:00
6ecb11d6-5d9b-5bc8-a113-aa436429ccdb,TKT-000780,6d5dbc60-2c04-539f-b340-5d35e2b8268f,d68351a2-cf36-5984-a091-28a9f5b6bb7e,7242516c-cc48-56f1-9436-4afbcf0086dc,Dashboard metric discrepancy,high,resolved,2025-10-20T06:25:01+00:00,2025-10-23T17:25:01+00:00
fa959f39-5b2a-5982-a93a-d68bbdd819f3,TKT-000781,b5c5e541-d869-59b6-bb0f-690aae22a20d,b6464168-fc86-5543-9805-0861ea9c66cc,38b70633-8c56-58a2-b08e-83e8c5c45b63,Configuration assistance for Enterprise Engine 13,high,resolved,2026-05-29T16:58:53+00:00,2026-06-01T10:58:53+00:00
2e33f718-5c91-50fd-9907-1841c1cb4950,TKT-000782,14a7eb68-5af3-5176-b3ce-4fd95f98966a,31a97c6b-10cf-54c1-b463-f81683a437cc,b136f79e-100e-5a3c-b2f3-f0db6d3a6997,Dashboard metric discrepancy,high,resolved,2025-09-21T05:38:50+00:00,2025-09-21T13:38:50+00:00
1a1e5070-0a0c-5fb7-9107-f61e390d4c8a,TKT-000783,471faf4a-015d-5282-99b0-d8e38ae6afbe,0137b3c3-db39-5e56-abf7-8ae43bc349ad,576d59ca-e029-534d-a2fc-2c388b2c3837,Access policy clarification,medium,closed,2026-08-03T23:52:55+00:00,2026-08-07T01:52:55+00:00
13e18427-e63d-5846-aecc-ebc11f1f91ba,TKT-000784,2a3d099e-3aaf-57b1-97c7-34bd4ff7ef6a,8dfa6632-930f-5fdc-b7cd-8d5908a33d66,b0461422-02e1-52db-97c3-fe1789b240cf,Data synchronization delay,high,closed,2025-09-07T21:26:44+00:00,2025-09-11T00:26:44+00:00
60b388bb-979c-56f1-809b-c23bd3157a81,TKT-000785,b3398a43-50be-54d0-b982-9c62184be451,896e7662-34d0-5631-bb0f-b5ce6b0ad1ba,752d1174-aa5f-523e-a43f-23449274de00,Integration connection issue,low,open,2026-06-27T03:42:28+00:00,
db52959e-1719-5518-93b6-acddaebe5939,TKT-000786,79efd663-c0a0-59c6-a6e0-a220eeec4c58,f218ba8f-81cf-5efd-ad55-5f4ef76110c2,b136f79e-100e-5a3c-b2f3-f0db6d3a6997,Dashboard metric discrepancy,medium,closed,2025-12-13T19:01:16+00:00,2025-12-17T14:01:16+00:00
43f43d69-3372-56ff-aefb-44c1d1ccbf6f,TKT-000787,01b3310c-e7f2-5f55-b265-7fe8ab84b435,01351cb5-bcf4-52ee-88a1-c6442df67004,b0461422-02e1-52db-97c3-fe1789b240cf,Dashboard metric discrepancy,critical,closed,2026-04-05T16:41:56+00:00,2026-04-09T19:41:56+00:00
21695134-2b89-545d-a4f9-8508a56de35f,TKT-000788,7130589f-8f9f-5b9b-bdd0-ddfc15e09956,3d307d78-b10f-5539-a951-7bcc9fd17161,93a79ce4-9aa3-5428-8c89-2ce777b9617b,Dashboard metric discrepancy,high,resolved,2025-10-20T15:40:59+00:00,2025-10-23T04:40:59+00:00
060bd5f4-c67b-5e63-a67f-446a8b65b452,TKT-000789,40514aaa-f2d7-54e1-925b-f96e2ce00054,d4214473-2bf7-5b77-bb1f-734e590c4014,7242516c-cc48-56f1-9436-4afbcf0086dc,Integration connection issue,medium,resolved,2025-08-11T00:14:51+00:00,2025-08-13T10:14:51+00:00
b2d19504-6cfb-5e99-a0f5-bc511d761450,TKT-000790,49b4b103-0ec7-5e78-ac2f-44a83adcf738,d68351a2-cf36-5984-a091-28a9f5b6bb7e,864956dc-d3a3-5b04-8bc5-799893f07e26,Integration connection issue,medium,resolved,2026-03-15T13:59:53+00:00,2026-03-17T13:59:53+00:00
687ce6e2-1179-5958-b8aa-cf1a7a459e93,TKT-000791,fefa5234-83d9-575b-a0d1-d013bef7d309,e69a7c0b-6875-5a37-a379-abbc430fb47b,fe0faaa6-ce52-59d0-935b-6d979c1a4e7d,Configuration assistance for Nexus Workspace 85,low,resolved,2026-04-16T18:52:41+00:00,2026-04-17T15:52:41+00:00
1f62e1b4-91c4-5009-9895-10301731865f,TKT-000792,2f6b6099-8007-5523-9235-cf21c3bcac4c,4dbc0e6b-ab10-5b67-a928-f87e1ed2bb9a,38b70633-8c56-58a2-b08e-83e8c5c45b63,Data synchronization delay,high,closed,2025-11-12T15:28:58+00:00,2025-11-15T13:28:58+00:00
5a43ea64-e3b5-5bb9-a153-8b430e0ecb49,TKT-000793,e2796e24-73bc-50d9-8592-d2444a8ec1ff,13ea52a1-6b55-57c7-b84e-acf7fb92f106,b136f79e-100e-5a3c-b2f3-f0db6d3a6997,Configuration assistance for Cloud Workbench 92,medium,resolved,2025-08-16T17:26:53+00:00,2025-08-17T22:26:53+00:00
ea42726d-bdb2-5a22-a0f8-1a570c20bb67,TKT-000794,52d6db95-2df5-508d-a394-02136262050d,0caef625-914f-5fea-8e59-19b212bfbd46,576d59ca-e029-534d-a2fc-2c388b2c3837,Configuration assistance for Precision Engine 16,medium,resolved,2026-03-03T18:56:50+00:00,2026-03-06T20:56:50+00:00
f6fa562d-fe24-5a99-9787-342113c53e55,TKT-000795,6c9842ff-71fb-595a-8d42-349b92031020,b4065918-1c4b-50b6-b69a-d859f24bfe23,e0f2505c-fc5b-5345-8ebb-7cf3fa778973,Access policy clarification,low,resolved,2026-06-01T05:00:10+00:00,2026-06-06T00:00:10+00:00
b7dd5ca6-8a6e-5738-96f5-31b0c50a42c1,TKT-000796,f68b1bf8-566b-599a-816f-a2d153d02af8,fb4140fc-b3c1-5a6a-8613-9b068fdd2b39,b52ce1d4-6469-5a26-9909-ab8fb46083e5,Dashboard metric discrepancy,low,resolved,2025-11-22T16:33:03+00:00,2025-11-25T07:33:03+00:00
4208edac-297d-51ca-af3c-51c57ac867d8,TKT-000797,39110d84-8485-5cb3-84d7-c181db1c1ca5,673811d5-2f11-5108-8b80-c9dd0dc2adda,93a79ce4-9aa3-5428-8c89-2ce777b9617b,Data synchronization delay,low,resolved,2025-12-22T19:54:26+00:00,2025-12-23T03:54:26+00:00
1f3dc06e-59e9-57e1-8be5-20e4863bbd5a,TKT-000798,1055b7e8-8538-5966-86ca-9f9cce8f490b,3d307d78-b10f-5539-a951-7bcc9fd17161,b52ce1d4-6469-5a26-9909-ab8fb46083e5,Configuration assistance for Velocity Suite 80,critical,resolved,2026-04-05T17:16:55+00:00,2026-04-09T04:16:55+00:00
975d18a3-140c-59fd-a11c-ead30186e6b2,TKT-000799,12ebb61a-7a75-5376-aab2-7ceb1eeaaa74,d520aef1-b021-5cf0-a1d3-9e7e6d31aab7,864956dc-d3a3-5b04-8bc5-799893f07e26,Integration connection issue,high,resolved,2026-02-01T23:24:34+00:00,2026-02-02T19:24:34+00:00
c247b454-ba6b-5f9d-9486-63de03f4edc3,TKT-000800,7004f89a-407f-5257-885a-50bfaca6f7a1,d68351a2-cf36-5984-a091-28a9f5b6bb7e,38b70633-8c56-58a2-b08e-83e8c5c45b63,Access policy clarification,medium,open,2026-07-30T17:15:06+00:00,
d0de53c7-fbf9-5b03-a3ff-9c71f00fa39a,TKT-000801,3604e062-46b5-5078-94d0-24cd3c642d94,45669348-c1a3-5956-bbf2-d29bd438fbdc,38b70633-8c56-58a2-b08e-83e8c5c45b63,Configuration assistance for Adaptive Workspace 81,medium,resolved,2026-01-18T20:45:28+00:00,2026-01-22T19:45:28+00:00
e2c46a88-fa3b-5015-80d7-b79703ac34fd,TKT-000802,4d282e22-c517-59c5-9ca0-622477c0905c,1dd10a82-5cdc-539f-af3f-d3f255171973,38b70633-8c56-58a2-b08e-83e8c5c45b63,Integration connection issue,high,pending,2026-03-11T20:54:46+00:00,
92e37bc5-1970-5d72-88d8-c6ab894521ee,TKT-000803,8edd1228-3a2b-545d-a363-a0240edd721e,e53c7da2-eb34-5499-8fd8-380dd673ea82,38b70633-8c56-58a2-b08e-83e8c5c45b63,Configuration assistance for Secure Monitor 58,high,pending,2026-07-31T00:54:29+00:00,
49d101e5-12bd-5153-baa1-dda45bde44b3,TKT-000804,fdd1bf33-4026-5da5-8c98-a828d9ec7319,8a195dd5-491c-532c-9a61-886a24d451c0,fe0faaa6-ce52-59d0-935b-6d979c1a4e7d,Access policy clarification,high,resolved,2026-05-10T22:53:02+00:00,2026-05-11T11:53:02+00:00
5845e502-cba5-5c9e-a45e-94505e95d3aa,TKT-000805,f0648a7a-1f33-5d5c-a484-653be39260f5,1dd457fd-1d71-5eb5-b684-6f07d43e876c,93a79ce4-9aa3-5428-8c89-2ce777b9617b,Configuration assistance for Unified Fabric 29,high,resolved,2025-11-02T03:01:23+00:00,2025-11-04T18:01:23+00:00
0b3a7b42-8ffb-59be-825c-d1dee7865053,TKT-000806,a0f41799-d018-5980-95cb-9d8f5c11ead0,8ac2c18a-5896-572a-9f44-f5d60109258d,752d1174-aa5f-523e-a43f-23449274de00,Configuration assistance for Quantum Monitor 57,high,resolved,2025-11-11T09:47:29+00:00,2025-11-16T08:47:29+00:00
33cfcf67-b414-590e-901e-e11c1bae0547,TKT-000807,e34220b6-615a-5201-8434-eddf14b32a02,de536700-41fe-55c3-beb9-bfb9849c872b,b136f79e-100e-5a3c-b2f3-f0db6d3a6997,Data synchronization delay,medium,closed,2026-05-06T20:16:13+00:00,2026-05-07T14:16:13+00:00
8eff3924-33c0-5c1d-bbb2-9578f78ae884,TKT-000808,4b6bb816-82b5-57b3-bd02-982228d1149a,cdea42fb-ee49-5a22-a213-56a8f9fcb148,38b70633-8c56-58a2-b08e-83e8c5c45b63,Data synchronization delay,medium,open,2026-06-11T19:28:04+00:00,
e6da556e-1689-5f2f-916d-f77bd28d8054,TKT-000809,82d3547e-402b-58f3-8568-daab678823eb,fb4140fc-b3c1-5a6a-8613-9b068fdd2b39,b52ce1d4-6469-5a26-9909-ab8fb46083e5,Dashboard metric discrepancy,high,resolved,2026-04-17T16:33:57+00:00,2026-04-19T18:33:57+00:00
7bc46b25-e09e-5ced-9456-f864da6aa7eb,TKT-000810,6289e26f-3f62-5717-b208-759544c72c9b,ac03c1f7-3948-530e-8de5-80756984ab20,38b70633-8c56-58a2-b08e-83e8c5c45b63,Dashboard metric discrepancy,low,closed,2026-05-10T06:11:59+00:00,2026-05-13T01:11:59+00:00
b19471c9-3e5b-5211-983a-15663b613357,TKT-000811,387db0fb-71df-5889-b6b4-cc6802693cba,591abda9-fd16-5958-b0e9-586f0dfa6e54,7242516c-cc48-56f1-9436-4afbcf0086dc,Access policy clarification,low,resolved,2025-12-14T09:46:28+00:00,2025-12-16T03:46:28+00:00
b8544d2c-56a7-5501-8fe0-f1ceaccbfa1d,TKT-000812,b703766e-29da-5a0c-ab16-d0b8918643f5,228ccd2f-642c-5fdf-abf0-129af98a3568,38b70633-8c56-58a2-b08e-83e8c5c45b63,Integration connection issue,high,closed,2026-02-25T19:46:14+00:00,2026-03-02T14:46:14+00:00
c49b66ca-5b2e-5c62-a8a6-7b0b1feaf2a5,TKT-000813,1e63369d-411f-5853-8c02-849cf4e8764f,01351cb5-bcf4-52ee-88a1-c6442df67004,b0461422-02e1-52db-97c3-fe1789b240cf,Dashboard metric discrepancy,medium,closed,2025-11-10T20:24:18+00:00,2025-11-15T01:24:18+00:00
09489f11-df1b-5cd5-9381-8ad00b2d5510,TKT-000814,e1601e4b-9021-56e3-bb1d-fef14dbe7f8d,9a2e8c5f-4d3e-5cb8-ba78-f2bd562ee61b,864956dc-d3a3-5b04-8bc5-799893f07e26,Data synchronization delay,low,resolved,2025-08-18T04:07:56+00:00,2025-08-21T18:07:56+00:00
1b67b363-edcb-5b75-9a2a-1439f2c3c5e8,TKT-000815,a834bea2-ce91-50c8-9038-7c4a38933628,9b6b9203-f582-59b6-b64c-309881607c86,b136f79e-100e-5a3c-b2f3-f0db6d3a6997,Integration connection issue,high,open,2025-11-20T11:55:28+00:00,
7dc1f12f-f26b-51d2-b6fd-df0f289da9c1,TKT-000816,f906c04d-16d4-51fa-b739-4b43a0519d33,9e165d6f-802f-5694-a25a-20885ba2aa7f,93a79ce4-9aa3-5428-8c89-2ce777b9617b,Configuration assistance for Velocity Workspace 90,medium,pending,2026-06-22T03:20:35+00:00,
d701db8c-1ba5-5ec7-8a14-df48787d450e,TKT-000817,71759505-eb52-563b-968f-e39ae3da4478,829935ce-9ec7-5afb-a542-873877c9ce31,b0461422-02e1-52db-97c3-fe1789b240cf,Dashboard metric discrepancy,medium,resolved,2026-03-01T08:30:57+00:00,2026-03-04T21:30:57+00:00
419069d4-bc72-5461-8fff-8236c6fc4853,TKT-000818,2c1841c7-6bab-59e0-aef7-bcda2f80dd86,db43f9b2-c956-5785-8950-8287c47db3ae,752d1174-aa5f-523e-a43f-23449274de00,Dashboard metric discrepancy,medium,resolved,2025-12-20T16:06:39+00:00,2025-12-21T16:06:39+00:00
3a9b4925-e6ea-5bc4-9e3e-cb6c18249033,TKT-000819,1319795d-ef0b-5067-93ce-2bd5fa4fc6cf,75679cf6-5497-5e69-b773-db773bc6a245,fe0faaa6-ce52-59d0-935b-6d979c1a4e7d,Configuration assistance for Nexus Platform 65,medium,closed,2026-01-02T00:27:35+00:00,2026-01-04T13:27:35+00:00
482b171d-4fd0-50a3-9e3a-44df3da3becc,TKT-000820,3dbf251a-a5bf-5807-a6f3-caa0dc206be5,f9fe7a6c-9a44-59e2-a4cc-fef69cc2e48e,b0461422-02e1-52db-97c3-fe1789b240cf,Access policy clarification,medium,closed,2026-04-02T04:38:35+00:00,2026-04-02T16:38:35+00:00
e62c8cef-7d93-513f-a9bd-6b5dbb558ba7,TKT-000821,820f14e9-3ca8-5809-ad98-f704954f8e55,f78fc905-81d2-5f52-8c77-1cff3a4b42b7,576d59ca-e029-534d-a2fc-2c388b2c3837,Dashboard metric discrepancy,medium,closed,2025-08-11T07:17:51+00:00,2025-08-13T01:17:51+00:00
1995419a-19e1-5e93-8b35-c3e9a30a8812,TKT-000822,053e133a-49c6-544b-a07e-cc8c363869bc,45669348-c1a3-5956-bbf2-d29bd438fbdc,fe0faaa6-ce52-59d0-935b-6d979c1a4e7d,Dashboard metric discrepancy,medium,resolved,2026-05-16T17:44:52+00:00,2026-05-19T10:44:52+00:00
5d7f1703-c86f-5b54-acb4-8be9408c7a4d,TKT-000823,3fda2c6c-c926-56d4-a25f-f2e7e2f4bc34,6469a098-75a3-5b3b-839a-ad075a8e67ad,93a79ce4-9aa3-5428-8c89-2ce777b9617b,Dashboard metric discrepancy,medium,resolved,2026-06-21T19:42:43+00:00,2026-06-22T01:42:43+00:00
a123ca64-fe09-5a22-91a1-0775a3d2e78f,TKT-000824,39110d84-8485-5cb3-84d7-c181db1c1ca5,88f79184-2cf9-5f72-8e4a-cedfa68d9d06,fe0faaa6-ce52-59d0-935b-6d979c1a4e7d,Access policy clarification,medium,closed,2026-05-25T10:35:10+00:00,2026-05-26T05:35:10+00:00
bb00a161-ad65-5b2f-9fe8-b5e651aabfc9,TKT-000825,ea89d463-10a8-5c69-9e48-a00cfc942028,b5386670-1687-5260-ad33-97e5d697c425,576d59ca-e029-534d-a2fc-2c388b2c3837,Access policy clarification,medium,resolved,2025-10-05T12:39:30+00:00,2025-10-09T20:39:30+00:00
7593c510-3ffb-5e34-8d05-eb4fc476af1c,TKT-000826,4edd4353-ea41-5f28-a532-c57780412c41,d37c44df-541b-5bf4-b395-65b41bac88a8,752d1174-aa5f-523e-a43f-23449274de00,Integration connection issue,low,resolved,2025-12-26T20:07:48+00:00,2025-12-29T12:07:48+00:00
5febc4a3-b5f4-50bc-bc0e-46e12ac281a6,TKT-000827,7e4272d4-f864-5687-b0cf-72e011a55fc2,829935ce-9ec7-5afb-a542-873877c9ce31,e0f2505c-fc5b-5345-8ebb-7cf3fa778973,Dashboard metric discrepancy,high,resolved,2026-03-23T21:24:37+00:00,2026-03-27T02:24:37+00:00
7313561f-e918-5e77-a029-2b4879db5e04,TKT-000828,387db0fb-71df-5889-b6b4-cc6802693cba,12003734-bab7-5410-8c89-f9a8c4967dea,752d1174-aa5f-523e-a43f-23449274de00,Access policy clarification,low,resolved,2026-07-25T15:04:34+00:00,2026-07-27T21:04:34+00:00
f7778472-6f41-5545-9617-d80102f786f7,TKT-000829,d2ab141c-3bc1-5b67-a147-cfc0288402d9,3205bb8a-e766-5617-a3d4-78aaa9883bc8,38b70633-8c56-58a2-b08e-83e8c5c45b63,Integration connection issue,high,open,2026-04-28T12:49:02+00:00,
5c345071-6d28-5d1f-86a9-2bd4872ade0b,TKT-000830,2fcb06ab-8744-5be2-97af-1d16fe182b02,e691a6a3-7dd7-5d95-b97e-997e3af77227,b0461422-02e1-52db-97c3-fe1789b240cf,Dashboard metric discrepancy,medium,resolved,2025-08-29T11:11:39+00:00,2025-08-29T14:11:39+00:00
4c585f3e-27d7-55c2-baf8-1e49e5c98c0b,TKT-000831,34aa8995-af09-5745-b268-2e8eb65910e2,86eda21c-1dbc-500a-9201-b7d6b0786cc8,fe0faaa6-ce52-59d0-935b-6d979c1a4e7d,Configuration assistance for Velocity Console 10,high,resolved,2026-03-02T18:05:31+00:00,2026-03-06T21:05:31+00:00
809ff7cf-504e-5c25-aaff-5d89acad719d,TKT-000832,72e2b61c-b634-5e79-8565-069a598af025,8b12c834-e054-5502-85aa-99d1eb81eee0,e0f2505c-fc5b-5345-8ebb-7cf3fa778973,Dashboard metric discrepancy,medium,resolved,2026-03-26T12:21:23+00:00,2026-03-29T15:21:23+00:00
451bb496-e4e9-5e68-98af-8b9ceb66eeba,TKT-000833,98c4b38d-c8fd-5043-ac5f-38ada8b0589c,1ac8de35-b264-5704-978e-ce8dc08dd02d,b52ce1d4-6469-5a26-9909-ab8fb46083e5,Configuration assistance for Nexus Monitor 55,low,resolved,2025-12-01T08:57:57+00:00,2025-12-03T21:57:57+00:00
5147ba1f-e5f8-5ee4-a818-823e1809acca,TKT-000834,c871b9d2-5aba-572d-af22-8b861bacda77,80450a39-8a90-55da-adf7-0b6a1b84aeeb,e0f2505c-fc5b-5345-8ebb-7cf3fa778973,Data synchronization delay,low,resolved,2025-09-25T10:30:22+00:00,2025-09-28T16:30:22+00:00
7afa24da-8f30-5f43-be89-81f084954076,TKT-000835,e2796e24-73bc-50d9-8592-d2444a8ec1ff,591abda9-fd16-5958-b0e9-586f0dfa6e54,b0461422-02e1-52db-97c3-fe1789b240cf,Dashboard metric discrepancy,medium,resolved,2026-06-22T16:29:21+00:00,2026-06-23T16:29:21+00:00
4ea792c1-6f2b-51b7-ac23-cbab61c9ebf3,TKT-000836,9c99d82d-9768-59b0-bcee-1eb8fa296eb5,b6edaedb-a02c-5fbc-b05c-2b5d8deb20c4,b0461422-02e1-52db-97c3-fe1789b240cf,Integration connection issue,medium,closed,2025-12-28T14:01:04+00:00,2025-12-29T09:01:04+00:00
b4bdc0a6-546a-562e-8e0a-c6de311bd569,TKT-000837,8ba710c9-4197-5127-bdce-f6ff242cda4d,829935ce-9ec7-5afb-a542-873877c9ce31,576d59ca-e029-534d-a2fc-2c388b2c3837,Access policy clarification,low,resolved,2026-07-11T05:35:59+00:00,2026-07-14T10:35:59+00:00
af5b15f5-4575-54de-a7bf-4d94df9f57c2,TKT-000838,c45e7545-e687-59bc-bfcb-8aa1781a915a,c3e9c7fb-d6ab-5171-a827-7aad6b6d2342,b136f79e-100e-5a3c-b2f3-f0db6d3a6997,Data synchronization delay,high,closed,2025-08-26T21:12:14+00:00,2025-08-30T05:12:14+00:00
f9aa9e78-b2db-54ae-b67e-06e9cf1381ff,TKT-000839,713b454d-8698-5f1c-89f5-b1b4401010ea,8a195dd5-491c-532c-9a61-886a24d451c0,38b70633-8c56-58a2-b08e-83e8c5c45b63,Access policy clarification,medium,closed,2026-01-16T20:02:35+00:00,2026-01-21T12:02:35+00:00
4c8c4c36-39ee-5113-abdb-b33aa49c8fdf,TKT-000840,d9db03df-2d6b-54b9-a7f4-723fe446ffa4,e139b0f5-6ca3-5ccb-8610-5a52b4b0eb6c,b52ce1d4-6469-5a26-9909-ab8fb46083e5,Dashboard metric discrepancy,high,pending,2026-06-18T15:29:47+00:00,
5672f1ac-b5ce-5d45-9e7d-cde96b29e63a,TKT-000841,eb561ad0-9380-5a85-8731-9b83a34616f8,d3739878-986b-5b5f-a096-4452493d6cbb,38b70633-8c56-58a2-b08e-83e8c5c45b63,Dashboard metric discrepancy,low,closed,2026-01-20T08:50:05+00:00,2026-01-23T00:50:05+00:00
6bf9600c-2b4d-5295-a68d-9d8dc529f410,TKT-000842,bc9907a8-c576-5f86-9d61-076200e309c0,43d6da55-777b-55ef-8cf5-d4cc7bfa63ad,b136f79e-100e-5a3c-b2f3-f0db6d3a6997,Integration connection issue,high,closed,2025-08-10T14:31:50+00:00,2025-08-15T14:31:50+00:00
02062172-1a2a-509c-bdb8-9ed610ae281a,TKT-000843,184031f6-2b7f-5fc8-a2dc-3a0529ec90bd,0caef625-914f-5fea-8e59-19b212bfbd46,576d59ca-e029-534d-a2fc-2c388b2c3837,Data synchronization delay,medium,resolved,2025-09-10T16:59:09+00:00,2025-09-15T13:59:09+00:00
dbdbbcf7-7044-5276-a682-c76c976afec3,TKT-000844,d8b549d8-419b-52a0-ba9a-d7edfb7e0747,cb09f248-037d-5a0d-9970-99cb102c05d8,576d59ca-e029-534d-a2fc-2c388b2c3837,Configuration assistance for Secure Gateway 38,medium,resolved,2026-08-02T15:47:22+00:00,2026-08-03T15:47:22+00:00
56ab376c-bf43-54d7-b050-53239c6167be,TKT-000845,f2b634ca-cd08-51b5-bc53-6b0d79e912e1,b5386670-1687-5260-ad33-97e5d697c425,fe0faaa6-ce52-59d0-935b-6d979c1a4e7d,Dashboard metric discrepancy,high,resolved,2025-08-14T07:16:22+00:00,2025-08-18T09:16:22+00:00
a943c6ac-e7d5-5172-8a19-7f44cee6d813,TKT-000846,0d34bfa4-fcc6-59f8-9652-5e0affb1d4f4,c2be7cd9-f7ee-544a-9ceb-7052826da8ce,93a79ce4-9aa3-5428-8c89-2ce777b9617b,Integration connection issue,medium,resolved,2026-01-08T00:51:01+00:00,2026-01-10T18:51:01+00:00
461c5319-a7e6-5944-93cd-b30bc9b2ef35,TKT-000847,f65d0b29-8605-52d2-bb1f-457c9ee2abac,01351cb5-bcf4-52ee-88a1-c6442df67004,576d59ca-e029-534d-a2fc-2c388b2c3837,Data synchronization delay,high,open,2025-09-21T08:00:58+00:00,
76db29b0-76c0-59b5-8344-2c05f07d9b17,TKT-000848,5b8abb09-4a9c-53c0-af7e-2b86d19dd652,ac03c1f7-3948-530e-8de5-80756984ab20,752d1174-aa5f-523e-a43f-23449274de00,Configuration assistance for Insight Workbench 94,medium,closed,2025-08-26T02:00:14+00:00,2025-08-28T22:00:14+00:00
25bdc9c8-84dd-5c52-8b9d-94ca9ced4204,TKT-000849,219adb0d-08f2-5951-a5c0-5fda355c7032,2f2113cc-589a-55b5-846a-78fddce3a3c9,7242516c-cc48-56f1-9436-4afbcf0086dc,Access policy clarification,low,closed,2026-01-30T07:40:51+00:00,2026-02-03T01:40:51+00:00
ed9c160d-78c0-5c15-ad9f-7a50fe75d98a,TKT-000850,6c7e2291-c37b-5221-adf7-b99f74c62056,5d462a8e-32e0-59ad-ae5c-9d66eda72663,576d59ca-e029-534d-a2fc-2c388b2c3837,Integration connection issue,critical,pending,2025-09-28T01:22:15+00:00,
e1f0a82b-4843-5078-9b9d-1cced58445bb,TKT-000851,1ed6801c-2884-5f46-b43a-cafefde74591,45669348-c1a3-5956-bbf2-d29bd438fbdc,fe0faaa6-ce52-59d0-935b-6d979c1a4e7d,Access policy clarification,high,closed,2025-11-05T07:54:37+00:00,2025-11-09T12:54:37+00:00
7224a341-c26c-5bea-b8c7-f235279bd47b,TKT-000852,03369d23-5aef-5f2c-8d18-b3477b5d178a,201fb8e4-2c24-5483-b44d-4063694486b2,93a79ce4-9aa3-5428-8c89-2ce777b9617b,Integration connection issue,medium,resolved,2026-04-29T01:31:02+00:00,2026-04-29T20:31:02+00:00
3b34fd29-e69e-53cc-9cf3-369d13b93214,TKT-000853,02fd1e04-d5ac-5004-a5c4-72fccf654ea6,f78fc905-81d2-5f52-8c77-1cff3a4b42b7,e0f2505c-fc5b-5345-8ebb-7cf3fa778973,Dashboard metric discrepancy,critical,resolved,2025-08-19T09:17:15+00:00,2025-08-20T15:17:15+00:00
f5d86e39-f292-546d-8443-57d93077efc5,TKT-000854,471faf4a-015d-5282-99b0-d8e38ae6afbe,2e263bcd-bacc-5f51-b35b-70d1674f4dc5,e0f2505c-fc5b-5345-8ebb-7cf3fa778973,Data synchronization delay,medium,closed,2025-12-11T01:56:30+00:00,2025-12-12T03:56:30+00:00
b6fd1828-6ebc-5a7e-929d-69cc04b9b3e3,TKT-000855,6ad6d4cf-225a-5827-8d44-2584bc83022a,a042ed60-9218-5159-876b-6c4dd0e5f934,864956dc-d3a3-5b04-8bc5-799893f07e26,Configuration assistance for Precision Suite 76,medium,pending,2025-09-03T16:52:12+00:00,
0161fda1-ba59-518f-8017-729e3911450c,TKT-000856,24fa888d-84ed-513a-9ee9-a92f4f6ade86,9b6b9203-f582-59b6-b64c-309881607c86,b0461422-02e1-52db-97c3-fe1789b240cf,Data synchronization delay,low,resolved,2026-05-27T17:22:49+00:00,2026-05-30T20:22:49+00:00
69fbea5b-30bc-5799-ad2c-c535657454e4,TKT-000857,f01fb266-be0e-529e-8004-92cdf4cc9317,241d3cd0-ef2c-56b8-bb75-b039a61b370a,b136f79e-100e-5a3c-b2f3-f0db6d3a6997,Data synchronization delay,medium,resolved,2025-11-09T21:17:18+00:00,2025-11-10T15:17:18+00:00
7d55789a-20ad-5d83-8c3b-562b3e578830,TKT-000858,53e40369-8557-5ee4-8257-fdf32d502ce4,228ccd2f-642c-5fdf-abf0-129af98a3568,576d59ca-e029-534d-a2fc-2c388b2c3837,Configuration assistance for Velocity Platform 70,medium,closed,2026-03-07T19:04:16+00:00,2026-03-12T00:04:16+00:00
316a5341-c0b4-5533-912a-15e8f5c6d246,TKT-000859,3604e062-46b5-5078-94d0-24cd3c642d94,1cc795b2-21b3-5c5e-84f0-8f1fa20a6dd4,b52ce1d4-6469-5a26-9909-ab8fb46083e5,Data synchronization delay,low,open,2025-08-14T02:54:33+00:00,
08d71ec1-cced-5d68-abec-c63eadc4c20c,TKT-000860,8de18351-1e5e-544d-a3fe-2e406340c7bc,f350d57a-8885-50f1-b76a-29f7a8057a35,fe0faaa6-ce52-59d0-935b-6d979c1a4e7d,Configuration assistance for Secure Hub 48,medium,closed,2026-01-17T02:09:33+00:00,2026-01-21T04:09:33+00:00
f34c9200-0b09-5005-9a47-3d57ea5c40eb,TKT-000861,41ac330f-ba74-5e82-a265-9bd30e071559,673811d5-2f11-5108-8b80-c9dd0dc2adda,b52ce1d4-6469-5a26-9909-ab8fb46083e5,Data synchronization delay,low,resolved,2026-04-04T05:30:10+00:00,2026-04-06T00:30:10+00:00
13aced9e-527e-5cda-bdb0-f89cf0958f1b,TKT-000862,cf2226a8-1b7f-5eb6-8a4c-6bd84e7f34df,d520aef1-b021-5cf0-a1d3-9e7e6d31aab7,b0461422-02e1-52db-97c3-fe1789b240cf,Dashboard metric discrepancy,low,closed,2025-10-10T05:25:29+00:00,2025-10-14T10:25:29+00:00
ac6e81c1-b13c-5590-875a-6bd61953b22a,TKT-000863,9f7b7f01-a60c-5dc1-9967-c775a39903a8,f350d57a-8885-50f1-b76a-29f7a8057a35,864956dc-d3a3-5b04-8bc5-799893f07e26,Access policy clarification,low,resolved,2025-10-31T07:36:13+00:00,2025-11-01T02:36:13+00:00
18469726-5441-5672-9c19-f31fff570f45,TKT-000864,2ca6c1cf-f742-57f7-b43e-589510bd781f,8ac2c18a-5896-572a-9f44-f5d60109258d,93a79ce4-9aa3-5428-8c89-2ce777b9617b,Data synchronization delay,low,resolved,2025-08-26T23:56:49+00:00,2025-08-31T06:56:49+00:00
a6b9a249-3fa3-5caf-8f3b-e2c09347f99c,TKT-000865,a85bd626-8a28-5fe3-8033-401cc6ee790e,2f2113cc-589a-55b5-846a-78fddce3a3c9,b52ce1d4-6469-5a26-9909-ab8fb46083e5,Configuration assistance for Cloud Engine 12,low,resolved,2025-08-09T20:13:55+00:00,2025-08-10T18:13:55+00:00
f36a2b7d-6a59-5559-9034-f12f699bde1d,TKT-000866,6c7e2291-c37b-5221-adf7-b99f74c62056,228ccd2f-642c-5fdf-abf0-129af98a3568,576d59ca-e029-534d-a2fc-2c388b2c3837,Integration connection issue,medium,open,2026-06-23T08:09:28+00:00,
b5b7dd73-138d-55ef-90b4-857de7215373,TKT-000867,6723025d-688e-5195-bedd-bcb932d3d17b,a042ed60-9218-5159-876b-6c4dd0e5f934,b136f79e-100e-5a3c-b2f3-f0db6d3a6997,Data synchronization delay,medium,resolved,2026-03-18T16:22:31+00:00,2026-03-21T04:22:31+00:00
2df3c833-bf8c-52e2-ba25-c14e1943f088,TKT-000868,405f7bae-779e-5a02-bcd6-7f8bcb6c819a,0137b3c3-db39-5e56-abf7-8ae43bc349ad,b0461422-02e1-52db-97c3-fe1789b240cf,Access policy clarification,medium,pending,2025-11-09T01:28:04+00:00,
e12a9bed-03dd-55b1-9baa-a3c36ff9a646,TKT-000869,b3a45022-1f53-54d9-b834-97360e5477b5,de536700-41fe-55c3-beb9-bfb9849c872b,e0f2505c-fc5b-5345-8ebb-7cf3fa778973,Dashboard metric discrepancy,low,resolved,2025-12-09T19:04:43+00:00,2025-12-14T04:04:43+00:00
07abbf5d-bece-5220-a949-b01d948b0c9a,TKT-000870,74cf633d-26d0-5c3c-9200-656f0fe1bab7,b4065918-1c4b-50b6-b69a-d859f24bfe23,b136f79e-100e-5a3c-b2f3-f0db6d3a6997,Configuration assistance for Enterprise Gateway 33,critical,resolved,2025-08-14T06:29:21+00:00,2025-08-18T10:29:21+00:00
2e670d82-ba68-54a8-b5a8-47e556e1b243,TKT-000871,bffe2a6e-3224-59cf-a78a-767da38789d8,1fa2b768-1b9d-5b9c-befa-fac1ccb97563,576d59ca-e029-534d-a2fc-2c388b2c3837,Data synchronization delay,low,pending,2025-08-29T19:31:12+00:00,
ad1a2897-0cda-522b-b4c5-a2163c22d58a,TKT-000872,7d426d71-c6e4-5914-8ad8-a142129a8265,599db343-a607-5259-8af1-adde7b1a86ce,864956dc-d3a3-5b04-8bc5-799893f07e26,Data synchronization delay,medium,resolved,2026-07-13T10:51:24+00:00,2026-07-17T00:51:24+00:00
556a7777-8fee-5938-bbf7-b7f53d3b448c,TKT-000873,4e8d9a35-92c7-5ebc-9d79-0467edde17b9,cb09f248-037d-5a0d-9970-99cb102c05d8,576d59ca-e029-534d-a2fc-2c388b2c3837,Access policy clarification,high,open,2026-04-20T01:44:56+00:00,
75e2d83e-e84a-5f29-addf-961d6e038ae3,TKT-000874,638b00ed-91cb-531d-b799-3b67878ac7b3,d68351a2-cf36-5984-a091-28a9f5b6bb7e,7242516c-cc48-56f1-9436-4afbcf0086dc,Dashboard metric discrepancy,medium,open,2026-06-15T18:51:39+00:00,
fb2a56eb-620d-59f6-ae77-12b63783e514,TKT-000875,93bf04d9-8e55-5311-acba-bb55bb0a74b1,dee51c26-0113-56c0-a9c6-edbcfc488df1,864956dc-d3a3-5b04-8bc5-799893f07e26,Integration connection issue,low,closed,2026-03-08T19:09:50+00:00,2026-03-13T04:09:50+00:00
3b3d90e2-a8c7-5ffb-a44b-2d6950840dfc,TKT-000876,6aea5a07-6ece-51ab-b807-9b678bb5b1d1,d37c44df-541b-5bf4-b395-65b41bac88a8,fe0faaa6-ce52-59d0-935b-6d979c1a4e7d,Data synchronization delay,high,pending,2025-10-03T20:55:05+00:00,
32bee138-8902-5034-b204-661e79896188,TKT-000877,c4156948-f677-5af4-a0de-d5141492c2fc,e69a7c0b-6875-5a37-a379-abbc430fb47b,fe0faaa6-ce52-59d0-935b-6d979c1a4e7d,Access policy clarification,medium,resolved,2025-11-06T16:16:33+00:00,2025-11-08T12:16:33+00:00
e23508ca-0d8f-5c9c-bba3-82eac96c8f22,TKT-000878,ebbe7ebd-6675-5967-8807-1e99ebe9f4d5,1c3b9a21-09fa-5c21-bdad-35f2eb8a273f,38b70633-8c56-58a2-b08e-83e8c5c45b63,Integration connection issue,medium,resolved,2026-07-11T09:19:02+00:00,2026-07-13T08:19:02+00:00
68703321-9533-5ad1-aef2-7b1be61a0e10,TKT-000879,8f1ae530-27a9-5f1b-a497-89b9e2010b99,deaf9542-d65c-5f41-b22e-b1d033baea7a,38b70633-8c56-58a2-b08e-83e8c5c45b63,Dashboard metric discrepancy,medium,resolved,2026-07-29T01:32:25+00:00,2026-07-29T02:32:25+00:00
dd84ec96-b9ae-58b8-9890-601818d8a315,TKT-000880,a4fe1d50-055c-55b0-865e-a4d94101c9a6,851c23cd-3716-5170-b9ac-0c25ddc7c95c,38b70633-8c56-58a2-b08e-83e8c5c45b63,Integration connection issue,critical,resolved,2025-09-05T11:06:30+00:00,2025-09-09T10:06:30+00:00
012d3d8b-12dc-59e6-8fcf-2df67ab7fc13,TKT-000881,ea89d463-10a8-5c69-9e48-a00cfc942028,1dd10a82-5cdc-539f-af3f-d3f255171973,864956dc-d3a3-5b04-8bc5-799893f07e26,Dashboard metric discrepancy,low,resolved,2025-10-03T02:42:48+00:00,2025-10-07T00:42:48+00:00
6dfb421c-6e60-5583-993e-fc155a046027,TKT-000882,59404051-6e1f-5c07-92ce-c1b7d5876fc1,db43f9b2-c956-5785-8950-8287c47db3ae,864956dc-d3a3-5b04-8bc5-799893f07e26,Data synchronization delay,high,resolved,2026-01-23T05:39:00+00:00,2026-01-27T04:39:00+00:00
5ede9c9a-0ce4-58e7-961c-83f4094ea1da,TKT-000883,9f769551-bb60-5df1-a479-16f53ffee812,9b6b9203-f582-59b6-b64c-309881607c86,576d59ca-e029-534d-a2fc-2c388b2c3837,Configuration assistance for Insight Console 04,medium,resolved,2026-07-04T06:25:03+00:00,2026-07-09T01:25:03+00:00
dd4da083-40cb-5d34-822a-c9a1f87fe3a1,TKT-000884,dd5cd671-0268-55ac-a614-2ac59c182f40,cd410e43-ec3c-524b-84c6-84482a7b1204,864956dc-d3a3-5b04-8bc5-799893f07e26,Dashboard metric discrepancy,low,resolved,2025-09-22T06:38:56+00:00,2025-09-23T21:38:56+00:00
a4eb1416-e94f-59c3-b19b-b4ccf20b8a79,TKT-000885,57f9a8b3-e5ff-5ea5-b2f2-b5735ffb7811,8d6058a9-d9fb-546e-b841-e6b4a0978311,576d59ca-e029-534d-a2fc-2c388b2c3837,Data synchronization delay,low,closed,2026-07-11T11:26:03+00:00,2026-07-11T19:26:03+00:00
bd77d3c2-96b8-5840-9e0a-9163dfd08d6b,TKT-000886,d8e5fdba-aacc-51c8-aa52-eecb16013cc4,fd5d29e1-571f-589d-be31-aa00127c02aa,e0f2505c-fc5b-5345-8ebb-7cf3fa778973,Data synchronization delay,low,open,2025-10-21T11:00:03+00:00,
a6fa93e6-3e58-56d1-b740-32f577414c0d,TKT-000887,6289e26f-3f62-5717-b208-759544c72c9b,13ea52a1-6b55-57c7-b84e-acf7fb92f106,576d59ca-e029-534d-a2fc-2c388b2c3837,Integration connection issue,medium,open,2025-10-10T23:42:16+00:00,
6d34da7f-c11e-5a67-a8d7-6b12311a4d6d,TKT-000888,537c53b7-a6d7-5e3b-bf4c-d9d10b7d265d,e69a7c0b-6875-5a37-a379-abbc430fb47b,b136f79e-100e-5a3c-b2f3-f0db6d3a6997,Configuration assistance for Nexus Workspace 85,low,resolved,2026-07-11T17:24:11+00:00,2026-07-15T18:24:11+00:00
8cc8b065-504b-5dc7-a798-190faa832b00,TKT-000889,f8c7eff7-a4df-5068-a000-f19c3841a85b,aa67b9d9-b4e2-53f3-9447-ca933b53344f,e0f2505c-fc5b-5345-8ebb-7cf3fa778973,Integration connection issue,high,open,2026-02-03T04:58:26+00:00,
e6fa4e9d-dc4c-5564-9001-877d331b416e,TKT-000890,de2eaee2-a489-5d91-a5f3-d7b041fed771,829935ce-9ec7-5afb-a542-873877c9ce31,b136f79e-100e-5a3c-b2f3-f0db6d3a6997,Data synchronization delay,high,open,2026-03-10T19:59:36+00:00,
0624df95-d93f-5f1a-b9d3-b76293c21820,TKT-000891,2fcd5fdd-2d0c-5819-a291-64fefad299fd,1dd457fd-1d71-5eb5-b684-6f07d43e876c,b136f79e-100e-5a3c-b2f3-f0db6d3a6997,Data synchronization delay,low,closed,2025-09-19T05:03:12+00:00,2025-09-22T01:03:12+00:00
e4658d27-f052-52f6-a6dd-d1dc8c969e84,TKT-000892,f602a6a2-3a5a-50db-8935-3d2a6f4c76e3,e53c7da2-eb34-5499-8fd8-380dd673ea82,864956dc-d3a3-5b04-8bc5-799893f07e26,Integration connection issue,medium,resolved,2026-05-03T08:58:47+00:00,2026-05-07T21:58:47+00:00
64f23e4c-01db-503b-bb9f-ba4a9750361b,TKT-000893,225ac19b-ce5f-585c-b5e4-1f431f510a79,dee51c26-0113-56c0-a9c6-edbcfc488df1,864956dc-d3a3-5b04-8bc5-799893f07e26,Access policy clarification,high,closed,2025-09-10T12:04:59+00:00,2025-09-13T10:04:59+00:00
238f73cd-6e4f-52b7-8531-207d7ede7b88,TKT-000894,cf2226a8-1b7f-5eb6-8a4c-6bd84e7f34df,e3b2c918-6a66-5db3-87f9-e5c71515f2ab,b0461422-02e1-52db-97c3-fe1789b240cf,Dashboard metric discrepancy,medium,resolved,2026-02-09T08:47:03+00:00,2026-02-10T13:47:03+00:00
00e74991-2f1c-5395-bab3-a52a22773feb,TKT-000895,ea1db81d-517d-59e1-9029-bf062d02a015,88f79184-2cf9-5f72-8e4a-cedfa68d9d06,7242516c-cc48-56f1-9436-4afbcf0086dc,Configuration assistance for Secure Engine 18,low,resolved,2026-05-30T16:49:22+00:00,2026-06-03T19:49:22+00:00
42790100-cdf5-5499-a52a-ad00fc010207,TKT-000896,a834bea2-ce91-50c8-9038-7c4a38933628,e3b2c918-6a66-5db3-87f9-e5c71515f2ab,fe0faaa6-ce52-59d0-935b-6d979c1a4e7d,Configuration assistance for Enterprise Workspace 83,medium,resolved,2026-05-02T00:27:59+00:00,2026-05-03T14:27:59+00:00
85ffb097-5090-5737-94b8-40d589a7b56a,TKT-000897,72b1e8bc-0905-5b54-9feb-da127b614396,80450a39-8a90-55da-adf7-0b6a1b84aeeb,b0461422-02e1-52db-97c3-fe1789b240cf,Configuration assistance for Unified Workbench 99,low,resolved,2025-09-20T19:31:47+00:00,2025-09-21T15:31:47+00:00
cdc65b6c-c18f-522f-824d-2e7fce3e8582,TKT-000898,328c00d1-8d31-56fc-b118-f14451e8e83e,13ea52a1-6b55-57c7-b84e-acf7fb92f106,e0f2505c-fc5b-5345-8ebb-7cf3fa778973,Dashboard metric discrepancy,critical,resolved,2026-04-30T13:47:42+00:00,2026-05-04T15:47:42+00:00
47a8928d-b499-583b-93b4-9399a40a6652,TKT-000899,eace5daf-67c4-5404-840f-64be4f98d51e,bab29423-27f9-5732-bd8b-a403c95b1a96,b52ce1d4-6469-5a26-9909-ab8fb46083e5,Integration connection issue,medium,resolved,2026-02-11T09:00:17+00:00,2026-02-14T19:00:17+00:00
dc5bc664-ab54-59ad-83a0-aa57da1815c8,TKT-000900,386b1daf-8e64-5b8e-8c48-36b4f45e4676,43d6da55-777b-55ef-8cf5-d4cc7bfa63ad,b0461422-02e1-52db-97c3-fe1789b240cf,Data synchronization delay,low,resolved,2026-04-07T01:56:44+00:00,2026-04-11T23:56:44+00:00
