Date,Revenue,Orders,Cancelled,Region,Product,Customer
2025-08-08,23247,28,1,North,Sentinel Core,Customer 072 Solutions
2025-08-08,79638,41,2,South,Forecast Studio,Customer 016 Solutions
2025-08-08,70784,28,0,East,Sentinel Core,Customer 068 Group
2025-08-08,179322,82,4,West,Risk Monitor,Customer 094 Solutions
2025-08-09,50213.14,42,3,South,Forecast Studio,Customer 050 Holdings
2025-08-09,302019.86,63,4,East,Sentinel Core,Customer 108 Group
2025-08-09,52311.87,14,1,West,Data Fabric,Customer 042 Systems
2025-08-09,281503.83,66,1,Central,Forecast Studio,Customer 095 Group
2025-08-10,312506.14,56,4,East,Sentinel Core,Customer 012 Solutions
2025-08-10,330214.59,72,6,West,Sentinel Core,Customer 064 Group
2025-08-10,77956.61,30,2,Central,Support Intelligence,Customer 018 Solutions
2025-08-10,66210.63,52,2,North,Risk Monitor,Customer 080 Industries
2025-08-11,212100.8,76,5,West,Executive Copilot,Customer 077 Solutions
2025-08-11,362966.78,78,4,Central,Forecast Studio,Customer 112 Holdings
2025-08-11,17995.59,14,1,North,Support Intelligence,Customer 098 Holdings
2025-08-11,49162.48,59,5,South,Data Fabric,Customer 115 Holdings
2025-08-12,42690.29,35,1,Central,Risk Monitor,Customer 073 Holdings
2025-08-12,224201.85,80,7,North,Data Fabric,Customer 078 Holdings
2025-08-12,79548.42,23,2,South,Sentinel Core,Customer 015 Group
2025-08-12,57669.49,15,0,East,Support Intelligence,Customer 070 Systems
2025-08-13,227712.83,46,1,North,Executive Copilot,Customer 116 Group
2025-08-13,173671.58,65,1,South,Sentinel Core,Customer 098 Holdings
2025-08-13,296120.95,76,1,East,Support Intelligence,Customer 001 Holdings
2025-08-13,177322.85,33,3,West,Support Intelligence,Customer 012 Solutions
2025-08-14,145657.2,83,4,South,Forecast Studio,Customer 002 Group
2025-08-14,69554.75,15,1,East,Risk Monitor,Customer 015 Group
2025-08-14,145576.9,52,3,West,Executive Copilot,Customer 009 Group
2025-08-14,129893.74,44,3,Central,Risk Monitor,Customer 020 Solutions
2025-08-15,169795.29,55,3,East,Risk Monitor,Customer 027 Systems
2025-08-15,97321.87,72,1,West,Data Fabric,Customer 014 Industries
2025-08-15,36868.06,16,0,Central,Forecast Studio,Customer 057 Systems
2025-08-15,222680.01,55,5,North,Forecast Studio,Customer 112 Holdings
2025-08-16,165563.07,31,2,West,Risk Monitor,Customer 120 Group
2025-08-16,418620.95,76,5,Central,Support Intelligence,Customer 026 Systems
2025-08-16,137835.19,55,3,North,Risk Monitor,Customer 007 Systems
2025-08-16,28693.52,17,1,South,Risk Monitor,Customer 067 Group
2025-08-17,204174.74,54,1,Central,Risk Monitor,Customer 070 Systems
2025-08-17,122869.59,29,1,North,Executive Copilot,Customer 019 Systems
2025-08-17,107123.09,57,2,South,Forecast Studio,Customer 042 Systems
2025-08-17,90423.76,29,1,East,Executive Copilot,Customer 005 Group
2025-08-18,179126.9,67,1,North,Data Fabric,Customer 088 Solutions
2025-08-18,86583.34,15,0,South,Support Intelligence,Customer 102 Solutions
2025-08-18,93887.22,28,1,East,Data Fabric,Customer 117 Group
2025-08-18,115982.75,23,1,West,Forecast Studio,Customer 006 Industries
2025-08-19,52289.42,41,3,South,Forecast Studio,Customer 086 Systems
2025-08-19,346177.45,81,4,East,Executive Copilot,Customer 099 Solutions
2025-08-19,190717.15,77,6,West,Sentinel Core,Customer 040 Systems
2025-08-19,98855.32,76,7,Central,Risk Monitor,Customer 063 Systems
2025-08-20,184546.64,35,0,East,Forecast Studio,Customer 113 Group
2025-08-20,99176.65,29,1,West,Support Intelligence,Customer 083 Industries
2025-08-20,171968.84,38,3,Central,Forecast Studio,Customer 091 Systems
2025-08-20,92827.86,19,1,North,Executive Copilot,Customer 022 Solutions
2025-08-21,342394.14,75,1,West,Risk Monitor,Customer 024 Solutions
2025-08-21,160416.04,65,4,Central,Support Intelligence,Customer 052 Solutions
2025-08-21,71938.74,59,2,North,Risk Monitor,Customer 064 Group
2025-08-21,75749.83,15,1,South,Risk Monitor,Customer 022 Solutions
2025-08-22,58285.69,53,2,Central,Data Fabric,Customer 028 Group
2025-08-22,437651.81,83,4,North,Sentinel Core,Customer 035 Systems
2025-08-22,140184.19,75,2,South,Sentinel Core,Customer 040 Systems
2025-08-22,235878.97,39,1,East,Forecast Studio,Customer 066 Group
2025-08-23,18310.78,19,2,North,Risk Monitor,Customer 035 Systems
2025-08-23,179763.07,69,5,South,Forecast Studio,Customer 080 Industries
2025-08-23,38696.68,29,1,East,Forecast Studio,Customer 013 Group
2025-08-23,175146.61,34,0,West,Support Intelligence,Customer 034 Solutions
2025-08-24,274889.41,69,3,South,Risk Monitor,Customer 090 Systems
2025-08-24,52511.02,15,1,East,Support Intelligence,Customer 036 Solutions
2025-08-24,179520.29,34,2,West,Executive Copilot,Customer 051 Systems
2025-08-24,322085.68,72,1,Central,Forecast Studio,Customer 005 Group
2025-08-25,106333.98,36,2,East,Risk Monitor,Customer 119 Industries
2025-08-25,246072.27,61,5,West,Sentinel Core,Customer 069 Solutions
2025-08-25,153585.97,49,4,Central,Risk Monitor,Customer 089 Group
2025-08-25,228943.35,38,2,North,Risk Monitor,Customer 108 Group
2025-08-26,95261.73,22,1,West,Forecast Studio,Customer 019 Systems
2025-08-26,20244.4,15,1,Central,Forecast Studio,Customer 092 Systems
2025-08-26,196592.8,47,4,North,Risk Monitor,Customer 022 Solutions
2025-08-26,287778.6,62,1,South,Forecast Studio,Customer 083 Industries
2025-08-27,363844.51,80,3,Central,Forecast Studio,Customer 050 Holdings
2025-08-27,63992.23,23,1,North,Forecast Studio,Customer 073 Holdings
2025-08-27,58115.89,55,4,South,Sentinel Core,Customer 103 Systems
2025-08-27,80103.29,43,3,East,Executive Copilot,Customer 090 Systems
2025-08-28,20603.4,20,1,North,Executive Copilot,Customer 109 Industries
2025-08-28,96053.31,30,1,South,Data Fabric,Customer 052 Solutions
2025-08-28,440372.82,78,1,East,Data Fabric,Customer 071 Industries
2025-08-28,55075.19,15,1,West,Support Intelligence,Customer 016 Solutions
2025-08-29,274246.31,82,2,South,Support Intelligence,Customer 058 Systems
2025-08-29,128595.74,26,2,East,Support Intelligence,Customer 091 Systems
2025-08-29,104050.91,41,4,West,Executive Copilot,Customer 093 Holdings
2025-08-29,170982.43,34,3,Central,Support Intelligence,Customer 084 Group
2025-08-30,179541.9,38,3,East,Support Intelligence,Customer 104 Group
2025-08-30,69549.45,26,1,West,Support Intelligence,Customer 021 Systems
2025-08-30,358617.83,82,2,Central,Data Fabric,Customer 085 Systems
2025-08-30,307070.23,76,5,North,Data Fabric,Customer 065 Holdings
2025-08-31,317202.04,65,2,West,Executive Copilot,Customer 111 Systems
2025-08-31,294275.65,82,4,Central,Executive Copilot,Customer 089 Group
2025-08-31,270594.49,83,5,North,Executive Copilot,Customer 063 Systems
2025-08-31,461161.58,84,5,South,Risk Monitor,Customer 087 Systems
2025-09-01,239290.27,74,6,Central,Forecast Studio,Customer 020 Solutions
2025-09-01,312062.91,51,2,North,Forecast Studio,Customer 053 Systems
2025-09-01,109419.14,79,3,South,Executive Copilot,Customer 085 Systems
2025-09-01,217644.37,71,5,East,Forecast Studio,Customer 025 Systems
2025-09-02,328981.68,76,2,North,Support Intelligence,Customer 070 Systems
2025-09-02,200715.6,83,4,South,Data Fabric,Customer 027 Systems
2025-09-02,237028.89,65,4,East,Sentinel Core,Customer 075 Group
2025-09-02,90460.58,71,5,West,Sentinel Core,Customer 062 Systems
2025-09-03,165417.87,33,2,South,Forecast Studio,Customer 059 Group
2025-09-03,382772.26,83,2,East,Risk Monitor,Customer 096 Holdings
2025-09-03,264007.23,67,2,West,Executive Copilot,Customer 092 Systems
2025-09-03,26461.13,27,2,Central,Risk Monitor,Customer 071 Industries
2025-09-04,332136.35,72,6,East,Support Intelligence,Customer 007 Systems
2025-09-04,85627.43,24,2,West,Data Fabric,Customer 018 Solutions
2025-09-04,121554.86,39,1,Central,Support Intelligence,Customer 063 Systems
2025-09-04,179303.86,27,0,North,Data Fabric,Customer 073 Holdings
2025-09-05,185862.7,72,2,West,Data Fabric,Customer 067 Group
2025-09-05,71449.3,21,1,Central,Executive Copilot,Customer 059 Group
2025-09-05,109397.34,71,1,North,Sentinel Core,Customer 083 Industries
2025-09-05,226936.38,79,3,South,Sentinel Core,Customer 005 Group
2025-09-06,90474.93,32,1,Central,Support Intelligence,Customer 076 Solutions
2025-09-06,39079.02,20,0,North,Executive Copilot,Customer 010 Systems
2025-09-06,278526.82,64,4,South,Sentinel Core,Customer 001 Holdings
2025-09-06,138059.82,80,6,East,Risk Monitor,Customer 008 Solutions
2025-09-07,116828.89,30,2,North,Risk Monitor,Customer 120 Group
2025-09-07,43427.25,46,3,South,Risk Monitor,Customer 014 Industries
2025-09-07,143744.34,33,0,East,Risk Monitor,Customer 057 Systems
2025-09-07,321324.77,66,3,West,Sentinel Core,Customer 001 Holdings
2025-09-08,133661.75,32,2,South,Data Fabric,Customer 064 Group
2025-09-08,116376.56,39,1,East,Forecast Studio,Customer 080 Industries
2025-09-08,194205.33,35,2,West,Sentinel Core,Customer 034 Solutions
2025-09-08,39208.53,14,1,Central,Support Intelligence,Customer 087 Systems
2025-09-09,112048.53,24,1,East,Sentinel Core,Customer 061 Holdings
2025-09-09,108882.76,50,2,West,Executive Copilot,Customer 039 Industries
2025-09-09,203859.29,42,3,Central,Support Intelligence,Customer 061 Holdings
2025-09-09,56558.04,21,0,North,Executive Copilot,Customer 097 Industries
2025-09-10,105428.01,48,4,West,Executive Copilot,Customer 060 Systems
2025-09-10,226980.21,68,1,Central,Sentinel Core,Customer 012 Solutions
2025-09-10,191030.16,77,2,North,Support Intelligence,Customer 114 Holdings
2025-09-10,125887.11,20,0,South,Forecast Studio,Customer 010 Systems
2025-09-11,465505.16,77,2,Central,Data Fabric,Customer 035 Systems
2025-09-11,231154.63,76,3,North,Executive Copilot,Customer 073 Holdings
2025-09-11,304395.64,58,1,South,Support Intelligence,Customer 093 Holdings
2025-09-11,323551.4,63,3,East,Executive Copilot,Customer 120 Group
2025-09-12,198633.07,70,1,North,Data Fabric,Customer 076 Solutions
2025-09-12,281935.46,71,5,South,Support Intelligence,Customer 086 Systems
2025-09-12,260682.52,50,1,East,Executive Copilot,Customer 096 Holdings
2025-09-12,66524.1,47,3,West,Support Intelligence,Customer 072 Solutions
2025-09-13,220177.43,35,1,South,Risk Monitor,Customer 105 Industries
2025-09-13,227724.52,43,3,East,Data Fabric,Customer 015 Group
2025-09-13,74758.18,43,2,West,Sentinel Core,Customer 085 Systems
2025-09-13,222424.94,39,3,Central,Support Intelligence,Customer 037 Solutions
2025-09-14,128027.93,26,1,East,Support Intelligence,Customer 075 Group
2025-09-14,43065.58,24,2,West,Sentinel Core,Customer 068 Group
2025-09-14,408721.01,66,4,Central,Support Intelligence,Customer 042 Systems
2025-09-14,182454.17,51,3,North,Sentinel Core,Customer 086 Systems
2025-09-15,49476.82,33,2,West,Forecast Studio,Customer 023 Group
2025-09-15,99558.47,51,2,Central,Support Intelligence,Customer 072 Solutions
2025-09-15,99757.15,16,0,North,Executive Copilot,Customer 118 Industries
2025-09-15,181389.41,66,2,South,Data Fabric,Customer 010 Systems
2025-09-16,235930.37,81,3,Central,Sentinel Core,Customer 028 Group
2025-09-16,82021.27,22,1,North,Risk Monitor,Customer 016 Solutions
2025-09-16,39581.31,39,1,South,Forecast Studio,Customer 030 Systems
2025-09-16,322632.85,84,5,East,Sentinel Core,Customer 036 Solutions
2025-09-17,56983.56,25,2,North,Risk Monitor,Customer 119 Industries
2025-09-17,120988.67,46,3,South,Executive Copilot,Customer 034 Solutions
2025-09-17,88905.11,15,1,East,Data Fabric,Customer 001 Holdings
2025-09-17,86741.66,35,2,West,Support Intelligence,Customer 043 Industries
2025-09-18,103825.12,33,3,South,Data Fabric,Customer 012 Solutions
2025-09-18,47175.17,33,3,East,Support Intelligence,Customer 007 Systems
2025-09-18,67306.33,27,2,West,Forecast Studio,Customer 060 Systems
2025-09-18,60400.11,46,3,Central,Risk Monitor,Customer 094 Solutions
2025-09-19,308807.69,77,6,East,Forecast Studio,Customer 069 Solutions
2025-09-19,228594.32,58,4,West,Support Intelligence,Customer 001 Holdings
2025-09-19,286365.83,50,1,Central,Support Intelligence,Customer 043 Industries
2025-09-19,109575.99,30,1,North,Risk Monitor,Customer 053 Systems
2025-09-20,42322.57,19,1,West,Forecast Studio,Customer 105 Industries
2025-09-20,98467.76,20,1,Central,Sentinel Core,Customer 115 Holdings
2025-09-20,220242.98,47,2,North,Executive Copilot,Customer 057 Systems
2025-09-20,433420,65,1,South,Data Fabric,Customer 088 Solutions
2025-09-21,32066.78,19,1,Central,Executive Copilot,Customer 095 Group
2025-09-21,89760.77,18,1,North,Sentinel Core,Customer 029 Systems
2025-09-21,57558.49,43,2,South,Risk Monitor,Customer 103 Systems
2025-09-21,288960.85,46,2,East,Risk Monitor,Customer 008 Solutions
2025-09-22,127124.77,21,2,North,Executive Copilot,Customer 082 Group
2025-09-22,310132.5,62,3,South,Data Fabric,Customer 034 Solutions
2025-09-22,188182.98,29,1,East,Data Fabric,Customer 087 Systems
2025-09-22,270850.19,48,1,West,Support Intelligence,Customer 012 Solutions
2025-09-23,179588.18,66,5,South,Data Fabric,Customer 050 Holdings
2025-09-23,394409.31,85,4,East,Forecast Studio,Customer 030 Systems
2025-09-23,105264.11,37,1,West,Executive Copilot,Customer 080 Industries
2025-09-23,68731.35,61,5,Central,Executive Copilot,Customer 022 Solutions
2025-09-24,100738.65,47,1,East,Risk Monitor,Customer 101 Solutions
2025-09-24,118600.15,52,2,West,Support Intelligence,Customer 030 Systems
2025-09-24,204012.36,36,2,Central,Data Fabric,Customer 076 Solutions
2025-09-24,294039.03,71,3,North,Forecast Studio,Customer 115 Holdings
2025-09-25,91738.85,85,6,West,Forecast Studio,Customer 095 Group
2025-09-25,68332.59,32,2,Central,Support Intelligence,Customer 035 Systems
2025-09-25,79309.66,39,2,North,Executive Copilot,Customer 118 Industries
2025-09-25,184028.12,52,4,South,Support Intelligence,Customer 018 Solutions
2025-09-26,121078.88,41,1,Central,Data Fabric,Customer 111 Systems
2025-09-26,203733.93,42,1,North,Executive Copilot,Customer 103 Systems
2025-09-26,248257.65,42,1,South,Risk Monitor,Customer 105 Industries
2025-09-26,292307.33,78,5,East,Sentinel Core,Customer 098 Holdings
2025-09-27,186377.61,42,3,North,Risk Monitor,Customer 099 Solutions
2025-09-27,12492.31,14,1,South,Support Intelligence,Customer 114 Holdings
2025-09-27,145829.26,59,2,East,Support Intelligence,Customer 088 Solutions
2025-09-27,222773.47,75,6,West,Data Fabric,Customer 084 Group
2025-09-28,184033.25,38,3,South,Sentinel Core,Customer 023 Group
2025-09-28,128326.25,21,1,East,Forecast Studio,Customer 110 Industries
2025-09-28,403165.05,64,1,West,Risk Monitor,Customer 081 Solutions
2025-09-28,69160.34,65,1,Central,Data Fabric,Customer 062 Systems
2025-09-29,244410.69,42,3,East,Support Intelligence,Customer 026 Systems
2025-09-29,159043.33,44,2,West,Support Intelligence,Customer 047 Holdings
2025-09-29,231971.42,69,5,Central,Forecast Studio,Customer 115 Holdings
2025-09-29,258542.85,73,2,North,Executive Copilot,Customer 030 Systems
2025-09-30,176828.46,41,2,West,Support Intelligence,Customer 024 Solutions
2025-09-30,70929.49,59,1,Central,Risk Monitor,Customer 020 Solutions
2025-09-30,52071.22,47,3,North,Executive Copilot,Customer 110 Industries
2025-09-30,329492.93,81,2,South,Forecast Studio,Customer 082 Group
2025-10-01,79593.25,21,1,Central,Risk Monitor,Customer 015 Group
2025-10-01,198833.98,38,2,North,Forecast Studio,Customer 100 Group
2025-10-01,65380.82,15,1,South,Forecast Studio,Customer 004 Industries
2025-10-01,73749.18,38,2,East,Sentinel Core,Customer 115 Holdings
2025-10-02,524117.48,82,7,North,Data Fabric,Customer 104 Group
2025-10-02,84920.33,17,0,South,Forecast Studio,Customer 060 Systems
2025-10-02,160052.6,44,1,East,Risk Monitor,Customer 117 Group
2025-10-02,226379.14,56,1,West,Forecast Studio,Customer 088 Solutions
2025-10-03,220476.94,48,4,South,Risk Monitor,Customer 003 Solutions
2025-10-03,163021.73,26,2,East,Executive Copilot,Customer 116 Group
2025-10-03,160426.2,36,2,West,Support Intelligence,Customer 092 Systems
2025-10-03,78260.22,45,3,Central,Support Intelligence,Customer 028 Group
2025-10-04,206106.44,77,2,East,Forecast Studio,Customer 090 Systems
2025-10-04,295835.24,61,5,West,Support Intelligence,Customer 017 Group
2025-10-04,485254.52,77,3,Central,Support Intelligence,Customer 059 Group
2025-10-04,106027.76,26,2,North,Risk Monitor,Customer 050 Holdings
2025-10-05,165503.58,68,5,West,Support Intelligence,Customer 113 Group
2025-10-05,85904.58,67,1,Central,Data Fabric,Customer 061 Holdings
2025-10-05,71501.89,18,1,North,Risk Monitor,Customer 025 Systems
2025-10-05,172232.03,60,1,South,Support Intelligence,Customer 099 Solutions
2025-10-06,284372.07,63,4,Central,Forecast Studio,Customer 085 Systems
2025-10-06,126495.86,21,1,North,Risk Monitor,Customer 002 Group
2025-10-06,231827.11,68,4,South,Sentinel Core,Customer 102 Solutions
2025-10-06,186328.67,49,1,East,Forecast Studio,Customer 001 Holdings
2025-10-07,183315.84,26,0,North,Data Fabric,Customer 119 Industries
2025-10-07,71674.54,27,2,South,Forecast Studio,Customer 090 Systems
2025-10-07,182620.47,75,3,East,Sentinel Core,Customer 044 Solutions
2025-10-07,208248.89,59,5,West,Sentinel Core,Customer 063 Systems
2025-10-08,64143.09,35,3,South,Support Intelligence,Customer 095 Group
2025-10-08,250830.64,56,3,East,Forecast Studio,Customer 009 Group
2025-10-08,94735.26,40,2,West,Sentinel Core,Customer 060 Systems
2025-10-08,256229.93,70,2,Central,Risk Monitor,Customer 114 Holdings
2025-10-09,37754.71,17,0,East,Data Fabric,Customer 027 Systems
2025-10-09,223513.01,82,6,West,Risk Monitor,Customer 031 Group
2025-10-09,271835.97,76,1,Central,Support Intelligence,Customer 081 Solutions
2025-10-09,271893.12,57,2,North,Risk Monitor,Customer 043 Industries
2025-10-10,24098.21,15,1,West,Sentinel Core,Customer 065 Holdings
2025-10-10,143480.25,30,1,Central,Risk Monitor,Customer 090 Systems
2025-10-10,32137.05,17,1,North,Data Fabric,Customer 016 Solutions
2025-10-10,201237.66,68,5,South,Risk Monitor,Customer 019 Systems
2025-10-11,133907.45,27,0,Central,Data Fabric,Customer 092 Systems
2025-10-11,331560.05,78,4,North,Sentinel Core,Customer 067 Group
2025-10-11,115861.53,24,1,South,Data Fabric,Customer 033 Holdings
2025-10-11,114025.76,24,2,East,Risk Monitor,Customer 049 Systems
2025-10-12,325007.71,69,2,North,Support Intelligence,Customer 063 Systems
2025-10-12,45216.96,30,1,South,Sentinel Core,Customer 054 Systems
2025-10-12,106987.42,53,3,East,Sentinel Core,Customer 075 Group
2025-10-12,71207.16,76,4,West,Risk Monitor,Customer 098 Holdings
2025-10-13,326758.27,49,3,South,Risk Monitor,Customer 039 Industries
2025-10-13,179102.27,42,2,East,Risk Monitor,Customer 109 Industries
2025-10-13,73012.43,63,2,West,Data Fabric,Customer 019 Systems
2025-10-13,354735.53,63,3,Central,Sentinel Core,Customer 017 Group
2025-10-14,222236.23,64,3,East,Sentinel Core,Customer 028 Group
2025-10-14,80143.87,47,1,West,Sentinel Core,Customer 010 Systems
2025-10-14,112476.27,33,2,Central,Data Fabric,Customer 092 Systems
2025-10-14,140095.95,37,3,North,Data Fabric,Customer 089 Group
2025-10-15,33716.74,19,1,West,Data Fabric,Customer 111 Systems
2025-10-15,187032.01,47,4,Central,Sentinel Core,Customer 017 Group
2025-10-15,232173.03,36,3,North,Executive Copilot,Customer 008 Solutions
2025-10-15,123375.92,50,1,South,Sentinel Core,Customer 041 Group
2025-10-16,65445.87,22,1,Central,Risk Monitor,Customer 031 Group
2025-10-16,143629.63,73,6,North,Data Fabric,Customer 088 Solutions
2025-10-16,132060.43,42,3,South,Risk Monitor,Customer 109 Industries
2025-10-16,357930.76,65,3,East,Executive Copilot,Customer 047 Holdings
2025-10-17,145137.25,48,4,North,Forecast Studio,Customer 007 Systems
2025-10-17,102964.19,20,1,South,Data Fabric,Customer 069 Solutions
2025-10-17,152689.7,44,2,East,Support Intelligence,Customer 031 Group
2025-10-17,36893.49,35,2,West,Forecast Studio,Customer 070 Systems
2025-10-18,266088.33,64,5,South,Executive Copilot,Customer 094 Solutions
2025-10-18,402916.59,69,2,East,Data Fabric,Customer 035 Systems
2025-10-18,230762.72,58,2,West,Executive Copilot,Customer 037 Solutions
2025-10-18,88327.3,14,1,Central,Executive Copilot,Customer 038 Industries
2025-10-19,105822.94,38,1,East,Executive Copilot,Customer 006 Industries
2025-10-19,71569.04,48,4,West,Forecast Studio,Customer 116 Group
2025-10-19,113737.29,46,3,Central,Sentinel Core,Customer 001 Holdings
2025-10-19,171922.68,37,2,North,Sentinel Core,Customer 032 Holdings
2025-10-20,88955.75,16,1,West,Sentinel Core,Customer 050 Holdings
2025-10-20,516550.83,80,5,Central,Risk Monitor,Customer 025 Systems
2025-10-20,91314.01,78,5,North,Data Fabric,Customer 041 Group
2025-10-20,205197.04,31,1,South,Data Fabric,Customer 032 Holdings
2025-10-21,184998.39,38,1,Central,Support Intelligence,Customer 094 Solutions
2025-10-21,278538.23,44,2,North,Risk Monitor,Customer 064 Group
2025-10-21,53975.67,30,1,South,Support Intelligence,Customer 003 Solutions
2025-10-21,125044.08,20,2,East,Executive Copilot,Customer 027 Systems
2025-10-22,72063.8,42,3,North,Executive Copilot,Customer 038 Industries
2025-10-22,427530.34,67,2,South,Forecast Studio,Customer 041 Group
2025-10-22,212206.03,84,3,East,Data Fabric,Customer 065 Holdings
2025-10-22,133821.02,71,4,West,Sentinel Core,Customer 096 Holdings
2025-10-23,264634.67,45,1,South,Data Fabric,Customer 092 Systems
2025-10-23,272101.66,70,2,East,Sentinel Core,Customer 005 Group
2025-10-23,99185.79,24,1,West,Sentinel Core,Customer 070 Systems
2025-10-23,98423.55,58,4,Central,Risk Monitor,Customer 110 Industries
2025-10-24,94260.05,16,1,East,Risk Monitor,Customer 075 Group
2025-10-24,150885.74,27,1,West,Data Fabric,Customer 093 Holdings
2025-10-24,343634.65,55,5,Central,Sentinel Core,Customer 047 Holdings
2025-10-24,32741.38,25,2,North,Support Intelligence,Customer 062 Systems
2025-10-25,116522.51,45,1,West,Support Intelligence,Customer 053 Systems
2025-10-25,480661.73,81,2,Central,Executive Copilot,Customer 117 Group
2025-10-25,37197.35,18,1,North,Risk Monitor,Customer 063 Systems
2025-10-25,132265.53,34,2,South,Sentinel Core,Customer 011 Systems
2025-10-26,303781.54,50,4,Central,Forecast Studio,Customer 027 Systems
2025-10-26,217210.42,52,3,North,Executive Copilot,Customer 091 Systems
2025-10-26,119812.96,58,4,South,Executive Copilot,Customer 001 Holdings
2025-10-26,222638.7,32,1,East,Executive Copilot,Customer 093 Holdings
2025-10-27,413521.03,77,6,North,Data Fabric,Customer 102 Solutions
2025-10-27,175446.35,38,2,South,Risk Monitor,Customer 087 Systems
2025-10-27,116873.47,20,1,East,Support Intelligence,Customer 006 Industries
2025-10-27,119424.26,24,1,West,Support Intelligence,Customer 017 Group
2025-10-28,159088.04,56,2,South,Executive Copilot,Customer 094 Solutions
2025-10-28,130914.02,27,2,East,Risk Monitor,Customer 089 Group
2025-10-28,68138.17,16,1,West,Data Fabric,Customer 069 Solutions
2025-10-28,276812.26,42,1,Central,Support Intelligence,Customer 005 Group
2025-10-29,93121.81,29,2,East,Sentinel Core,Customer 074 Systems
2025-10-29,174778.17,27,2,West,Executive Copilot,Customer 105 Industries
2025-10-29,58896.75,30,1,Central,Forecast Studio,Customer 043 Industries
2025-10-29,375780.07,84,2,North,Support Intelligence,Customer 113 Group
2025-10-30,95170.64,32,2,West,Risk Monitor,Customer 020 Solutions
2025-10-30,133029.04,57,3,Central,Executive Copilot,Customer 046 Systems
2025-10-30,238307.84,60,3,North,Sentinel Core,Customer 072 Solutions
2025-10-30,205287.84,66,4,South,Support Intelligence,Customer 093 Holdings
2025-10-31,95391.62,36,3,Central,Data Fabric,Customer 027 Systems
2025-10-31,49467.77,14,1,North,Executive Copilot,Customer 065 Holdings
2025-10-31,160147.9,60,2,South,Sentinel Core,Customer 004 Industries
2025-10-31,299789.41,62,1,East,Data Fabric,Customer 027 Systems
2025-11-01,101978.48,27,2,North,Sentinel Core,Customer 013 Group
2025-11-01,137111.6,29,2,South,Data Fabric,Customer 084 Group
2025-11-01,86012.07,53,2,East,Support Intelligence,Customer 003 Solutions
2025-11-01,99166.85,37,3,West,Risk Monitor,Customer 103 Systems
2025-11-02,112324.82,31,2,South,Risk Monitor,Customer 075 Group
2025-11-02,54181.4,51,1,East,Risk Monitor,Customer 093 Holdings
2025-11-02,210326.6,84,5,West,Forecast Studio,Customer 035 Systems
2025-11-02,297601.86,45,2,Central,Sentinel Core,Customer 075 Group
2025-11-03,103551.75,42,2,East,Risk Monitor,Customer 023 Group
2025-11-03,56270.05,51,2,West,Support Intelligence,Customer 026 Systems
2025-11-03,118371.89,59,1,Central,Risk Monitor,Customer 011 Systems
2025-11-03,128861.42,66,1,North,Executive Copilot,Customer 075 Group
2025-11-04,58868.05,49,3,West,Risk Monitor,Customer 012 Solutions
2025-11-04,88289.21,39,1,Central,Support Intelligence,Customer 120 Group
2025-11-04,73790.17,37,3,North,Support Intelligence,Customer 007 Systems
2025-11-04,171964.35,37,2,South,Forecast Studio,Customer 019 Systems
2025-11-05,209732.43,38,2,Central,Sentinel Core,Customer 024 Solutions
2025-11-05,130773.53,21,2,North,Forecast Studio,Customer 031 Group
2025-11-05,248468.88,58,3,South,Executive Copilot,Customer 007 Systems
2025-11-05,146042.69,25,2,East,Support Intelligence,Customer 051 Systems
2025-11-06,172869.83,34,3,North,Risk Monitor,Customer 066 Group
2025-11-06,131575.12,81,6,South,Support Intelligence,Customer 071 Industries
2025-11-06,61008.75,18,0,East,Data Fabric,Customer 092 Systems
2025-11-06,62735.02,48,3,West,Support Intelligence,Customer 046 Systems
2025-11-07,72910.37,30,1,South,Risk Monitor,Customer 088 Solutions
2025-11-07,478864.38,74,3,East,Forecast Studio,Customer 026 Systems
2025-11-07,160345.25,24,1,West,Sentinel Core,Customer 086 Systems
2025-11-07,189716,29,2,Central,Data Fabric,Customer 090 Systems
2025-11-08,261301.75,46,1,East,Executive Copilot,Customer 116 Group
2025-11-08,247371.28,46,4,West,Support Intelligence,Customer 048 Industries
2025-11-08,56896.82,48,4,Central,Risk Monitor,Customer 014 Industries
2025-11-08,249523.34,76,1,North,Data Fabric,Customer 001 Holdings
2025-11-09,118549.44,63,3,West,Risk Monitor,Customer 015 Group
2025-11-09,56353.12,18,1,Central,Support Intelligence,Customer 110 Industries
2025-11-09,275125.29,51,4,North,Risk Monitor,Customer 086 Systems
2025-11-09,171166.28,27,0,South,Executive Copilot,Customer 114 Holdings
2025-11-10,257283.42,41,1,Central,Executive Copilot,Customer 038 Industries
2025-11-10,159301.24,72,3,North,Executive Copilot,Customer 054 Systems
2025-11-10,55986.31,31,2,South,Data Fabric,Customer 057 Systems
2025-11-10,369062.86,62,3,East,Forecast Studio,Customer 020 Solutions
2025-11-11,196233.37,67,5,North,Support Intelligence,Customer 087 Systems
2025-11-11,141980.14,75,2,South,Support Intelligence,Customer 012 Solutions
2025-11-11,159763.23,37,1,East,Forecast Studio,Customer 087 Systems
2025-11-11,521917.8,78,3,West,Risk Monitor,Customer 057 Systems
2025-11-12,316543.17,49,2,South,Forecast Studio,Customer 084 Group
2025-11-12,423772.04,66,6,East,Executive Copilot,Customer 075 Group
2025-11-12,312141.02,65,3,West,Data Fabric,Customer 030 Systems
2025-11-12,68930.59,18,0,Central,Executive Copilot,Customer 023 Group
2025-11-13,126185.64,20,0,East,Support Intelligence,Customer 053 Systems
2025-11-13,215602.47,44,2,West,Forecast Studio,Customer 103 Systems
2025-11-13,309246.18,77,4,Central,Risk Monitor,Customer 044 Solutions
2025-11-13,28368.93,23,1,North,Executive Copilot,Customer 085 Systems
2025-11-14,299199.89,77,3,West,Data Fabric,Customer 093 Holdings
2025-11-14,202103.52,72,2,Central,Forecast Studio,Customer 056 Holdings
2025-11-14,80642.29,81,6,North,Data Fabric,Customer 112 Holdings
2025-11-14,253986.33,67,4,South,Risk Monitor,Customer 113 Group
2025-11-15,261916.44,61,4,Central,Support Intelligence,Customer 077 Solutions
2025-11-15,174887.39,44,2,North,Risk Monitor,Customer 025 Systems
2025-11-15,198442.31,45,2,South,Sentinel Core,Customer 116 Group
2025-11-15,260391.4,56,5,East,Risk Monitor,Customer 042 Systems
2025-11-16,70408.68,36,2,North,Executive Copilot,Customer 072 Solutions
2025-11-16,404347.42,68,3,South,Executive Copilot,Customer 120 Group
2025-11-16,91763.67,57,1,East,Risk Monitor,Customer 011 Systems
2025-11-16,144508.1,80,5,West,Support Intelligence,Customer 094 Solutions
2025-11-17,325278.62,57,3,South,Sentinel Core,Customer 036 Solutions
2025-11-17,279808.81,51,1,East,Executive Copilot,Customer 088 Solutions
2025-11-17,126556.97,31,2,West,Support Intelligence,Customer 024 Solutions
2025-11-17,166249.07,47,4,Central,Executive Copilot,Customer 043 Industries
2025-11-18,277209.78,52,2,East,Forecast Studio,Customer 084 Group
2025-11-18,339584.9,59,4,West,Data Fabric,Customer 073 Holdings
2025-11-18,177224.53,65,2,Central,Support Intelligence,Customer 005 Group
2025-11-18,204950.19,76,6,North,Risk Monitor,Customer 120 Group
2025-11-19,169640.55,46,3,West,Data Fabric,Customer 067 Group
2025-11-19,328109.68,72,5,Central,Sentinel Core,Customer 029 Systems
2025-11-19,220287.86,45,3,North,Forecast Studio,Customer 051 Systems
2025-11-19,278984.68,49,2,South,Support Intelligence,Customer 055 Industries
2025-11-20,90759.48,83,2,Central,Risk Monitor,Customer 057 Systems
2025-11-20,19287.14,20,1,North,Executive Copilot,Customer 006 Industries
2025-11-20,145730.1,23,2,South,Risk Monitor,Customer 053 Systems
2025-11-20,46470.37,19,1,East,Executive Copilot,Customer 104 Group
2025-11-21,164104.13,60,2,North,Sentinel Core,Customer 058 Systems
2025-11-21,53573.29,49,4,South,Risk Monitor,Customer 063 Systems
2025-11-21,276902.45,59,3,East,Executive Copilot,Customer 106 Industries
2025-11-21,132958.69,63,3,West,Risk Monitor,Customer 027 Systems
2025-11-22,315065.76,53,1,South,Sentinel Core,Customer 111 Systems
2025-11-22,485444.51,74,3,East,Support Intelligence,Customer 053 Systems
2025-11-22,174500.77,77,6,West,Risk Monitor,Customer 076 Solutions
2025-11-22,335778.8,82,5,Central,Executive Copilot,Customer 032 Holdings
2025-11-23,214965.32,44,3,East,Forecast Studio,Customer 028 Group
2025-11-23,131487.11,46,2,West,Executive Copilot,Customer 017 Group
2025-11-23,226816.9,52,2,Central,Sentinel Core,Customer 094 Solutions
2025-11-23,62004.03,49,3,North,Forecast Studio,Customer 086 Systems
2025-11-24,49952.04,17,0,West,Forecast Studio,Customer 083 Industries
2025-11-24,99567.19,15,1,Central,Data Fabric,Customer 044 Solutions
2025-11-24,75461.45,37,1,North,Support Intelligence,Customer 098 Holdings
2025-11-24,110463.2,18,1,South,Sentinel Core,Customer 098 Holdings
2025-11-25,308196.48,82,4,Central,Support Intelligence,Customer 056 Holdings
2025-11-25,98075.8,17,1,North,Risk Monitor,Customer 039 Industries
2025-11-25,107042.39,21,1,South,Support Intelligence,Customer 005 Group
2025-11-25,159265.6,61,1,East,Forecast Studio,Customer 078 Holdings
2025-11-26,252089.02,58,5,North,Forecast Studio,Customer 045 Solutions
2025-11-26,360569.69,64,4,South,Executive Copilot,Customer 001 Holdings
2025-11-26,26727.7,18,1,East,Forecast Studio,Customer 006 Industries
2025-11-26,143635.23,84,3,West,Data Fabric,Customer 077 Solutions
2025-11-27,293270.88,72,1,South,Sentinel Core,Customer 016 Solutions
2025-11-27,460497.85,72,2,East,Data Fabric,Customer 104 Group
2025-11-27,100433.17,69,5,West,Support Intelligence,Customer 001 Holdings
2025-11-27,346338.55,51,2,Central,Risk Monitor,Customer 025 Systems
2025-11-28,360611.96,61,2,East,Forecast Studio,Customer 028 Group
2025-11-28,166353.81,46,2,West,Support Intelligence,Customer 045 Solutions
2025-11-28,185681.63,70,6,Central,Executive Copilot,Customer 003 Solutions
2025-11-28,148392.53,58,3,North,Sentinel Core,Customer 074 Systems
2025-11-29,445061.9,67,2,West,Data Fabric,Customer 060 Systems
2025-11-29,151091.64,38,2,Central,Forecast Studio,Customer 018 Solutions
2025-11-29,198639.63,35,2,North,Forecast Studio,Customer 103 Systems
2025-11-29,263478.75,82,5,South,Support Intelligence,Customer 035 Systems
2025-11-30,31750.81,16,1,Central,Risk Monitor,Customer 013 Group
2025-11-30,565686,82,1,North,Risk Monitor,Customer 070 Systems
2025-11-30,133677.79,68,4,South,Forecast Studio,Customer 084 Group
2025-11-30,139845.92,34,3,East,Support Intelligence,Customer 032 Holdings
2025-12-01,254182.7,70,5,North,Executive Copilot,Customer 066 Group
2025-12-01,86695.84,25,2,South,Support Intelligence,Customer 023 Group
2025-12-01,143210.95,53,4,East,Support Intelligence,Customer 108 Group
2025-12-01,369894.17,73,1,West,Executive Copilot,Customer 058 Systems
2025-12-02,302362.25,52,2,South,Risk Monitor,Customer 092 Systems
2025-12-02,283735.62,62,2,East,Data Fabric,Customer 021 Systems
2025-12-02,121299.25,33,1,West,Forecast Studio,Customer 086 Systems
2025-12-02,78478.97,17,1,Central,Forecast Studio,Customer 019 Systems
2025-12-03,163923.91,63,4,East,Risk Monitor,Customer 078 Holdings
2025-12-03,430061.59,65,4,West,Executive Copilot,Customer 092 Systems
2025-12-03,36189.89,15,1,Central,Risk Monitor,Customer 075 Group
2025-12-03,102623.83,18,1,North,Sentinel Core,Customer 051 Systems
2025-12-04,211851.66,66,4,West,Executive Copilot,Customer 051 Systems
2025-12-04,260848.69,60,4,Central,Risk Monitor,Customer 063 Systems
2025-12-04,474380.31,75,4,North,Support Intelligence,Customer 076 Solutions
2025-12-04,406477.64,80,4,South,Executive Copilot,Customer 106 Industries
2025-12-05,352770.07,56,2,Central,Risk Monitor,Customer 072 Solutions
2025-12-05,85211.17,43,3,North,Executive Copilot,Customer 069 Solutions
2025-12-05,116228.79,29,2,South,Support Intelligence,Customer 077 Solutions
2025-12-05,164862.21,33,2,East,Support Intelligence,Customer 106 Industries
2025-12-06,80503.31,17,0,North,Forecast Studio,Customer 085 Systems
2025-12-06,100767.2,28,1,South,Data Fabric,Customer 040 Systems
2025-12-06,95722.45,30,1,East,Data Fabric,Customer 116 Group
2025-12-06,281816.81,46,3,West,Executive Copilot,Customer 071 Industries
2025-12-07,89649.49,18,1,South,Data Fabric,Customer 105 Industries
2025-12-07,319532.95,57,5,East,Data Fabric,Customer 060 Systems
2025-12-07,349545.08,72,2,West,Forecast Studio,Customer 039 Industries
2025-12-07,117794.58,74,3,Central,Data Fabric,Customer 032 Holdings
2025-12-08,112937.17,35,3,East,Support Intelligence,Customer 104 Group
2025-12-08,466614.62,81,6,West,Forecast Studio,Customer 011 Systems
2025-12-08,201413.13,31,1,Central,Support Intelligence,Customer 008 Solutions
2025-12-08,344848.44,80,1,North,Support Intelligence,Customer 014 Industries
2025-12-09,179791.66,50,1,West,Executive Copilot,Customer 040 Systems
2025-12-09,401245.11,79,7,Central,Risk Monitor,Customer 109 Industries
2025-12-09,191343.37,60,5,North,Support Intelligence,Customer 047 Holdings
2025-12-09,395430.97,65,3,South,Data Fabric,Customer 099 Solutions
2025-12-10,61664.23,37,2,Central,Data Fabric,Customer 035 Systems
2025-12-10,87064.79,55,1,North,Executive Copilot,Customer 087 Systems
2025-12-10,185966.32,43,1,South,Forecast Studio,Customer 096 Holdings
2025-12-10,103148.49,23,1,East,Data Fabric,Customer 073 Holdings
2025-12-11,234718.44,66,3,North,Risk Monitor,Customer 011 Systems
2025-12-11,177366.91,32,2,South,Forecast Studio,Customer 004 Industries
2025-12-11,321365.92,50,2,East,Sentinel Core,Customer 021 Systems
2025-12-11,65559.17,63,2,West,Forecast Studio,Customer 034 Solutions
2025-12-12,64252.24,24,2,South,Support Intelligence,Customer 043 Industries
2025-12-12,149951.59,83,6,East,Data Fabric,Customer 025 Systems
2025-12-12,56265.84,42,1,West,Data Fabric,Customer 001 Holdings
2025-12-12,90393.76,61,1,Central,Support Intelligence,Customer 095 Group
2025-12-13,71472.79,14,0,East,Forecast Studio,Customer 095 Group
2025-12-13,130206.87,34,1,West,Sentinel Core,Customer 045 Solutions
2025-12-13,429856.42,69,6,Central,Sentinel Core,Customer 098 Holdings
2025-12-13,38884.37,32,1,North,Support Intelligence,Customer 018 Solutions
2025-12-14,135755.14,34,0,West,Data Fabric,Customer 074 Systems
2025-12-14,41722.84,24,2,Central,Forecast Studio,Customer 037 Solutions
2025-12-14,90187.35,38,3,North,Risk Monitor,Customer 097 Industries
2025-12-14,336619.35,73,5,South,Data Fabric,Customer 090 Systems
2025-12-15,137246.69,33,1,Central,Support Intelligence,Customer 024 Solutions
2025-12-15,369684.74,57,4,North,Data Fabric,Customer 028 Group
2025-12-15,254890.18,69,2,South,Data Fabric,Customer 022 Solutions
2025-12-15,185594.12,85,6,East,Risk Monitor,Customer 061 Holdings
2025-12-16,224669.52,49,3,North,Executive Copilot,Customer 025 Systems
2025-12-16,216671.87,52,3,South,Risk Monitor,Customer 040 Systems
2025-12-16,300497.3,76,3,East,Data Fabric,Customer 089 Group
2025-12-16,31930.64,21,1,West,Risk Monitor,Customer 031 Group
2025-12-17,325062.47,69,3,South,Forecast Studio,Customer 005 Group
2025-12-17,168568.83,30,2,East,Support Intelligence,Customer 029 Systems
2025-12-17,103114.6,22,1,West,Sentinel Core,Customer 080 Industries
2025-12-17,355032.77,56,4,Central,Risk Monitor,Customer 049 Systems
2025-12-18,252069.77,64,5,East,Forecast Studio,Customer 084 Group
2025-12-18,495705.23,82,6,West,Executive Copilot,Customer 117 Group
2025-12-18,59234.54,14,1,Central,Data Fabric,Customer 079 Holdings
2025-12-18,34074.27,21,2,North,Support Intelligence,Customer 089 Group
2025-12-19,183763.97,83,3,West,Executive Copilot,Customer 025 Systems
2025-12-19,29646.76,16,1,Central,Risk Monitor,Customer 117 Group
2025-12-19,96662.24,62,2,North,Sentinel Core,Customer 088 Solutions
2025-12-19,76334.67,38,3,South,Executive Copilot,Customer 101 Solutions
2025-12-20,272200.02,43,2,Central,Support Intelligence,Customer 021 Systems
2025-12-20,112542.03,17,1,North,Sentinel Core,Customer 027 Systems
2025-12-20,443089.48,78,3,South,Forecast Studio,Customer 055 Industries
2025-12-20,173522.58,26,1,East,Data Fabric,Customer 083 Industries
2025-12-21,241312.99,67,1,North,Risk Monitor,Customer 032 Holdings
2025-12-21,139801.11,35,2,South,Data Fabric,Customer 080 Industries
2025-12-21,166980.56,46,3,East,Support Intelligence,Customer 041 Group
2025-12-21,233178.42,35,2,West,Executive Copilot,Customer 024 Solutions
2025-12-22,106193.2,32,2,South,Data Fabric,Customer 071 Industries
2025-12-22,237449.96,47,4,East,Executive Copilot,Customer 039 Industries
2025-12-22,138958.15,36,3,West,Support Intelligence,Customer 081 Solutions
2025-12-22,103925.73,54,4,Central,Sentinel Core,Customer 094 Solutions
2025-12-23,334211.3,81,3,East,Executive Copilot,Customer 030 Systems
2025-12-23,60210.83,31,3,West,Sentinel Core,Customer 110 Industries
2025-12-23,78398.76,33,2,Central,Forecast Studio,Customer 016 Solutions
2025-12-23,499531.44,76,5,North,Support Intelligence,Customer 046 Systems
2025-12-24,232324.41,83,3,West,Sentinel Core,Customer 069 Solutions
2025-12-24,157234.82,35,1,Central,Sentinel Core,Customer 095 Group
2025-12-24,549870.61,84,1,North,Support Intelligence,Customer 095 Group
2025-12-24,63884.64,17,1,South,Sentinel Core,Customer 049 Systems
2025-12-25,158960.52,30,1,Central,Forecast Studio,Customer 098 Holdings
2025-12-25,87050.84,68,5,North,Data Fabric,Customer 063 Systems
2025-12-25,34577.07,33,1,South,Forecast Studio,Customer 055 Industries
2025-12-25,33092.62,24,1,East,Data Fabric,Customer 053 Systems
2025-12-26,103790.79,58,3,North,Forecast Studio,Customer 045 Solutions
2025-12-26,158343.63,46,2,South,Data Fabric,Customer 062 Systems
2025-12-26,85842.78,64,2,East,Forecast Studio,Customer 052 Solutions
2025-12-26,160540.7,32,2,West,Forecast Studio,Customer 106 Industries
2025-12-27,183538.99,28,1,South,Sentinel Core,Customer 079 Holdings
2025-12-27,38443.14,17,0,East,Executive Copilot,Customer 042 Systems
2025-12-27,156645.06,26,2,West,Risk Monitor,Customer 022 Solutions
2025-12-27,71596.49,56,2,Central,Data Fabric,Customer 089 Group
2025-12-28,45024.19,29,0,East,Risk Monitor,Customer 035 Systems
2025-12-28,39341.32,28,1,West,Forecast Studio,Customer 106 Industries
2025-12-28,120700.6,40,1,Central,Data Fabric,Customer 044 Solutions
2025-12-28,233020.11,46,1,North,Risk Monitor,Customer 021 Systems
2025-12-29,252578.29,79,3,West,Executive Copilot,Customer 033 Holdings
2025-12-29,247211.82,43,3,Central,Forecast Studio,Customer 027 Systems
2025-12-29,157480.06,42,1,North,Executive Copilot,Customer 045 Solutions
2025-12-29,151473.42,46,2,South,Executive Copilot,Customer 088 Solutions
2025-12-30,97973.68,51,2,Central,Risk Monitor,Customer 031 Group
2025-12-30,222706.6,66,2,North,Support Intelligence,Customer 005 Group
2025-12-30,130169.11,62,2,South,Forecast Studio,Customer 033 Holdings
2025-12-30,229688.86,81,1,East,Data Fabric,Customer 020 Solutions
2025-12-31,359821.51,60,1,North,Support Intelligence,Customer 004 Industries
2025-12-31,23233.35,22,0,South,Forecast Studio,Customer 118 Industries
2025-12-31,82515.41,17,2,East,Support Intelligence,Customer 087 Systems
2025-12-31,80205.2,61,2,West,Risk Monitor,Customer 037 Solutions
2026-01-01,79500.07,35,3,South,Data Fabric,Customer 105 Industries
2026-01-01,416099.29,66,5,East,Risk Monitor,Customer 013 Group
2026-01-01,103821.65,66,3,West,Data Fabric,Customer 046 Systems
2026-01-01,372046.24,85,7,Central,Data Fabric,Customer 064 Group
2026-01-02,550301.49,84,2,East,Risk Monitor,Customer 062 Systems
2026-01-02,173009.56,37,1,West,Sentinel Core,Customer 059 Group
2026-01-02,267174.53,52,3,Central,Data Fabric,Customer 098 Holdings
2026-01-02,96741.7,37,3,North,Data Fabric,Customer 076 Solutions
2026-01-03,431307.42,69,2,West,Sentinel Core,Customer 077 Solutions
2026-01-03,30788.51,18,1,Central,Executive Copilot,Customer 068 Group
2026-01-03,40436.76,43,3,North,Data Fabric,Customer 106 Industries
2026-01-03,281862.71,42,1,South,Executive Copilot,Customer 019 Systems
2026-01-04,42476.33,29,2,Central,Risk Monitor,Customer 034 Solutions
2026-01-04,232455.09,81,5,North,Support Intelligence,Customer 094 Solutions
2026-01-04,58741.7,31,1,South,Forecast Studio,Customer 026 Systems
2026-01-04,331006.12,67,3,East,Sentinel Core,Customer 075 Group
2026-01-05,56982,48,1,North,Risk Monitor,Customer 071 Industries
2026-01-05,374578.04,57,1,South,Risk Monitor,Customer 077 Solutions
2026-01-05,353663.03,58,1,East,Risk Monitor,Customer 021 Systems
2026-01-05,105285.19,48,2,West,Data Fabric,Customer 012 Solutions
2026-01-06,55789.47,21,0,South,Risk Monitor,Customer 094 Solutions
2026-01-06,335683.72,67,5,East,Data Fabric,Customer 027 Systems
2026-01-06,263384.47,73,6,West,Risk Monitor,Customer 045 Solutions
2026-01-06,19655.56,17,1,Central,Data Fabric,Customer 117 Group
2026-01-07,111736.85,39,2,East,Sentinel Core,Customer 021 Systems
2026-01-07,248484.33,79,1,West,Support Intelligence,Customer 090 Systems
2026-01-07,166990.31,33,2,Central,Sentinel Core,Customer 105 Industries
2026-01-07,447851.36,70,5,North,Data Fabric,Customer 016 Solutions
2026-01-08,380360.88,77,1,West,Executive Copilot,Customer 087 Systems
2026-01-08,96950.09,46,4,Central,Support Intelligence,Customer 092 Systems
2026-01-08,121036.63,40,1,North,Support Intelligence,Customer 037 Solutions
2026-01-08,131680.24,36,2,South,Risk Monitor,Customer 081 Solutions
2026-01-09,120524.99,30,2,Central,Support Intelligence,Customer 058 Systems
2026-01-09,57130.45,27,0,North,Support Intelligence,Customer 006 Industries
2026-01-09,148421.94,22,0,South,Sentinel Core,Customer 090 Systems
2026-01-09,34922.55,29,1,East,Executive Copilot,Customer 105 Industries
2026-01-10,75301.55,56,4,North,Data Fabric,Customer 085 Systems
2026-01-10,261553.28,74,1,South,Risk Monitor,Customer 032 Holdings
2026-01-10,95187.1,43,1,East,Sentinel Core,Customer 015 Group
2026-01-10,160049.8,38,3,West,Executive Copilot,Customer 024 Solutions
2026-01-11,214213.7,51,2,South,Data Fabric,Customer 095 Group
2026-01-11,113094.57,30,1,East,Data Fabric,Customer 002 Group
2026-01-11,246226.89,43,2,West,Forecast Studio,Customer 039 Industries
2026-01-11,362362.07,76,4,Central,Sentinel Core,Customer 050 Holdings
2026-01-12,117387.23,68,6,East,Risk Monitor,Customer 014 Industries
2026-01-12,197725.4,85,2,West,Executive Copilot,Customer 099 Solutions
2026-01-12,212301.03,67,1,Central,Risk Monitor,Customer 045 Solutions
2026-01-12,345717.23,80,4,North,Data Fabric,Customer 021 Systems
2026-01-13,89244,36,3,West,Support Intelligence,Customer 050 Holdings
2026-01-13,155756.05,35,2,Central,Forecast Studio,Customer 011 Systems
2026-01-13,143443.32,38,1,North,Support Intelligence,Customer 048 Industries
2026-01-13,64938.01,35,2,South,Risk Monitor,Customer 070 Systems
2026-01-14,136849.6,39,2,Central,Support Intelligence,Customer 052 Solutions
2026-01-14,111464.1,53,5,North,Risk Monitor,Customer 029 Systems
2026-01-14,37936.51,14,0,South,Data Fabric,Customer 018 Solutions
2026-01-14,253146.29,64,4,East,Executive Copilot,Customer 078 Holdings
2026-01-15,210054.82,68,1,North,Data Fabric,Customer 101 Solutions
2026-01-15,218093.88,38,1,South,Support Intelligence,Customer 048 Industries
2026-01-15,44077.77,35,3,East,Forecast Studio,Customer 041 Group
2026-01-15,112779.05,44,2,West,Support Intelligence,Customer 083 Industries
2026-01-16,60370.88,22,1,South,Forecast Studio,Customer 088 Solutions
2026-01-16,104140.73,18,1,East,Sentinel Core,Customer 060 Systems
2026-01-16,43017.21,21,1,West,Forecast Studio,Customer 011 Systems
2026-01-16,266009.27,54,1,Central,Data Fabric,Customer 110 Industries
2026-01-17,331987.63,68,2,East,Sentinel Core,Customer 023 Group
2026-01-17,217828.46,83,5,West,Risk Monitor,Customer 064 Group
2026-01-17,38510.24,14,1,Central,Forecast Studio,Customer 025 Systems
2026-01-17,530717.96,84,2,North,Support Intelligence,Customer 113 Group
2026-01-18,67339.41,18,1,West,Support Intelligence,Customer 076 Solutions
2026-01-18,75967.71,42,2,Central,Sentinel Core,Customer 042 Systems
2026-01-18,54853.35,46,3,North,Risk Monitor,Customer 014 Industries
2026-01-18,334729.68,63,4,South,Forecast Studio,Customer 107 Solutions
2026-01-19,408434.3,82,5,Central,Support Intelligence,Customer 008 Solutions
2026-01-19,406197.08,65,4,North,Executive Copilot,Customer 044 Solutions
2026-01-19,125776.12,36,3,South,Risk Monitor,Customer 078 Holdings
2026-01-19,258944.52,50,1,East,Risk Monitor,Customer 037 Solutions
2026-01-20,246420.44,49,1,North,Support Intelligence,Customer 051 Systems
2026-01-20,132795.06,24,1,South,Forecast Studio,Customer 105 Industries
2026-01-20,88294.08,17,1,East,Sentinel Core,Customer 001 Holdings
2026-01-20,381771.97,84,4,West,Sentinel Core,Customer 008 Solutions
2026-01-21,77310.32,16,1,South,Forecast Studio,Customer 067 Group
2026-01-21,161130.99,33,0,East,Forecast Studio,Customer 116 Group
2026-01-21,34084.14,14,1,West,Support Intelligence,Customer 078 Holdings
2026-01-21,420924.52,81,6,Central,Support Intelligence,Customer 002 Group
2026-01-22,135955.27,24,1,East,Forecast Studio,Customer 072 Solutions
2026-01-22,51071.94,31,2,West,Executive Copilot,Customer 026 Systems
2026-01-22,198675.81,35,1,Central,Forecast Studio,Customer 100 Group
2026-01-22,113520.61,32,1,North,Support Intelligence,Customer 002 Group
2026-01-23,159248.27,42,1,West,Forecast Studio,Customer 088 Solutions
2026-01-23,77141.53,70,6,Central,Executive Copilot,Customer 070 Systems
2026-01-23,137438.87,33,1,North,Sentinel Core,Customer 013 Group
2026-01-23,232773.8,66,1,South,Data Fabric,Customer 072 Solutions
2026-01-24,127061,67,2,Central,Risk Monitor,Customer 080 Industries
2026-01-24,117238.12,49,4,North,Forecast Studio,Customer 036 Solutions
2026-01-24,92291.5,64,5,South,Data Fabric,Customer 012 Solutions
2026-01-24,297649.4,80,2,East,Risk Monitor,Customer 057 Systems
2026-01-25,51140.4,16,1,North,Forecast Studio,Customer 035 Systems
2026-01-25,157271.37,27,1,South,Data Fabric,Customer 074 Systems
2026-01-25,14693.91,14,1,East,Support Intelligence,Customer 018 Solutions
2026-01-25,88065.72,56,2,West,Support Intelligence,Customer 060 Systems
2026-01-26,155102.45,76,2,South,Sentinel Core,Customer 033 Holdings
2026-01-26,66364.72,28,0,East,Risk Monitor,Customer 078 Holdings
2026-01-26,44327.68,37,3,West,Executive Copilot,Customer 099 Solutions
2026-01-26,92422.49,21,1,Central,Forecast Studio,Customer 116 Group
2026-01-27,392203.99,75,7,East,Risk Monitor,Customer 078 Holdings
2026-01-27,82084.88,66,5,West,Forecast Studio,Customer 092 Systems
2026-01-27,38341.4,16,1,Central,Data Fabric,Customer 040 Systems
2026-01-27,115793.29,61,4,North,Support Intelligence,Customer 026 Systems
2026-01-28,62286.14,19,1,West,Executive Copilot,Customer 077 Solutions
2026-01-28,210249.48,83,4,Central,Sentinel Core,Customer 031 Group
2026-01-28,59846.09,25,2,North,Forecast Studio,Customer 038 Industries
2026-01-28,75818.72,52,4,South,Risk Monitor,Customer 120 Group
2026-01-29,92433.71,26,2,Central,Risk Monitor,Customer 031 Group
2026-01-29,62160.2,40,3,North,Support Intelligence,Customer 018 Solutions
2026-01-29,192273.88,82,7,South,Risk Monitor,Customer 074 Systems
2026-01-29,300315.8,45,0,East,Executive Copilot,Customer 006 Industries
2026-01-30,266839.73,43,1,North,Risk Monitor,Customer 041 Group
2026-01-30,43637.58,39,3,South,Executive Copilot,Customer 060 Systems
2026-01-30,56505.57,24,2,East,Forecast Studio,Customer 105 Industries
2026-01-30,160694.97,76,2,West,Support Intelligence,Customer 100 Group
2026-01-31,338278.76,60,1,South,Forecast Studio,Customer 031 Group
2026-01-31,93152.55,40,1,East,Support Intelligence,Customer 061 Holdings
2026-01-31,19191.95,15,1,West,Forecast Studio,Customer 023 Group
2026-01-31,97415.4,18,1,Central,Risk Monitor,Customer 048 Industries
2026-02-01,105764.84,24,2,East,Forecast Studio,Customer 038 Industries
2026-02-01,82542.73,74,2,West,Data Fabric,Customer 019 Systems
2026-02-01,104374.13,26,2,Central,Forecast Studio,Customer 021 Systems
2026-02-01,87508.79,58,3,North,Data Fabric,Customer 097 Industries
2026-02-02,264376.55,45,0,West,Forecast Studio,Customer 058 Systems
2026-02-02,496265.04,80,3,Central,Executive Copilot,Customer 059 Group
2026-02-02,302188.93,60,5,North,Support Intelligence,Customer 005 Group
2026-02-02,45888.15,38,2,South,Risk Monitor,Customer 071 Industries
2026-02-03,366793.97,79,3,Central,Sentinel Core,Customer 034 Solutions
2026-02-03,336411.73,59,4,North,Risk Monitor,Customer 055 Industries
2026-02-03,148422.25,68,6,South,Support Intelligence,Customer 073 Holdings
2026-02-03,268970.36,56,3,East,Executive Copilot,Customer 023 Group
2026-02-04,91942.84,64,3,North,Support Intelligence,Customer 083 Industries
2026-02-04,187258.11,75,4,South,Sentinel Core,Customer 003 Solutions
2026-02-04,73580.9,72,5,East,Support Intelligence,Customer 051 Systems
2026-02-04,61828.54,29,1,West,Sentinel Core,Customer 038 Industries
2026-02-05,25168.34,20,1,South,Executive Copilot,Customer 053 Systems
2026-02-05,99166.9,60,1,East,Sentinel Core,Customer 020 Solutions
2026-02-05,222005.27,59,3,West,Data Fabric,Customer 037 Solutions
2026-02-05,351590.2,84,7,Central,Support Intelligence,Customer 082 Group
2026-02-06,82307.04,46,3,East,Sentinel Core,Customer 025 Systems
2026-02-06,147951.5,36,1,West,Support Intelligence,Customer 078 Holdings
2026-02-06,117087.95,36,3,Central,Support Intelligence,Customer 006 Industries
2026-02-06,189306.62,76,4,North,Executive Copilot,Customer 074 Systems
2026-02-07,265637.85,52,4,West,Risk Monitor,Customer 052 Solutions
2026-02-07,131628.65,54,4,Central,Sentinel Core,Customer 101 Solutions
2026-02-07,16526.12,19,1,North,Sentinel Core,Customer 007 Systems
2026-02-07,121687.14,80,4,South,Data Fabric,Customer 046 Systems
2026-02-08,134460.32,58,4,Central,Sentinel Core,Customer 097 Industries
2026-02-08,277737.12,58,3,North,Risk Monitor,Customer 005 Group
2026-02-08,364077.76,65,2,South,Support Intelligence,Customer 021 Systems
2026-02-08,207692.49,35,2,East,Data Fabric,Customer 046 Systems
2026-02-09,160909.56,58,4,North,Sentinel Core,Customer 083 Industries
2026-02-09,484152.65,79,4,South,Risk Monitor,Customer 119 Industries
2026-02-09,132039.71,23,1,East,Sentinel Core,Customer 001 Holdings
2026-02-09,110154.75,64,3,West,Support Intelligence,Customer 045 Solutions
2026-02-10,163971.8,52,4,South,Executive Copilot,Customer 114 Holdings
2026-02-10,33682.86,20,1,East,Support Intelligence,Customer 060 Systems
2026-02-10,74311.56,28,2,West,Support Intelligence,Customer 053 Systems
2026-02-10,290129.86,54,4,Central,Sentinel Core,Customer 062 Systems
2026-02-11,67241.3,54,4,East,Executive Copilot,Customer 005 Group
2026-02-11,40476.11,26,1,West,Risk Monitor,Customer 054 Systems
2026-02-11,274596.67,53,5,Central,Data Fabric,Customer 023 Group
2026-02-11,186392.89,46,2,North,Executive Copilot,Customer 103 Systems
2026-02-12,268708.38,64,3,West,Data Fabric,Customer 035 Systems
2026-02-12,33530.22,18,1,Central,Risk Monitor,Customer 067 Group
2026-02-12,27922.45,32,1,North,Forecast Studio,Customer 067 Group
2026-02-12,100422.89,55,2,South,Forecast Studio,Customer 065 Holdings
2026-02-13,63806.44,19,0,Central,Sentinel Core,Customer 080 Industries
2026-02-13,18538.83,16,1,North,Sentinel Core,Customer 085 Systems
2026-02-13,288954.61,56,5,South,Sentinel Core,Customer 099 Solutions
2026-02-13,113587.62,48,3,East,Sentinel Core,Customer 103 Systems
2026-02-14,279897.66,71,3,North,Data Fabric,Customer 067 Group
2026-02-14,104412.77,68,3,South,Support Intelligence,Customer 075 Group
2026-02-14,98031.23,19,0,East,Sentinel Core,Customer 095 Group
2026-02-14,199997.92,36,2,West,Forecast Studio,Customer 106 Industries
2026-02-15,60287.24,41,3,South,Support Intelligence,Customer 041 Group
2026-02-15,57318.54,64,5,East,Executive Copilot,Customer 042 Systems
2026-02-15,231917.63,62,4,West,Support Intelligence,Customer 060 Systems
2026-02-15,55425.57,19,1,Central,Executive Copilot,Customer 056 Holdings
2026-02-16,77740.76,20,1,East,Forecast Studio,Customer 083 Industries
2026-02-16,231124.98,46,1,West,Risk Monitor,Customer 083 Industries
2026-02-16,320057.62,75,5,Central,Data Fabric,Customer 028 Group
2026-02-16,244186.33,73,1,North,Executive Copilot,Customer 074 Systems
2026-02-17,242696.98,46,3,West,Sentinel Core,Customer 120 Group
2026-02-17,41545.93,21,2,Central,Executive Copilot,Customer 069 Solutions
2026-02-17,402906.39,68,3,North,Executive Copilot,Customer 012 Solutions
2026-02-17,341385.94,82,3,South,Forecast Studio,Customer 082 Group
2026-02-18,126671.82,23,2,Central,Support Intelligence,Customer 037 Solutions
2026-02-18,192289.03,52,3,North,Support Intelligence,Customer 014 Industries
2026-02-18,190407.21,74,5,South,Forecast Studio,Customer 116 Group
2026-02-18,132085.18,57,4,East,Data Fabric,Customer 101 Solutions
2026-02-19,72296.92,59,4,North,Forecast Studio,Customer 074 Systems
2026-02-19,204472.91,47,1,South,Forecast Studio,Customer 084 Group
2026-02-19,129359.82,56,3,East,Executive Copilot,Customer 069 Solutions
2026-02-19,123448.24,29,1,West,Sentinel Core,Customer 093 Holdings
2026-02-20,159222.36,67,5,South,Sentinel Core,Customer 060 Systems
2026-02-20,146220.82,64,4,East,Sentinel Core,Customer 055 Industries
2026-02-20,186918.23,33,1,West,Executive Copilot,Customer 114 Holdings
2026-02-20,211277.01,58,1,Central,Forecast Studio,Customer 071 Industries
2026-02-21,165344.53,52,2,East,Forecast Studio,Customer 047 Holdings
2026-02-21,73576.77,60,3,West,Data Fabric,Customer 102 Solutions
2026-02-21,149078.96,69,6,Central,Sentinel Core,Customer 065 Holdings
2026-02-21,290264.65,82,2,North,Executive Copilot,Customer 032 Holdings
2026-02-22,206282.24,38,2,West,Forecast Studio,Customer 111 Systems
2026-02-22,81415.62,29,1,Central,Risk Monitor,Customer 045 Solutions
2026-02-22,20037.22,16,0,North,Forecast Studio,Customer 090 Systems
2026-02-22,294043.81,76,4,South,Executive Copilot,Customer 038 Industries
2026-02-23,41395.57,30,1,Central,Forecast Studio,Customer 030 Systems
2026-02-23,68804.15,64,6,North,Executive Copilot,Customer 067 Group
2026-02-23,257201.78,58,5,South,Forecast Studio,Customer 077 Solutions
2026-02-23,47163.8,32,2,East,Risk Monitor,Customer 047 Holdings
2026-02-24,123981.06,54,4,North,Risk Monitor,Customer 024 Solutions
2026-02-24,105944.66,26,2,South,Sentinel Core,Customer 073 Holdings
2026-02-24,140337.75,32,1,East,Forecast Studio,Customer 014 Industries
2026-02-24,80176.47,55,2,West,Sentinel Core,Customer 112 Holdings
2026-02-25,390678.35,76,4,South,Forecast Studio,Customer 080 Industries
2026-02-25,84944.65,49,2,East,Sentinel Core,Customer 070 Systems
2026-02-25,205132.3,70,2,West,Risk Monitor,Customer 095 Group
2026-02-25,436385.07,80,3,Central,Executive Copilot,Customer 026 Systems
2026-02-26,76573.05,27,2,East,Support Intelligence,Customer 078 Holdings
2026-02-26,382593.84,82,6,West,Forecast Studio,Customer 115 Holdings
2026-02-26,145833.65,50,1,Central,Data Fabric,Customer 040 Systems
2026-02-26,336487.78,72,1,North,Data Fabric,Customer 048 Industries
2026-02-27,248343.95,44,3,West,Risk Monitor,Customer 095 Group
2026-02-27,214781.04,36,1,Central,Forecast Studio,Customer 082 Group
2026-02-27,119687.15,73,3,North,Risk Monitor,Customer 017 Group
2026-02-27,102466.78,64,4,South,Data Fabric,Customer 031 Group
2026-02-28,242876.62,44,1,Central,Risk Monitor,Customer 039 Industries
2026-02-28,78874.86,52,2,North,Risk Monitor,Customer 051 Systems
2026-02-28,102693.84,19,1,South,Sentinel Core,Customer 045 Solutions
2026-02-28,352670.22,69,4,East,Sentinel Core,Customer 110 Industries
2026-03-01,86360.86,79,4,North,Risk Monitor,Customer 104 Group
2026-03-01,165931.54,56,5,South,Sentinel Core,Customer 056 Holdings
2026-03-01,167821.59,47,2,East,Data Fabric,Customer 115 Holdings
2026-03-01,26330.8,21,2,West,Risk Monitor,Customer 079 Holdings
2026-03-02,184368.34,45,0,South,Support Intelligence,Customer 041 Group
2026-03-02,61028.79,20,1,East,Risk Monitor,Customer 041 Group
2026-03-02,149912.82,74,1,West,Sentinel Core,Customer 111 Systems
2026-03-02,305913.53,61,4,Central,Sentinel Core,Customer 075 Group
2026-03-03,270131.7,75,5,East,Support Intelligence,Customer 003 Solutions
2026-03-03,76761.03,64,3,West,Data Fabric,Customer 044 Solutions
2026-03-03,203530.68,60,1,Central,Executive Copilot,Customer 031 Group
2026-03-03,151828.04,61,2,North,Executive Copilot,Customer 118 Industries
2026-03-04,155211.68,31,2,West,Support Intelligence,Customer 066 Group
2026-03-04,217599.02,49,2,Central,Forecast Studio,Customer 068 Group
2026-03-04,69467.68,19,0,North,Executive Copilot,Customer 018 Solutions
2026-03-04,456322.05,84,3,South,Data Fabric,Customer 110 Industries
2026-03-05,19270.71,16,0,Central,Executive Copilot,Customer 036 Solutions
2026-03-05,206886.24,69,5,North,Sentinel Core,Customer 072 Solutions
2026-03-05,191236.84,54,4,South,Support Intelligence,Customer 028 Group
2026-03-05,366195.89,81,3,East,Forecast Studio,Customer 062 Systems
2026-03-06,183983.34,79,2,North,Data Fabric,Customer 060 Systems
2026-03-06,469073.14,83,3,South,Support Intelligence,Customer 094 Solutions
2026-03-06,17566.12,15,0,East,Support Intelligence,Customer 038 Industries
2026-03-06,87815.51,53,1,West,Risk Monitor,Customer 035 Systems
2026-03-07,209932.92,60,5,South,Forecast Studio,Customer 004 Industries
2026-03-07,159975.27,58,2,East,Risk Monitor,Customer 029 Systems
2026-03-07,89475.86,37,1,West,Executive Copilot,Customer 066 Group
2026-03-07,202504.7,84,7,Central,Support Intelligence,Customer 017 Group
2026-03-08,85878.94,16,1,East,Support Intelligence,Customer 087 Systems
2026-03-08,156865.78,64,2,West,Risk Monitor,Customer 099 Solutions
2026-03-08,121035.82,32,2,Central,Sentinel Core,Customer 025 Systems
2026-03-08,469307.26,85,3,North,Risk Monitor,Customer 090 Systems
2026-03-09,147762.36,58,2,West,Risk Monitor,Customer 069 Solutions
2026-03-09,257659.26,59,2,Central,Risk Monitor,Customer 040 Systems
2026-03-09,59085.35,52,3,North,Forecast Studio,Customer 049 Systems
2026-03-09,94264.19,39,1,South,Forecast Studio,Customer 099 Solutions
2026-03-10,201812.33,56,3,Central,Data Fabric,Customer 040 Systems
2026-03-10,353094.48,64,5,North,Executive Copilot,Customer 011 Systems
2026-03-10,70475.37,81,4,South,Data Fabric,Customer 048 Industries
2026-03-10,329815.62,71,2,East,Data Fabric,Customer 094 Solutions
2026-03-11,237144.07,45,2,North,Risk Monitor,Customer 030 Systems
2026-03-11,252508.29,80,5,South,Forecast Studio,Customer 009 Group
2026-03-11,345832.49,57,1,East,Forecast Studio,Customer 053 Systems
2026-03-11,325898.85,67,6,West,Executive Copilot,Customer 071 Industries
2026-03-12,40020.95,14,1,South,Sentinel Core,Customer 113 Group
2026-03-12,98339.04,49,4,East,Risk Monitor,Customer 120 Group
2026-03-12,165172.59,71,5,West,Risk Monitor,Customer 029 Systems
2026-03-12,402865.31,83,6,Central,Sentinel Core,Customer 113 Group
2026-03-13,59143.08,20,0,East,Executive Copilot,Customer 086 Systems
2026-03-13,189416.73,34,2,West,Sentinel Core,Customer 009 Group
2026-03-13,47072.17,14,0,Central,Data Fabric,Customer 052 Solutions
2026-03-13,42986.97,20,2,North,Support Intelligence,Customer 011 Systems
2026-03-14,151253.18,61,2,West,Executive Copilot,Customer 101 Solutions
2026-03-14,77556.74,18,1,Central,Support Intelligence,Customer 058 Systems
2026-03-14,444935.61,85,4,North,Executive Copilot,Customer 093 Holdings
2026-03-14,67673.05,29,1,South,Sentinel Core,Customer 106 Industries
2026-03-15,115407.12,48,1,Central,Data Fabric,Customer 064 Group
2026-03-15,236022.1,45,3,North,Data Fabric,Customer 075 Group
2026-03-15,126526.51,28,2,South,Sentinel Core,Customer 099 Solutions
2026-03-15,85313.01,42,2,East,Data Fabric,Customer 094 Solutions
2026-03-16,259835.1,56,4,North,Support Intelligence,Customer 073 Holdings
2026-03-16,198139.03,67,2,South,Risk Monitor,Customer 078 Holdings
2026-03-16,75029.5,63,4,East,Risk Monitor,Customer 047 Holdings
2026-03-16,253442.08,65,3,West,Executive Copilot,Customer 010 Systems
2026-03-17,39666.89,14,1,South,Forecast Studio,Customer 021 Systems
2026-03-17,105085.84,28,2,East,Support Intelligence,Customer 012 Solutions
2026-03-17,43667.22,45,1,West,Risk Monitor,Customer 004 Industries
2026-03-17,373230.22,83,4,Central,Executive Copilot,Customer 067 Group
2026-03-18,288085.88,54,3,East,Data Fabric,Customer 103 Systems
2026-03-18,39465.36,30,2,West,Executive Copilot,Customer 043 Industries
2026-03-18,105772.83,58,1,Central,Support Intelligence,Customer 037 Solutions
2026-03-18,42119.82,44,3,North,Data Fabric,Customer 007 Systems
2026-03-19,54737.57,60,5,West,Risk Monitor,Customer 026 Systems
2026-03-19,203610.78,68,2,Central,Sentinel Core,Customer 046 Systems
2026-03-19,182769.98,43,1,North,Risk Monitor,Customer 074 Systems
2026-03-19,97279.66,30,1,South,Executive Copilot,Customer 008 Solutions
2026-03-20,66271.88,49,2,Central,Executive Copilot,Customer 060 Systems
2026-03-20,234600.79,60,5,North,Executive Copilot,Customer 116 Group
2026-03-20,110717.59,30,2,South,Support Intelligence,Customer 104 Group
2026-03-20,22489.94,14,0,East,Risk Monitor,Customer 015 Group
2026-03-21,96005.04,22,2,North,Data Fabric,Customer 113 Group
2026-03-21,77127.58,14,0,South,Support Intelligence,Customer 043 Industries
2026-03-21,296295.96,57,4,East,Executive Copilot,Customer 025 Systems
2026-03-21,49928.11,30,1,West,Executive Copilot,Customer 062 Systems
2026-03-22,67054.17,18,1,South,Data Fabric,Customer 015 Group
2026-03-22,120206.65,60,2,East,Executive Copilot,Customer 014 Industries
2026-03-22,175787.02,77,6,West,Sentinel Core,Customer 079 Holdings
2026-03-22,88348.25,28,0,Central,Sentinel Core,Customer 097 Industries
2026-03-23,102124.86,53,1,East,Executive Copilot,Customer 022 Solutions
2026-03-23,212128.95,85,7,West,Executive Copilot,Customer 055 Industries
2026-03-23,258559.65,59,5,Central,Sentinel Core,Customer 037 Solutions
2026-03-23,272064.79,53,2,North,Risk Monitor,Customer 005 Group
2026-03-24,306031.55,70,4,West,Data Fabric,Customer 100 Group
2026-03-24,57790.67,55,2,Central,Risk Monitor,Customer 065 Holdings
2026-03-24,297817.02,58,3,North,Risk Monitor,Customer 053 Systems
2026-03-24,454558.86,79,3,South,Risk Monitor,Customer 082 Group
2026-03-25,145321.21,42,1,Central,Executive Copilot,Customer 066 Group
2026-03-25,76971.23,37,2,North,Support Intelligence,Customer 037 Solutions
2026-03-25,61604.28,29,1,South,Support Intelligence,Customer 100 Group
2026-03-25,201503.58,77,7,East,Sentinel Core,Customer 079 Holdings
2026-03-26,58603.4,35,0,North,Risk Monitor,Customer 040 Systems
2026-03-26,231394.84,69,6,South,Executive Copilot,Customer 119 Industries
2026-03-26,42065.95,14,1,East,Forecast Studio,Customer 106 Industries
2026-03-26,87153.57,66,4,West,Forecast Studio,Customer 114 Holdings
2026-03-27,191828.43,56,5,South,Sentinel Core,Customer 109 Industries
2026-03-27,339491.95,65,2,East,Sentinel Core,Customer 043 Industries
2026-03-27,16672.79,15,1,West,Data Fabric,Customer 065 Holdings
2026-03-27,114103.1,21,0,Central,Sentinel Core,Customer 095 Group
2026-03-28,387494.2,84,5,East,Risk Monitor,Customer 039 Industries
2026-03-28,154140.18,73,3,West,Forecast Studio,Customer 023 Group
2026-03-28,131141.49,50,2,Central,Executive Copilot,Customer 010 Systems
2026-03-28,34026.18,19,1,North,Support Intelligence,Customer 044 Solutions
2026-03-29,32784.15,23,2,West,Risk Monitor,Customer 024 Solutions
2026-03-29,234090.07,54,1,Central,Executive Copilot,Customer 083 Industries
2026-03-29,99492.76,44,2,North,Sentinel Core,Customer 025 Systems
2026-03-29,189044.59,84,4,South,Risk Monitor,Customer 041 Group
2026-03-30,254725.97,77,2,Central,Data Fabric,Customer 027 Systems
2026-03-30,159698.97,84,2,North,Data Fabric,Customer 102 Solutions
2026-03-30,401242.43,83,2,South,Sentinel Core,Customer 117 Group
2026-03-30,277258.84,81,5,East,Support Intelligence,Customer 114 Holdings
2026-03-31,432172.05,83,2,North,Risk Monitor,Customer 067 Group
2026-03-31,136723.51,59,4,South,Executive Copilot,Customer 094 Solutions
2026-03-31,358750.51,80,2,East,Support Intelligence,Customer 079 Holdings
2026-03-31,34991.93,37,3,West,Forecast Studio,Customer 036 Solutions
2026-04-01,73140.38,16,1,South,Risk Monitor,Customer 028 Group
2026-04-01,250618.22,51,2,East,Support Intelligence,Customer 093 Holdings
2026-04-01,318183.09,56,1,West,Data Fabric,Customer 056 Holdings
2026-04-01,31320.76,18,1,Central,Executive Copilot,Customer 009 Group
2026-04-02,84332.28,15,0,East,Sentinel Core,Customer 093 Holdings
2026-04-02,376307.82,65,1,West,Forecast Studio,Customer 047 Holdings
2026-04-02,103352.64,46,4,Central,Data Fabric,Customer 074 Systems
2026-04-02,311933.89,78,5,North,Risk Monitor,Customer 114 Holdings
2026-04-03,110443.39,81,4,West,Support Intelligence,Customer 075 Group
2026-04-03,102438.9,35,3,Central,Risk Monitor,Customer 119 Industries
2026-04-03,48929.15,16,1,North,Data Fabric,Customer 052 Solutions
2026-04-03,417341.75,74,3,South,Risk Monitor,Customer 028 Group
2026-04-04,265898.98,73,5,Central,Forecast Studio,Customer 002 Group
2026-04-04,155317.32,48,4,North,Executive Copilot,Customer 058 Systems
2026-04-04,290967.71,51,2,South,Data Fabric,Customer 035 Systems
2026-04-04,228045.05,60,3,East,Sentinel Core,Customer 079 Holdings
2026-04-05,75041.6,49,3,North,Data Fabric,Customer 054 Systems
2026-04-05,103051.39,35,3,South,Risk Monitor,Customer 120 Group
2026-04-05,25104.93,21,1,East,Data Fabric,Customer 065 Holdings
2026-04-05,190797.43,61,4,West,Support Intelligence,Customer 039 Industries
2026-04-06,98057.72,25,1,South,Risk Monitor,Customer 111 Systems
2026-04-06,32501.41,29,1,East,Sentinel Core,Customer 025 Systems
2026-04-06,98434.39,21,1,West,Sentinel Core,Customer 108 Group
2026-04-06,53975.56,65,3,Central,Executive Copilot,Customer 019 Systems
2026-04-07,104095.77,24,2,East,Sentinel Core,Customer 060 Systems
2026-04-07,148380.48,31,2,West,Data Fabric,Customer 120 Group
2026-04-07,168931.23,39,1,Central,Forecast Studio,Customer 099 Solutions
2026-04-07,120851.81,74,7,North,Forecast Studio,Customer 058 Systems
2026-04-08,91090.62,32,2,West,Sentinel Core,Customer 116 Group
2026-04-08,101934.6,72,1,Central,Risk Monitor,Customer 002 Group
2026-04-08,98321.86,42,2,North,Support Intelligence,Customer 106 Industries
2026-04-08,254455.28,74,2,South,Sentinel Core,Customer 055 Industries
2026-04-09,217545.25,47,4,Central,Forecast Studio,Customer 068 Group
2026-04-09,88160.25,33,2,North,Support Intelligence,Customer 032 Holdings
2026-04-09,207173.91,47,3,South,Forecast Studio,Customer 016 Solutions
2026-04-09,88627.84,26,2,East,Data Fabric,Customer 065 Holdings
2026-04-10,19734.74,23,1,North,Sentinel Core,Customer 015 Group
2026-04-10,158784.49,64,3,South,Support Intelligence,Customer 083 Industries
2026-04-10,111664.87,39,3,East,Forecast Studio,Customer 002 Group
2026-04-10,124393.74,49,1,West,Data Fabric,Customer 033 Holdings
2026-04-11,405980.31,74,1,South,Sentinel Core,Customer 006 Industries
2026-04-11,223770.22,62,1,East,Risk Monitor,Customer 061 Holdings
2026-04-11,233558.58,49,3,West,Risk Monitor,Customer 042 Systems
2026-04-11,197689.92,85,2,Central,Sentinel Core,Customer 116 Group
2026-04-12,204271.01,41,1,East,Risk Monitor,Customer 112 Holdings
2026-04-12,354477.87,74,5,West,Data Fabric,Customer 073 Holdings
2026-04-12,48202.3,17,1,Central,Sentinel Core,Customer 034 Solutions
2026-04-12,53898.8,39,1,North,Forecast Studio,Customer 008 Solutions
2026-04-13,307540.3,67,2,West,Risk Monitor,Customer 106 Industries
2026-04-13,257047.95,65,3,Central,Data Fabric,Customer 049 Systems
2026-04-13,278737.47,71,4,North,Sentinel Core,Customer 055 Industries
2026-04-13,273426.35,69,2,South,Executive Copilot,Customer 049 Systems
2026-04-14,56613.72,22,2,Central,Support Intelligence,Customer 089 Group
2026-04-14,416322.75,76,5,North,Forecast Studio,Customer 112 Holdings
2026-04-14,161767.13,77,2,South,Executive Copilot,Customer 072 Solutions
2026-04-14,52952.73,56,4,East,Data Fabric,Customer 067 Group
2026-04-15,49746.56,17,1,North,Risk Monitor,Customer 089 Group
2026-04-15,226903.83,50,4,South,Risk Monitor,Customer 005 Group
2026-04-15,226158.97,85,2,East,Data Fabric,Customer 046 Systems
2026-04-15,158090.3,41,1,West,Sentinel Core,Customer 100 Group
2026-04-16,166940.85,43,2,South,Risk Monitor,Customer 046 Systems
2026-04-16,135478.36,27,1,East,Data Fabric,Customer 114 Holdings
2026-04-16,126774.47,50,3,West,Risk Monitor,Customer 036 Solutions
2026-04-16,281945.24,51,2,Central,Support Intelligence,Customer 112 Holdings
2026-04-17,257445.14,76,6,East,Risk Monitor,Customer 067 Group
2026-04-17,224173.59,81,2,West,Sentinel Core,Customer 069 Solutions
2026-04-17,76287.66,48,1,Central,Data Fabric,Customer 085 Systems
2026-04-17,232172.14,69,3,North,Support Intelligence,Customer 017 Group
2026-04-18,143580.95,77,4,West,Executive Copilot,Customer 011 Systems
2026-04-18,61149.81,32,1,Central,Data Fabric,Customer 049 Systems
2026-04-18,233738.65,62,2,North,Forecast Studio,Customer 061 Holdings
2026-04-18,294766.6,83,7,South,Sentinel Core,Customer 059 Group
2026-04-19,55949.39,54,4,Central,Forecast Studio,Customer 046 Systems
2026-04-19,63662.42,60,1,North,Support Intelligence,Customer 099 Solutions
2026-04-19,105885.18,83,3,South,Support Intelligence,Customer 010 Systems
2026-04-19,108841.55,40,1,East,Executive Copilot,Customer 054 Systems
2026-04-20,220152.53,65,5,North,Sentinel Core,Customer 091 Systems
2026-04-20,72469.25,68,6,South,Forecast Studio,Customer 119 Industries
2026-04-20,261038.81,73,3,East,Risk Monitor,Customer 031 Group
2026-04-20,62833.06,15,1,West,Support Intelligence,Customer 112 Holdings
2026-04-21,133157.41,24,1,South,Sentinel Core,Customer 069 Solutions
2026-04-21,39718.12,21,1,East,Executive Copilot,Customer 002 Group
2026-04-21,185276.75,65,4,West,Data Fabric,Customer 074 Systems
2026-04-21,231127.5,81,3,Central,Forecast Studio,Customer 099 Solutions
2026-04-22,319684.08,79,2,East,Sentinel Core,Customer 059 Group
2026-04-22,78562.84,18,0,West,Data Fabric,Customer 093 Holdings
2026-04-22,101973.76,53,4,Central,Executive Copilot,Customer 052 Solutions
2026-04-22,158999.62,51,4,North,Forecast Studio,Customer 019 Systems
2026-04-23,461136.95,84,2,West,Data Fabric,Customer 024 Solutions
2026-04-23,159293.82,65,4,Central,Risk Monitor,Customer 069 Solutions
2026-04-23,71906.36,59,2,North,Executive Copilot,Customer 109 Industries
2026-04-23,60205.05,14,0,South,Risk Monitor,Customer 083 Industries
2026-04-24,344937.52,77,7,Central,Executive Copilot,Customer 063 Systems
2026-04-24,137202,51,4,North,Executive Copilot,Customer 095 Group
2026-04-24,358260.96,67,2,South,Support Intelligence,Customer 068 Group
2026-04-24,85178.86,16,0,East,Data Fabric,Customer 078 Holdings
2026-04-25,217293.81,69,6,North,Executive Copilot,Customer 106 Industries
2026-04-25,47157.75,14,0,South,Data Fabric,Customer 108 Group
2026-04-25,73374.01,24,2,East,Risk Monitor,Customer 002 Group
2026-04-25,323450.96,76,2,West,Sentinel Core,Customer 084 Group
2026-04-26,50191.94,42,2,South,Sentinel Core,Customer 043 Industries
2026-04-26,369651.09,84,3,East,Sentinel Core,Customer 080 Industries
2026-04-26,196375.01,68,5,West,Executive Copilot,Customer 047 Holdings
2026-04-26,30658.09,40,2,Central,Support Intelligence,Customer 057 Systems
2026-04-27,174849.71,74,2,East,Support Intelligence,Customer 104 Group
2026-04-27,315733.12,77,3,West,Forecast Studio,Customer 042 Systems
2026-04-27,361423.25,78,3,Central,Sentinel Core,Customer 022 Solutions
2026-04-27,45275.41,28,1,North,Data Fabric,Customer 031 Group
2026-04-28,250768.42,68,5,West,Support Intelligence,Customer 034 Solutions
2026-04-28,60714.45,36,3,Central,Support Intelligence,Customer 034 Solutions
2026-04-28,114596.19,25,2,North,Sentinel Core,Customer 033 Holdings
2026-04-28,256671.25,63,1,South,Support Intelligence,Customer 085 Systems
2026-04-29,390937.29,73,6,Central,Sentinel Core,Customer 051 Systems
2026-04-29,304286.88,79,3,North,Executive Copilot,Customer 014 Industries
2026-04-29,70160.93,36,2,South,Sentinel Core,Customer 047 Holdings
2026-04-29,130356.07,28,0,East,Risk Monitor,Customer 062 Systems
2026-04-30,177376.22,40,1,North,Risk Monitor,Customer 026 Systems
2026-04-30,336836.08,84,7,South,Forecast Studio,Customer 064 Group
2026-04-30,43716.48,49,1,East,Forecast Studio,Customer 044 Solutions
2026-04-30,136708.88,27,2,West,Forecast Studio,Customer 069 Solutions
2026-05-01,303344.62,55,2,South,Forecast Studio,Customer 070 Systems
2026-05-01,121268.97,64,1,East,Data Fabric,Customer 040 Systems
2026-05-01,91624.12,77,4,West,Forecast Studio,Customer 085 Systems
2026-05-01,147746.13,27,0,Central,Support Intelligence,Customer 001 Holdings
2026-05-02,264477.93,54,2,East,Support Intelligence,Customer 094 Solutions
2026-05-02,183134.26,64,1,West,Support Intelligence,Customer 015 Group
2026-05-02,124347.47,65,3,Central,Forecast Studio,Customer 078 Holdings
2026-05-02,145362.67,35,2,North,Data Fabric,Customer 007 Systems
2026-05-03,43256.51,42,3,West,Risk Monitor,Customer 022 Solutions
2026-05-03,101786.71,38,2,Central,Support Intelligence,Customer 011 Systems
2026-05-03,132049.47,37,1,North,Sentinel Core,Customer 057 Systems
2026-05-03,68687.05,14,0,South,Sentinel Core,Customer 097 Industries
2026-05-04,121184.8,67,1,Central,Forecast Studio,Customer 097 Industries
2026-05-04,52447.94,24,0,North,Forecast Studio,Customer 054 Systems
2026-05-04,125392.25,51,3,South,Sentinel Core,Customer 095 Group
2026-05-04,162783.89,50,1,East,Executive Copilot,Customer 011 Systems
2026-05-05,286981.12,60,3,North,Forecast Studio,Customer 020 Solutions
2026-05-05,315506.98,78,5,South,Executive Copilot,Customer 078 Holdings
2026-05-05,135961.2,53,2,East,Sentinel Core,Customer 033 Holdings
2026-05-05,124097.02,66,4,West,Forecast Studio,Customer 029 Systems
2026-05-06,234195.84,77,3,South,Risk Monitor,Customer 002 Group
2026-05-06,56086.6,66,1,East,Sentinel Core,Customer 061 Holdings
2026-05-06,190116.34,43,3,West,Sentinel Core,Customer 088 Solutions
2026-05-06,61836.22,64,1,Central,Executive Copilot,Customer 040 Systems
2026-05-07,264647.99,57,4,East,Sentinel Core,Customer 034 Solutions
2026-05-07,172465.03,82,6,West,Support Intelligence,Customer 074 Systems
2026-05-07,95626.75,40,3,Central,Sentinel Core,Customer 090 Systems
2026-05-07,78378.35,20,2,North,Executive Copilot,Customer 026 Systems
2026-05-08,31936.8,37,3,West,Executive Copilot,Customer 017 Group
2026-05-08,198333.75,46,4,Central,Data Fabric,Customer 109 Industries
2026-05-08,201658.87,62,5,North,Data Fabric,Customer 022 Solutions
2026-05-08,29046.67,17,0,South,Forecast Studio,Customer 056 Holdings
2026-05-09,203720.7,58,2,Central,Sentinel Core,Customer 006 Industries
2026-05-09,112639.05,28,1,North,Executive Copilot,Customer 024 Solutions
2026-05-09,88289.36,25,1,South,Risk Monitor,Customer 026 Systems
2026-05-09,142626.53,46,1,East,Executive Copilot,Customer 003 Solutions
2026-05-10,133613.33,72,1,North,Risk Monitor,Customer 032 Holdings
2026-05-10,135525.62,70,6,South,Data Fabric,Customer 113 Group
2026-05-10,92858.32,20,0,East,Support Intelligence,Customer 105 Industries
2026-05-10,233201.74,52,1,West,Executive Copilot,Customer 014 Industries
2026-05-11,153055.57,62,5,South,Support Intelligence,Customer 003 Solutions
2026-05-11,128749.13,30,3,East,Forecast Studio,Customer 075 Group
2026-05-11,108251.77,30,2,West,Forecast Studio,Customer 009 Group
2026-05-11,139333.93,33,2,Central,Executive Copilot,Customer 097 Industries
2026-05-12,169673.55,82,1,East,Forecast Studio,Customer 065 Holdings
2026-05-12,175015.98,59,5,West,Data Fabric,Customer 079 Holdings
2026-05-12,124801.31,47,1,Central,Executive Copilot,Customer 078 Holdings
2026-05-12,250845.96,84,1,North,Executive Copilot,Customer 032 Holdings
2026-05-13,26428.8,25,1,West,Sentinel Core,Customer 050 Holdings
2026-05-13,113154.24,24,2,Central,Support Intelligence,Customer 053 Systems
2026-05-13,161690.79,84,6,North,Executive Copilot,Customer 004 Industries
2026-05-13,122635.79,27,2,South,Data Fabric,Customer 060 Systems
2026-05-14,101412.05,80,1,Central,Forecast Studio,Customer 021 Systems
2026-05-14,36731.06,41,2,North,Forecast Studio,Customer 011 Systems
2026-05-14,32560.95,17,1,South,Sentinel Core,Customer 042 Systems
2026-05-14,286551.04,58,3,East,Data Fabric,Customer 034 Solutions
2026-05-15,35017.76,14,0,North,Forecast Studio,Customer 116 Group
2026-05-15,184306.82,45,1,South,Risk Monitor,Customer 006 Industries
2026-05-15,244984.27,83,6,East,Risk Monitor,Customer 025 Systems
2026-05-15,186231.61,64,3,West,Support Intelligence,Customer 047 Holdings
2026-05-16,276855.98,51,4,South,Support Intelligence,Customer 087 Systems
2026-05-16,420052.29,81,6,East,Data Fabric,Customer 058 Systems
2026-05-16,175991.95,58,3,West,Sentinel Core,Customer 060 Systems
2026-05-16,123592.91,35,2,Central,Sentinel Core,Customer 059 Group
2026-05-17,25947.34,23,2,East,Support Intelligence,Customer 025 Systems
2026-05-17,230737.18,75,1,West,Forecast Studio,Customer 026 Systems
2026-05-17,260521.04,65,3,Central,Support Intelligence,Customer 109 Industries
2026-05-17,46441.88,34,1,North,Support Intelligence,Customer 026 Systems
2026-05-18,253288.75,45,1,West,Support Intelligence,Customer 094 Solutions
2026-05-18,110758.21,83,3,Central,Risk Monitor,Customer 071 Industries
2026-05-18,77851.57,56,4,North,Risk Monitor,Customer 105 Industries
2026-05-18,43921.36,27,2,South,Support Intelligence,Customer 036 Solutions
2026-05-19,92304.55,30,1,Central,Data Fabric,Customer 115 Holdings
2026-05-19,90123.04,36,2,North,Executive Copilot,Customer 074 Systems
2026-05-19,92718.3,40,1,South,Data Fabric,Customer 046 Systems
2026-05-19,89897.54,29,1,East,Risk Monitor,Customer 099 Solutions
2026-05-20,82874.32,15,1,North,Sentinel Core,Customer 103 Systems
2026-05-20,176633.43,85,6,South,Executive Copilot,Customer 007 Systems
2026-05-20,129902.1,62,4,East,Executive Copilot,Customer 092 Systems
2026-05-20,69445.74,21,2,West,Data Fabric,Customer 108 Group
2026-05-21,302580.9,65,2,South,Support Intelligence,Customer 025 Systems
2026-05-21,232555.46,80,4,East,Executive Copilot,Customer 067 Group
2026-05-21,108990.15,23,1,West,Support Intelligence,Customer 031 Group
2026-05-21,341530.29,76,2,Central,Executive Copilot,Customer 049 Systems
2026-05-22,32326.15,25,1,East,Forecast Studio,Customer 078 Holdings
2026-05-22,238807.69,68,2,West,Executive Copilot,Customer 102 Solutions
2026-05-22,99228.74,56,5,Central,Sentinel Core,Customer 022 Solutions
2026-05-22,31746.57,34,3,North,Executive Copilot,Customer 065 Holdings
2026-05-23,54195.67,32,2,West,Data Fabric,Customer 029 Systems
2026-05-23,156198.98,84,5,Central,Executive Copilot,Customer 076 Solutions
2026-05-23,246814.68,54,2,North,Support Intelligence,Customer 104 Group
2026-05-23,135115.21,58,3,South,Support Intelligence,Customer 037 Solutions
2026-05-24,107141.68,60,1,Central,Support Intelligence,Customer 074 Systems
2026-05-24,178877.89,53,1,North,Data Fabric,Customer 088 Solutions
2026-05-24,80885.12,47,1,South,Forecast Studio,Customer 093 Holdings
2026-05-24,357337.3,80,7,East,Data Fabric,Customer 038 Industries
2026-05-25,77248.02,39,2,North,Forecast Studio,Customer 014 Industries
2026-05-25,128160.94,25,1,South,Data Fabric,Customer 063 Systems
2026-05-25,178890.35,58,4,East,Data Fabric,Customer 041 Group
2026-05-25,67550.82,30,2,West,Sentinel Core,Customer 041 Group
2026-05-26,269493.98,63,5,South,Support Intelligence,Customer 101 Solutions
2026-05-26,291374.89,54,1,East,Executive Copilot,Customer 102 Solutions
2026-05-26,32470.31,17,1,West,Forecast Studio,Customer 072 Solutions
2026-05-26,19692.82,14,1,Central,Sentinel Core,Customer 072 Solutions
2026-05-27,67871.44,41,3,East,Data Fabric,Customer 056 Holdings
2026-05-27,313297.63,61,2,West,Support Intelligence,Customer 100 Group
2026-05-27,279771.12,56,1,Central,Executive Copilot,Customer 065 Holdings
2026-05-27,143220.4,82,4,North,Forecast Studio,Customer 089 Group
2026-05-28,161642.05,75,3,West,Support Intelligence,Customer 030 Systems
2026-05-28,193987.24,41,4,Central,Data Fabric,Customer 041 Group
2026-05-28,249287.81,70,1,North,Risk Monitor,Customer 088 Solutions
2026-05-28,82577.34,14,0,South,Executive Copilot,Customer 113 Group
2026-05-29,104517.91,79,4,Central,Risk Monitor,Customer 070 Systems
2026-05-29,89011.05,45,3,North,Forecast Studio,Customer 118 Industries
2026-05-29,172793.3,67,4,South,Sentinel Core,Customer 095 Group
2026-05-29,58892.9,17,1,East,Forecast Studio,Customer 073 Holdings
2026-05-30,153645.2,37,1,North,Data Fabric,Customer 007 Systems
2026-05-30,206052.62,52,2,South,Executive Copilot,Customer 119 Industries
2026-05-30,314487.02,61,5,East,Risk Monitor,Customer 073 Holdings
2026-05-30,190969.47,74,2,West,Data Fabric,Customer 072 Solutions
2026-05-31,189302.75,35,1,South,Support Intelligence,Customer 098 Holdings
2026-05-31,168531.4,54,2,East,Sentinel Core,Customer 022 Solutions
2026-05-31,403067.7,79,4,West,Executive Copilot,Customer 052 Solutions
2026-05-31,373209.01,80,6,Central,Forecast Studio,Customer 118 Industries
2026-06-01,82775.12,42,3,East,Sentinel Core,Customer 078 Holdings
2026-06-01,16579.43,16,1,West,Data Fabric,Customer 003 Solutions
2026-06-01,346294.65,77,4,Central,Data Fabric,Customer 032 Holdings
2026-06-01,309374.29,61,5,North,Risk Monitor,Customer 077 Solutions
2026-06-02,72052.18,63,4,West,Data Fabric,Customer 036 Solutions
2026-06-02,226326.92,51,3,Central,Data Fabric,Customer 054 Systems
2026-06-02,81945.15,70,4,North,Executive Copilot,Customer 021 Systems
2026-06-02,101306.24,72,2,South,Forecast Studio,Customer 052 Solutions
2026-06-03,155716.1,34,1,Central,Risk Monitor,Customer 079 Holdings
2026-06-03,41961,17,1,North,Risk Monitor,Customer 104 Group
2026-06-03,54996.11,40,2,South,Sentinel Core,Customer 044 Solutions
2026-06-03,312698.81,85,3,East,Executive Copilot,Customer 063 Systems
2026-06-04,48439.55,27,2,North,Support Intelligence,Customer 120 Group
2026-06-04,69657.64,63,2,South,Sentinel Core,Customer 082 Group
2026-06-04,82248.03,18,1,East,Risk Monitor,Customer 034 Solutions
2026-06-04,34351.23,20,2,West,Executive Copilot,Customer 025 Systems
2026-06-05,31499.85,40,3,South,Executive Copilot,Customer 050 Holdings
2026-06-05,236799.22,60,5,East,Risk Monitor,Customer 006 Industries
2026-06-05,41378.98,17,1,West,Forecast Studio,Customer 119 Industries
2026-06-05,106162.22,54,3,Central,Sentinel Core,Customer 039 Industries
2026-06-06,157013.56,49,3,East,Data Fabric,Customer 004 Industries
2026-06-06,274022.09,72,3,West,Executive Copilot,Customer 102 Solutions
2026-06-06,74769.57,40,2,Central,Support Intelligence,Customer 068 Group
2026-06-06,42508.21,15,0,North,Executive Copilot,Customer 120 Group
2026-06-07,205100.82,58,1,West,Risk Monitor,Customer 087 Systems
2026-06-07,69299.97,49,3,Central,Risk Monitor,Customer 013 Group
2026-06-07,380188.47,81,3,North,Risk Monitor,Customer 040 Systems
2026-06-07,187496.41,61,5,South,Executive Copilot,Customer 059 Group
2026-06-08,344475.52,68,2,Central,Executive Copilot,Customer 044 Solutions
2026-06-08,290574.77,56,3,North,Sentinel Core,Customer 022 Solutions
2026-06-08,103684.93,21,2,South,Risk Monitor,Customer 018 Solutions
2026-06-08,103016.62,31,3,East,Executive Copilot,Customer 023 Group
2026-06-09,199258.26,39,2,North,Support Intelligence,Customer 108 Group
2026-06-09,185599.34,69,6,South,Data Fabric,Customer 073 Holdings
2026-06-09,141220.86,24,0,East,Support Intelligence,Customer 010 Systems
2026-06-09,42161.62,16,1,West,Executive Copilot,Customer 020 Solutions
2026-06-10,353358.72,67,5,South,Executive Copilot,Customer 087 Systems
2026-06-10,82270.27,31,2,East,Executive Copilot,Customer 050 Holdings
2026-06-10,254281.99,82,3,West,Risk Monitor,Customer 014 Industries
2026-06-10,121314.54,57,2,Central,Risk Monitor,Customer 091 Systems
2026-06-11,190582.36,41,2,East,Data Fabric,Customer 018 Solutions
2026-06-11,93270.61,17,0,West,Risk Monitor,Customer 021 Systems
2026-06-11,51896.65,52,5,Central,Support Intelligence,Customer 094 Solutions
2026-06-11,112679.87,42,2,North,Data Fabric,Customer 011 Systems
2026-06-12,39896.18,40,2,West,Forecast Studio,Customer 113 Group
2026-06-12,133817.87,31,1,Central,Executive Copilot,Customer 024 Solutions
2026-06-12,62284.85,35,1,North,Executive Copilot,Customer 109 Industries
2026-06-12,375723.2,66,1,South,Executive Copilot,Customer 077 Solutions
2026-06-13,70757.68,42,2,Central,Executive Copilot,Customer 033 Holdings
2026-06-13,82949.87,29,2,North,Executive Copilot,Customer 077 Solutions
2026-06-13,115026.62,32,1,South,Support Intelligence,Customer 098 Holdings
2026-06-13,86726.51,43,1,East,Forecast Studio,Customer 002 Group
2026-06-14,195401.21,47,4,North,Data Fabric,Customer 061 Holdings
2026-06-14,35268.56,15,1,South,Risk Monitor,Customer 051 Systems
2026-06-14,159690.88,44,3,East,Support Intelligence,Customer 071 Industries
2026-06-14,19716.63,22,1,West,Data Fabric,Customer 090 Systems
2026-06-15,52670.98,61,5,South,Sentinel Core,Customer 079 Holdings
2026-06-15,213345.19,53,1,East,Sentinel Core,Customer 023 Group
2026-06-15,76505.59,29,2,West,Risk Monitor,Customer 047 Holdings
2026-06-15,231752.31,40,2,Central,Executive Copilot,Customer 087 Systems
2026-06-16,117533.39,85,6,East,Risk Monitor,Customer 061 Holdings
2026-06-16,59675.22,73,6,West,Support Intelligence,Customer 088 Solutions
2026-06-16,124724.25,54,4,Central,Data Fabric,Customer 104 Group
2026-06-16,143587.12,65,1,North,Sentinel Core,Customer 059 Group
2026-06-17,105248.75,21,1,West,Executive Copilot,Customer 073 Holdings
2026-06-17,290135.59,71,4,Central,Risk Monitor,Customer 077 Solutions
2026-06-17,54141.7,23,0,North,Forecast Studio,Customer 019 Systems
2026-06-17,38168.57,36,3,South,Data Fabric,Customer 075 Group
2026-06-18,132820.59,41,2,Central,Data Fabric,Customer 097 Industries
2026-06-18,192631.12,50,3,North,Forecast Studio,Customer 004 Industries
2026-06-18,223395.51,62,4,South,Risk Monitor,Customer 116 Group
2026-06-18,31752.94,26,2,East,Risk Monitor,Customer 106 Industries
2026-06-19,100684.42,58,1,North,Risk Monitor,Customer 112 Holdings
2026-06-19,150731.9,34,3,South,Data Fabric,Customer 086 Systems
2026-06-19,185757.55,55,2,East,Executive Copilot,Customer 095 Group
2026-06-19,151008.18,67,6,West,Sentinel Core,Customer 102 Solutions
2026-06-20,241049.6,40,1,South,Support Intelligence,Customer 077 Solutions
2026-06-20,176662.78,52,4,East,Sentinel Core,Customer 009 Group
2026-06-20,92258.7,23,0,West,Risk Monitor,Customer 036 Solutions
2026-06-20,300893.54,52,2,Central,Executive Copilot,Customer 027 Systems
2026-06-21,339753.82,66,4,East,Sentinel Core,Customer 110 Industries
2026-06-21,38523.51,28,1,West,Sentinel Core,Customer 055 Industries
2026-06-21,338245.92,72,2,Central,Executive Copilot,Customer 036 Solutions
2026-06-21,172311.98,83,6,North,Support Intelligence,Customer 120 Group
2026-06-22,427927.06,85,4,West,Executive Copilot,Customer 048 Industries
2026-06-22,372264.42,82,5,Central,Forecast Studio,Customer 013 Group
2026-06-22,93802.73,23,1,North,Sentinel Core,Customer 115 Holdings
2026-06-22,319146.99,61,4,South,Forecast Studio,Customer 035 Systems
2026-06-23,54138.46,54,3,Central,Data Fabric,Customer 071 Industries
2026-06-23,215625.01,71,6,North,Executive Copilot,Customer 074 Systems
2026-06-23,126488.95,36,3,South,Support Intelligence,Customer 018 Solutions
2026-06-23,195491.96,78,6,East,Risk Monitor,Customer 043 Industries
2026-06-24,69282.82,15,1,North,Sentinel Core,Customer 098 Holdings
2026-06-24,115553.3,44,3,South,Forecast Studio,Customer 072 Solutions
2026-06-24,23141.28,15,1,East,Data Fabric,Customer 001 Holdings
2026-06-24,467986.93,85,1,West,Sentinel Core,Customer 022 Solutions
2026-06-25,21473.85,26,1,South,Sentinel Core,Customer 029 Systems
2026-06-25,121659.6,69,2,East,Forecast Studio,Customer 018 Solutions
2026-06-25,165996.18,30,1,West,Executive Copilot,Customer 029 Systems
2026-06-25,90229.55,52,5,Central,Sentinel Core,Customer 089 Group
2026-06-26,275783.52,57,1,East,Executive Copilot,Customer 053 Systems
2026-06-26,194787.34,41,3,West,Forecast Studio,Customer 002 Group
2026-06-26,91191.51,38,3,Central,Risk Monitor,Customer 073 Holdings
2026-06-26,78291.59,21,2,North,Sentinel Core,Customer 075 Group
2026-06-27,97559.49,17,0,West,Data Fabric,Customer 040 Systems
2026-06-27,358922.91,62,2,Central,Sentinel Core,Customer 097 Industries
2026-06-27,92750.13,62,3,North,Executive Copilot,Customer 082 Group
2026-06-27,65110.27,74,5,South,Sentinel Core,Customer 102 Solutions
2026-06-28,75828.01,37,2,Central,Risk Monitor,Customer 050 Holdings
2026-06-28,73080.51,27,2,North,Sentinel Core,Customer 075 Group
2026-06-28,358526.17,65,5,South,Forecast Studio,Customer 109 Industries
2026-06-28,54198.41,61,3,East,Executive Copilot,Customer 108 Group
2026-06-29,41102.35,21,1,North,Support Intelligence,Customer 081 Solutions
2026-06-29,214825.43,38,3,South,Support Intelligence,Customer 089 Group
2026-06-29,119196.81,63,5,East,Forecast Studio,Customer 043 Industries
2026-06-29,36005.78,42,3,West,Forecast Studio,Customer 034 Solutions
2026-06-30,114025.83,46,0,South,Support Intelligence,Customer 068 Group
2026-06-30,185134.37,40,2,East,Support Intelligence,Customer 054 Systems
2026-06-30,180286.9,52,4,West,Forecast Studio,Customer 100 Group
2026-06-30,90094.48,84,4,Central,Forecast Studio,Customer 041 Group
2026-07-01,88308.01,76,6,East,Forecast Studio,Customer 113 Group
2026-07-01,216361.78,44,2,West,Risk Monitor,Customer 018 Solutions
2026-07-01,64136.27,25,1,Central,Executive Copilot,Customer 035 Systems
2026-07-01,247361.59,44,1,North,Sentinel Core,Customer 115 Holdings
2026-07-02,220334.61,56,1,West,Data Fabric,Customer 099 Solutions
2026-07-02,276196.43,83,7,Central,Risk Monitor,Customer 021 Systems
2026-07-02,282532.39,55,3,North,Sentinel Core,Customer 069 Solutions
2026-07-02,88215.81,29,1,South,Sentinel Core,Customer 043 Industries
2026-07-03,36500.49,15,1,Central,Support Intelligence,Customer 055 Industries
2026-07-03,58280.03,15,1,North,Support Intelligence,Customer 009 Group
2026-07-03,217187.49,47,1,South,Risk Monitor,Customer 111 Systems
2026-07-03,147893.44,49,3,East,Forecast Studio,Customer 032 Holdings
2026-07-04,74265.88,62,5,North,Executive Copilot,Customer 113 Group
2026-07-04,372866.94,75,3,South,Data Fabric,Customer 028 Group
2026-07-04,103558.71,27,2,East,Risk Monitor,Customer 119 Industries
2026-07-04,45933.24,14,0,West,Risk Monitor,Customer 007 Systems
2026-07-05,94105.1,28,1,South,Support Intelligence,Customer 045 Solutions
2026-07-05,60483.98,31,2,East,Sentinel Core,Customer 021 Systems
2026-07-05,445236.7,85,3,West,Forecast Studio,Customer 007 Systems
2026-07-05,71099.98,67,6,Central,Risk Monitor,Customer 079 Holdings
2026-07-06,100901.8,21,1,East,Risk Monitor,Customer 060 Systems
2026-07-06,29244.98,28,2,West,Data Fabric,Customer 099 Solutions
2026-07-06,210734.87,52,5,Central,Risk Monitor,Customer 094 Solutions
2026-07-06,394256.22,69,4,North,Sentinel Core,Customer 045 Solutions
2026-07-07,104293.66,31,1,West,Forecast Studio,Customer 005 Group
2026-07-07,52558.2,14,0,Central,Risk Monitor,Customer 072 Solutions
2026-07-07,253885.89,43,2,North,Sentinel Core,Customer 088 Solutions
2026-07-07,229815.97,59,2,South,Forecast Studio,Customer 103 Systems
2026-07-08,238824.76,45,3,Central,Sentinel Core,Customer 037 Solutions
2026-07-08,344527.69,82,7,North,Data Fabric,Customer 016 Solutions
2026-07-08,138576.52,52,3,South,Support Intelligence,Customer 055 Industries
2026-07-08,89631.73,47,4,East,Sentinel Core,Customer 102 Solutions
2026-07-09,99753.59,56,3,North,Sentinel Core,Customer 100 Group
2026-07-09,246662.78,71,2,South,Risk Monitor,Customer 114 Holdings
2026-07-09,394016.48,68,3,East,Support Intelligence,Customer 102 Solutions
2026-07-09,212692.59,41,4,West,Sentinel Core,Customer 072 Solutions
2026-07-10,49158.69,26,2,South,Data Fabric,Customer 002 Group
2026-07-10,270529.3,42,0,East,Risk Monitor,Customer 060 Systems
2026-07-10,120400.8,57,5,West,Forecast Studio,Customer 015 Group
2026-07-10,24008.58,20,1,Central,Forecast Studio,Customer 103 Systems
2026-07-11,96088.69,19,1,East,Sentinel Core,Customer 016 Solutions
2026-07-11,245540.12,47,2,West,Sentinel Core,Customer 027 Systems
2026-07-11,103484.23,44,1,Central,Data Fabric,Customer 074 Systems
2026-07-11,333950.88,70,6,North,Data Fabric,Customer 119 Industries
2026-07-12,130688.9,85,4,West,Risk Monitor,Customer 011 Systems
2026-07-12,412612.69,69,4,Central,Risk Monitor,Customer 083 Industries
2026-07-12,55450.45,30,2,North,Data Fabric,Customer 018 Solutions
2026-07-12,283049.73,51,2,South,Forecast Studio,Customer 065 Holdings
2026-07-13,110028.56,17,0,Central,Support Intelligence,Customer 095 Group
2026-07-13,33765.29,24,1,North,Forecast Studio,Customer 108 Group
2026-07-13,316359.3,75,6,South,Data Fabric,Customer 103 Systems
2026-07-13,375429.38,69,3,East,Data Fabric,Customer 044 Solutions
2026-07-14,77416.65,30,3,North,Support Intelligence,Customer 014 Industries
2026-07-14,217833.47,83,7,South,Support Intelligence,Customer 033 Holdings
2026-07-14,182176.77,44,1,East,Sentinel Core,Customer 064 Group
2026-07-14,81101.35,17,1,West,Executive Copilot,Customer 018 Solutions
2026-07-15,414437.03,70,2,South,Risk Monitor,Customer 091 Systems
2026-07-15,117901.94,31,1,East,Forecast Studio,Customer 008 Solutions
2026-07-15,91609.99,21,1,West,Risk Monitor,Customer 003 Solutions
2026-07-15,130178.9,43,2,Central,Executive Copilot,Customer 091 Systems
2026-07-16,267364.39,66,5,East,Risk Monitor,Customer 047 Holdings
2026-07-16,94066.17,30,2,West,Risk Monitor,Customer 120 Group
2026-07-16,117582.71,73,4,Central,Data Fabric,Customer 018 Solutions
2026-07-16,244018.25,49,1,North,Sentinel Core,Customer 006 Industries
2026-07-17,157775.79,25,1,West,Executive Copilot,Customer 012 Solutions
2026-07-17,87176.47,44,3,Central,Data Fabric,Customer 069 Solutions
2026-07-17,144181.12,27,0,North,Forecast Studio,Customer 020 Solutions
2026-07-17,147676.08,48,3,South,Executive Copilot,Customer 104 Group
2026-07-18,124132.69,78,6,Central,Forecast Studio,Customer 098 Holdings
2026-07-18,52515.39,16,0,North,Sentinel Core,Customer 028 Group
2026-07-18,383315.74,74,1,South,Sentinel Core,Customer 100 Group
2026-07-18,123290.34,71,1,East,Support Intelligence,Customer 036 Solutions
2026-07-19,241090.15,65,4,North,Support Intelligence,Customer 040 Systems
2026-07-19,393481.24,66,6,South,Executive Copilot,Customer 037 Solutions
2026-07-19,182155.39,33,3,East,Support Intelligence,Customer 069 Solutions
2026-07-19,292520.13,67,4,West,Forecast Studio,Customer 081 Solutions
2026-07-20,163561.15,29,2,South,Support Intelligence,Customer 015 Group
2026-07-20,181948.37,77,1,East,Support Intelligence,Customer 065 Holdings
2026-07-20,229100.62,40,2,West,Executive Copilot,Customer 024 Solutions
2026-07-20,174042.64,31,0,Central,Risk Monitor,Customer 082 Group
2026-07-21,25311.66,16,1,East,Data Fabric,Customer 002 Group
2026-07-21,382753.09,65,1,West,Risk Monitor,Customer 059 Group
2026-07-21,354140.46,59,1,Central,Forecast Studio,Customer 039 Industries
2026-07-21,263807.01,52,1,North,Support Intelligence,Customer 069 Solutions
2026-07-22,371704.47,84,6,West,Forecast Studio,Customer 051 Systems
2026-07-22,48806.85,32,3,Central,Forecast Studio,Customer 027 Systems
2026-07-22,64621.84,50,4,North,Support Intelligence,Customer 042 Systems
2026-07-22,107872.76,28,2,South,Risk Monitor,Customer 053 Systems
2026-07-23,238143.35,38,1,Central,Data Fabric,Customer 087 Systems
2026-07-23,75810.18,62,4,North,Sentinel Core,Customer 003 Solutions
2026-07-23,221077.13,49,4,South,Data Fabric,Customer 075 Group
2026-07-23,70996.41,25,2,East,Support Intelligence,Customer 003 Solutions
2026-07-24,225637.04,37,2,North,Risk Monitor,Customer 003 Solutions
2026-07-24,200321.61,62,4,South,Support Intelligence,Customer 001 Holdings
2026-07-24,496485.68,83,2,East,Support Intelligence,Customer 038 Industries
2026-07-24,184997.44,45,3,West,Sentinel Core,Customer 054 Systems
2026-07-25,252197.27,49,1,South,Sentinel Core,Customer 034 Solutions
2026-07-25,251187.78,78,1,East,Executive Copilot,Customer 114 Holdings
2026-07-25,215720.38,58,3,West,Support Intelligence,Customer 109 Industries
2026-07-25,247081.65,64,4,Central,Data Fabric,Customer 105 Industries
2026-07-26,259610.49,58,5,East,Support Intelligence,Customer 075 Group
2026-07-26,178350.15,59,1,West,Data Fabric,Customer 086 Systems
2026-07-26,70770.62,40,1,Central,Support Intelligence,Customer 051 Systems
2026-07-26,26535.05,17,1,North,Support Intelligence,Customer 006 Industries
2026-07-27,161135.11,34,2,West,Executive Copilot,Customer 039 Industries
2026-07-27,61880.53,15,0,Central,Data Fabric,Customer 113 Group
2026-07-27,268693.72,66,5,North,Support Intelligence,Customer 102 Solutions
2026-07-27,271465.35,46,1,South,Support Intelligence,Customer 016 Solutions
2026-07-28,137883.58,28,1,Central,Executive Copilot,Customer 089 Group
2026-07-28,89233.28,72,1,North,Support Intelligence,Customer 009 Group
2026-07-28,118382.91,36,1,South,Support Intelligence,Customer 040 Systems
2026-07-28,418692.12,76,5,East,Support Intelligence,Customer 045 Solutions
2026-07-29,27881.04,16,1,North,Risk Monitor,Customer 022 Solutions
2026-07-29,177881.36,42,3,South,Executive Copilot,Customer 100 Group
2026-07-29,78521.48,67,5,East,Risk Monitor,Customer 008 Solutions
2026-07-29,463248.13,76,4,West,Sentinel Core,Customer 047 Holdings
2026-07-30,64289.06,35,3,South,Executive Copilot,Customer 064 Group
2026-07-30,72364.63,33,3,East,Sentinel Core,Customer 068 Group
2026-07-30,199422.27,33,1,West,Data Fabric,Customer 001 Holdings
2026-07-30,213286.13,46,3,Central,Executive Copilot,Customer 033 Holdings
2026-07-31,54407.88,47,2,East,Executive Copilot,Customer 009 Group
2026-07-31,184542.05,59,5,West,Executive Copilot,Customer 034 Solutions
2026-07-31,145739.99,74,1,Central,Forecast Studio,Customer 092 Systems
2026-07-31,121791.52,24,1,North,Forecast Studio,Customer 087 Systems
2026-08-01,195071.87,43,1,West,Sentinel Core,Customer 105 Industries
2026-08-01,247156.21,56,1,Central,Data Fabric,Customer 032 Holdings
2026-08-01,148221.07,35,1,North,Executive Copilot,Customer 053 Systems
2026-08-01,219095.05,66,4,South,Sentinel Core,Customer 097 Industries
2026-08-02,182715.3,82,1,Central,Executive Copilot,Customer 073 Holdings
2026-08-02,32893.7,15,1,North,Sentinel Core,Customer 050 Holdings
2026-08-02,214291.31,33,1,South,Risk Monitor,Customer 011 Systems
2026-08-02,67192.27,34,1,East,Risk Monitor,Customer 030 Systems
2026-08-03,518448.62,79,1,North,Risk Monitor,Customer 093 Holdings
2026-08-03,114788.56,34,3,South,Risk Monitor,Customer 106 Industries
2026-08-03,237478.46,52,4,East,Risk Monitor,Customer 025 Systems
2026-08-03,80710.55,19,1,West,Sentinel Core,Customer 031 Group
2026-08-04,68725.77,18,2,South,Forecast Studio,Customer 070 Systems
2026-08-04,57573.14,29,1,East,Forecast Studio,Customer 072 Solutions
2026-08-04,27034.27,23,1,West,Forecast Studio,Customer 041 Group
2026-08-04,313065.58,71,5,Central,Executive Copilot,Customer 022 Solutions
2026-08-05,178320.62,84,7,East,Forecast Studio,Customer 009 Group
2026-08-05,56384.27,22,1,West,Sentinel Core,Customer 087 Systems
2026-08-05,187660.74,54,2,Central,Executive Copilot,Customer 096 Holdings
2026-08-05,26444.96,15,1,North,Data Fabric,Customer 090 Systems
2026-08-06,251748.55,41,1,West,Risk Monitor,Customer 015 Group
2026-08-06,121043.93,70,1,Central,Executive Copilot,Customer 024 Solutions
2026-08-06,370768.51,67,2,North,Risk Monitor,Customer 120 Group
2026-08-06,306538.53,79,7,South,Data Fabric,Customer 054 Systems
2026-08-07,144763.55,74,4,Central,Data Fabric,Customer 062 Systems
2026-08-07,228555.92,53,1,North,Risk Monitor,Customer 098 Holdings
2026-08-07,125008.14,50,2,South,Sentinel Core,Customer 102 Solutions
2026-08-07,207587.16,52,2,East,Sentinel Core,Customer 051 Systems
